GLOBALEVENTID,SQLDATE,Actor1Name,Actor1CountryCode,Actor2Name,Actor2CountryCode,EventCode,EventBaseCode,EventRootCode,QuadClass,GoldsteinScale,NumMentions,NumSources,NumArticles,AvgTone,SOURCEURL,goldstein_risk,tone_risk,event_risk,weighted_risk
1319058348,20260820,,,IRN,IRN,30,30,3,1,4.0,2,1,2,-2.8169014084507,http://www.jpost.com/middle-east/iran-news/article-906049,0.3,0.640845070422535,0.436338028169014,0.872676056338028
1319058349,20260820,,,IRN,IRN,36,36,3,1,4.0,284,28,284,-3.44775731889728,https://www.kztv10.com/us-news/iran-war/as-hormuz-blockade-continues-trump-appears-ready-to-wait-for-iran-to-show-interest-in-a-deal,0.3,0.672387865944864,0.4489551463779456,127.50326157133655
1319058350,20260820,,,IRN,IRN,46,46,4,1,7.0,20,2,20,-3.50109409190372,https://www.kztv10.com/us-news/iran-war/as-hormuz-blockade-continues-trump-appears-ready-to-wait-for-iran-to-show-interest-in-a-deal,0.15,0.675054704595186,0.3600218818380744,7.200437636761487
1319059317,20260820,GOV,,IRN,IRN,15,15,1,1,0.0,36,9,36,-4.54106280193237,https://www.wmtw.com/article/enriched-uranium-stockpile-trump-iran-essential-denuclearization/73478931,0.5,0.7270531400966185,0.5908212560386474,21.269565217391307
1319059318,20260820,GOV,,IRN,IRN,42,42,4,1,1.9,52,26,52,-3.50109409190372,https://www.kztv10.com/us-news/iran-war/as-hormuz-blockade-continues-trump-appears-ready-to-wait-for-iran-to-show-interest-in-a-deal,0.40499999999999997,0.675054704595186,0.5130218818380744,26.67713785557987
1319059319,20260820,GOV,,IRN,IRN,42,42,4,1,1.9,208,26,208,-3.50109409190372,https://www.kztv10.com/us-news/iran-war/as-hormuz-blockade-continues-trump-appears-ready-to-wait-for-iran-to-show-interest-in-a-deal,0.40499999999999997,0.675054704595186,0.5130218818380744,106.70855142231947
1319059320,20260820,GOV,,IRN,IRN,46,46,4,1,7.0,282,29,282,-3.48970788455089,https://www.kztv10.com/us-news/iran-war/as-hormuz-blockade-continues-trump-appears-ready-to-wait-for-iran-to-show-interest-in-a-deal,0.15,0.6744853942275445,0.35979415769101786,101.46195246886704
1319059321,20260820,GOV,,IRN,IRN,50,50,5,1,3.5,276,28,276,-3.30574726483553,https://www.kztv10.com/us-news/iran-war/as-hormuz-blockade-continues-trump-appears-ready-to-wait-for-iran-to-show-interest-in-a-deal,0.325,0.6652873632417765,0.4611149452967106,127.26772490189212
1319059322,20260820,GOV,,IRN,IRN,71,71,7,2,7.4,8,1,8,-3.76712328767124,https://www.durangoherald.com/articles/associated-press/the-us-national-debt-now-stands-at-40-trillion/,0.12999999999999998,0.688356164383562,0.35334246575342476,2.826739726027398
1319059323,20260820,GOV,,IRN,IRN,71,71,7,2,7.4,416,59,416,-4.15064294025627,https://www.orlandosentinel.com/2026/08/19/us-national-debt-record/,0.12999999999999998,0.7075321470128134,0.36101285880512535,150.18134926293214
1319059324,20260820,GOV,,IRN,IRN,163,163,16,4,-8.0,12,3,12,-5.35254738306382,https://en.apa.az/america/trump-leaves-open-possibility-of-further-sanctions-on-iran-520948,0.9,0.767627369153191,0.8470509476612764,10.164611371935317
1319059325,20260820,GOV,,IRN,IRN,163,163,16,4,-8.0,10,3,10,-5.35254738306382,https://en.apa.az/america/trump-leaves-open-possibility-of-further-sanctions-on-iran-520948,0.9,0.767627369153191,0.8470509476612764,8.470509476612765
1319059326,20260820,GOV,,IRNGOV,IRN,71,71,7,2,7.4,2,1,2,-3.76712328767124,https://www.durangoherald.com/articles/associated-press/the-us-national-debt-now-stands-at-40-trillion/,0.12999999999999998,0.688356164383562,0.35334246575342476,0.7066849315068495
1319059327,20260820,GOV,,IRNGOV,IRN,71,71,7,2,7.4,89,49,89,-4.1921984692964,https://www.orlandosentinel.com/2026/08/19/us-national-debt-record/,0.12999999999999998,0.70960992346482,0.361843969385928,32.204113275347595
1319059328,20260820,GOV,,IRNGOV,IRN,110,110,11,3,-2.0,6,1,6,-2.8169014084507,http://www.jpost.com/middle-east/iran-news/article-906049,0.6,0.640845070422535,0.6163380281690141,3.6980281690140844
1319059431,20260820,IRN,IRN,,,10,10,1,1,0.0,13,11,13,-4.87312959617141,https://www.wmtw.com/article/enriched-uranium-stockpile-trump-iran-essential-denuclearization/73478931,0.5,0.7436564798085705,0.5974625919234282,7.767013695004566
1319059432,20260820,IRN,IRN,,,10,10,1,1,0.0,633,27,594,-9.35913770940468,https://www.wmtw.com/article/enriched-uranium-stockpile-trump-iran-essential-denuclearization/73478931,0.5,0.9679568854702338,0.6871827541880935,434.9866834010632
1319059433,20260820,IRN,IRN,,,12,12,1,1,-0.4,56,10,56,-8.45509453556472,https://en.apa.az/asia/iran-announces-near-total-halt-in-oil-supplies-to-foreign-markets-520956,0.52,0.9227547267782359,0.6811018907112945,38.141705879832486
1319059434,20260820,IRN,IRN,,,20,20,2,1,3.0,353,43,353,-4.33636236186606,https://www.kztv10.com/us-news/iran-war/as-hormuz-blockade-continues-trump-appears-ready-to-wait-for-iran-to-show-interest-in-a-deal,0.35,0.716818118093303,0.4967272472373212,175.34471827477438
1319059435,20260820,IRN,IRN,,,30,30,3,1,4.0,19,4,19,-1.93775534991898,https://en.apa.az/asia/iran-announces-near-total-halt-in-oil-supplies-to-foreign-markets-520956,0.3,0.596887767495949,0.4187551069983796,7.956347032969212
1319059436,20260820,IRN,IRN,,,46,46,4,1,7.0,621,40,621,-3.29135429657642,https://www.kztv10.com/us-news/iran-war/as-hormuz-blockade-continues-trump-appears-ready-to-wait-for-iran-to-show-interest-in-a-deal,0.15,0.664567714828821,0.35582708593152845,220.96862036347918
1319059437,20260820,IRN,IRN,,,90,90,9,2,-2.0,18,9,18,-4.54106280193237,https://www.wmtw.com/article/enriched-uranium-stockpile-trump-iran-essential-denuclearization/73478931,0.6,0.7270531400966185,0.6508212560386474,11.714782608695653
1319059438,20260820,IRN,IRN,,,90,90,9,2,-2.0,82,10,82,-4.33549453343504,https://www.wmtw.com/article/enriched-uranium-stockpile-trump-iran-essential-denuclearization/73478931,0.6,0.7167747266717519,0.6467098906687008,53.030211034833464
1319059439,20260820,IRN,IRN,,,100,100,10,3,-5.0,260,26,260,-3.50109409190372,https://www.kztv10.com/us-news/iran-war/as-hormuz-blockade-continues-trump-appears-ready-to-wait-for-iran-to-show-interest-in-a-deal,0.75,0.675054704595186,0.7200218818380744,187.20568927789932
1319059440,20260820,IRN,IRN,,,172,172,17,4,-5.0,18,9,18,-4.54106280193237,https://www.wmtw.com/article/enriched-uranium-stockpile-trump-iran-essential-denuclearization/73478931,0.75,0.7270531400966185,0.7408212560386473,13.334782608695653
1319059441,20260820,IRN,IRN,,,172,172,17,4,-5.0,76,10,76,-4.43989769820972,https://www.wmtw.com/article/enriched-uranium-stockpile-trump-iran-essential-denuclearization/73478931,0.75,0.721994884910486,0.7387979539641945,56.14864450127878
1319059442,20260820,IRN,IRN,GOV,,43,43,4,1,2.8,260,26,260,-3.50109409190372,https://www.kztv10.com/us-news/iran-war/as-hormuz-blockade-continues-trump-appears-ready-to-wait-for-iran-to-show-interest-in-a-deal,0.36,0.675054704595186,0.4860218818380744,126.36568927789934
1319059443,20260820,IRN,IRN,GOV,,46,46,4,1,7.0,290,30,290,-3.36181021432512,https://www.kztv10.com/us-news/iran-war/as-hormuz-blockade-continues-trump-appears-ready-to-wait-for-iran-to-show-interest-in-a-deal,0.15,0.668090510716256,0.3572362042865024,103.59849924308568
1319059444,20260820,IRN,IRN,GOV,,50,50,5,1,3.5,276,28,276,-3.30574726483553,https://www.kztv10.com/us-news/iran-war/as-hormuz-blockade-continues-trump-appears-ready-to-wait-for-iran-to-show-interest-in-a-deal,0.325,0.6652873632417765,0.4611149452967106,127.26772490189212
1319059445,20260820,IRN,IRN,IRNGOV,IRN,110,110,11,3,-2.0,34,25,34,-7.32030518181081,http://www.jpost.com/middle-east/iran-news/article-906049,0.6,0.8660152590905404,0.7064061036362161,24.017807523631348
1319059446,20260820,IRN,IRN,MED,,10,10,1,1,0.0,2,1,2,1.69491525423729,https://en.apa.az/asia/iran-announces-near-total-halt-in-oil-supplies-to-foreign-markets-520956,0.5,0.4152542372881355,0.4661016949152542,0.9322033898305084
1319059447,20260820,IRN,IRN,MIL,,20,20,2,1,3.0,14,2,14,-2.97207571887374,https://dominicanrepublicpost.com/uss-lincoln-woes-highlight-us-navy-limits-in-prolonged-iran-war-experts/,0.35,0.648603785943687,0.46944151437747483,6.572181201284648
1319059448,20260820,IRN,IRN,MIL,,51,51,5,1,3.4,16,3,16,-4.13918595748913,https://dominicanrepublicpost.com/uss-lincoln-woes-highlight-us-navy-limits-in-prolonged-iran-war-experts/,0.32999999999999996,0.7069592978744564,0.4807837191497826,7.692539506396521
1319059449,20260820,IRN,IRN,PAKMIL,PAK,40,40,4,1,1.0,5,1,5,4.25531914893617,https://en.apa.az/asia/iranian-fm-pakistan-army-chief-discuss-regional-developments-diplomacy-520940,0.45,0.2872340425531915,0.3848936170212766,1.9244680851063831
1319059450,20260820,IRN,IRN,PAKMIL,PAK,40,40,4,1,1.0,2,1,2,4.25531914893617,https://en.apa.az/asia/iranian-fm-pakistan-army-chief-discuss-regional-developments-diplomacy-520940,0.45,0.2872340425531915,0.3848936170212766,0.7697872340425532
1319059451,20260820,IRN,IRN,PAKMIL,PAK,41,41,4,1,1.0,2,1,2,4.25531914893617,https://en.apa.az/asia/iranian-fm-pakistan-army-chief-discuss-regional-developments-diplomacy-520940,0.45,0.2872340425531915,0.3848936170212766,0.7697872340425532
1319059452,20260820,IRN,IRN,USA,USA,13,13,1,1,0.4,10,3,10,-5.90944233419611,http://www.jpost.com/middle-east/iran-news/article-906049,0.48,0.7954721167098056,0.6061888466839223,6.061888466839223
1319059453,20260820,IRN,IRN,USA,USA,32,32,3,1,4.5,12,2,12,-5.54700854700855,https://townhall.com/news/cameron-arcand/2026/08/19/trump-just-announced-the-next-phase-in-the-iran-war-economic-d-day-n2681559,0.275,0.7773504273504275,0.47594017094017105,5.711282051282053
1319059454,20260820,IRN,IRN,USA,USA,32,32,3,1,4.5,8,2,8,-5.54700854700855,https://townhall.com/news/cameron-arcand/2026/08/19/trump-just-announced-the-next-phase-in-the-iran-war-economic-d-day-n2681559,0.275,0.7773504273504275,0.47594017094017105,3.8075213675213684
1319059455,20260820,IRN,IRN,USA,USA,33,33,3,1,5.2,2,1,2,-2.8169014084507,http://www.jpost.com/middle-east/iran-news/article-906049,0.24,0.640845070422535,0.400338028169014,0.800676056338028
1319059456,20260820,IRN,IRN,USA,USA,43,43,4,1,2.8,2,1,2,-5.37634408602151,http://www.jpost.com/international/article-906048,0.36,0.7688172043010756,0.5235268817204303,1.0470537634408605
1319059457,20260820,IRN,IRN,USA,USA,43,43,4,1,2.8,8,1,8,-5.37634408602151,http://www.jpost.com/international/article-906048,0.36,0.7688172043010756,0.5235268817204303,4.188215053763442
1319059458,20260820,IRN,IRN,VEN,VEN,874,87,8,2,10.0,5,1,5,-0.48426150121066,https://www.marketplace.org/story/2026/08/19/us-oil-companies-ink-production-deals-with-venezuela,0.0,0.524213075060533,0.20968523002421324,1.0484261501210663
1319059459,20260820,IRNGOV,IRN,GOV,,15,15,1,1,0.0,18,9,18,-4.54106280193237,https://www.wmtw.com/article/enriched-uranium-stockpile-trump-iran-essential-denuclearization/73478931,0.5,0.7270531400966185,0.5908212560386474,10.634782608695653
1319059460,20260820,IRNGOV,IRN,PAKMIL,PAK,40,40,4,1,1.0,3,1,3,4.25531914893617,https://en.apa.az/asia/iranian-fm-pakistan-army-chief-discuss-regional-developments-diplomacy-520940,0.45,0.2872340425531915,0.3848936170212766,1.1546808510638298
1319059461,20260820,IRNGOV,IRN,PAKMIL,PAK,41,41,4,1,1.0,3,1,3,4.25531914893617,https://en.apa.az/asia/iranian-fm-pakistan-army-chief-discuss-regional-developments-diplomacy-520940,0.45,0.2872340425531915,0.3848936170212766,1.1546808510638298
1319059462,20260820,IRNGOV,IRN,USA,USA,13,13,1,1,0.4,2,1,2,-2.8169014084507,http://www.jpost.com/middle-east/iran-news/article-906049,0.48,0.640845070422535,0.544338028169014,1.088676056338028
1319059463,20260820,IRNLEG,IRN,IRNLEG,IRN,30,30,3,1,4.0,2,1,2,-2.53623188405797,https://www.wfmz.com/news/election/house-speaker-mike-johnson-campaigns-with-congressman-ryan-mackenzie-in-lehigh-county/article_24dcc273-2dcb-4938-84c9-e6278f3cb803.html,0.3,0.6268115942028984,0.4307246376811594,0.8614492753623187
1319059464,20260820,IRNLEG,IRN,IRQ,IRQ,40,40,4,1,1.0,2,1,2,1.34529147982063,http://www.iraqsun.com/news/279252172/iraqi-leaders-meet-iranian-parliament-speaker-on-ties-regional-tensions,0.45,0.43273542600896847,0.44309417040358745,0.8861883408071749
1319059466,20260820,IRQ,IRQ,IRNLEG,IRN,40,40,4,1,1.0,1,1,1,1.34529147982063,http://www.iraqsun.com/news/279252172/iraqi-leaders-meet-iranian-parliament-speaker-on-ties-regional-tensions,0.45,0.43273542600896847,0.44309417040358745,0.44309417040358745
1319059467,20260820,IRQ,IRQ,IRNLEG,IRN,40,40,4,1,1.0,1,1,1,1.34529147982063,http://www.iraqsun.com/news/279252172/iraqi-leaders-meet-iranian-parliament-speaker-on-ties-regional-tensions,0.45,0.43273542600896847,0.44309417040358745,0.44309417040358745
1319059633,20260820,KOR,KOR,IRN,IRN,110,110,11,3,-2.0,33,6,33,-1.20891132042576,http://www.japanherald.com/news/279252453/trump-says-he-will-meet-kim-jong-un-this-year,0.6,0.5604455660212879,0.5841782264085151,19.277881471481
1319059695,20260820,LEG,,IRN,IRN,30,30,3,1,4.0,2,1,2,-2.53623188405797,https://www.wfmz.com/news/election/house-speaker-mike-johnson-campaigns-with-congressman-ryan-mackenzie-in-lehigh-county/article_24dcc273-2dcb-4938-84c9-e6278f3cb803.html,0.3,0.6268115942028984,0.4307246376811594,0.8614492753623187
1319059831,20260820,PAKMIL,PAK,IRN,IRN,40,40,4,1,1.0,7,1,7,4.25531914893617,https://en.apa.az/asia/iranian-fm-pakistan-army-chief-discuss-regional-developments-diplomacy-520940,0.45,0.2872340425531915,0.3848936170212766,2.6942553191489362
1319059832,20260820,PAKMIL,PAK,IRN,IRN,41,41,4,1,1.0,2,1,2,4.25531914893617,https://en.apa.az/asia/iranian-fm-pakistan-army-chief-discuss-regional-developments-diplomacy-520940,0.45,0.2872340425531915,0.3848936170212766,0.7697872340425532
1319059833,20260820,PAKMIL,PAK,IRNGOV,IRN,40,40,4,1,1.0,3,1,3,4.25531914893617,https://en.apa.az/asia/iranian-fm-pakistan-army-chief-discuss-regional-developments-diplomacy-520940,0.45,0.2872340425531915,0.3848936170212766,1.1546808510638298
1319059834,20260820,PAKMIL,PAK,IRNGOV,IRN,41,41,4,1,1.0,3,1,3,4.25531914893617,https://en.apa.az/asia/iranian-fm-pakistan-army-chief-discuss-regional-developments-diplomacy-520940,0.45,0.2872340425531915,0.3848936170212766,1.1546808510638298
1319059845,20260820,PRK,PRK,IRN,IRN,110,110,11,3,-2.0,6,3,6,-1.04384133611691,http://www.japanherald.com/news/279252453/trump-says-he-will-meet-kim-jong-un-this-year,0.6,0.5521920668058455,0.5808768267223382,3.4852609603340294
1319059846,20260820,PRK,PRK,IRN,IRN,110,110,11,3,-2.0,10,5,10,-1.04384133611691,http://www.japanherald.com/news/279252453/trump-says-he-will-meet-kim-jong-un-this-year,0.6,0.5521920668058455,0.5808768267223382,5.808768267223382
1319060324,20260820,USA,USA,IRN,IRN,32,32,3,1,4.5,8,2,8,-5.54700854700855,https://townhall.com/news/cameron-arcand/2026/08/19/trump-just-announced-the-next-phase-in-the-iran-war-economic-d-day-n2681559,0.275,0.7773504273504275,0.47594017094017105,3.8075213675213684
1319060325,20260820,USA,USA,IRN,IRN,32,32,3,1,4.5,12,2,12,-5.54700854700855,https://townhall.com/news/cameron-arcand/2026/08/19/trump-just-announced-the-next-phase-in-the-iran-war-economic-d-day-n2681559,0.275,0.7773504273504275,0.47594017094017105,5.711282051282053
1319060326,20260820,USA,USA,IRN,IRN,33,33,3,1,5.2,3,1,3,-2.8169014084507,http://www.jpost.com/middle-east/iran-news/article-906049,0.24,0.640845070422535,0.400338028169014,1.201014084507042
1319060327,20260820,USA,USA,IRN,IRN,42,42,4,1,1.9,2,1,2,-5.37634408602151,http://www.jpost.com/international/article-906048,0.40499999999999997,0.7688172043010756,0.5505268817204302,1.1010537634408604
1319060328,20260820,USA,USA,IRN,IRN,42,42,4,1,1.9,8,1,8,-5.37634408602151,http://www.jpost.com/international/article-906048,0.40499999999999997,0.7688172043010756,0.5505268817204302,4.4042150537634415
1319060329,20260820,USA,USA,IRN,IRN,110,110,11,3,-2.0,2,1,2,-4.8050139275766,https://dominicanrepublicpost.com/uss-lincoln-woes-highlight-us-navy-limits-in-prolonged-iran-war-experts/,0.6,0.74025069637883,0.656100278551532,1.312200557103064
1319060330,20260820,USA,USA,IRN,IRN,110,110,11,3,-2.0,2,1,2,-4.8050139275766,https://dominicanrepublicpost.com/uss-lincoln-woes-highlight-us-navy-limits-in-prolonged-iran-war-experts/,0.6,0.74025069637883,0.656100278551532,1.312200557103064
1319060331,20260820,USA,USA,IRN,IRN,110,110,11,3,-2.0,6,1,6,-4.8050139275766,https://dominicanrepublicpost.com/uss-lincoln-woes-highlight-us-navy-limits-in-prolonged-iran-war-experts/,0.6,0.74025069637883,0.656100278551532,3.936601671309192
1319060332,20260820,USA,USA,IRNGOVMIL,IRN,40,40,4,1,1.0,4,2,4,-2.89017341040462,https://989wclz.com/news/074470-sen-king-calls-for-defense-secretary-to-demonstrate-leadership-amid-reports-of-poor-conditions-on-uss-lincoln/,0.45,0.644508670520231,0.5278034682080924,2.1112138728323697
1319060479,20260820,USAGOV,USA,IRN,IRN,163,163,16,4,-8.0,2,1,2,-10.0,https://en.apa.az/america/trump-leaves-open-possibility-of-further-sanctions-on-iran-520948,0.9,1.0,0.9400000000000001,1.8800000000000001
1319060562,20260820,apa,,IRN,IRN,190,190,19,4,-10.0,530,53,530,-4.24817984959322,https://www.wfmz.com/news/ap/ap-national/army-resumes-apache-helicopter-training-missions-after-texas-crash-that-killed-2/article_87d08454-c3af-5932-8a94-6842c8cc304a.html,1.0,0.712408992479661,0.8849635969918643,469.0307064056881
1319061002,20260820,,,IRN,IRN,42,42,4,1,1.9,189,66,179,-4.96463557561122,https://reason.com/2026/08/19/ice-handed-over-specific-iranians-at-the-islamic-republics-request/,0.40499999999999997,0.748231778780561,0.5422927115122244,102.4933224758104
1319061003,20260820,,,IRN,IRN,46,46,4,1,7.0,10,1,10,-4.24836601307189,https://www.livemint.com/market/oil-holds-four-day-gain-with-iran-stalemate-and-hormuz-in-focus-11787181261190.html,0.15,0.7124183006535946,0.37496732026143786,3.7496732026143786
1319061004,20260820,,,IRN,IRN,50,50,5,1,3.5,20,1,20,-2.98757763975155,https://aninews.in/news/world/us/trump-says-us-has-draconian-sanctions-ready-for-iran-claims-hormuz-naval-blockade-100-successful20260820044444/,0.325,0.6493788819875774,0.454751552795031,9.09503105590062
1319061005,20260820,,,IRN,IRN,63,63,6,2,7.4,23,2,19,-4.20646698849365,https://reason.com/2026/08/19/ice-handed-over-specific-iranians-at-the-islamic-republics-request/,0.12999999999999998,0.7103233494246826,0.36212933976987305,8.328974814707081
1319061006,20260820,,,IRN,IRN,63,63,6,2,7.4,2,1,2,-4.28432327166504,https://reason.com/2026/08/19/ice-handed-over-specific-iranians-at-the-islamic-republics-request/,0.12999999999999998,0.714216163583252,0.36368646543330085,0.7273729308666017
1319061126,20260820,AREGOV,ARE,IRN,IRN,160,160,16,4,-4.0,2,1,2,-4.32972522897585,https://foreignpolicy.com/2026/08/19/uae-iran-trade-financial-embargo-missile-strikes-war/?tpcc=recirc_trending062921,0.7,0.7164862614487925,0.706594504579517,1.413189009159034
1319061127,20260820,AREGOV,ARE,IRNREF,IRN,160,160,16,4,-4.0,3,1,3,-4.32972522897585,https://foreignpolicy.com/2026/08/19/uae-iran-trade-financial-embargo-missile-strikes-war/?tpcc=recirc_trending062921,0.7,0.7164862614487925,0.706594504579517,2.1197835137385512
1319061253,20260820,CANGOV,CAN,IRN,IRN,40,40,4,1,1.0,2,1,2,-2.4,https://www.chinatechnews.com/2026/08/20/127824-geopolitical-risk-needs-to-move-away-from-the-after-dinner-speaker-eurasia-groups-dominic-barton,0.45,0.62,0.518,1.036
1319061550,20260820,GOV,,IRN,IRN,40,40,4,1,1.0,2,1,2,-2.4,https://www.chinatechnews.com/2026/08/20/127824-geopolitical-risk-needs-to-move-away-from-the-after-dinner-speaker-eurasia-groups-dominic-barton,0.45,0.62,0.518,1.036
1319061551,20260820,GOV,,IRN,IRN,50,50,5,1,3.5,110,23,110,-5.10202787587638,http://usa.chinadaily.com.cn/a/202608/20/WS6a85ead1a3106bc57421c68b.html,0.325,0.755101393793819,0.4970405575175276,54.67446132692804
1319061552,20260820,GOV,,IRN,IRN,841,84,8,2,7.0,11,1,8,-4.28432327166504,https://reason.com/2026/08/19/ice-handed-over-specific-iranians-at-the-islamic-republics-request/,0.15,0.714216163583252,0.37568646543330086,4.132551119766309
1319061553,20260820,GOV,,IRN,IRN,130,130,13,3,-4.4,8,1,8,-4.35779816513761,https://www.aol.co.uk/articles/trump-declares-economic-d-day-234607000.html,0.72,0.7178899082568805,0.7191559633027522,5.753247706422018
1319061554,20260820,GOV,,IRN,IRN,130,130,13,3,-4.4,113,14,113,-5.66165307183102,https://reason.com/2026/08/19/ice-handed-over-specific-iranians-at-the-islamic-republics-request/,0.72,0.7830826535915509,0.7452330614366204,84.21133594233811
1319061599,20260820,GOVMIL,,IRN,IRN,20,20,2,1,3.0,5,1,5,-4.87804878048781,https://warontherocks.com/inside-irans-wartime-regime/,0.35,0.7439024390243905,0.5075609756097562,2.537804878048781
1319061600,20260820,GOVMIL,,IRN,IRN,43,43,4,1,2.8,10,1,10,-4.87804878048781,https://warontherocks.com/inside-irans-wartime-regime/,0.36,0.7439024390243905,0.5135609756097562,5.135609756097562
1319061620,20260820,IRN,IRN,,,20,20,2,1,3.0,179,21,171,-3.75697347319098,https://aninews.in/news/world/us/trump-announces-most-crushing-economic-operation-ever-against-iran-warns-countries-aiding-it-of-tremendous-consequences20260820051311/,0.35,0.687848673659549,0.4851394694638196,86.8399650340237
1319061621,20260820,IRN,IRN,,,20,20,2,1,3.0,50,6,50,-2.08135944659371,https://aninews.in/news/world/us/trump-says-us-has-draconian-sanctions-ready-for-iran-claims-hormuz-naval-blockade-100-successful20260820044444/,0.35,0.6040679723296856,0.45162718893187426,22.581359446593712
1319061622,20260820,IRN,IRN,,,331,33,3,1,5.2,89,11,89,-4.78646303843929,https://aninews.in/news/world/us/trump-announces-most-crushing-economic-operation-ever-against-iran-warns-countries-aiding-it-of-tremendous-consequences20260820051311/,0.24,0.7393231519219645,0.4397292607687858,39.13590420842194
1319061623,20260820,IRN,IRN,,,43,43,4,1,2.8,196,66,186,-4.96463557561122,https://reason.com/2026/08/19/ice-handed-over-specific-iranians-at-the-islamic-republics-request/,0.36,0.748231778780561,0.5152927115122244,100.997371456396
1319061624,20260820,IRN,IRN,,,46,46,4,1,7.0,250,68,250,-4.70630901751077,https://www.livemint.com/market/oil-holds-four-day-gain-with-iran-stalemate-and-hormuz-in-focus-11787181261190.html,0.15,0.7353154508755384,0.3841261803502154,96.03154508755385
1319061625,20260820,IRN,IRN,,,50,50,5,1,3.5,428,25,428,-3.65176440131778,https://aninews.in/news/world/us/trump-says-us-has-draconian-sanctions-ready-for-iran-claims-hormuz-naval-blockade-100-successful20260820044444/,0.325,0.682588220065889,0.46803528802635563,200.3191032752802
1319061626,20260820,IRN,IRN,,,80,80,8,2,5.0,74,10,62,-5.48648280351103,https://reason.com/2026/08/19/ice-handed-over-specific-iranians-at-the-islamic-republics-request/,0.25,0.7743241401755515,0.45972965607022065,34.019994549196326
1319061627,20260820,IRN,IRN,,,130,130,13,3,-4.4,1039,104,1027,-5.1835186874695,https://aninews.in/news/world/us/trump-announces-most-crushing-economic-operation-ever-against-iran-warns-countries-aiding-it-of-tremendous-consequences20260820051311/,0.72,0.7591759343734751,0.73567037374939,764.3615183256162
1319061628,20260820,IRN,IRN,,,130,130,13,3,-4.4,124,57,124,-0.270184603553538,https://krcrtv.com/news/nation-world/jon-ossoff-natalie-harp-trump-rubio-airforceone-plane-georgia-washington,0.72,0.5135092301776769,0.6374036920710708,79.03805781681278
1319061629,20260820,IRN,IRN,,,130,130,13,3,-4.4,442,56,442,-0.105512726186192,https://krcrtv.com/news/nation-world/jon-ossoff-natalie-harp-trump-rubio-airforceone-plane-georgia-washington,0.72,0.5052756363093096,0.6341102545237238,280.27673249948595
1319061630,20260820,IRN,IRN,,,194,194,19,4,-10.0,59,15,59,-2.92649007418006,https://foreignpolicy.com/2026/08/19/uae-iran-trade-financial-embargo-missile-strikes-war/?tpcc=recirc_trending062921,1.0,0.6463245037090031,0.8585298014836011,50.653258287532466
1319061631,20260820,IRN,IRN,ARE,ARE,10,10,1,1,0.0,4,1,4,-4.32972522897585,https://foreignpolicy.com/2026/08/19/uae-iran-trade-financial-embargo-missile-strikes-war/?tpcc=recirc_trending062921,0.5,0.7164862614487925,0.586594504579517,2.346378018318068
1319061632,20260820,IRN,IRN,ARE,ARE,16,16,1,1,-2.0,4,1,4,-4.32972522897585,https://foreignpolicy.com/2026/08/19/uae-iran-trade-financial-embargo-missile-strikes-war/?tpcc=recirc_trending062921,0.6,0.7164862614487925,0.646594504579517,2.586378018318068
1319061633,20260820,IRN,IRN,ARE,ARE,190,190,19,4,-10.0,2,1,2,-4.32972522897585,https://foreignpolicy.com/2026/08/19/uae-iran-trade-financial-embargo-missile-strikes-war/?tpcc=recirc_trending062921,1.0,0.7164862614487925,0.8865945045795169,1.7731890091590339
1319061634,20260820,IRN,IRN,AREBUS,ARE,190,190,19,4,-10.0,2,1,2,-4.32972522897585,https://foreignpolicy.com/2026/08/19/uae-iran-trade-financial-embargo-missile-strikes-war/?tpcc=recirc_trending062921,1.0,0.7164862614487925,0.8865945045795169,1.7731890091590339
1319061635,20260820,IRN,IRN,CANGOV,CAN,40,40,4,1,1.0,2,1,2,-2.4,https://www.chinatechnews.com/2026/08/20/127824-geopolitical-risk-needs-to-move-away-from-the-after-dinner-speaker-eurasia-groups-dominic-barton,0.45,0.62,0.518,1.036
1319061636,20260820,IRN,IRN,GOV,,40,40,4,1,1.0,2,1,2,-2.4,https://www.chinatechnews.com/2026/08/20/127824-geopolitical-risk-needs-to-move-away-from-the-after-dinner-speaker-eurasia-groups-dominic-barton,0.45,0.62,0.518,1.036
1319061637,20260820,IRN,IRN,GOV,,50,50,5,1,3.5,95,21,95,-4.9192158148729,http://usa.chinadaily.com.cn/a/202608/20/WS6a85ead1a3106bc57421c68b.html,0.325,0.745960790743645,0.493384316297458,46.87151004825851
1319061638,20260820,IRN,IRN,GOV,,130,130,13,3,-4.4,8,1,8,-4.35779816513761,https://www.aol.co.uk/articles/trump-declares-economic-d-day-234607000.html,0.72,0.7178899082568805,0.7191559633027522,5.753247706422018
1319061639,20260820,IRN,IRN,GOVMIL,,42,42,4,1,1.9,10,1,10,-4.87804878048781,https://warontherocks.com/inside-irans-wartime-regime/,0.40499999999999997,0.7439024390243905,0.5405609756097561,5.405609756097562
1319061640,20260820,IRN,IRN,IRNGOV,IRN,90,90,9,2,-2.0,2,1,2,-4.28432327166504,https://reason.com/2026/08/19/ice-handed-over-specific-iranians-at-the-islamic-republics-request/,0.6,0.714216163583252,0.6456864654333008,1.2913729308666015
1319061641,20260820,IRN,IRN,IRNGOV,IRN,90,90,9,2,-2.0,1,1,1,-4.28432327166504,https://reason.com/2026/08/19/ice-handed-over-specific-iranians-at-the-islamic-republics-request/,0.6,0.714216163583252,0.6456864654333008,0.6456864654333008
1319061642,20260820,IRN,IRN,IRNGOV,IRN,130,130,13,3,-4.4,2,1,2,-4.35779816513761,https://www.aol.co.uk/articles/trump-declares-economic-d-day-234607000.html,0.72,0.7178899082568805,0.7191559633027522,1.4383119266055044
1319061643,20260820,IRN,IRN,MIL,,13,13,1,1,0.4,10,2,10,-2.26878854793269,https://aninews.in/news/world/us/trump-says-us-has-draconian-sanctions-ready-for-iran-claims-hormuz-naval-blockade-100-successful20260820044444/,0.48,0.6134394273966345,0.5333757709586537,5.333757709586537
1319061644,20260820,IRN,IRN,MIL,,43,43,4,1,2.8,8,1,8,-4.32972522897585,https://foreignpolicy.com/2026/08/19/uae-iran-trade-financial-embargo-missile-strikes-war/?tpcc=recirc_trending062921,0.36,0.7164862614487925,0.502594504579517,4.020756036636136
1319061645,20260820,IRN,IRN,MIL,,190,190,19,4,-10.0,42,3,42,-4.48433981406715,http://usa.chinadaily.com.cn/a/202608/20/WS6a85ead1a3106bc57421c68b.html,1.0,0.7242169907033575,0.8896867962813431,37.36684544381641
1319061646,20260820,IRN,IRN,MIL,,194,194,19,4,-10.0,6,1,6,-4.68227424749164,http://usa.chinadaily.com.cn/a/202608/20/WS6a85ead1a3106bc57421c68b.html,1.0,0.734113712374582,0.8936454849498328,5.361872909698997
1319061647,20260820,IRN,IRN,MIL,,194,194,19,4,-10.0,24,1,24,-4.68227424749164,http://usa.chinadaily.com.cn/a/202608/20/WS6a85ead1a3106bc57421c68b.html,1.0,0.734113712374582,0.8936454849498328,21.447491638795988
1319061648,20260820,IRN,IRN,MOS,,80,80,8,2,5.0,7,1,7,-4.28432327166504,https://reason.com/2026/08/19/ice-handed-over-specific-iranians-at-the-islamic-republics-request/,0.25,0.714216163583252,0.4356864654333008,3.0498052580331056
1319061649,20260820,IRN,IRN,MOS,,80,80,8,2,5.0,1,1,1,-4.28432327166504,https://reason.com/2026/08/19/ice-handed-over-specific-iranians-at-the-islamic-republics-request/,0.25,0.714216163583252,0.4356864654333008,0.4356864654333008
1319061650,20260820,IRN,IRN,PGS,PGS,80,80,8,2,5.0,3,2,3,-3.26242359009768,https://foreignpolicy.com/2026/08/19/uae-iran-trade-financial-embargo-missile-strikes-war/?tpcc=recirc_trending062921,0.25,0.6631211795048839,0.41524847180195357,1.2457454154058607
1319061651,20260820,IRN,IRN,PGS,PGS,173,173,17,4,-5.0,1,1,1,-4.32972522897585,https://foreignpolicy.com/2026/08/19/uae-iran-trade-financial-embargo-missile-strikes-war/?tpcc=recirc_trending062921,0.75,0.7164862614487925,0.736594504579517,0.736594504579517
1319061652,20260820,IRN,IRN,PGS,PGS,173,173,17,4,-5.0,1,1,1,-4.32972522897585,https://foreignpolicy.com/2026/08/19/uae-iran-trade-financial-embargo-missile-strikes-war/?tpcc=recirc_trending062921,0.75,0.7164862614487925,0.736594504579517,0.736594504579517
1319061653,20260820,IRN,IRN,USA,USA,190,190,19,4,-10.0,1,1,1,-4.32972522897585,https://foreignpolicy.com/2026/08/19/uae-iran-trade-financial-embargo-missile-strikes-war/?tpcc=recirc_trending062921,1.0,0.7164862614487925,0.8865945045795169,0.8865945045795169
1319061654,20260820,IRN,IRN,USA,USA,190,190,19,4,-10.0,2,1,2,-4.32972522897585,https://foreignpolicy.com/2026/08/19/uae-iran-trade-financial-embargo-missile-strikes-war/?tpcc=recirc_trending062921,1.0,0.7164862614487925,0.8865945045795169,1.7731890091590339
1319061655,20260820,IRN,IRN,USA,USA,190,190,19,4,-10.0,2,1,2,-4.32972522897585,https://foreignpolicy.com/2026/08/19/uae-iran-trade-financial-embargo-missile-strikes-war/?tpcc=recirc_trending062921,1.0,0.7164862614487925,0.8865945045795169,1.7731890091590339
1319061656,20260820,IRN,IRN,USA,USA,190,190,19,4,-10.0,3,1,3,-4.32972522897585,https://foreignpolicy.com/2026/08/19/uae-iran-trade-financial-embargo-missile-strikes-war/?tpcc=recirc_trending062921,1.0,0.7164862614487925,0.8865945045795169,2.659783513738551
1319061657,20260820,IRN,IRN,USA,USA,190,190,19,4,-10.0,2,1,2,-4.32972522897585,https://foreignpolicy.com/2026/08/19/uae-iran-trade-financial-embargo-missile-strikes-war/?tpcc=recirc_trending062921,1.0,0.7164862614487925,0.8865945045795169,1.7731890091590339
1319061658,20260820,IRN,IRN,USAMIL,USA,60,60,6,2,6.0,224,11,224,-4.15619614599637,http://usa.chinadaily.com.cn/a/202608/20/WS6a85ead1a3106bc57421c68b.html,0.2,0.7078098072998185,0.4031239229199274,90.29975873406373
1319061659,20260820,IRN,IRN,USAMIL,USA,130,130,13,3,-4.4,12,1,12,-4.68227424749164,http://usa.chinadaily.com.cn/a/202608/20/WS6a85ead1a3106bc57421c68b.html,0.72,0.734113712374582,0.7256454849498328,8.707745819397994
1319061660,20260820,IRNELI,IRN,CVL,,20,20,2,1,3.0,8,1,8,-1.25348189415041,https://punchng.com/2027-poll-n571bn-campaign-spending-limit-for-presidential-gov-candidates/,0.35,0.5626740947075205,0.43506963788300823,3.480557103064066
1319061661,20260820,IRNELI,IRN,MED,,20,20,2,1,3.0,8,1,8,-1.25348189415041,https://punchng.com/2027-poll-n571bn-campaign-spending-limit-for-presidential-gov-candidates/,0.35,0.5626740947075205,0.43506963788300823,3.480557103064066
1319061662,20260820,IRNGOV,IRN,,,10,10,1,1,0.0,2,1,2,-4.35779816513761,https://www.aol.co.uk/articles/trump-declares-economic-d-day-234607000.html,0.5,0.7178899082568805,0.5871559633027522,1.1743119266055044
1319061663,20260820,IRNGOV,IRN,,,10,10,1,1,0.0,2,1,2,-5.06024096385542,https://www.mirror.co.uk/news/world-news/trump-iran-economic-d-day-37571573,0.5,0.753012048192771,0.6012048192771084,1.202409638554217
1319061664,20260820,IRNGOV,IRN,IRN,IRN,16,16,1,1,-2.0,33,5,33,-4.84927088693116,http://usa.chinadaily.com.cn/a/202608/20/WS6a85ead1a3106bc57421c68b.html,0.6,0.742463544346558,0.6569854177386232,21.680518785374566
1319061665,20260820,IRNGOV,IRN,IRN,IRN,20,20,2,1,3.0,11,2,11,-4.49327619843924,http://usa.chinadaily.com.cn/a/202608/20/WS6a85ead1a3106bc57421c68b.html,0.35,0.724663809921962,0.4998655239687848,5.498520763656633
1319061666,20260820,IRNGOV,IRN,IRN,IRN,130,130,13,3,-4.4,2,1,2,-4.35779816513761,https://www.aol.co.uk/articles/trump-declares-economic-d-day-234607000.html,0.72,0.7178899082568805,0.7191559633027522,1.4383119266055044
1319061667,20260820,IRNLAB,IRN,IRN,IRN,51,51,5,1,3.4,1,1,1,-2.69179004037685,http://www.southeastasiapost.com/news/279252259/would-erdogan-actually-go-to-war-with-israel,0.32999999999999996,0.6345895020188425,0.45183580080753694,0.45183580080753694
1319061668,20260820,IRNLAB,IRN,IRN,IRN,51,51,5,1,3.4,1,1,1,-2.69179004037685,http://www.southeastasiapost.com/news/279252259/would-erdogan-actually-go-to-war-with-israel,0.32999999999999996,0.6345895020188425,0.45183580080753694,0.45183580080753694
1319061669,20260820,IRNLAB,IRN,ISR,ISR,51,51,5,1,3.4,1,1,1,-2.69179004037685,http://www.southeastasiapost.com/news/279252259/would-erdogan-actually-go-to-war-with-israel,0.32999999999999996,0.6345895020188425,0.45183580080753694,0.45183580080753694
1319061670,20260820,IRNLAB,IRN,ISR,ISR,51,51,5,1,3.4,1,1,1,-2.69179004037685,http://www.southeastasiapost.com/news/279252259/would-erdogan-actually-go-to-war-with-israel,0.32999999999999996,0.6345895020188425,0.45183580080753694,0.45183580080753694
1319061671,20260820,IRNLEG,IRN,USA,USA,50,50,5,1,3.5,75,11,75,-2.64134932132511,https://aninews.in/news/world/us/trump-says-us-has-draconian-sanctions-ready-for-iran-claims-hormuz-naval-blockade-100-successful20260820044444/,0.325,0.6320674660662555,0.4478269864265022,33.58702398198766
1319061672,20260820,IRNLEG,IRN,USA,USA,85,85,8,2,7.0,45,10,45,-2.94958803758801,https://aninews.in/news/world/us/trump-says-us-has-draconian-sanctions-ready-for-iran-claims-hormuz-naval-blockade-100-successful20260820044444/,0.15,0.6474794018794005,0.3489917607517602,15.704629233829209
1319061673,20260820,IRNMIL,IRN,USAMIL,USA,60,60,6,2,6.0,19,2,19,-4.62151876973088,http://usa.chinadaily.com.cn/a/202608/20/WS6a85ead1a3106bc57421c68b.html,0.2,0.731075938486544,0.4124303753946176,7.836177132497734
1319061674,20260820,IRNMIL,IRN,USAMIL,USA,130,130,13,3,-4.4,19,2,19,-4.62151876973088,http://usa.chinadaily.com.cn/a/202608/20/WS6a85ead1a3106bc57421c68b.html,0.72,0.731075938486544,0.7244303753946175,13.764177132497732
1319061697,20260820,ISRGOV,ISR,IRN,IRN,80,80,8,2,5.0,2,1,2,-4.28432327166504,https://reason.com/2026/08/19/ice-handed-over-specific-iranians-at-the-islamic-republics-request/,0.25,0.714216163583252,0.4356864654333008,0.8713729308666016
1319061698,20260820,ISRGOV,ISR,IRN,IRN,841,84,8,2,7.0,2,1,2,-4.28432327166504,https://reason.com/2026/08/19/ice-handed-over-specific-iranians-at-the-islamic-republics-request/,0.15,0.714216163583252,0.37568646543330086,0.7513729308666017
1319061699,20260820,ISRGOV,ISR,IRN,IRN,841,84,8,2,7.0,1,1,1,-4.28432327166504,https://reason.com/2026/08/19/ice-handed-over-specific-iranians-at-the-islamic-republics-request/,0.15,0.714216163583252,0.37568646543330086,0.37568646543330086
1319061700,20260820,ISRGOV,ISR,IRN,IRN,130,130,13,3,-4.4,2,1,2,-4.28432327166504,https://reason.com/2026/08/19/ice-handed-over-specific-iranians-at-the-islamic-republics-request/,0.72,0.714216163583252,0.7176864654333008,1.4353729308666017
1319061701,20260820,ISRGOV,ISR,IRN,IRN,130,130,13,3,-4.4,2,1,2,-4.28432327166504,https://reason.com/2026/08/19/ice-handed-over-specific-iranians-at-the-islamic-republics-request/,0.72,0.714216163583252,0.7176864654333008,1.4353729308666017
1319061846,20260820,MIL,,IRN,IRN,42,42,4,1,1.9,8,1,8,-4.32972522897585,https://foreignpolicy.com/2026/08/19/uae-iran-trade-financial-embargo-missile-strikes-war/?tpcc=recirc_trending062921,0.40499999999999997,0.7164862614487925,0.529594504579517,4.236756036636136
1319062009,20260820,SYRUAF,SYR,IRNLAB,IRN,51,51,5,1,3.4,6,1,6,-2.69179004037685,http://www.southeastasiapost.com/news/279252259/would-erdogan-actually-go-to-war-with-israel,0.32999999999999996,0.6345895020188425,0.45183580080753694,2.7110148048452216
1319062312,20260820,USA,USA,IRN,IRN,10,10,1,1,0.0,58,14,58,-4.65493669013319,https://aninews.in/news/world/us/trump-says-us-has-draconian-sanctions-ready-for-iran-claims-hormuz-naval-blockade-100-successful20260820044444/,0.5,0.7327468345066596,0.5930987338026639,34.399726560554505
1319062313,20260820,USA,USA,IRN,IRN,10,10,1,1,0.0,6,6,6,-2.08135944659371,https://aninews.in/news/world/us/trump-says-us-has-draconian-sanctions-ready-for-iran-claims-hormuz-naval-blockade-100-successful20260820044444/,0.5,0.6040679723296856,0.5416271889318742,3.2497631335912454
1319062431,20260820,USAGOV,USA,IRN,IRN,10,10,1,1,0.0,326,21,326,-4.3800929418263,https://aninews.in/news/world/us/trump-announces-most-crushing-economic-operation-ever-against-iran-warns-countries-aiding-it-of-tremendous-consequences20260820051311/,0.5,0.719004647091315,0.5876018588365259,191.55820598070744
1319062432,20260820,USAGOV,USA,IRN,IRN,120,120,12,3,-4.0,340,21,340,-4.3800929418263,https://aninews.in/news/world/us/trump-announces-most-crushing-economic-operation-ever-against-iran-warns-countries-aiding-it-of-tremendous-consequences20260820051311/,0.7,0.719004647091315,0.707601858836526,240.58463200441886
1319062433,20260820,USAGOV,USA,IRN,IRN,130,130,13,3,-4.4,62,14,62,-3.43195650347531,https://aninews.in/news/world/us/trump-announces-most-crushing-economic-operation-ever-against-iran-warns-countries-aiding-it-of-tremendous-consequences20260820051311/,0.72,0.6715978251737654,0.7006391300695062,43.43962606430938
1319062459,20260820,USAMED,USA,IRN,IRN,84,84,8,2,7.0,20,5,20,-1.64319248826291,https://newsone.com/6869621/trumps-approval-rating-continues-plummet/,0.15,0.5821596244131455,0.32286384976525817,6.457276995305163
1319063187,20260820,,,IRN,IRN,154,154,15,4,-7.2,10,1,10,-2.20994475138121,https://www.wamc.org/news/2026-08-19/update-on-vermont-national-guard-middle-east-deployment,0.86,0.6104972375690605,0.7601988950276242,7.601988950276242
1319063615,20260820,GOV,,IRN,IRN,10,10,1,1,0.0,44,6,44,-4.43801159306553,https://www.okaz.com.sa/politics/na/2262080,0.5,0.7219005796532765,0.5887602318613105,25.905450201897665
1319063616,20260820,GOV,,IRN,IRN,20,20,2,1,3.0,12,2,12,-5.98244436520754,https://www.okaz.com.sa/politics/na/2262080,0.35,0.799122218260377,0.5296488873041508,6.3557866476498095
1319063617,20260820,GOV,,IRN,IRN,71,71,7,2,7.4,16,2,16,-3.72646296087496,https://www.newsday.com/news/nation/treasury-national-debt-limit-c08173,0.12999999999999998,0.6863231480437479,0.3525292592174992,5.640468147479988
1319063618,20260820,GOV,,IRNGOV,IRN,71,71,7,2,7.4,4,2,4,-3.72646296087496,https://www.newsday.com/news/nation/treasury-national-debt-limit-c08173,0.12999999999999998,0.6863231480437479,0.3525292592174992,1.410117036869997
1319063709,20260820,IRN,IRN,,,30,30,3,1,4.0,50,5,50,-5.8068840589337,https://www.okaz.com.sa/politics/na/2262080,0.3,0.7903442029466851,0.496137681178674,24.8068840589337
1319063710,20260820,IRN,IRN,BUS,,138,138,13,3,-7.0,5,1,5,-4.67625899280575,https://www.okaz.com.sa/politics/na/2262080,0.85,0.7338129496402874,0.8035251798561149,4.017625899280574
1319063711,20260820,IRN,IRN,USA,USA,30,30,3,1,4.0,7,4,7,-6.82593926912241,https://www.okaz.com.sa/politics/na/2262080,0.3,0.8412969634561204,0.5165187853824482,3.6156314976771373
1319063802,20260820,KOR,KOR,IRN,IRN,30,30,3,1,4.0,1,1,1,1.82648401826484,https://www.koreaherald.com/article/10846206,0.3,0.40867579908675805,0.3434703196347032,0.3434703196347032
1319063976,20260820,PRK,PRK,IRN,IRN,30,30,3,1,4.0,2,2,2,1.81821938469803,https://www.koreaherald.com/article/10846206,0.3,0.40908903076509856,0.34363561230603945,0.6872712246120789
1319064214,20260820,USA,USA,IRN,IRN,30,30,3,1,4.0,16,5,16,-4.87197383747938,https://www.okaz.com.sa/politics/na/2262080,0.3,0.743598691873969,0.4774394767495876,7.639031627993401
1319064287,20260820,USAGOV,USA,IRN,IRN,130,130,13,3,-4.4,10,10,10,-2.74725274725274,http://www.bignewsnetwork.com/news/279252674/trump-threatens-iran-with-economic-d-day,0.72,0.6373626373626371,0.6869450549450549,6.869450549450549
1319064288,20260820,USAGOV,USA,IRN,IRN,130,130,13,3,-4.4,10,10,10,-2.74725274725274,http://www.bignewsnetwork.com/news/279252674/trump-threatens-iran-with-economic-d-day,0.72,0.6373626373626371,0.6869450549450549,6.869450549450549
1319065256,20260820,ARE,ARE,IRN,IRN,160,160,16,4,-4.0,5,1,5,-4.41176470588235,https://www.breitbart.com/middle-east/2026/08/19/uae-suspends-all-trade-with-fellow-brics-member-iran-after-latest-missile-attack/,0.7,0.7205882352941175,0.7082352941176471,3.541176470588235
1319065259,20260820,AREMED,ARE,IRN,IRN,41,41,4,1,1.0,4,1,4,-4.41176470588235,https://www.breitbart.com/middle-east/2026/08/19/uae-suspends-all-trade-with-fellow-brics-member-iran-after-latest-missile-attack/,0.45,0.7205882352941175,0.558235294117647,2.232941176470588
1319065260,20260820,AREMED,ARE,IRNGOVMIL,IRN,40,40,4,1,1.0,2,1,2,-4.41176470588235,https://www.breitbart.com/middle-east/2026/08/19/uae-suspends-all-trade-with-fellow-brics-member-iran-after-latest-missile-attack/,0.45,0.7205882352941175,0.558235294117647,1.116470588235294
1319065551,20260820,EDU,,IRN,IRN,110,110,11,3,-2.0,2,1,2,-9.40032414910857,https://www.bankinfosecurity.com/us-doj-charges-17-iranians-in-decade-long-hacking-campaign-a-32607,0.6,0.9700162074554285,0.7480064829821714,1.4960129659643429
1319065552,20260820,EDU,,IRN,IRN,1246,124,12,3,-4.0,2,1,2,-9.40032414910857,https://www.bankinfosecurity.com/us-doj-charges-17-iranians-in-decade-long-hacking-campaign-a-32607,0.7,0.9700162074554285,0.8080064829821714,1.6160129659643427
1319065595,20260820,ESPOPP,ESP,IRN,IRN,173,173,17,4,-5.0,1,1,1,-5.48523206751055,https://www.cubaheadlines.com/articles/338245,0.75,0.7742616033755275,0.759704641350211,0.759704641350211
1319065611,20260820,FRA,FRA,IRN,IRN,36,36,3,1,4.0,115,22,115,-5.50291299011477,https://www.wgauradio.com/news/world/iran-uae-ties-sour/ECNHEAWJC4YGBBHEWUOEIXU34Q/,0.3,0.7751456495057385,0.4900582598022954,56.35669987726397
1319065612,20260820,FRA,FRA,IRN,IRN,36,36,3,1,4.0,46,22,46,-5.50291299011477,https://www.wgauradio.com/news/world/iran-uae-ties-sour/ECNHEAWJC4YGBBHEWUOEIXU34Q/,0.3,0.7751456495057385,0.4900582598022954,22.542679950905587
1319065613,20260820,FRA,FRA,IRN,IRN,36,36,3,1,4.0,22,21,22,-5.50823925875371,https://www.wgauradio.com/news/world/iran-uae-ties-sour/ECNHEAWJC4YGBBHEWUOEIXU34Q/,0.3,0.7754119629376854,0.49016478517507417,10.783625273851632
1319065614,20260820,FRA,FRA,IRN,IRN,174,174,17,4,-5.0,2,1,2,-5.95854922279793,https://www.wgauradio.com/news/world/iran-uae-ties-sour/ECNHEAWJC4YGBBHEWUOEIXU34Q/,0.75,0.7979274611398965,0.7691709844559587,1.5383419689119173
1319065615,20260820,FRA,FRA,IRNGOV,IRN,174,174,17,4,-5.0,6,1,6,-5.95854922279793,https://www.wgauradio.com/news/world/iran-uae-ties-sour/ECNHEAWJC4YGBBHEWUOEIXU34Q/,0.75,0.7979274611398965,0.7691709844559587,4.615025906735752
1319065805,20260820,GOV,,IRN,IRN,194,194,19,4,-10.0,14,2,14,-5.04863154329742,https://www.breitbart.com/middle-east/2026/08/19/uae-suspends-all-trade-with-fellow-brics-member-iran-after-latest-missile-attack/,1.0,0.752431577164871,0.9009726308659484,12.613616832123277
1319065905,20260820,IRN,IRN,,,190,190,19,4,-10.0,50,6,50,-5.68599971570286,https://www.breitbart.com/middle-east/2026/08/19/iran-demands-compensation-from-ukraine-for-bombing-suspected-weapons-shipment-to-russia/,1.0,0.7842999857851429,0.9137199943140571,45.685999715702856
1319065906,20260820,IRN,IRN,ARE,ARE,61,61,6,2,6.4,16,1,10,-4.41176470588235,https://www.breitbart.com/middle-east/2026/08/19/uae-suspends-all-trade-with-fellow-brics-member-iran-after-latest-missile-attack/,0.18,0.7205882352941175,0.396235294117647,6.339764705882352
1319065907,20260820,IRN,IRN,ARE,ARE,61,61,6,2,6.4,19,4,19,-5.76350738567309,https://www.breitbart.com/middle-east/2026/08/19/uae-suspends-all-trade-with-fellow-brics-member-iran-after-latest-missile-attack/,0.18,0.7881753692836545,0.42327014771346183,8.042132806555776
1319065908,20260820,IRN,IRN,AREMED,ARE,41,41,4,1,1.0,4,1,4,-4.41176470588235,https://www.breitbart.com/middle-east/2026/08/19/uae-suspends-all-trade-with-fellow-brics-member-iran-after-latest-missile-attack/,0.45,0.7205882352941175,0.558235294117647,2.232941176470588
1319065909,20260820,IRN,IRN,FRA,FRA,36,36,3,1,4.0,115,22,115,-5.50291299011477,https://www.wgauradio.com/news/world/iran-uae-ties-sour/ECNHEAWJC4YGBBHEWUOEIXU34Q/,0.3,0.7751456495057385,0.4900582598022954,56.35669987726397
1319065910,20260820,IRN,IRN,FRA,FRA,36,36,3,1,4.0,46,22,46,-5.50291299011477,https://www.wgauradio.com/news/world/iran-uae-ties-sour/ECNHEAWJC4YGBBHEWUOEIXU34Q/,0.3,0.7751456495057385,0.4900582598022954,22.542679950905587
1319065911,20260820,IRN,IRN,FRA,FRA,36,36,3,1,4.0,22,21,22,-5.50823925875371,https://www.wgauradio.com/news/world/iran-uae-ties-sour/ECNHEAWJC4YGBBHEWUOEIXU34Q/,0.3,0.7754119629376854,0.49016478517507417,10.783625273851632
1319065912,20260820,IRN,IRN,IRNMED,IRN,194,194,19,4,-10.0,1,1,1,-4.41176470588235,https://www.breitbart.com/middle-east/2026/08/19/uae-suspends-all-trade-with-fellow-brics-member-iran-after-latest-missile-attack/,1.0,0.7205882352941175,0.888235294117647,0.888235294117647
1319065913,20260820,IRN,IRN,IRQ,IRQ,10,10,1,1,0.0,44,21,44,-5.53365694407378,https://www.wgauradio.com/news/world/iran-uae-ties-sour/ECNHEAWJC4YGBBHEWUOEIXU34Q/,0.5,0.776682847203689,0.6106731388814757,26.86961811078493
1319065914,20260820,IRN,IRN,IRQ,IRQ,10,10,1,1,0.0,22,21,22,-5.53365694407378,https://www.wgauradio.com/news/world/iran-uae-ties-sour/ECNHEAWJC4YGBBHEWUOEIXU34Q/,0.5,0.776682847203689,0.6106731388814757,13.434809055392465
1319065915,20260820,IRN,IRN,IRQ,IRQ,10,10,1,1,0.0,76,19,76,-5.53920642969604,https://www.wgauradio.com/news/world/iran-uae-ties-sour/ECNHEAWJC4YGBBHEWUOEIXU34Q/,0.5,0.776960321484802,0.6107841285939208,46.41959377313798
1319065916,20260820,IRN,IRN,IRQ,IRQ,10,10,1,1,0.0,1,1,1,-5.95854922279793,https://www.wgauradio.com/news/world/iran-uae-ties-sour/ECNHEAWJC4YGBBHEWUOEIXU34Q/,0.5,0.7979274611398965,0.6191709844559586,0.6191709844559586
1319065917,20260820,IRN,IRN,IRQ,IRQ,10,10,1,1,0.0,1,1,1,-5.95854922279793,https://www.wgauradio.com/news/world/iran-uae-ties-sour/ECNHEAWJC4YGBBHEWUOEIXU34Q/,0.5,0.7979274611398965,0.6191709844559586,0.6191709844559586
1319065918,20260820,IRN,IRN,IRQ,IRQ,40,40,4,1,1.0,41,21,41,-5.53365694407378,https://www.wgauradio.com/news/world/iran-uae-ties-sour/ECNHEAWJC4YGBBHEWUOEIXU34Q/,0.45,0.776682847203689,0.5806731388814756,23.807598694140502
1319065919,20260820,IRN,IRN,IRQ,IRQ,44,44,4,1,2.5,20,20,20,-5.51783716252434,https://www.wgauradio.com/news/world/iran-uae-ties-sour/ECNHEAWJC4YGBBHEWUOEIXU34Q/,0.375,0.7758918581262171,0.5353567432504869,10.707134865009738
1319065920,20260820,IRN,IRN,IRQ,IRQ,44,44,4,1,2.5,22,21,22,-5.53365694407378,https://www.wgauradio.com/news/world/iran-uae-ties-sour/ECNHEAWJC4YGBBHEWUOEIXU34Q/,0.375,0.776682847203689,0.5356731388814756,11.784809055392463
1319065921,20260820,IRN,IRN,MEDGOV,,194,194,19,4,-10.0,1,1,1,-4.41176470588235,https://www.breitbart.com/middle-east/2026/08/19/uae-suspends-all-trade-with-fellow-brics-member-iran-after-latest-missile-attack/,1.0,0.7205882352941175,0.888235294117647,0.888235294117647
1319065922,20260820,IRN,IRN,RUS,RUS,10,10,1,1,0.0,2,1,2,-7.88091068301226,https://www.breitbart.com/middle-east/2026/08/19/iran-demands-compensation-from-ukraine-for-bombing-suspected-weapons-shipment-to-russia/,0.5,0.894045534150613,0.6576182136602453,1.3152364273204906
1319065923,20260820,IRN,IRN,RUS,RUS,10,10,1,1,0.0,2,1,2,-7.88091068301226,https://www.breitbart.com/middle-east/2026/08/19/iran-demands-compensation-from-ukraine-for-bombing-suspected-weapons-shipment-to-russia/,0.5,0.894045534150613,0.6576182136602453,1.3152364273204906
1319065924,20260820,IRN,IRN,UAF,,10,10,1,1,0.0,23,21,23,-5.53365694407378,https://www.wgauradio.com/news/world/iran-uae-ties-sour/ECNHEAWJC4YGBBHEWUOEIXU34Q/,0.5,0.776682847203689,0.6106731388814757,14.04548219427394
1319065925,20260820,IRN,IRN,UAF,,10,10,1,1,0.0,44,21,44,-5.53365694407378,https://www.wgauradio.com/news/world/iran-uae-ties-sour/ECNHEAWJC4YGBBHEWUOEIXU34Q/,0.5,0.776682847203689,0.6106731388814757,26.86961811078493
1319065926,20260820,IRN,IRN,UAF,,51,51,5,1,3.4,66,21,66,-5.53365694407378,https://www.wgauradio.com/news/world/iran-uae-ties-sour/ECNHEAWJC4YGBBHEWUOEIXU34Q/,0.32999999999999996,0.776682847203689,0.5086731388814756,33.57242716617739
1319065927,20260820,IRN,IRN,UAF,,51,51,5,1,3.4,44,21,44,-5.53365694407378,https://www.wgauradio.com/news/world/iran-uae-ties-sour/ECNHEAWJC4YGBBHEWUOEIXU34Q/,0.32999999999999996,0.776682847203689,0.5086731388814756,22.381618110784927
1319065928,20260820,IRN,IRN,UAF,,51,51,5,1,3.4,1,1,1,-5.95854922279793,https://www.wgauradio.com/news/world/iran-uae-ties-sour/ECNHEAWJC4YGBBHEWUOEIXU34Q/,0.32999999999999996,0.7979274611398965,0.5171709844559587,0.5171709844559587
1319065929,20260820,IRN,IRN,UKR,UKR,100,100,10,3,-5.0,4,1,4,-7.88091068301226,https://www.breitbart.com/middle-east/2026/08/19/iran-demands-compensation-from-ukraine-for-bombing-suspected-weapons-shipment-to-russia/,0.75,0.894045534150613,0.8076182136602452,3.230472854640981
1319065930,20260820,IRN,IRN,UKR,UKR,100,100,10,3,-5.0,4,1,4,-7.88091068301226,https://www.breitbart.com/middle-east/2026/08/19/iran-demands-compensation-from-ukraine-for-bombing-suspected-weapons-shipment-to-russia/,0.75,0.894045534150613,0.8076182136602452,3.230472854640981
1319065931,20260820,IRN,IRN,UKR,UKR,112,112,11,3,-2.0,4,1,4,-7.88091068301226,https://www.breitbart.com/middle-east/2026/08/19/iran-demands-compensation-from-ukraine-for-bombing-suspected-weapons-shipment-to-russia/,0.6,0.894045534150613,0.7176182136602453,2.870472854640981
1319065932,20260820,IRN,IRN,UKR,UKR,112,112,11,3,-2.0,8,1,8,-7.88091068301226,https://www.breitbart.com/middle-east/2026/08/19/iran-demands-compensation-from-ukraine-for-bombing-suspected-weapons-shipment-to-russia/,0.6,0.894045534150613,0.7176182136602453,5.740945709281962
1319065933,20260820,IRN,IRN,UKR,UKR,112,112,11,3,-2.0,8,1,8,-7.88091068301226,https://www.breitbart.com/middle-east/2026/08/19/iran-demands-compensation-from-ukraine-for-bombing-suspected-weapons-shipment-to-russia/,0.6,0.894045534150613,0.7176182136602453,5.740945709281962
1319065934,20260820,IRN,IRN,UKR,UKR,114,114,11,3,-2.0,8,1,8,-7.88091068301226,https://www.breitbart.com/middle-east/2026/08/19/iran-demands-compensation-from-ukraine-for-bombing-suspected-weapons-shipment-to-russia/,0.6,0.894045534150613,0.7176182136602453,5.740945709281962
1319065935,20260820,IRN,IRN,USA,USA,40,40,4,1,1.0,14,2,14,-5.01019535408,https://www.dailyexcelsior.com/the-wake-up-call-from-islamic-nato/,0.45,0.750509767704,0.5702039070816001,7.9828546991424005
1319065936,20260820,IRN,IRN,USA,USA,42,42,4,1,1.9,2,1,2,0.0,https://www.nbcphiladelphia.com/news/politics/speaker-mike-johnson-campaigns-with-ryan-mackenzie-in-lehigh-valley/4450735/,0.40499999999999997,0.5,0.44299999999999995,0.8859999999999999
1319065937,20260820,IRN,IRN,USA,USA,128,128,12,3,-5.0,10,1,10,-4.50901803607215,https://www.dailyexcelsior.com/the-wake-up-call-from-islamic-nato/,0.75,0.7254509018036075,0.740180360721443,7.40180360721443
1319065938,20260820,IRNGOV,IRN,IRN,IRN,10,10,1,1,0.0,28,6,28,-3.76438563051059,https://www.breitbart.com/middle-east/2026/08/19/uae-suspends-all-trade-with-fellow-brics-member-iran-after-latest-missile-attack/,0.5,0.6882192815255295,0.5752877126102118,16.10805595308593
1319065939,20260820,IRNGOV,IRN,IRN,IRN,194,194,19,4,-10.0,2,1,2,-4.41176470588235,https://www.breitbart.com/middle-east/2026/08/19/uae-suspends-all-trade-with-fellow-brics-member-iran-after-latest-missile-attack/,1.0,0.7205882352941175,0.888235294117647,1.776470588235294
1319065940,20260820,IRNGOV,IRN,MEDGOV,,194,194,19,4,-10.0,6,1,6,-4.41176470588235,https://www.breitbart.com/middle-east/2026/08/19/uae-suspends-all-trade-with-fellow-brics-member-iran-after-latest-missile-attack/,1.0,0.7205882352941175,0.888235294117647,5.329411764705882
1319065941,20260820,IRNGOV,IRN,UKR,UKR,100,100,10,3,-5.0,12,1,12,-7.88091068301226,https://www.breitbart.com/middle-east/2026/08/19/iran-demands-compensation-from-ukraine-for-bombing-suspected-weapons-shipment-to-russia/,0.75,0.894045534150613,0.8076182136602452,9.691418563922943
1319065942,20260820,IRNGOV,IRN,UKR,UKR,114,114,11,3,-2.0,8,1,8,-7.88091068301226,https://www.breitbart.com/middle-east/2026/08/19/iran-demands-compensation-from-ukraine-for-bombing-suspected-weapons-shipment-to-russia/,0.6,0.894045534150613,0.7176182136602453,5.740945709281962
1319065943,20260820,IRNGOV,IRN,UKR,UKR,114,114,11,3,-2.0,4,1,4,-7.88091068301226,https://www.breitbart.com/middle-east/2026/08/19/iran-demands-compensation-from-ukraine-for-bombing-suspected-weapons-shipment-to-russia/,0.6,0.894045534150613,0.7176182136602453,2.870472854640981
1319065944,20260820,IRNGOVMIL,IRN,AREMED,ARE,40,40,4,1,1.0,2,1,2,-4.41176470588235,https://www.breitbart.com/middle-east/2026/08/19/uae-suspends-all-trade-with-fellow-brics-member-iran-after-latest-missile-attack/,0.45,0.7205882352941175,0.558235294117647,1.116470588235294
1319065946,20260820,IRQ,IRQ,IRN,IRN,40,40,4,1,1.0,41,21,41,-5.53365694407378,https://www.wgauradio.com/news/world/iran-uae-ties-sour/ECNHEAWJC4YGBBHEWUOEIXU34Q/,0.45,0.776682847203689,0.5806731388814756,23.807598694140502
1319065947,20260820,IRQ,IRQ,IRN,IRN,44,44,4,1,2.5,20,20,20,-5.51783716252434,https://www.wgauradio.com/news/world/iran-uae-ties-sour/ECNHEAWJC4YGBBHEWUOEIXU34Q/,0.375,0.7758918581262171,0.5353567432504869,10.707134865009738
1319065948,20260820,IRQ,IRQ,IRN,IRN,44,44,4,1,2.5,22,21,22,-5.53365694407378,https://www.wgauradio.com/news/world/iran-uae-ties-sour/ECNHEAWJC4YGBBHEWUOEIXU34Q/,0.375,0.776682847203689,0.5356731388814756,11.784809055392463
1319066243,20260820,OPP,,IRN,IRN,173,173,17,4,-5.0,1,1,1,-5.48523206751055,https://www.cubaheadlines.com/articles/338245,0.75,0.7742616033755275,0.759704641350211,0.759704641350211
1319066275,20260820,PRK,PRK,IRN,IRN,110,110,11,3,-2.0,4,2,4,-1.04384133611691,http://www.singaporestar.com/news/279252453/trump-says-he-will-meet-kim-jong-un-this-year,0.6,0.5521920668058455,0.5808768267223382,2.323507306889353
1319066326,20260820,UKR,UKR,IRN,IRN,16,16,1,1,-2.0,8,1,8,-7.88091068301226,https://www.breitbart.com/middle-east/2026/08/19/iran-demands-compensation-from-ukraine-for-bombing-suspected-weapons-shipment-to-russia/,0.6,0.894045534150613,0.7176182136602453,5.740945709281962
1319066327,20260820,UKR,UKR,IRN,IRN,112,112,11,3,-2.0,4,1,4,-7.88091068301226,https://www.breitbart.com/middle-east/2026/08/19/iran-demands-compensation-from-ukraine-for-bombing-suspected-weapons-shipment-to-russia/,0.6,0.894045534150613,0.7176182136602453,2.870472854640981
1319066328,20260820,UKR,UKR,IRN,IRN,112,112,11,3,-2.0,4,1,4,-7.88091068301226,https://www.breitbart.com/middle-east/2026/08/19/iran-demands-compensation-from-ukraine-for-bombing-suspected-weapons-shipment-to-russia/,0.6,0.894045534150613,0.7176182136602453,2.870472854640981
1319066574,20260820,USA,USA,IRN,IRN,43,43,4,1,2.8,2,1,2,0.0,https://www.nbcphiladelphia.com/news/politics/speaker-mike-johnson-campaigns-with-ryan-mackenzie-in-lehigh-valley/4450735/,0.36,0.5,0.41600000000000004,0.8320000000000001
1319067799,20260820,GOV,,IRN,IRN,40,40,4,1,1.0,72,16,72,-2.10443043744919,https://yalibnan.com/2026/08/20/uae-severs-trade-with-iran-after-reported-missile-strike/,0.45,0.6052215218724595,0.5120886087489838,36.87037982992683
1319067800,20260820,GOV,,IRN,IRN,110,110,11,3,-2.0,52,4,36,-5.82792873468889,https://www.geo.tv/latest/678395-trump-announces-crushing-economic-operation-against-iran-warns-supporters-of-tremendous-costs,0.6,0.7913964367344445,0.6765585746937778,35.18104588407645
1319067801,20260820,GOV,,IRN,IRN,110,110,11,3,-2.0,10,2,10,-6.4722426021032,https://www.geo.tv/latest/678395-trump-announces-crushing-economic-operation-against-iran-warns-supporters-of-tremendous-costs,0.6,0.82361213010516,0.689444852042064,6.89444852042064
1319067832,20260820,GOVMIL,,IRN,IRN,194,194,19,4,-10.0,55,6,55,-4.2847331007184,https://yalibnan.com/2026/08/20/uae-severs-trade-with-iran-after-reported-missile-strike/,1.0,0.71423665503592,0.885694662014368,48.713206410790235
1319067873,20260820,IRN,IRN,,,60,60,6,2,6.0,10,1,10,-5.07462686567164,https://www.homelandsecuritynewswire.com/dr20260819-17-iranians-charged-in-major-cybercrime-case-in-new-york,0.2,0.7537313432835819,0.4214925373134328,4.214925373134328
1319067874,20260820,IRN,IRN,EUR,EUR,195,195,19,4,-10.0,10,1,10,-5.79710144927536,https://yalibnan.com/2026/08/20/uae-severs-trade-with-iran-after-reported-missile-strike/,1.0,0.789855072463768,0.9159420289855071,9.15942028985507
1319067875,20260820,IRN,IRN,IRNMED,IRN,16,16,1,1,-2.0,3,2,3,-4.60242851547199,https://yalibnan.com/2026/08/20/uae-severs-trade-with-iran-after-reported-missile-strike/,0.6,0.7301214257735995,0.6520485703094399,1.9561457109283196
1319067876,20260820,IRN,IRN,MEDGOV,,16,16,1,1,-2.0,4,2,4,-4.60242851547199,https://yalibnan.com/2026/08/20/uae-severs-trade-with-iran-after-reported-missile-strike/,0.6,0.7301214257735995,0.6520485703094399,2.6081942812377594
1319067877,20260820,IRN,IRN,MIL,,12,12,1,1,-0.4,2,1,2,-6.73758865248227,https://www.geo.tv/latest/678395-trump-announces-crushing-economic-operation-against-iran-warns-supporters-of-tremendous-costs,0.52,0.8368794326241135,0.6467517730496455,1.293503546099291
1319067878,20260820,IRN,IRN,MIL,,12,12,1,1,-0.4,2,1,2,-6.73758865248227,https://www.geo.tv/latest/678395-trump-announces-crushing-economic-operation-against-iran-warns-supporters-of-tremendous-costs,0.52,0.8368794326241135,0.6467517730496455,1.293503546099291
1319067879,20260820,IRN,IRN,MIL,,1384,138,13,3,-7.0,20,2,20,-4.48717948717948,https://yalibnan.com/2026/08/20/uae-severs-trade-with-iran-after-reported-missile-strike/,0.85,0.724358974358974,0.7997435897435896,15.994871794871791
1319067880,20260820,IRN,IRN,USA,USA,20,20,2,1,3.0,13,8,13,-6.51312304662352,https://www.geo.tv/latest/678395-trump-announces-crushing-economic-operation-against-iran-warns-supporters-of-tremendous-costs,0.35,0.825656152331176,0.5402624609324704,7.023411992122115
1319067881,20260820,IRN,IRN,USA,USA,20,20,2,1,3.0,8,5,8,-6.16739570404,https://www.geo.tv/latest/678395-trump-announces-crushing-economic-operation-against-iran-warns-supporters-of-tremendous-costs,0.35,0.808369785202,0.5333479140808,4.2667833126464
1319067882,20260820,IRN,IRN,USA,USA,51,51,5,1,3.4,5,2,5,-6.06159662386951,https://www.geo.tv/latest/678395-trump-announces-crushing-economic-operation-against-iran-warns-supporters-of-tremendous-costs,0.32999999999999996,0.8030798311934755,0.5192319324773902,2.5961596623869507
1319067883,20260820,IRN,IRN,USA,USA,51,51,5,1,3.4,1,1,1,-6.73758865248227,https://www.geo.tv/latest/678395-trump-announces-crushing-economic-operation-against-iran-warns-supporters-of-tremendous-costs,0.32999999999999996,0.8368794326241135,0.5327517730496454,0.5327517730496454
1319067884,20260820,IRNMIL,IRN,MIL,,12,12,1,1,-0.4,13,3,13,-7.27512813568455,https://www.geo.tv/latest/678395-trump-announces-crushing-economic-operation-against-iran-warns-supporters-of-tremendous-costs,0.52,0.8637564067842275,0.657502562713691,8.547533315277983
1319069618,20260820,,,IRN,IRN,60,60,6,2,6.0,4,2,4,-5.21366171342478,https://www.rawstory.com/what-do-you-think-he-meant-pentagon-insider-fears-trump-will-drop-a-nuke/,0.2,0.760683085671239,0.4242732342684956,1.6970929370739825
1319069619,20260820,,,IRN,IRN,130,130,13,3,-4.4,10,1,10,-7.75193798449612,https://timesofindia.indiatimes.com/world/us/economic-d-day-trump-says-iran-to-face-unprecedented-economic-warfare/articleshow/133361308.cms,0.72,0.887596899224806,0.7870387596899224,7.870387596899224
1319069805,20260820,CAN,CAN,IRN,IRN,51,51,5,1,3.4,1,1,1,-5.3030303030303,https://www.antiwar.com/blog/2026/08/19/hey-judy-most-canadians-hate-our-military-serving-usa/,0.32999999999999996,0.765151515151515,0.504060606060606,0.504060606060606
1319069806,20260820,CAN,CAN,IRN,IRN,51,51,5,1,3.4,7,1,7,-5.3030303030303,https://www.antiwar.com/blog/2026/08/19/hey-judy-most-canadians-hate-our-military-serving-usa/,0.32999999999999996,0.765151515151515,0.504060606060606,3.528424242424242
1319069807,20260820,CAN,CAN,IRN,IRN,195,195,19,4,-10.0,2,1,2,-5.3030303030303,https://www.antiwar.com/blog/2026/08/19/hey-judy-most-canadians-hate-our-military-serving-usa/,1.0,0.765151515151515,0.906060606060606,1.812121212121212
1319069808,20260820,CAN,CAN,IRN,IRN,195,195,19,4,-10.0,2,1,2,-5.3030303030303,https://www.antiwar.com/blog/2026/08/19/hey-judy-most-canadians-hate-our-military-serving-usa/,1.0,0.765151515151515,0.906060606060606,1.812121212121212
1319069820,20260820,CANMIL,CAN,IRN,IRN,195,195,19,4,-10.0,6,1,6,-5.3030303030303,https://www.antiwar.com/blog/2026/08/19/hey-judy-most-canadians-hate-our-military-serving-usa/,1.0,0.765151515151515,0.906060606060606,5.436363636363636
1319070095,20260820,GOV,,IRN,IRN,51,51,5,1,3.4,14,2,14,-2.84540025988057,https://oilprice.com/Energy/Crude-Oil/Hope-Fades-Traders-Brace-for-Extended-Oil-LNG-Squeeze.html,0.32999999999999996,0.6422700129940285,0.45490800519761143,6.36871207276656
1319070096,20260820,GOV,,IRN,IRN,110,110,11,3,-2.0,2,1,2,-6.20689655172414,https://www.aljazeera.com/news/2026/8/19/trump-announces-most-crushing-economic-operation-ever-against-iran,0.6,0.810344827586207,0.6841379310344828,1.3682758620689657
1319070097,20260820,GOV,,IRN,IRN,138,138,13,3,-7.0,8,1,8,-7.75193798449612,https://timesofindia.indiatimes.com/world/us/economic-d-day-trump-says-iran-to-face-unprecedented-economic-warfare/articleshow/133361308.cms,0.85,0.887596899224806,0.8650387596899225,6.92031007751938
1319070143,20260820,GOVMIL,,IRN,IRN,10,10,1,1,0.0,40,5,40,-3.98225943100701,https://www.yahoo.com/news/politics/articles/trump-threatens-tremendous-economic-consequences-002545163.html,0.5,0.6991129715503506,0.5796451886201403,23.18580754480561
1319070165,20260820,IRN,IRN,,,10,10,1,1,0.0,1,1,1,-4.14201183431953,https://www.rawstory.com/what-do-you-think-he-meant-pentagon-insider-fears-trump-will-drop-a-nuke/,0.5,0.7071005917159765,0.5828402366863906,0.5828402366863906
1319070166,20260820,IRN,IRN,,,10,10,1,1,0.0,5,1,5,-7.04800817160368,https://www.theregister.com/security/2026/08/19/not-a-theoretical-risk-feds-warn-as-attackers-use-ai-made-code-to-hack-critical-infrastructure-controllers/5289960,0.5,0.852400408580184,0.6409601634320736,3.2048008171603684
1319070167,20260820,IRN,IRN,,,20,20,2,1,3.0,2,1,2,0.2874314084139,https://www.al-monitor.com/originals/2026/08/barzani-calls-enhanced-air-defense-kurdistan-region-counter-drone-attacks,0.35,0.485628429579305,0.404251371831722,0.808502743663444
1319070168,20260820,IRN,IRN,,,20,20,2,1,3.0,4,1,4,0.2874314084139,https://www.al-monitor.com/originals/2026/08/barzani-calls-enhanced-air-defense-kurdistan-region-counter-drone-attacks,0.35,0.485628429579305,0.404251371831722,1.617005487326888
1319070169,20260820,IRN,IRN,,,20,20,2,1,3.0,4,1,4,0.2874314084139,https://www.al-monitor.com/originals/2026/08/barzani-calls-enhanced-air-defense-kurdistan-region-counter-drone-attacks,0.35,0.485628429579305,0.404251371831722,1.617005487326888
1319070170,20260820,IRN,IRN,,,111,111,11,3,-2.0,2,1,2,0.2874314084139,https://www.al-monitor.com/originals/2026/08/barzani-calls-enhanced-air-defense-kurdistan-region-counter-drone-attacks,0.6,0.485628429579305,0.554251371831722,1.108502743663444
1319070171,20260820,IRN,IRN,,,130,130,13,3,-4.4,192,28,182,-5.83621261107357,https://timesofindia.indiatimes.com/world/us/economic-d-day-trump-says-iran-to-face-unprecedented-economic-warfare/articleshow/133361308.cms,0.72,0.7918106305536785,0.7487242522214714,143.75505642652251
1319070172,20260820,IRN,IRN,,,164,164,16,4,-7.0,10,1,10,-3.48101265822785,https://www.realitytea.com/2026/08/19/donald-trump-iran-war-threatens-us-military-europe/,0.85,0.6740506329113926,0.7796202531645571,7.796202531645571
1319070173,20260820,IRN,IRN,,,190,190,19,4,-10.0,1,1,1,-2.22222222222222,https://www.theyeshivaworld.com/news/israel-news/2587554/hormuz-shift-u-s-and-oman-challenge-irans-grip-as-oil-traffic-surges-through-strait.html,1.0,0.6111111111111109,0.8444444444444443,0.8444444444444443
1319070174,20260820,IRN,IRN,,,195,195,19,4,-10.0,8,1,8,0.2874314084139,https://www.al-monitor.com/originals/2026/08/barzani-calls-enhanced-air-defense-kurdistan-region-counter-drone-attacks,1.0,0.485628429579305,0.794251371831722,6.354010974653776
1319070175,20260820,IRN,IRN,OMN,OMN,50,50,5,1,3.5,10,2,10,-5.46211711583519,https://www.yahoo.com/news/politics/articles/trump-threatens-tremendous-economic-consequences-002545163.html,0.325,0.7731058557917596,0.504242342316704,5.0424234231670395
1319070176,20260820,IRN,IRN,OMN,OMN,50,50,5,1,3.5,16,2,16,-3.39822653627208,https://www.yahoo.com/news/politics/articles/trump-threatens-tremendous-economic-consequences-002545163.html,0.325,0.669911326813604,0.46296453072544164,7.407432491607066
1319070177,20260820,IRN,IRN,PRK,PRK,80,80,8,2,5.0,2,1,2,-0.62370062370063,https://augustafreepress.com/news/mel-gurtov-trumps-bromance-dream-undermines-relations-with-south-korea/,0.25,0.5311850311850315,0.36247401247401256,0.7249480249480251
1319070178,20260820,IRN,IRN,PRK,PRK,80,80,8,2,5.0,8,1,8,-0.62370062370063,https://augustafreepress.com/news/mel-gurtov-trumps-bromance-dream-undermines-relations-with-south-korea/,0.25,0.5311850311850315,0.36247401247401256,2.8997920997921005
1319070179,20260820,IRN,IRN,PRK,PRK,120,120,12,3,-4.0,1,1,1,-0.62370062370063,https://augustafreepress.com/news/mel-gurtov-trumps-bromance-dream-undermines-relations-with-south-korea/,0.7,0.5311850311850315,0.6324740124740126,0.6324740124740126
1319070180,20260820,IRN,IRN,PRK,PRK,120,120,12,3,-4.0,9,1,9,-0.62370062370063,https://augustafreepress.com/news/mel-gurtov-trumps-bromance-dream-undermines-relations-with-south-korea/,0.7,0.5311850311850315,0.6324740124740126,5.692266112266113
1319070181,20260820,IRN,IRN,USA,USA,10,10,1,1,0.0,1,1,1,-6.25,https://www.rawstory.com/donald-trump-pete-hegseth/,0.5,0.8125,0.625,0.625
1319070182,20260820,IRN,IRN,USA,USA,10,10,1,1,0.0,3,2,3,-5.2400200016668,https://www.rawstory.com/what-do-you-think-he-meant-pentagon-insider-fears-trump-will-drop-a-nuke/,0.5,0.7620010000833399,0.604800400033336,1.814401200100008
1319070183,20260820,IRN,IRN,USA,USA,10,10,1,1,0.0,2,2,2,-6.08438384358115,https://www.rawstory.com/what-do-you-think-he-meant-pentagon-insider-fears-trump-will-drop-a-nuke/,0.5,0.8042191921790576,0.6216876768716231,1.2433753537432461
1319070184,20260820,IRN,IRN,USA,USA,10,10,1,1,0.0,5,4,5,-6.52893994354067,https://www.rawstory.com/donald-trump-pete-hegseth/,0.5,0.8264469971770335,0.6305787988708134,3.152893994354067
1319070185,20260820,IRN,IRN,USA,USA,30,30,3,1,4.0,2,1,2,-4.14201183431953,https://www.rawstory.com/what-do-you-think-he-meant-pentagon-insider-fears-trump-will-drop-a-nuke/,0.3,0.7071005917159765,0.4628402366863906,0.9256804733727813
1319070186,20260820,IRN,IRN,USA,USA,43,43,4,1,2.8,1,1,1,0.2874314084139,https://www.al-monitor.com/originals/2026/08/barzani-calls-enhanced-air-defense-kurdistan-region-counter-drone-attacks,0.36,0.485628429579305,0.410251371831722,0.410251371831722
1319070187,20260820,IRN,IRN,USA,USA,43,43,4,1,2.8,8,1,8,0.2874314084139,https://www.al-monitor.com/originals/2026/08/barzani-calls-enhanced-air-defense-kurdistan-region-counter-drone-attacks,0.36,0.485628429579305,0.410251371831722,3.282010974653776
1319070188,20260820,IRN,IRN,USA,USA,50,50,5,1,3.5,10,2,10,-5.46211711583519,https://www.yahoo.com/news/politics/articles/trump-threatens-tremendous-economic-consequences-002545163.html,0.325,0.7731058557917596,0.504242342316704,5.0424234231670395
1319070189,20260820,IRN,IRN,USA,USA,50,50,5,1,3.5,16,2,16,-3.39822653627208,https://www.yahoo.com/news/politics/articles/trump-threatens-tremendous-economic-consequences-002545163.html,0.325,0.669911326813604,0.46296453072544164,7.407432491607066
1319070190,20260820,IRN,IRN,USA,USA,190,190,19,4,-10.0,1,1,1,0.2874314084139,https://www.al-monitor.com/originals/2026/08/barzani-calls-enhanced-air-defense-kurdistan-region-counter-drone-attacks,1.0,0.485628429579305,0.794251371831722,0.794251371831722
1319070191,20260820,IRN,IRN,USAMED,USA,110,110,11,3,-2.0,10,1,10,-3.48101265822785,https://www.realitytea.com/2026/08/19/donald-trump-iran-war-threatens-us-military-europe/,0.6,0.6740506329113926,0.6296202531645569,6.296202531645569
1319070192,20260820,IRN,IRN,USAMIL,USA,138,138,13,3,-7.0,10,1,10,-3.48101265822785,https://www.realitytea.com/2026/08/19/donald-trump-iran-war-threatens-us-military-europe/,0.85,0.6740506329113926,0.7796202531645571,7.796202531645571
1319070193,20260820,IRN,IRN,USAMIL,USA,190,190,19,4,-10.0,10,1,10,-3.48101265822785,https://www.realitytea.com/2026/08/19/donald-trump-iran-war-threatens-us-military-europe/,1.0,0.6740506329113926,0.8696202531645569,8.69620253164557
1319070194,20260820,IRNGOV,IRN,,,111,111,11,3,-2.0,10,1,10,0.2874314084139,https://www.al-monitor.com/originals/2026/08/barzani-calls-enhanced-air-defense-kurdistan-region-counter-drone-attacks,0.6,0.485628429579305,0.554251371831722,5.54251371831722
1319070195,20260820,IRNGOV,IRN,IRN,IRN,51,51,5,1,3.4,1,1,1,-2.65282583621684,https://oilprice.com/Energy/Crude-Oil/Hope-Fades-Traders-Brace-for-Extended-Oil-LNG-Squeeze.html,0.32999999999999996,0.6326412918108419,0.4510565167243368,0.4510565167243368
1319070196,20260820,IRNGOV,IRN,IRN,IRN,138,138,13,3,-7.0,2,1,2,-7.75193798449612,https://timesofindia.indiatimes.com/world/us/economic-d-day-trump-says-iran-to-face-unprecedented-economic-warfare/articleshow/133361308.cms,0.85,0.887596899224806,0.8650387596899225,1.730077519379845
1319070197,20260820,IRNGOV,IRN,USAGOV,USA,164,164,16,4,-7.0,1,1,1,-7.75193798449612,https://timesofindia.indiatimes.com/world/us/economic-d-day-trump-says-iran-to-face-unprecedented-economic-warfare/articleshow/133361308.cms,0.85,0.887596899224806,0.8650387596899225,0.8650387596899225
1319070198,20260820,IRNGOVMIL,IRN,MED,,112,112,11,3,-2.0,2,1,2,-4.54545454545454,https://www.aljazeera.com/news/2026/8/20/publisher-of-us-military-newspaper-resigns-over-differences-with-government,0.6,0.727272727272727,0.6509090909090908,1.3018181818181815
1319070321,20260820,KORGOV,KOR,IRN,IRN,20,20,2,1,3.0,8,1,8,-0.62370062370063,https://augustafreepress.com/news/mel-gurtov-trumps-bromance-dream-undermines-relations-with-south-korea/,0.35,0.5311850311850315,0.4224740124740126,3.379792099792101
1319070322,20260820,KORGOV,KOR,IRN,IRN,20,20,2,1,3.0,2,1,2,-0.62370062370063,https://augustafreepress.com/news/mel-gurtov-trumps-bromance-dream-undermines-relations-with-south-korea/,0.35,0.5311850311850315,0.4224740124740126,0.8449480249480252
1319070367,20260820,LEG,,IRN,IRN,51,51,5,1,3.4,3,1,3,-6.25,https://www.rawstory.com/donald-trump-pete-hegseth/,0.32999999999999996,0.8125,0.523,1.569
1319070392,20260820,MED,,IRN,IRN,110,110,11,3,-2.0,10,1,10,-3.16742081447964,https://www.yahoo.com/news/politics/articles/trump-threatens-tremendous-economic-consequences-002545163.html,0.6,0.658371040723982,0.6233484162895928,6.2334841628959285
1319070459,20260820,OMN,OMN,IRN,IRN,50,50,5,1,3.5,10,2,10,-5.46211711583519,https://www.yahoo.com/news/politics/articles/trump-threatens-tremendous-economic-consequences-002545163.html,0.325,0.7731058557917596,0.504242342316704,5.0424234231670395
1319070460,20260820,OMN,OMN,IRN,IRN,50,50,5,1,3.5,24,3,24,-3.43140364002593,https://www.yahoo.com/news/politics/articles/trump-threatens-tremendous-economic-consequences-002545163.html,0.325,0.6715701820012965,0.4636280728005186,11.127073747212446
1319070690,20260820,USA,USA,IRN,IRN,42,42,4,1,1.9,1,1,1,0.2874314084139,https://www.al-monitor.com/originals/2026/08/barzani-calls-enhanced-air-defense-kurdistan-region-counter-drone-attacks,0.40499999999999997,0.485628429579305,0.437251371831722,0.437251371831722
1319070691,20260820,USA,USA,IRN,IRN,42,42,4,1,1.9,8,1,8,0.2874314084139,https://www.al-monitor.com/originals/2026/08/barzani-calls-enhanced-air-defense-kurdistan-region-counter-drone-attacks,0.40499999999999997,0.485628429579305,0.437251371831722,3.498010974653776
1319070692,20260820,USA,USA,IRN,IRN,50,50,5,1,3.5,10,2,10,-5.46211711583519,https://www.yahoo.com/news/politics/articles/trump-threatens-tremendous-economic-consequences-002545163.html,0.325,0.7731058557917596,0.504242342316704,5.0424234231670395
1319070693,20260820,USA,USA,IRN,IRN,50,50,5,1,3.5,16,2,16,-3.39822653627208,https://www.yahoo.com/news/politics/articles/trump-threatens-tremendous-economic-consequences-002545163.html,0.325,0.669911326813604,0.46296453072544164,7.407432491607066
1319070694,20260820,USA,USA,IRN,IRN,51,51,5,1,3.4,1,1,1,-6.25,https://www.rawstory.com/donald-trump-pete-hegseth/,0.32999999999999996,0.8125,0.523,0.523
1319070695,20260820,USA,USA,IRN,IRN,60,60,6,2,6.0,2,1,2,-4.14201183431953,https://www.rawstory.com/what-do-you-think-he-meant-pentagon-insider-fears-trump-will-drop-a-nuke/,0.2,0.7071005917159765,0.40284023668639063,0.8056804733727813
1319070696,20260820,USA,USA,IRN,IRN,60,60,6,2,6.0,4,1,4,-4.14201183431953,https://www.rawstory.com/what-do-you-think-he-meant-pentagon-insider-fears-trump-will-drop-a-nuke/,0.2,0.7071005917159765,0.40284023668639063,1.6113609467455625
1319070697,20260820,USA,USA,IRN,IRN,163,163,16,4,-8.0,24,4,24,-5.6368678534411,https://www.aljazeera.com/news/2026/8/19/trump-announces-most-crushing-economic-operation-ever-against-iran,0.9,0.7818433926720549,0.852737357068822,20.46569656965173
1319071297,20260820,GOV,,IRN,IRN,10,10,1,1,0.0,39,6,39,-3.92041255551183,https://attackofthefanboy.com/news/one-republican-lawmaker-urges-trump-to-say-less-after-contradictory-statements-about-the-us-iran-conflict/,0.5,0.6960206277755916,0.5784082511102366,22.55792179329923
1319071298,20260820,GOV,,IRN,IRN,20,20,2,1,3.0,138,28,138,-3.71528007257915,https://www.krtv.com/us-news/iran-war/trump-says-us-will-begin-punishing-new-economic-sanctions-against-iran,0.35,0.6857640036289575,0.48430560145158297,66.83417300031844
1319071299,20260820,GOV,,IRN,IRN,163,163,16,4,-8.0,216,27,216,-3.72881355932204,https://www.krtv.com/us-news/iran-war/trump-says-us-will-begin-punishing-new-economic-sanctions-against-iran,0.9,0.686440677966102,0.8145762711864408,175.94847457627122
1319071369,20260820,IRN,IRN,,,10,10,1,1,0.0,340,64,322,-5.07620343638643,https://www.foxnews.com/world/iran-taps-financial-lifeline-russian-arms-trump-escalates-crushing-economic-warfare,0.5,0.7538101718193214,0.6015240687277286,204.51818336742772
1319071370,20260820,IRN,IRN,IRNGOV,IRN,50,50,5,1,3.5,4,2,4,-0.76623851294904,https://attackofthefanboy.com/news/one-republican-lawmaker-urges-trump-to-say-less-after-contradictory-statements-about-the-us-iran-conflict/,0.325,0.538311925647452,0.41032477025898084,1.6412990810359234
1319071371,20260820,IRN,IRN,MED,,110,110,11,3,-2.0,4,1,4,-1.27077223851418,https://talkingpointsmemo.com/where-things-stand/new-report-on-carr-communications-with-white-house-right-wing-media-affirms-what-weve-know-all-along,0.6,0.563538611925709,0.5854154447702836,2.3416617790811345
1319071372,20260820,IRN,IRN,OMN,OMN,50,50,5,1,3.5,2,1,2,-3.62903225806452,https://www.bbc.co.uk/news/articles/c2k7e83ynj4o,0.325,0.681451612903226,0.4675806451612904,0.9351612903225808
1319071373,20260820,IRN,IRN,USA,USA,20,20,2,1,3.0,7,3,7,-3.20457478292988,https://attackofthefanboy.com/news/one-republican-lawmaker-urges-trump-to-say-less-after-contradictory-statements-about-the-us-iran-conflict/,0.35,0.660228739146494,0.47409149565859765,3.3186404696101834
1319071374,20260820,IRNGOV,IRN,IRN,IRN,10,10,1,1,0.0,8,4,8,-4.23334030053786,https://attackofthefanboy.com/news/one-republican-lawmaker-urges-trump-to-say-less-after-contradictory-statements-about-the-us-iran-conflict/,0.5,0.711667015026893,0.5846668060107572,4.677334448086057
1319071375,20260820,IRNGOV,IRN,IRN,IRN,50,50,5,1,3.5,4,2,4,-0.76623851294904,https://attackofthefanboy.com/news/one-republican-lawmaker-urges-trump-to-say-less-after-contradictory-statements-about-the-us-iran-conflict/,0.325,0.538311925647452,0.41032477025898084,1.6412990810359234
1319071376,20260820,IRNGOV,IRN,IRN,IRN,163,163,16,4,-8.0,55,28,55,-3.83479980975441,https://www.krtv.com/us-news/iran-war/trump-says-us-will-begin-punishing-new-economic-sanctions-against-iran,0.9,0.6917399904877205,0.8166959961950883,44.918279790729855
1319071377,20260820,IRNGOV,IRN,USA,USA,33,33,3,1,5.2,2,1,2,-3.62903225806452,https://www.bbc.co.uk/news/articles/c2k7e83ynj4o,0.24,0.681451612903226,0.41658064516129034,0.8331612903225807
1319071467,20260820,MED,,IRN,IRN,110,110,11,3,-2.0,25,4,25,-5.3412770826851,https://www.bbc.co.uk/news/articles/c2k7e83ynj4o,0.6,0.7670638541342549,0.666825541653702,16.67063854134255
1319071490,20260820,MOS,,IRN,IRN,10,10,1,1,0.0,15,3,15,-3.68413078527046,https://www.foxnews.com/world/iran-taps-financial-lifeline-russian-arms-trump-escalates-crushing-economic-warfare,0.5,0.684206539263523,0.5736826157054092,8.605239235581138
1319071491,20260820,MOS,,IRN,IRN,20,20,2,1,3.0,4,2,4,-3.55251196737937,https://www.foxnews.com/world/iran-taps-financial-lifeline-russian-arms-trump-escalates-crushing-economic-warfare,0.35,0.6776255983689685,0.4810502393475874,1.9242009573903496
1319071492,20260820,MOS,,IRN,IRN,20,20,2,1,3.0,2,1,2,-3.64880273660205,https://www.foxnews.com/world/iran-taps-financial-lifeline-russian-arms-trump-escalates-crushing-economic-warfare,0.35,0.6824401368301025,0.48297605473204097,0.9659521094640819
1319071493,20260820,MOS,,IRN,IRN,20,20,2,1,3.0,2,2,2,-3.55251196737937,https://www.foxnews.com/world/iran-taps-financial-lifeline-russian-arms-trump-escalates-crushing-economic-warfare,0.35,0.6776255983689685,0.4810502393475874,0.9621004786951748
1319071494,20260820,MOS,,IRN,IRN,20,20,2,1,3.0,2,2,2,-3.55251196737937,https://www.foxnews.com/world/iran-taps-financial-lifeline-russian-arms-trump-escalates-crushing-economic-warfare,0.35,0.6776255983689685,0.4810502393475874,0.9621004786951748
1319071513,20260820,OMN,OMN,IRN,IRN,50,50,5,1,3.5,2,1,2,-3.62903225806452,https://www.bbc.co.uk/news/articles/c2k7e83ynj4o,0.325,0.681451612903226,0.4675806451612904,0.9351612903225808
1319071773,20260820,USA,USA,IRN,IRN,14,14,1,1,0.0,2,2,2,-3.55251196737937,https://www.foxnews.com/world/iran-taps-financial-lifeline-russian-arms-trump-escalates-crushing-economic-warfare,0.5,0.6776255983689685,0.5710502393475874,1.1421004786951747
1319071774,20260820,USA,USA,IRN,IRN,14,14,1,1,0.0,3,3,3,-2.69062492116267,https://www.foxnews.com/world/iran-taps-financial-lifeline-russian-arms-trump-escalates-crushing-economic-warfare,0.5,0.6345312460581335,0.5538124984232534,1.6614374952697601
1319071775,20260820,USA,USA,IRN,IRN,40,40,4,1,1.0,8,1,8,-3.62903225806452,https://www.bbc.co.uk/news/articles/c2k7e83ynj4o,0.45,0.681451612903226,0.5425806451612905,4.340645161290324
1319071776,20260820,USA,USA,IRN,IRN,40,40,4,1,1.0,4,2,4,-3.75515539843865,https://www.bbc.co.uk/news/articles/c2k7e83ynj4o,0.45,0.6877577699219325,0.545103107968773,2.180412431875092
1319071777,20260820,USA,USA,IRN,IRN,50,50,5,1,3.5,12,5,12,-4.64728632974093,https://www.bbc.co.uk/news/articles/c2k7e83ynj4o,0.325,0.7323643164870465,0.4879457265948186,5.855348719137823
1319071778,20260820,USA,USA,IRNGOV,IRN,20,20,2,1,3.0,1,1,1,-1.8796992481203,https://attackofthefanboy.com/news/one-republican-lawmaker-urges-trump-to-say-less-after-contradictory-statements-about-the-us-iran-conflict/,0.35,0.593984962406015,0.447593984962406,0.447593984962406
1319072506,20260820,,,IRN,IRN,61,61,6,2,6.4,10,1,10,-3.73961218836565,https://www.mondaq.com:443/unitedstates/government/1833030/ofac-settlement-highlights-iran-sanctions-risks-for-non-us-subsidiaries-of-us-companies,0.18,0.6869806094182824,0.38279224376731297,3.82792243767313
1319072741,20260820,CYP,CYP,IRN,IRN,40,40,4,1,1.0,5,1,5,-2.83018867924528,https://www.novinite.com/view_news.php?id=240189,0.45,0.641509433962264,0.5266037735849056,2.633018867924528
1319072929,20260820,IRN,IRN,,,61,61,6,2,6.4,10,1,10,-3.73961218836565,https://www.mondaq.com:443/unitedstates/government/1833030/ofac-settlement-highlights-iran-sanctions-risks-for-non-us-subsidiaries-of-us-companies,0.18,0.6869806094182824,0.38279224376731297,3.82792243767313
1319072930,20260820,IRN,IRN,ARE,ARE,16,16,1,1,-2.0,5,1,5,-8.57142857142857,https://www.novinite.com/view_news.php?id=240184,0.6,0.9285714285714285,0.7314285714285714,3.657142857142857
1319072931,20260820,IRN,IRN,CYP,CYP,40,40,4,1,1.0,5,1,5,-2.83018867924528,https://www.novinite.com/view_news.php?id=240189,0.45,0.641509433962264,0.5266037735849056,2.633018867924528
1319072932,20260820,IRN,IRN,GOV,,130,130,13,3,-4.4,6,1,6,-8.13253012048194,https://www.rawstory.com/trump-iran-2677730684/,0.72,0.9066265060240969,0.7946506024096387,4.767903614457833
1319072933,20260820,IRN,IRN,IRNGOV,IRN,130,130,13,3,-4.4,2,1,2,-8.13253012048194,https://www.rawstory.com/trump-iran-2677730684/,0.72,0.9066265060240969,0.7946506024096387,1.5893012048192774
1319072934,20260820,IRN,IRN,IRNMIL,IRN,10,10,1,1,0.0,3,1,3,-3.5650623885918,https://abcnews.com/Politics/trump-appears-dropped-tit-tat-approach-iran-attacks/story?id=135783275,0.5,0.67825311942959,0.571301247771836,1.713903743315508
1319072935,20260820,IRN,IRN,MED,,193,193,19,4,-10.0,2,1,2,-3.5650623885918,https://abcnews.com/Politics/trump-appears-dropped-tit-tat-approach-iran-attacks/story?id=135783275,1.0,0.67825311942959,0.871301247771836,1.742602495543672
1319072936,20260820,IRN,IRN,MED,,193,193,19,4,-10.0,2,1,2,-3.5650623885918,https://abcnews.com/Politics/trump-appears-dropped-tit-tat-approach-iran-attacks/story?id=135783275,1.0,0.67825311942959,0.871301247771836,1.742602495543672
1319072937,20260820,IRN,IRN,MIL,,10,10,1,1,0.0,16,3,16,-4.37558658811984,https://abcnews.com/Politics/trump-appears-dropped-tit-tat-approach-iran-attacks/story?id=135783275,0.5,0.7187793294059921,0.5875117317623968,9.400187708198349
1319072938,20260820,IRN,IRN,MIL,,130,130,13,3,-4.4,5,1,5,-3.5650623885918,https://abcnews.com/Politics/trump-appears-dropped-tit-tat-approach-iran-attacks/story?id=135783275,0.72,0.67825311942959,0.703301247771836,3.51650623885918
1319072939,20260820,IRN,IRN,PGS,PGS,10,10,1,1,0.0,10,1,10,-8.57142857142857,https://www.novinite.com/view_news.php?id=240184,0.5,0.9285714285714285,0.6714285714285715,6.714285714285715
1319072940,20260820,IRN,IRN,PGS,PGS,194,194,19,4,-10.0,10,1,10,-8.57142857142857,https://www.novinite.com/view_news.php?id=240184,1.0,0.9285714285714285,0.9714285714285714,9.714285714285714
1319072941,20260820,IRNGOV,IRN,MED,,138,138,13,3,-7.0,2,1,2,-3.11284046692607,https://www.cbc.ca/news/world/trump-economic-attack-iran-9.7313426,0.85,0.6556420233463035,0.7722568093385214,1.5445136186770427
1319073080,20260820,MED,,IRN,IRN,193,193,19,4,-10.0,3,1,3,-3.5650623885918,https://abcnews.com/Politics/trump-appears-dropped-tit-tat-approach-iran-attacks/story?id=135783275,1.0,0.67825311942959,0.871301247771836,2.6139037433155083
1319073081,20260820,MED,,IRN,IRN,193,193,19,4,-10.0,3,1,3,-3.5650623885918,https://abcnews.com/Politics/trump-appears-dropped-tit-tat-approach-iran-attacks/story?id=135783275,1.0,0.67825311942959,0.871301247771836,2.6139037433155083
1319073152,20260820,PHLGOV,PHL,IRNMIL,IRN,10,10,1,1,0.0,1,1,1,-3.5650623885918,https://abcnews.com/Politics/trump-appears-dropped-tit-tat-approach-iran-attacks/story?id=135783275,0.5,0.67825311942959,0.571301247771836,0.571301247771836
1319073395,20260820,USA,USA,IRN,IRN,10,10,1,1,0.0,6,1,6,-3.73961218836565,https://www.mondaq.com:443/unitedstates/government/1833030/ofac-settlement-highlights-iran-sanctions-risks-for-non-us-subsidiaries-of-us-companies,0.5,0.6869806094182824,0.574792243767313,3.448753462603878
1319073396,20260820,USA,USA,IRN,IRN,71,71,7,2,7.4,86,10,86,-6.22422423701632,https://www.hindustantimes.com/india-news/economic-d-day-donald-trump-threatens-tremendous-consequences-for-any-country-helping-iran-war-strait-of-hormuz-101787187465670.html,0.12999999999999998,0.8112112118508159,0.4024844847403264,34.61366568766807
1319073397,20260820,USA,USA,IRN,IRN,130,130,13,3,-4.4,19,5,19,-6.06637617448348,https://www.hindustantimes.com/india-news/economic-d-day-donald-trump-threatens-tremendous-consequences-for-any-country-helping-iran-war-strait-of-hormuz-101787187465670.html,0.72,0.803318808724174,0.7533275234896697,14.313222946303725
1319074055,20260820,,,IRN,IRN,46,46,4,1,7.0,1,1,1,-4.14878397711015,https://www.israelnationalnews.com/news/431958,0.15,0.7074391988555074,0.372975679542203,0.372975679542203
1319074056,20260820,,,IRN,IRN,63,63,6,2,7.4,3,1,3,-4.94186046511628,https://niacouncil.org/niac-press-release-niac-uncovers-ice-tel-aviv-role-in-iranian-deportations/,0.12999999999999998,0.747093023255814,0.37683720930232556,1.1305116279069767
1319074152,20260820,ARE,ARE,IRN,IRN,10,10,1,1,0.0,240,11,240,-4.0592513597958,https://peakoil.com/publicpolicy/uae-halts-all-trade-and-financial-dealings-with-iran,0.5,0.70296256798979,0.581185027195916,139.48440652701984
1319074229,20260820,BUS,,IRN,IRN,50,50,5,1,3.5,10,1,10,-4.14878397711015,https://www.israelnationalnews.com/news/431958,0.325,0.7074391988555074,0.477975679542203,4.7797567954220295
1319074230,20260820,BUS,,IRN,IRN,163,163,16,4,-8.0,10,1,10,-5.05050505050505,https://dominicanrepublicpost.com/trump-announces-most-crushing-economic-operation-ever-against-iran/,0.9,0.7525252525252525,0.841010101010101,8.410101010101009
1319074466,20260820,GOV,,IRN,IRN,40,40,4,1,1.0,10,1,10,-9.14512922465213,https://niacouncil.org/niac-press-release-reports-of-possible-u-s-nuclear-use-against-iran-demand-immediate-answers/,0.45,0.9572564612326065,0.6529025844930427,6.529025844930427
1319074467,20260820,GOV,,IRN,IRN,43,43,4,1,2.8,2,1,2,-3.40775558166862,https://peakoil.com/publicpolicy/uae-halts-all-trade-and-financial-dealings-with-iran,0.36,0.6703877790834311,0.48415511163337244,0.9683102232667449
1319074468,20260820,GOV,,IRN,IRN,101,101,10,3,-5.0,1,1,1,-4.94186046511628,https://niacouncil.org/niac-press-release-niac-uncovers-ice-tel-aviv-role-in-iranian-deportations/,0.75,0.747093023255814,0.7488372093023256,0.7488372093023256
1319074469,20260820,GOV,,IRN,IRN,101,101,10,3,-5.0,1,1,1,-4.94186046511628,https://niacouncil.org/niac-press-release-niac-uncovers-ice-tel-aviv-role-in-iranian-deportations/,0.75,0.747093023255814,0.7488372093023256,0.7488372093023256
1319074523,20260820,IRN,IRN,,,13,13,1,1,0.4,24,4,24,-4.40511015296602,https://niacouncil.org/iranian-parliament-advances-bill-that-could-sharply-restrict-foreign-contacts/,0.48,0.720255507648301,0.5761022030593204,13.826452873423689
1319074524,20260820,IRN,IRN,,,46,46,4,1,7.0,13,3,13,-3.0139320324718,https://www.israelnationalnews.com/news/431958,0.15,0.65069660162359,0.35027864064943603,4.5536223284426685
1319074525,20260820,IRN,IRN,,,51,51,5,1,3.4,43,9,43,-4.51936481995921,https://peakoil.com/publicpolicy/uae-halts-all-trade-and-financial-dealings-with-iran,0.32999999999999996,0.7259682409979605,0.4883872963991842,21.00065374516492
1319074526,20260820,IRN,IRN,,,120,120,12,3,-4.0,10,1,10,-9.14512922465213,https://niacouncil.org/niac-press-release-reports-of-possible-u-s-nuclear-use-against-iran-demand-immediate-answers/,0.7,0.9572564612326065,0.8029025844930426,8.029025844930427
1319074527,20260820,IRN,IRN,GOV,,40,40,4,1,1.0,10,1,10,-9.14512922465213,https://niacouncil.org/niac-press-release-reports-of-possible-u-s-nuclear-use-against-iran-demand-immediate-answers/,0.45,0.9572564612326065,0.6529025844930427,6.529025844930427
1319074528,20260820,IRN,IRN,GOV,,42,42,4,1,1.9,2,1,2,-3.40775558166862,https://peakoil.com/publicpolicy/uae-halts-all-trade-and-financial-dealings-with-iran,0.40499999999999997,0.6703877790834311,0.5111551116333723,1.0223102232667447
1319074529,20260820,IRN,IRN,IRNGOV,IRN,13,13,1,1,0.4,8,1,8,-3.28330206378986,https://niacouncil.org/iranian-parliament-advances-bill-that-could-sharply-restrict-foreign-contacts/,0.48,0.664165103189493,0.5536660412757972,4.429328330206378
1319074530,20260820,IRN,IRN,LEG,,101,101,10,3,-5.0,10,1,10,-9.14512922465213,https://niacouncil.org/niac-press-release-reports-of-possible-u-s-nuclear-use-against-iran-demand-immediate-answers/,0.75,0.9572564612326065,0.8329025844930427,8.329025844930428
1319074531,20260820,IRN,IRN,OPP,,40,40,4,1,1.0,2,1,2,-4.94186046511628,https://niacouncil.org/niac-press-release-niac-uncovers-ice-tel-aviv-role-in-iranian-deportations/,0.45,0.747093023255814,0.5688372093023256,1.1376744186046512
1319074532,20260820,IRN,IRN,OPP,,40,40,4,1,1.0,8,1,8,-4.94186046511628,https://niacouncil.org/niac-press-release-niac-uncovers-ice-tel-aviv-role-in-iranian-deportations/,0.45,0.747093023255814,0.5688372093023256,4.550697674418605
1319074533,20260820,IRN,IRN,USA,USA,50,50,5,1,3.5,62,13,62,-3.99435100372813,https://www.israelnationalnews.com/news/431958,0.325,0.6997175501864066,0.4748870200745626,29.44299524462288
1319074534,20260820,IRN,IRN,USA,USA,50,50,5,1,3.5,2,2,2,-3.34754013670323,https://www.israelnationalnews.com/news/431958,0.325,0.6673770068351615,0.46195080273406464,0.9239016054681293
1319074535,20260820,IRN,IRN,USA,USA,120,120,12,3,-4.0,4,2,4,-6.25557665754464,https://www.israelnationalnews.com/news/431958,0.7,0.8127788328772321,0.7451115331508928,2.9804461326035714
1319074536,20260820,IRN,IRN,USA,USA,120,120,12,3,-4.0,2,1,2,-4.14878397711015,https://www.israelnationalnews.com/news/431958,0.7,0.7074391988555074,0.702975679542203,1.405951359084406
1319074537,20260820,IRNELI,IRN,BUS,,13,13,1,1,0.4,3,1,3,-3.40775558166862,https://peakoil.com/publicpolicy/uae-halts-all-trade-and-financial-dealings-with-iran,0.48,0.6703877790834311,0.5561551116333724,1.6684653349001173
1319074538,20260820,IRNGOV,IRN,USA,USA,20,20,2,1,3.0,2,1,2,-4.14878397711015,https://www.israelnationalnews.com/news/431958,0.35,0.7074391988555074,0.492975679542203,0.985951359084406
1319074539,20260820,IRNGOV,IRN,USA,USA,120,120,12,3,-4.0,6,1,6,-4.14878397711015,https://www.israelnationalnews.com/news/431958,0.7,0.7074391988555074,0.702975679542203,4.217854077253218
1319074744,20260820,OPP,,IRN,IRN,40,40,4,1,1.0,2,1,2,-4.94186046511628,https://niacouncil.org/niac-press-release-niac-uncovers-ice-tel-aviv-role-in-iranian-deportations/,0.45,0.747093023255814,0.5688372093023256,1.1376744186046512
1319074745,20260820,OPP,,IRN,IRN,40,40,4,1,1.0,8,1,8,-4.94186046511628,https://niacouncil.org/niac-press-release-niac-uncovers-ice-tel-aviv-role-in-iranian-deportations/,0.45,0.747093023255814,0.5688372093023256,4.550697674418605
1319074781,20260820,QAT,QAT,IRN,IRN,40,40,4,1,1.0,2,1,2,-4.94186046511628,https://niacouncil.org/niac-press-release-niac-uncovers-ice-tel-aviv-role-in-iranian-deportations/,0.45,0.747093023255814,0.5688372093023256,1.1376744186046512
1319074782,20260820,QAT,QAT,IRN,IRN,40,40,4,1,1.0,2,1,2,-4.94186046511628,https://niacouncil.org/niac-press-release-niac-uncovers-ice-tel-aviv-role-in-iranian-deportations/,0.45,0.747093023255814,0.5688372093023256,1.1376744186046512
1319074783,20260820,QAT,QAT,IRN,IRN,63,63,6,2,7.4,5,1,5,-4.94186046511628,https://niacouncil.org/niac-press-release-niac-uncovers-ice-tel-aviv-role-in-iranian-deportations/,0.12999999999999998,0.747093023255814,0.37683720930232556,1.8841860465116278
1319074784,20260820,QAT,QAT,IRN,IRN,63,63,6,2,7.4,2,1,2,-4.94186046511628,https://niacouncil.org/niac-press-release-niac-uncovers-ice-tel-aviv-role-in-iranian-deportations/,0.12999999999999998,0.747093023255814,0.37683720930232556,0.7536744186046511
1319074785,20260820,QAT,QAT,IRNGOV,IRN,40,40,4,1,1.0,3,1,3,-4.94186046511628,https://niacouncil.org/niac-press-release-niac-uncovers-ice-tel-aviv-role-in-iranian-deportations/,0.45,0.747093023255814,0.5688372093023256,1.706511627906977
1319074996,20260820,USA,USA,IRN,IRN,10,10,1,1,0.0,1,1,1,-4.14878397711015,https://www.israelnationalnews.com/news/431958,0.5,0.7074391988555074,0.582975679542203,0.582975679542203
1319074997,20260820,USA,USA,IRN,IRN,13,13,1,1,0.4,7,2,7,-2.94832223527875,https://peakoil.com/publicpolicy/uae-halts-all-trade-and-financial-dealings-with-iran,0.48,0.6474161117639375,0.546966444705575,3.828765112939025
1319074998,20260820,USA,USA,IRN,IRN,13,13,1,1,0.4,4,1,4,-3.40775558166862,https://peakoil.com/publicpolicy/uae-halts-all-trade-and-financial-dealings-with-iran,0.48,0.6703877790834311,0.5561551116333724,2.2246204465334896
1319074999,20260820,USA,USA,IRN,IRN,36,36,3,1,4.0,1,1,1,-3.31088664421997,https://niacouncil.org/after-months-of-war-neither-iran-nor-the-u-s-has-broken-the-others-leverage/,0.3,0.6655443322109985,0.4462177328843994,0.4462177328843994
1319075000,20260820,USA,USA,IRN,IRN,36,36,3,1,4.0,1,1,1,-3.31088664421997,https://niacouncil.org/after-months-of-war-neither-iran-nor-the-u-s-has-broken-the-others-leverage/,0.3,0.6655443322109985,0.4462177328843994,0.4462177328843994
1319075001,20260820,USA,USA,IRN,IRN,50,50,5,1,3.5,1,1,1,-3.31088664421997,https://niacouncil.org/after-months-of-war-neither-iran-nor-the-u-s-has-broken-the-others-leverage/,0.325,0.6655443322109985,0.46121773288439943,0.46121773288439943
1319075002,20260820,USA,USA,IRN,IRN,50,50,5,1,3.5,1,1,1,-3.31088664421997,https://niacouncil.org/after-months-of-war-neither-iran-nor-the-u-s-has-broken-the-others-leverage/,0.325,0.6655443322109985,0.46121773288439943,0.46121773288439943
1319075003,20260820,USA,USA,IRN,IRN,50,50,5,1,3.5,54,12,54,-3.3863248822057,https://www.israelnationalnews.com/news/431958,0.325,0.669316244110285,0.462726497644114,24.987230872782156
1319075004,20260820,USA,USA,IRN,IRN,50,50,5,1,3.5,3,3,3,-3.06132305409845,https://www.israelnationalnews.com/news/431958,0.325,0.6530661527049225,0.456226461081969,1.368679383245907
1319075005,20260820,USA,USA,IRN,IRN,130,130,13,3,-4.4,3,2,3,-6.49391138497655,https://www.thehindubusinessline.com/news/world/trump-warns-countries-supporting-iran-of-tremendous-economic-consequences/article71367580.ece,0.72,0.8246955692488275,0.7618782276995311,2.285634683098593
1319075006,20260820,USA,USA,IRN,IRN,130,130,13,3,-4.4,21,19,21,-5.31537810073803,https://www.thehindubusinessline.com/news/world/trump-warns-countries-supporting-iran-of-tremendous-economic-consequences/article71367580.ece,0.72,0.7657689050369015,0.7383075620147606,15.504458802309971
1319075007,20260820,USA,USA,IRN,IRN,130,130,13,3,-4.4,22,14,22,-5.85921790604911,https://www.thehindubusinessline.com/news/world/trump-warns-countries-supporting-iran-of-tremendous-economic-consequences/article71367580.ece,0.72,0.7929608953024555,0.7491843581209823,16.482055878661612
1319075970,20260820,IRN,IRN,IRNGOV,IRN,10,10,1,1,0.0,9,2,9,-2.58281100374336,https://yalibnan.com/2026/08/20/irans-ambassador-has-been-declared-persona-non-grata-should-leave-lebanon-when-his-visa-expires-foreign-minister-says/,0.5,0.629140550187168,0.5516562200748671,4.964905980673804
1319075971,20260820,IRN,IRN,IRNGOV,IRN,10,10,1,1,0.0,1,1,1,-0.59523809523809,https://yalibnan.com/2026/08/20/irans-ambassador-has-been-declared-persona-non-grata-should-leave-lebanon-when-his-visa-expires-foreign-minister-says/,0.5,0.5297619047619044,0.5119047619047618,0.5119047619047618
1319075972,20260820,IRN,IRN,USA,USA,20,20,2,1,3.0,2,1,2,-3.66748166259169,https://nypost.com/2026/08/19/us-news/trump-announces-economic-d-day-against-iran-most-crushing-economic-operation-ever-taken/,0.35,0.6833740831295845,0.4833496332518338,0.9666992665036676
1319075973,20260820,IRN,IRN,USA,USA,46,46,4,1,7.0,15,3,15,-3.67449959495995,https://nypost.com/2026/08/19/us-news/trump-announces-economic-d-day-against-iran-most-crushing-economic-operation-ever-taken/,0.15,0.6837249797479975,0.36348999189919906,5.452349878487986
1319076358,20260820,USA,USA,IRN,IRN,46,46,4,1,7.0,8,1,8,-3.66748166259169,https://nypost.com/2026/08/19/us-news/trump-announces-economic-d-day-against-iran-most-crushing-economic-operation-ever-taken/,0.15,0.6833740831295845,0.3633496332518338,2.9067970660146702
1319076359,20260820,USA,USA,IRN,IRN,46,46,4,1,7.0,7,3,7,-3.67449959495995,https://nypost.com/2026/08/19/us-news/trump-announces-economic-d-day-against-iran-most-crushing-economic-operation-ever-taken/,0.15,0.6837249797479975,0.36348999189919906,2.5444299432943933
1319076415,20260820,USAGOV,USA,IRN,IRN,186,186,18,4,-10.0,4,2,4,-9.09874643854677,https://yalibnan.com/2026/08/20/trump-announces-economic-warfare-on-iran-threatens-tremendous-consequences-for-its-backers/,1.0,0.9549373219273385,0.9819749287709354,3.9278997150837416
1319076416,20260820,USAGOV,USA,IRNGOV,IRN,186,186,18,4,-10.0,2,1,2,-9.69976905311782,https://yalibnan.com/2026/08/20/trump-announces-economic-warfare-on-iran-threatens-tremendous-consequences-for-its-backers/,1.0,0.984988452655891,0.9939953810623564,1.9879907621247128
1319077283,20260820,GOV,,IRN,IRN,331,33,3,1,5.2,28,4,28,-3.8904236221232,https://timesofindia.indiatimes.com/india/latest-india-world-news-live-updates-today-breaking-news-20-august-2026/liveblog/133361577.cms,0.24,0.69452118110616,0.421808472442464,11.810637228388991
1319077284,20260820,GOV,,IRN,IRN,163,163,16,4,-8.0,24,4,24,-1.77070039871487,https://www.prokerala.com/news/articles/a1802437.html,0.9,0.5885350199357435,0.7754140079742975,18.60993619138314
1319077334,20260820,IRN,IRN,AFR,AFR,128,128,12,3,-5.0,10,1,10,-4.45544554455445,https://cajnewsafrica.com/2026/08/20/irans-oil-revenues-defy-war/,0.75,0.7227722772277225,0.739108910891089,7.39108910891089
1319077335,20260820,IRN,IRN,GOV,,163,163,16,4,-8.0,13,6,13,-4.03857301578493,https://www.prokerala.com/news/articles/a1802437.html,0.9,0.7019286507892465,0.8207714603156986,10.670028984104082
1319077336,20260820,IRN,IRN,GOV,,163,163,16,4,-8.0,8,4,8,-1.77070039871487,https://www.prokerala.com/news/articles/a1802437.html,0.9,0.5885350199357435,0.7754140079742975,6.20331206379438
1319077337,20260820,IRN,IRN,MED,,10,10,1,1,0.0,22,13,22,-4.52577489717414,https://www.al-monitor.com/originals/2026/08/trump-vows-tremendous-economic-costs-iran-partners,0.5,0.726288744858707,0.5905154979434828,12.991340954756621
1319077338,20260820,IRN,IRN,MED,,10,10,1,1,0.0,20,6,20,-6.11505589544045,https://www.manilatimes.net/2026/08/20/world/americas-emea/trump-vows-tremendous-economic-costs-on-iran-partners/2408880,0.5,0.8057527947720224,0.6223011179088089,12.44602235817618
1319077339,20260820,IRN,IRN,USAGOV,USA,20,20,2,1,3.0,11,4,11,-3.75479788385671,https://www.prokerala.com/news/articles/a1802437.html,0.35,0.6877398941928355,0.4850959576771342,5.336055534448477
1319077340,20260820,IRN,IRN,USAGOV,USA,20,20,2,1,3.0,10,4,10,-2.78268053755113,https://www.prokerala.com/news/articles/a1802437.html,0.35,0.6391340268775565,0.46565361075102263,4.6565361075102265
1319077399,20260820,KENGOV,KEN,IRN,IRN,331,33,3,1,5.2,1,1,1,-4.22535211267605,https://timesofindia.indiatimes.com/india/latest-india-world-news-live-updates-today-breaking-news-20-august-2026/liveblog/133361577.cms,0.24,0.7112676056338024,0.428507042253521,0.428507042253521
1319077672,20260820,USA,USA,IRN,IRN,20,20,2,1,3.0,21,6,21,-2.18568691756234,https://www.prokerala.com/news/articles/a1802437.html,0.35,0.609284345878117,0.4537137383512468,9.527988505376182
1319077706,20260820,USAGOV,USA,IRN,IRN,20,20,2,1,3.0,8,4,8,-1.77070039871487,https://www.prokerala.com/news/articles/a1802437.html,0.35,0.5885350199357435,0.4454140079742974,3.5633120637943794
1319078429,20260820,IRN,IRN,,,16,16,1,1,-2.0,40,4,40,-5.72871899756641,https://news.antiwar.com/2026/08/19/trump-says-hes-launching-the-most-crushing-economic-operation-ever-against-iran/,0.6,0.7864359498783206,0.6745743799513282,26.982975198053126
1319078430,20260820,IRN,IRN,USA,USA,36,36,3,1,4.0,4,1,4,-1.17994100294986,https://www.capeandislands.org/2026-08-19/more-than-1-000-afghan-refugees-have-been-stuck-at-a-camp-in-qatar-since-2021,0.3,0.558997050147493,0.4035988200589972,1.6143952802359889
1319078431,20260820,IRN,IRN,USA,USA,163,163,16,4,-8.0,2,1,2,-6.91964285714285,https://www.upi.com/Top_News/US/2026/08/19/Trump-declares-economic-warfare/5431787187634/,0.9,0.8459821428571426,0.8783928571428571,1.7567857142857142
1319078432,20260820,IRN,IRN,USA,USA,163,163,16,4,-8.0,2,1,2,-6.91964285714285,https://www.upi.com/Top_News/US/2026/08/19/Trump-declares-economic-warfare/5431787187634/,0.9,0.8459821428571426,0.8783928571428571,1.7567857142857142
1319078433,20260820,IRN,IRN,USAGOV,USA,10,10,1,1,0.0,4,1,4,-6.91964285714285,https://www.upi.com/Top_News/US/2026/08/19/Trump-declares-economic-warfare/5431787187634/,0.5,0.8459821428571426,0.638392857142857,2.553571428571428
1319078434,20260820,IRN,IRN,USAGOV,USA,42,42,4,1,1.9,4,2,4,-8.44984138865125,https://www.upi.com/Top_News/US/2026/08/19/Trump-declares-economic-warfare/5431787187634/,0.40499999999999997,0.9224920694325626,0.611996827773025,2.4479873110921
1319078435,20260820,IRN,IRN,USAGOV,USA,42,42,4,1,1.9,1,1,1,-6.91964285714285,https://www.upi.com/Top_News/US/2026/08/19/Trump-declares-economic-warfare/5431787187634/,0.40499999999999997,0.8459821428571426,0.581392857142857,0.581392857142857
1319078436,20260820,IRN,IRN,USAGOV,USA,50,50,5,1,3.5,1,1,1,-6.91964285714285,https://www.upi.com/Top_News/US/2026/08/19/Trump-declares-economic-warfare/5431787187634/,0.325,0.8459821428571426,0.533392857142857,0.533392857142857
1319078437,20260820,IRN,IRN,USAGOV,USA,50,50,5,1,3.5,1,1,1,-6.91964285714285,https://www.upi.com/Top_News/US/2026/08/19/Trump-declares-economic-warfare/5431787187634/,0.325,0.8459821428571426,0.533392857142857,0.533392857142857
1319078438,20260820,IRNLEG,IRN,IRQGOV,IRQ,40,40,4,1,1.0,2,1,2,-5.49618320610687,https://www.rte.ie/news/middle-east/2026/0820/1588589-iran-us-trump/,0.45,0.7748091603053435,0.5799236641221375,1.159847328244275
1319078439,20260820,IRQGOV,IRQ,IRNLEG,IRN,40,40,4,1,1.0,2,1,2,-5.49618320610687,https://www.rte.ie/news/middle-east/2026/0820/1588589-iran-us-trump/,0.45,0.7748091603053435,0.5799236641221375,1.159847328244275
1319078689,20260820,USAGOV,USA,IRN,IRN,43,43,4,1,2.8,4,2,4,-8.44984138865125,https://www.upi.com/Top_News/US/2026/08/19/Trump-declares-economic-warfare/5431787187634/,0.36,0.9224920694325626,0.5849968277730251,2.3399873110921003
1319078690,20260820,USAGOV,USA,IRN,IRN,43,43,4,1,2.8,1,1,1,-6.91964285714285,https://www.upi.com/Top_News/US/2026/08/19/Trump-declares-economic-warfare/5431787187634/,0.36,0.8459821428571426,0.554392857142857,0.554392857142857
1319079196,20260820,,,IRN,IRN,62,62,6,2,7.4,2,1,2,-4.82233502538072,https://nationalenquirer.com/ice-quietly-deported-over-100-iranians-to-iran-amid-rising-war-tensions-report-says/,0.12999999999999998,0.741116751269036,0.3744467005076144,0.7488934010152288
1319079263,20260820,ARE,ARE,IRN,IRN,46,46,4,1,7.0,11,5,11,-4.15445542766015,https://www.straitstimes.com/world/middle-east/trump-warns-of-economic-consequences-for-any-country-that-supports-iran,0.15,0.7077227713830074,0.373089108553203,4.103980194085233
1319079264,20260820,ARE,ARE,IRN,IRN,46,46,4,1,7.0,7,3,7,-4.31196237360192,https://www.straitstimes.com/world/middle-east/trump-warns-of-economic-consequences-for-any-country-that-supports-iran,0.15,0.715598118680096,0.3762392474720384,2.633674732304269
1319079265,20260820,ARE,ARE,IRN,IRN,130,130,13,3,-4.4,24,6,24,-4.64637723472134,https://www.straitstimes.com/world/middle-east/trump-warns-of-economic-consequences-for-any-country-that-supports-iran,0.72,0.732318861736067,0.7249275446944268,17.398261072666244
1319079608,20260820,GOV,,IRN,IRN,40,40,4,1,1.0,24,6,24,-4.14951182188954,https://www.straitstimes.com/world/middle-east/trump-warns-of-economic-consequences-for-any-country-that-supports-iran,0.45,0.707475591094477,0.5529902364377908,13.271765674506979
1319079609,20260820,GOV,,IRN,IRN,40,40,4,1,1.0,86,11,86,-4.1554764476481,https://www.straitstimes.com/world/middle-east/trump-warns-of-economic-consequences-for-any-country-that-supports-iran,0.45,0.707773822382405,0.5531095289529621,47.56741948995474
1319079659,20260820,GOVMIL,,IRN,IRN,10,10,1,1,0.0,48,10,48,-4.12382663913851,https://www.straitstimes.com/world/middle-east/trump-warns-of-economic-consequences-for-any-country-that-supports-iran,0.5,0.7061913319569255,0.5824765327827702,27.958873573572973
1319079660,20260820,GOVMIL,,IRN,IRN,190,190,19,4,-10.0,49,10,49,-4.12382663913851,https://www.straitstimes.com/world/middle-east/trump-warns-of-economic-consequences-for-any-country-that-supports-iran,1.0,0.7061913319569255,0.8824765327827702,43.24135010635574
1319079661,20260820,GOVMIL,,IRN,IRN,194,194,19,4,-10.0,49,10,49,-4.12382663913851,https://www.straitstimes.com/world/middle-east/trump-warns-of-economic-consequences-for-any-country-that-supports-iran,1.0,0.7061913319569255,0.8824765327827702,43.24135010635574
1319079695,20260820,IRN,IRN,,,80,80,8,2,5.0,5,1,5,-0.95693779904306,https://hotair.com/john-s-2/2026/08/19/ny-times-us-navy-is-getting-oil-through-the-strait-of-hormuz-n3818166,0.25,0.5478468899521529,0.3691387559808612,1.845693779904306
1319079696,20260820,IRN,IRN,,,111,111,11,3,-2.0,77,11,77,-8.97189945328953,https://www.businesstoday.in/world/story/iran-will-never-have-a-nuclear-weapon-trump-launches-most-severe-economic-campaign-against-tehran-550209-2026-08-20,0.6,0.9485949726644766,0.7394379890657906,56.936725158065876
1319079697,20260820,IRN,IRN,,,160,160,16,4,-4.0,14,3,14,-2.04593780984901,http://www.agri-pulse.com/media/podcasts/21700-agri-pulse-drivetime/play/17546-agri-pulse-drivetime-august-19-2026,0.7,0.6022968904924505,0.6609187561969803,9.252862586757724
1319079698,20260820,IRN,IRN,ARE,ARE,46,46,4,1,7.0,11,5,11,-4.15445542766015,https://www.straitstimes.com/world/middle-east/trump-warns-of-economic-consequences-for-any-country-that-supports-iran,0.15,0.7077227713830074,0.373089108553203,4.103980194085233
1319079699,20260820,IRN,IRN,ARE,ARE,46,46,4,1,7.0,7,3,7,-4.31196237360192,https://www.straitstimes.com/world/middle-east/trump-warns-of-economic-consequences-for-any-country-that-supports-iran,0.15,0.715598118680096,0.3762392474720384,2.633674732304269
1319079700,20260820,IRN,IRN,DOM,DOM,163,163,16,4,-8.0,5,1,5,-7.14285714285714,https://dominicanrepublicpost.com/iran-war-live-trump-announces-most-crushing-iran-sanctions/,0.9,0.857142857142857,0.8828571428571428,4.414285714285714
1319079701,20260820,IRN,IRN,IRNMOS,IRN,46,46,4,1,7.0,36,9,36,-5.30955416295237,https://www.illawarramercury.com.au/story/9333874/trump-vows-crushing-economic-operation-against-iran/,0.15,0.7654777081476185,0.3961910832590474,14.262878997325707
1319079702,20260820,IRN,IRN,IRQGOV,IRQ,46,46,4,1,7.0,1,1,1,3.52941176470588,https://www.iraq-businessnews.com/2026/08/20/iraq-iran-trade-ties-under-discussion/,0.15,0.32352941176470595,0.2194117647058824,0.2194117647058824
1319079703,20260820,IRN,IRN,MED,,10,10,1,1,0.0,2,1,2,-6.18374558303887,https://www.straitstimes.com/world/united-states/trump-threatens-economic-punishment-on-any-country-helping-iran,0.5,0.8091872791519436,0.6236749116607774,1.2473498233215548
1319079704,20260820,IRN,IRN,MIL,,191,191,19,4,-9.5,16,8,16,-5.42130038137336,https://www.illawarramercury.com.au/story/9333874/trump-vows-crushing-economic-operation-against-iran/,0.975,0.771065019068668,0.8934260076274672,14.294816122039474
1319079705,20260820,IRN,IRN,OMN,OMN,194,194,19,4,-10.0,2,1,2,-0.95693779904306,https://hotair.com/john-s-2/2026/08/19/ny-times-us-navy-is-getting-oil-through-the-strait-of-hormuz-n3818166,1.0,0.5478468899521529,0.8191387559808612,1.6382775119617223
1319079706,20260820,IRN,IRN,OMN,OMN,194,194,19,4,-10.0,8,1,8,-0.95693779904306,https://hotair.com/john-s-2/2026/08/19/ny-times-us-navy-is-getting-oil-through-the-strait-of-hormuz-n3818166,1.0,0.5478468899521529,0.8191387559808612,6.553110047846889
1319079707,20260820,IRN,IRN,USAGOVLEG,USA,10,10,1,1,0.0,32,8,32,-5.42130038137336,https://www.illawarramercury.com.au/story/9333874/trump-vows-crushing-economic-operation-against-iran/,0.5,0.771065019068668,0.6084260076274672,19.46963224407895
1319079708,20260820,IRNCVL,IRN,IRN,IRN,62,62,6,2,7.4,1,1,1,-4.82233502538072,https://nationalenquirer.com/ice-quietly-deported-over-100-iranians-to-iran-amid-rising-war-tensions-report-says/,0.12999999999999998,0.741116751269036,0.3744467005076144,0.3744467005076144
1319079709,20260820,IRNCVL,IRN,IRN,IRN,62,62,6,2,7.4,2,1,2,-4.82233502538072,https://nationalenquirer.com/ice-quietly-deported-over-100-iranians-to-iran-amid-rising-war-tensions-report-says/,0.12999999999999998,0.741116751269036,0.3744467005076144,0.7488934010152288
1319079710,20260820,IRNGOV,IRN,LEG,,10,10,1,1,0.0,4,1,4,-9.60264900662249,https://us.cnn.com/2026/08/19/politics/us-casualties-iran-war-more-than-750,0.5,0.9801324503311246,0.6920529801324499,2.7682119205297995
1319079711,20260820,IRNGOV,IRN,LEG,,13,13,1,1,0.4,4,1,4,-9.60264900662249,https://us.cnn.com/2026/08/19/politics/us-casualties-iran-war-more-than-750,0.48,0.9801324503311246,0.6800529801324499,2.7202119205297994
1319079712,20260820,IRNMED,IRN,,,110,110,11,3,-2.0,100,9,52,-5.9060275921903,https://www.illawarramercury.com.au/story/9333874/trump-vows-crushing-economic-operation-against-iran/,0.6,0.795301379609515,0.678120551843806,67.8120551843806
1319079713,20260820,IRNMED,IRN,IRN,IRN,110,110,11,3,-2.0,64,8,32,-5.42130038137336,https://www.illawarramercury.com.au/story/9333874/trump-vows-crushing-economic-operation-against-iran/,0.6,0.771065019068668,0.6684260076274672,42.7792644881579
1319079721,20260820,IRQGOV,IRQ,IRN,IRN,46,46,4,1,7.0,1,1,1,3.52941176470588,https://www.iraq-businessnews.com/2026/08/20/iraq-iran-trade-ties-under-discussion/,0.15,0.32352941176470595,0.2194117647058824,0.2194117647058824
1319079811,20260820,KOR,KOR,IRN,IRN,30,30,3,1,4.0,4,2,4,1.64094020017812,https://www.koreatimes.co.kr/southkorea/defense/20260820/lee-says-respects-trumps-decision-to-promote-dialogue-with-nk-through-scaled-back-military-exercises,0.3,0.417952989991094,0.3471811959964376,1.3887247839857504
1319079993,20260820,QAT,QAT,IRN,IRN,62,62,6,2,7.4,2,1,2,-4.82233502538072,https://nationalenquirer.com/ice-quietly-deported-over-100-iranians-to-iran-amid-rising-war-tensions-report-says/,0.12999999999999998,0.741116751269036,0.3744467005076144,0.7488934010152288
1319079994,20260820,QAT,QAT,IRN,IRN,62,62,6,2,7.4,3,1,3,-4.82233502538072,https://nationalenquirer.com/ice-quietly-deported-over-100-iranians-to-iran-amid-rising-war-tensions-report-says/,0.12999999999999998,0.741116751269036,0.3744467005076144,1.1233401015228432
1319080147,20260820,USA,USA,IRN,IRN,30,30,3,1,4.0,4,3,4,-0.645788449209585,https://www.koreatimes.co.kr/southkorea/defense/20260820/lee-says-respects-trumps-decision-to-promote-dialogue-with-nk-through-scaled-back-military-exercises,0.3,0.5322894224604793,0.3929157689841917,1.571663075936767
1319081072,20260820,IRN,IRN,BUS,,130,130,13,3,-4.4,5,1,5,-1.35135135135135,https://www.livemint.com/news/us-news/trump-announces-crushing-economic-operation-against-iran-warns-consequences-for-countries-doing-business-with-tehran-11787185018696.html,0.72,0.5675675675675675,0.6590270270270271,3.2951351351351352
1319081073,20260820,IRN,IRN,DEU,DEU,10,10,1,1,0.0,2,1,2,-4.60147904683649,https://spectator.org/iran-hitler-and-the-lessons-of-munich/,0.5,0.7300739523418245,0.5920295809367297,1.1840591618734595
1319081074,20260820,IRNGOV,IRN,DEU,DEU,10,10,1,1,0.0,2,1,2,-4.60147904683649,https://spectator.org/iran-hitler-and-the-lessons-of-munich/,0.5,0.7300739523418245,0.5920295809367297,1.1840591618734595
1319081075,20260820,IRNGOV,IRN,FRA,FRA,10,10,1,1,0.0,4,1,4,-4.60147904683649,https://spectator.org/iran-hitler-and-the-lessons-of-munich/,0.5,0.7300739523418245,0.5920295809367297,2.368118323746919
1319081076,20260820,IRNGOV,IRN,FRA,FRA,10,10,1,1,0.0,2,1,2,-4.60147904683649,https://spectator.org/iran-hitler-and-the-lessons-of-munich/,0.5,0.7300739523418245,0.5920295809367297,1.1840591618734595
1319081077,20260820,IRNGOV,IRN,GBR,GBR,10,10,1,1,0.0,6,1,6,-4.60147904683649,https://spectator.org/iran-hitler-and-the-lessons-of-munich/,0.5,0.7300739523418245,0.5920295809367297,3.5521774856203785
1319081219,20260820,PAK,PAK,IRN,IRN,45,45,4,1,5.0,1,1,1,-4.60147904683649,https://spectator.org/iran-hitler-and-the-lessons-of-munich/,0.25,0.7300739523418245,0.44202958093672984,0.44202958093672984
1319081220,20260820,PAK,PAK,IRN,IRN,45,45,4,1,5.0,4,1,4,-4.60147904683649,https://spectator.org/iran-hitler-and-the-lessons-of-munich/,0.25,0.7300739523418245,0.44202958093672984,1.7681183237469194
1319081866,20260820,,,IRN,IRN,130,130,13,3,-4.4,6,2,6,-5.39788920940356,https://www.business-standard.com/world-news/trump-declares-economic-d-day-on-iran-warns-those-helping-tehran-will-pa-126082000100_1.html,0.72,0.7698944604701781,0.7399577841880712,4.439746705128427
1319082336,20260820,IRN,IRN,GRD,GRD,163,163,16,4,-8.0,5,1,5,-7.2463768115942,https://grenadachronicle.com/iran-war-live-trump-announces-most-crushing-iran-sanctions/,0.9,0.86231884057971,0.884927536231884,4.42463768115942
1319082337,20260820,IRN,IRN,KOR,KOR,160,160,16,4,-4.0,19,5,19,-1.3731513097446,https://www.asiaone.com/asia/north-korea-shrugs-trumps-scaled-back-drills-south-korea-saying-it-changes-nothing,0.7,0.56865756548723,0.6474630261948919,12.301797497702946
1319082338,20260820,IRN,IRN,MIL,,40,40,4,1,1.0,5,1,5,2.41935483870968,https://dunyanews.tv/en/Pakistan/968781-iranian-fm-pakistani-field-marshal-discuss-regional-developments,0.45,0.379032258064516,0.42161290322580647,2.1080645161290326
1319082339,20260820,IRN,IRN,MIL,,40,40,4,1,1.0,3,1,3,2.41935483870968,https://dunyanews.tv/en/Pakistan/968781-iranian-fm-pakistani-field-marshal-discuss-regional-developments,0.45,0.379032258064516,0.42161290322580647,1.2648387096774194
1319082340,20260820,IRN,IRN,PAK,PAK,40,40,4,1,1.0,1,1,1,2.41935483870968,https://dunyanews.tv/en/Pakistan/968781-iranian-fm-pakistani-field-marshal-discuss-regional-developments,0.45,0.379032258064516,0.42161290322580647,0.42161290322580647
1319082341,20260820,IRN,IRN,PAK,PAK,40,40,4,1,1.0,1,1,1,2.41935483870968,https://dunyanews.tv/en/Pakistan/968781-iranian-fm-pakistani-field-marshal-discuss-regional-developments,0.45,0.379032258064516,0.42161290322580647,0.42161290322580647
1319082342,20260820,IRN,IRN,PAKMIL,PAK,40,40,4,1,1.0,5,1,5,2.41935483870968,https://dunyanews.tv/en/Pakistan/968781-iranian-fm-pakistani-field-marshal-discuss-regional-developments,0.45,0.379032258064516,0.42161290322580647,2.1080645161290326
1319082343,20260820,IRN,IRN,SAU,SAU,190,190,19,4,-10.0,40,4,40,-6.83260023250442,https://economictimes.indiatimes.com/news/international/world-news/iran-goes-on-offensive-as-diplomacy-with-us-stalls/articleshow/133362291.cms,1.0,0.8416300116252209,0.9366520046500884,37.46608018600354
1319082344,20260820,IRN,IRN,SAU,SAU,190,190,19,4,-10.0,6,2,6,-6.64676034348166,https://www.thedailystar.net/news/world/news/iran-goes-offensive-diplomacy-us-stalls-4252231,1.0,0.832338017174083,0.9329352068696332,5.597611241217799
1319082345,20260820,IRN,IRN,SAU,SAU,190,190,19,4,-10.0,2,1,2,-6.71378091872792,https://economictimes.indiatimes.com/news/international/world-news/iran-goes-on-offensive-as-diplomacy-with-us-stalls/articleshow/133362291.cms,1.0,0.835689045936396,0.9342756183745584,1.8685512367491168
1319082346,20260820,IRN,IRN,USA,USA,190,190,19,4,-10.0,32,3,32,-7.04864198896605,https://www.thedailystar.net/news/world/news/iran-goes-offensive-diplomacy-us-stalls-4252231,1.0,0.8524320994483026,0.940972839779321,30.111130872938272
1319082347,20260820,IRNMED,IRN,IRNGOV,IRN,112,112,11,3,-2.0,2,1,2,-1.81268882175227,https://www.breitbart.com/clips/2026/08/19/kinzinger-trump-is-not-taking-iran-conflict-seriously/,0.6,0.5906344410876134,0.5962537764350454,1.1925075528700908
1319082428,20260820,KOR,KOR,IRN,IRN,20,20,2,1,3.0,18,6,18,-1.41437723492349,http://www.reflector.com/news/national/north-korea-shrugs-off-trumps-scaled-back-drills-with-south-korea-saying-it-changes-nothing/article_f8bd3086-423f-53f6-8c59-458aa0e7f798.html,0.35,0.5707188617461745,0.43828754469846976,7.889175804572456
1319082429,20260820,KOR,KOR,IRN,IRN,30,30,3,1,4.0,19,6,19,-1.41437723492349,http://www.reflector.com/news/national/north-korea-shrugs-off-trumps-scaled-back-drills-with-south-korea-saying-it-changes-nothing/article_f8bd3086-423f-53f6-8c59-458aa0e7f798.html,0.3,0.5707188617461745,0.4082875446984698,7.7574633492709255
1319082430,20260820,KOR,KOR,IRN,IRN,51,51,5,1,3.4,19,6,19,-1.41437723492349,http://www.reflector.com/news/national/north-korea-shrugs-off-trumps-scaled-back-drills-with-south-korea-saying-it-changes-nothing/article_f8bd3086-423f-53f6-8c59-458aa0e7f798.html,0.32999999999999996,0.5707188617461745,0.42628754469846974,8.099463349270925
1319082460,20260820,LEG,,IRN,IRN,10,10,1,1,0.0,19,4,19,-0.793650793650792,https://www.live5news.com/2026/08/20/sc-delegation-talks-debt-iran-political-futures/,0.5,0.5396825396825397,0.5158730158730158,9.8015873015873
1319082500,20260820,MIL,,IRN,IRN,40,40,4,1,1.0,1,1,1,2.41935483870968,https://dunyanews.tv/en/Pakistan/968781-iranian-fm-pakistani-field-marshal-discuss-regional-developments,0.45,0.379032258064516,0.42161290322580647,0.42161290322580647
1319082501,20260820,MIL,,IRN,IRN,40,40,4,1,1.0,7,1,7,2.41935483870968,https://dunyanews.tv/en/Pakistan/968781-iranian-fm-pakistani-field-marshal-discuss-regional-developments,0.45,0.379032258064516,0.42161290322580647,2.951290322580645
1319082552,20260820,PAK,PAK,IRN,IRN,40,40,4,1,1.0,1,1,1,2.41935483870968,https://dunyanews.tv/en/Pakistan/968781-iranian-fm-pakistani-field-marshal-discuss-regional-developments,0.45,0.379032258064516,0.42161290322580647,0.42161290322580647
1319082553,20260820,PAK,PAK,IRN,IRN,40,40,4,1,1.0,8,2,8,-0.0515838419064198,https://dunyanews.tv/en/Pakistan/968781-iranian-fm-pakistani-field-marshal-discuss-regional-developments,0.45,0.502579192095321,0.4710316768381284,3.7682534147050273
1319082556,20260820,PAKMIL,PAK,IRN,IRN,40,40,4,1,1.0,3,1,3,2.41935483870968,https://dunyanews.tv/en/Pakistan/968781-iranian-fm-pakistani-field-marshal-discuss-regional-developments,0.45,0.379032258064516,0.42161290322580647,1.2648387096774194
1319082557,20260820,PAKMIL,PAK,IRN,IRN,40,40,4,1,1.0,2,1,2,2.41935483870968,https://dunyanews.tv/en/Pakistan/968781-iranian-fm-pakistani-field-marshal-discuss-regional-developments,0.45,0.379032258064516,0.42161290322580647,0.8432258064516129
1319082564,20260820,PRK,PRK,IRN,IRN,30,30,3,1,4.0,3,3,3,-1.37671525434941,http://www.reflector.com/news/national/north-korea-shrugs-off-trumps-scaled-back-drills-with-south-korea-saying-it-changes-nothing/article_f8bd3086-423f-53f6-8c59-458aa0e7f798.html,0.3,0.5688357627174705,0.4075343050869882,1.2226029152609645
1319082565,20260820,PRK,PRK,IRN,IRN,30,30,3,1,4.0,3,3,3,-1.37671525434941,http://www.reflector.com/news/national/north-korea-shrugs-off-trumps-scaled-back-drills-with-south-korea-saying-it-changes-nothing/article_f8bd3086-423f-53f6-8c59-458aa0e7f798.html,0.3,0.5688357627174705,0.4075343050869882,1.2226029152609645
1319082566,20260820,PRK,PRK,IRN,IRN,51,51,5,1,3.4,2,2,2,-1.45132492735064,http://www.reflector.com/news/national/north-korea-shrugs-off-trumps-scaled-back-drills-with-south-korea-saying-it-changes-nothing/article_f8bd3086-423f-53f6-8c59-458aa0e7f798.html,0.32999999999999996,0.5725662463675321,0.4270264985470128,0.8540529970940256
1319082567,20260820,PRK,PRK,IRN,IRN,51,51,5,1,3.4,2,2,2,-1.45132492735064,http://www.reflector.com/news/national/north-korea-shrugs-off-trumps-scaled-back-drills-with-south-korea-saying-it-changes-nothing/article_f8bd3086-423f-53f6-8c59-458aa0e7f798.html,0.32999999999999996,0.5725662463675321,0.4270264985470128,0.8540529970940256
1319082626,20260820,SAU,SAU,IRN,IRN,190,190,19,4,-10.0,40,4,40,-6.83260023250442,https://economictimes.indiatimes.com/news/international/world-news/iran-goes-on-offensive-as-diplomacy-with-us-stalls/articleshow/133362291.cms,1.0,0.8416300116252209,0.9366520046500884,37.46608018600354
1319082627,20260820,SAU,SAU,IRN,IRN,190,190,19,4,-10.0,6,2,6,-6.64676034348166,https://www.thedailystar.net/news/world/news/iran-goes-offensive-diplomacy-us-stalls-4252231,1.0,0.832338017174083,0.9329352068696332,5.597611241217799
1319082628,20260820,SAU,SAU,IRN,IRN,190,190,19,4,-10.0,2,1,2,-6.71378091872792,https://economictimes.indiatimes.com/news/international/world-news/iran-goes-on-offensive-as-diplomacy-with-us-stalls/articleshow/133362291.cms,1.0,0.835689045936396,0.9342756183745584,1.8685512367491168
1319082824,20260820,USA,USA,IRN,IRN,10,10,1,1,0.0,4,2,4,0.0,https://www.live5news.com/2026/08/20/sc-delegation-talks-debt-iran-political-futures/,0.5,0.5,0.5,2.0
1319082825,20260820,USA,USA,IRN,IRN,10,10,1,1,0.0,33,30,33,-6.3294786657507,https://www.live5news.com/2026/08/20/sc-delegation-talks-debt-iran-political-futures/,0.5,0.8164739332875349,0.626589573315014,20.67745591939546
1319082826,20260820,USA,USA,IRN,IRN,100,100,10,3,-5.0,49,4,49,-6.89314453532128,https://economictimes.indiatimes.com/news/international/world-news/iran-goes-on-offensive-as-diplomacy-with-us-stalls/articleshow/133362291.cms,0.75,0.844657226766064,0.7878628907064256,38.605281644614855
1319082827,20260820,USA,USA,IRN,IRN,120,120,12,3,-4.0,101,16,101,-3.98162575478363,https://economictimes.indiatimes.com/news/international/world-news/iran-goes-on-offensive-as-diplomacy-with-us-stalls/articleshow/133362291.cms,0.7,0.6990812877391815,0.6996325150956726,70.66288402466293
1319082828,20260820,USA,USA,IRN,IRN,120,120,12,3,-4.0,38,15,38,-6.41178725326434,https://economictimes.indiatimes.com/news/international/world-news/iran-goes-on-offensive-as-diplomacy-with-us-stalls/articleshow/133362291.cms,0.7,0.820589362663217,0.7482357450652868,28.4329583124809
1319083660,20260820,IRN,IRN,MIL,,13,13,1,1,0.4,5,1,5,-3.40909090909091,https://gulfnews.com/world/americas/trump-says-us-has-draconian-sanctions-ready-for-iran-claims-hormuz-naval-blockade-100-successful-1.500646225,0.48,0.6704545454545455,0.5561818181818182,2.780909090909091
1319083788,20260820,PRK,PRK,IRN,IRN,30,30,3,1,4.0,1,1,1,-1.1844331641286,http://www.thegazette.com/news/world/north-korea-shrugs-off-trumps-scaled-back-drills-with-south-korea-saying-it-changes-nothing/article_57c4f5ec-14e9-5828-b05e-1050ae58f86e.html,0.3,0.55922165820643,0.403688663282572,0.403688663282572
1319083789,20260820,PRK,PRK,IRN,IRN,30,30,3,1,4.0,3,2,3,-1.56023005007776,https://www.hendersondispatch.com/archives/north-korea-shrugs-off-trumps-scaled-back-drills-with-south-korea-saying-it-changes-nothing/article_d9ffb8aa-e219-5288-b74d-fbcca151a707.html,0.3,0.578011502503888,0.4112046010015552,1.2336138030046655
1319083790,20260820,PRK,PRK,IRN,IRN,51,51,5,1,3.4,1,1,1,-1.1844331641286,http://www.thegazette.com/news/world/north-korea-shrugs-off-trumps-scaled-back-drills-with-south-korea-saying-it-changes-nothing/article_57c4f5ec-14e9-5828-b05e-1050ae58f86e.html,0.32999999999999996,0.55922165820643,0.421688663282572,0.421688663282572
1319083791,20260820,PRK,PRK,IRN,IRN,51,51,5,1,3.4,1,1,1,-1.1844331641286,http://www.thegazette.com/news/world/north-korea-shrugs-off-trumps-scaled-back-drills-with-south-korea-saying-it-changes-nothing/article_57c4f5ec-14e9-5828-b05e-1050ae58f86e.html,0.32999999999999996,0.55922165820643,0.421688663282572,0.421688663282572
1319083792,20260820,PRK,PRK,IRN,IRN,160,160,16,4,-4.0,1,1,1,-1.1844331641286,http://www.thegazette.com/news/world/north-korea-shrugs-off-trumps-scaled-back-drills-with-south-korea-saying-it-changes-nothing/article_57c4f5ec-14e9-5828-b05e-1050ae58f86e.html,0.7,0.55922165820643,0.643688663282572,0.643688663282572
1319083793,20260820,PRK,PRK,IRN,IRN,160,160,16,4,-4.0,2,2,2,-1.56023005007776,http://www.thegazette.com/news/world/north-korea-shrugs-off-trumps-scaled-back-drills-with-south-korea-saying-it-changes-nothing/article_57c4f5ec-14e9-5828-b05e-1050ae58f86e.html,0.7,0.578011502503888,0.6512046010015552,1.3024092020031104
1319083794,20260820,PRK,PRK,IRN,IRN,160,160,16,4,-4.0,1,1,1,-1.93602693602693,https://www.hendersondispatch.com/archives/north-korea-shrugs-off-trumps-scaled-back-drills-with-south-korea-saying-it-changes-nothing/article_d9ffb8aa-e219-5288-b74d-fbcca151a707.html,0.7,0.5968013468013466,0.6587205387205386,0.6587205387205386
1319084720,20260820,GBR,GBR,IRN,IRN,190,190,19,4,-10.0,1,1,1,-7.42496050552923,https://www.cubaheadlines.com/articles/338264,1.0,0.8712480252764614,0.9484992101105846,0.9484992101105846
1319084721,20260820,GBR,GBR,IRN,IRN,190,190,19,4,-10.0,1,1,1,-7.42496050552923,https://www.cubaheadlines.com/articles/338264,1.0,0.8712480252764614,0.9484992101105846,0.9484992101105846
1319084744,20260820,GBRMED,GBR,IRNGOV,IRN,190,190,19,4,-10.0,1,1,1,-7.42496050552923,https://www.cubaheadlines.com/articles/338264,1.0,0.8712480252764614,0.9484992101105846,0.9484992101105846
1319084745,20260820,GBRMED,GBR,IRNGOV,IRN,190,190,19,4,-10.0,2,1,2,-7.42496050552923,https://www.cubaheadlines.com/articles/338264,1.0,0.8712480252764614,0.9484992101105846,1.8969984202211692
1319084746,20260820,GBRMED,GBR,IRNGOV,IRN,190,190,19,4,-10.0,2,1,2,-7.42496050552923,https://www.cubaheadlines.com/articles/338264,1.0,0.8712480252764614,0.9484992101105846,1.8969984202211692
1319084859,20260820,IRN,IRN,,,10,10,1,1,0.0,6,3,6,-7.80625940758757,https://www.israelnationalnews.com/news/431962,0.5,0.8903129703793784,0.6561251881517514,3.936751128910508
1319084860,20260820,IRN,IRN,,,90,90,9,2,-2.0,48,6,48,-2.62796334576756,https://www.israelnationalnews.com/news/431962,0.6,0.6313981672883779,0.6125592669153512,29.40284481193686
1319084861,20260820,IRN,IRN,BUS,,130,130,13,3,-4.4,36,4,36,-5.87621525703488,https://www.cubaheadlines.com/articles/338264,0.72,0.7938107628517439,0.7495243051406976,26.982874985065113
1319084862,20260820,IRN,IRN,IRNGOV,IRN,16,16,1,1,-2.0,10,3,10,-6.03939231354281,https://www.cubaheadlines.com/articles/338264,0.6,0.8019696156771404,0.6807878462708562,6.807878462708562
1319084863,20260820,IRN,IRN,IRNGOV,IRN,16,16,1,1,-2.0,1,1,1,-7.42496050552923,https://www.cubaheadlines.com/articles/338264,0.6,0.8712480252764614,0.7084992101105846,0.7084992101105846
1319084864,20260820,IRN,IRN,IRNGOV,IRN,112,112,11,3,-2.0,442,2,442,-9.37877822673342,https://www.cubaheadlines.com/articles/338264,0.6,0.968938911336671,0.7475755645346684,330.4283995243235
1319084865,20260820,IRN,IRN,IRNGOV,IRN,112,112,11,3,-2.0,1,1,1,-7.42496050552923,https://www.cubaheadlines.com/articles/338264,0.6,0.8712480252764614,0.7084992101105846,0.7084992101105846
1319084866,20260820,IRNGOV,IRN,,,16,16,1,1,-2.0,11,3,11,-5.54737837860134,https://www.cubaheadlines.com/articles/338264,0.6,0.777368918930067,0.6709475675720268,7.380423243292294
1319084867,20260820,IRNGOV,IRN,,,112,112,11,3,-2.0,9,4,9,-6.26540772112801,https://www.cubaheadlines.com/articles/338264,0.6,0.8132703860564006,0.6853081544225602,6.167773389803042
1319084868,20260820,IRNGOV,IRN,BGRMIL,BGR,111,111,11,3,-2.0,3,1,3,-7.42496050552923,https://www.cubaheadlines.com/articles/338264,0.6,0.8712480252764614,0.7084992101105846,2.1254976303317537
1319084869,20260820,IRNGOV,IRN,BGRMIL,BGR,1384,138,13,3,-7.0,3,1,3,-7.42496050552923,https://www.cubaheadlines.com/articles/338264,0.85,0.8712480252764614,0.8584992101105846,2.575497630331754
1319084870,20260820,IRNGOV,IRN,CYP,CYP,111,111,11,3,-2.0,1,1,1,-7.42496050552923,https://www.cubaheadlines.com/articles/338264,0.6,0.8712480252764614,0.7084992101105846,0.7084992101105846
1319084871,20260820,IRNGOV,IRN,CYP,CYP,111,111,11,3,-2.0,2,1,2,-7.42496050552923,https://www.cubaheadlines.com/articles/338264,0.6,0.8712480252764614,0.7084992101105846,1.4169984202211692
1319084872,20260820,IRNGOV,IRN,CYP,CYP,1384,138,13,3,-7.0,1,1,1,-7.42496050552923,https://www.cubaheadlines.com/articles/338264,0.85,0.8712480252764614,0.8584992101105846,0.8584992101105846
1319084873,20260820,IRNGOV,IRN,CYP,CYP,1384,138,13,3,-7.0,2,1,2,-7.42496050552923,https://www.cubaheadlines.com/articles/338264,0.85,0.8712480252764614,0.8584992101105846,1.7169984202211692
1319084874,20260820,IRNMIL,IRN,MIL,,12,12,1,1,-0.4,2,1,2,-7.42496050552923,https://www.cubaheadlines.com/articles/338264,0.52,0.8712480252764614,0.6604992101105847,1.3209984202211693
1319084875,20260820,IRNMIL,IRN,MIL,,12,12,1,1,-0.4,6,1,6,-7.42496050552923,https://www.cubaheadlines.com/articles/338264,0.52,0.8712480252764614,0.6604992101105847,3.962995260663508
1319085212,20260820,USAGOV,USA,IRN,IRN,193,193,19,4,-10.0,6,1,6,-2.79955207166853,https://www.israelnationalnews.com/news/431962,1.0,0.6399776035834265,0.8559910414333706,5.135946248600224
1319085213,20260820,USAGOV,USA,IRN,IRN,193,193,19,4,-10.0,2,1,2,-2.79955207166853,https://www.israelnationalnews.com/news/431962,1.0,0.6399776035834265,0.8559910414333706,1.7119820828667411
1319085659,20260820,,,IRN,IRN,110,110,11,3,-2.0,1,1,1,-3.7514654161782,https://www.ynetnews.com/article/hyp600t7vfg,0.6,0.68757327080891,0.635029308323564,0.635029308323564
1319085660,20260820,,,IRN,IRN,112,112,11,3,-2.0,1,1,1,-3.7514654161782,https://www.ynetnews.com/article/hyp600t7vfg,0.6,0.68757327080891,0.635029308323564,0.635029308323564
1319085935,20260820,GOV,,IRN,IRN,36,36,3,1,4.0,8,1,8,-3.7514654161782,https://www.ynetnews.com/article/hyp600t7vfg,0.3,0.68757327080891,0.455029308323564,3.640234466588512
1319085936,20260820,GOV,,IRN,IRN,130,130,13,3,-4.4,2,1,2,-2.61682242990654,https://mymotherlode.com/news/world/11076274/ai-assisted-tool-helped-secure-satellite-communication-system-after-2022-russian-hacking.html,0.72,0.630841121495327,0.6843364485981308,1.3686728971962616
1319086031,20260820,IRN,IRN,,,111,111,11,3,-2.0,18,5,18,-6.67296347479068,https://www.ynetnews.com/article/hyp600t7vfg,0.6,0.833648173739534,0.6934592694958136,12.482266850924645
1319086032,20260820,IRN,IRN,,,112,112,11,3,-2.0,2,1,2,-3.7514654161782,https://www.ynetnews.com/article/hyp600t7vfg,0.6,0.68757327080891,0.635029308323564,1.270058616647128
1319086033,20260820,IRNGOV,IRN,IRN,IRN,110,110,11,3,-2.0,43,6,40,-6.57852959348297,https://www.ynetnews.com/article/hyp600t7vfg,0.6,0.8289264796741485,0.6915705918696594,29.737535450395356
1319086034,20260820,IRNGOV,IRN,IRN,IRN,110,110,11,3,-2.0,1,1,1,-3.7514654161782,https://www.ynetnews.com/article/hyp600t7vfg,0.6,0.68757327080891,0.635029308323564,0.635029308323564
1319086035,20260820,IRNGOV,IRN,USA,USA,12,12,1,1,-0.4,2,1,2,-2.12765957446808,https://krystal93.com/colorado-congressman-demands-answers-on-uss-abraham-lincoln-conditions-after-260-day-deployment/,0.52,0.606382978723404,0.5545531914893616,1.109106382978723
1319086036,20260820,IRNGOV,IRN,USA,USA,110,110,11,3,-2.0,2,1,2,-2.12765957446808,https://krystal93.com/colorado-congressman-demands-answers-on-uss-abraham-lincoln-conditions-after-260-day-deployment/,0.6,0.606382978723404,0.6025531914893616,1.2051063829787232
1319086186,20260820,QAT,QAT,IRN,IRN,112,112,11,3,-2.0,1,1,1,-3.7514654161782,https://www.ynetnews.com/article/hyp600t7vfg,0.6,0.68757327080891,0.635029308323564,0.635029308323564
1319086187,20260820,QAT,QAT,IRN,IRN,112,112,11,3,-2.0,2,1,2,-3.7514654161782,https://www.ynetnews.com/article/hyp600t7vfg,0.6,0.68757327080891,0.635029308323564,1.270058616647128
1319086188,20260820,QATGOV,QAT,IRN,IRN,36,36,3,1,4.0,2,1,2,-3.7514654161782,https://www.ynetnews.com/article/hyp600t7vfg,0.3,0.68757327080891,0.455029308323564,0.910058616647128
1319086303,20260820,USA,USA,IRN,IRN,101,101,10,3,-5.0,4,1,4,-2.12765957446808,https://krystal93.com/colorado-congressman-demands-answers-on-uss-abraham-lincoln-conditions-after-260-day-deployment/,0.75,0.606382978723404,0.6925531914893616,2.7702127659574463
1319086304,20260820,USA,USA,IRN,IRN,154,154,15,4,-7.2,4,1,4,-2.12765957446808,https://krystal93.com/colorado-congressman-demands-answers-on-uss-abraham-lincoln-conditions-after-260-day-deployment/,0.86,0.606382978723404,0.7585531914893616,3.0342127659574465
1319086327,20260820,USALEG,USA,IRN,IRN,154,154,15,4,-7.2,6,1,6,-2.12765957446808,https://krystal93.com/colorado-congressman-demands-answers-on-uss-abraham-lincoln-conditions-after-260-day-deployment/,0.86,0.606382978723404,0.7585531914893616,4.5513191489361695
1319087251,20260820,GOV,,IRN,IRN,138,138,13,3,-7.0,6,1,6,0.0,https://www.thewrap.com/creative-content/tv-shows/jimmy-fallon-reacts-trump-kim-jong-un-meet-up-plan/,0.85,0.5,0.71,4.26
1319087350,20260820,IRN,IRN,,,138,138,13,3,-7.0,1,1,1,-7.29166666666667,http://www.china.org.cn/2026-08/20/content_118656440.shtml,0.85,0.8645833333333336,0.8558333333333334,0.8558333333333334
1319087351,20260820,IRN,IRN,GOV,,130,130,13,3,-4.4,12,2,12,-8.21633216332163,https://www.wsws.org/en/articles/2026/08/20/jgvs-a20.html,0.72,0.9108166081660816,0.7963266432664327,9.555919719197192
1319087352,20260820,IRN,IRN,IRQ,IRQ,10,10,1,1,0.0,4,1,4,-2.08333333333333,https://en.apa.az/asia/us-has-not-released-any-of-irans-frozen-funds-central-bank-chief-520962,0.5,0.6041666666666665,0.5416666666666666,2.1666666666666665
1319087353,20260820,IRN,IRN,IRQ,IRQ,10,10,1,1,0.0,6,1,6,-2.08333333333333,https://en.apa.az/asia/us-has-not-released-any-of-irans-frozen-funds-central-bank-chief-520962,0.5,0.6041666666666665,0.5416666666666666,3.25
1319087354,20260820,IRN,IRN,OMN,OMN,130,130,13,3,-4.4,4,2,4,-8.21633216332163,https://www.wsws.org/en/articles/2026/08/20/jgvs-a20.html,0.72,0.9108166081660816,0.7963266432664327,3.1853065730657306
1319087355,20260820,IRN,IRN,OMNGOV,OMN,130,130,13,3,-4.4,4,2,4,-8.21633216332163,https://www.wsws.org/en/articles/2026/08/20/jgvs-a20.html,0.72,0.9108166081660816,0.7963266432664327,3.1853065730657306
1319087356,20260820,IRN,IRN,USA,USA,42,42,4,1,1.9,96,25,96,-1.9657867123212,https://www.thewrap.com/creative-content/tv-shows/jimmy-fallon-reacts-trump-kim-jong-un-meet-up-plan/,0.40499999999999997,0.59828933561606,0.482315734246424,46.302310487656705
1319087357,20260820,IRN,IRN,USA,USA,42,42,4,1,1.9,2,1,2,0.0,https://www.thewrap.com/creative-content/tv-shows/jimmy-fallon-reacts-trump-kim-jong-un-meet-up-plan/,0.40499999999999997,0.5,0.44299999999999995,0.8859999999999999
1319087358,20260820,IRNGOV,IRN,,,10,10,1,1,0.0,1,1,1,-7.29166666666667,http://www.china.org.cn/2026-08/20/content_118656440.shtml,0.5,0.8645833333333336,0.6458333333333335,0.6458333333333335
1319087359,20260820,IRNGOV,IRN,,,10,10,1,1,0.0,1,1,1,-7.29166666666667,http://www.china.org.cn/2026-08/20/content_118656440.shtml,0.5,0.8645833333333336,0.6458333333333335,0.6458333333333335
1319087583,20260820,PRK,PRK,IRN,IRN,10,10,1,1,0.0,2,1,2,0.0,https://www.thewrap.com/creative-content/tv-shows/jimmy-fallon-reacts-trump-kim-jong-un-meet-up-plan/,0.5,0.5,0.5,1.0
1319087584,20260820,PRK,PRK,IRN,IRN,10,10,1,1,0.0,2,1,2,0.0,https://www.thewrap.com/creative-content/tv-shows/jimmy-fallon-reacts-trump-kim-jong-un-meet-up-plan/,0.5,0.5,0.5,1.0
1319087748,20260820,USA,USA,IRN,IRN,43,43,4,1,2.8,98,25,98,-1.9657867123212,https://www.thewrap.com/creative-content/tv-shows/jimmy-fallon-reacts-trump-kim-jong-un-meet-up-plan/,0.36,0.59828933561606,0.455315734246424,44.62094195614955
1319087749,20260820,USA,USA,IRN,IRN,71,71,7,2,7.4,2,1,2,-2.08333333333333,https://en.apa.az/asia/us-has-not-released-any-of-irans-frozen-funds-central-bank-chief-520962,0.12999999999999998,0.6041666666666665,0.3196666666666666,0.6393333333333332
1319087750,20260820,USA,USA,IRN,IRN,84,84,8,2,7.0,10,1,10,-2.08333333333333,https://en.apa.az/asia/us-has-not-released-any-of-irans-frozen-funds-central-bank-chief-520962,0.15,0.6041666666666665,0.3316666666666666,3.316666666666666
1319087751,20260820,USA,USA,IRN,IRN,100,100,10,3,-5.0,2,2,2,-8.21633216332163,https://www.wsws.org/en/articles/2026/08/20/jgvs-a20.html,0.75,0.9108166081660816,0.8143266432664327,1.6286532865328653
1319087752,20260820,USA,USA,IRN,IRN,100,100,10,3,-5.0,2,2,2,-8.21633216332163,https://www.wsws.org/en/articles/2026/08/20/jgvs-a20.html,0.75,0.9108166081660816,0.8143266432664327,1.6286532865328653
1319088168,20260820,,,IRNGOV,IRN,46,46,4,1,7.0,372,59,372,-5.11311184543867,https://www.winnipegfreepress.com/world/2026/08/19/a-quiet-channel-between-ice-and-iran-shaped-deportation-flights-newly-released-emails-show,0.15,0.7556555922719335,0.3922622369087734,145.9215521300637
1319088405,20260820,GOV,,IRN,IRN,42,42,4,1,1.9,41,5,41,-6.13904810579571,https://www.winnipegfreepress.com/world/2026/08/19/a-quiet-channel-between-ice-and-iran-shaped-deportation-flights-newly-released-emails-show,0.40499999999999997,0.8069524052897854,0.5657809621159141,23.197019446752478
1319088440,20260820,IRN,IRN,,,40,40,4,1,1.0,10,1,10,-1.22448979591837,https://www.moonofalabama.org/2026/08/wsj-unveils-iran-secret-trump-talks-with-noko-threat-to-oman.html/comment-page-3,0.45,0.5612244897959184,0.4944897959183674,4.944897959183674
1319088441,20260820,IRN,IRN,,,60,60,6,2,6.0,620,88,620,-7.21643498089752,https://www.shippingtribune.com/news/shipping/Oil+prices+steady+after+Trump+announces+more+economic+sanctions+on+Iran,0.2,0.8608217490448761,0.4643286996179504,287.8837937631293
1319088442,20260820,IRN,IRN,,,180,180,18,4,-9.0,10,1,10,-4.16666666666667,https://freerepublic.com/focus/f-news/4392442/posts,0.95,0.7083333333333335,0.8533333333333333,8.533333333333333
1319088443,20260820,IRN,IRN,GOV,,15,15,1,1,0.0,488,58,488,-5.11914888744749,https://www.winnipegfreepress.com/world/2026/08/19/a-quiet-channel-between-ice-and-iran-shaped-deportation-flights-newly-released-emails-show,0.5,0.7559574443723746,0.6023829777489498,293.9628931414875
1319088444,20260820,IRN,IRN,GOV,,43,43,4,1,2.8,41,5,41,-6.13904810579571,https://www.winnipegfreepress.com/world/2026/08/19/a-quiet-channel-between-ice-and-iran-shaped-deportation-flights-newly-released-emails-show,0.36,0.8069524052897854,0.5387809621159142,22.090019446752482
1319088445,20260820,IRN,IRN,IRNGOV,IRN,26,26,2,1,4.0,630,60,630,-5.12392582445337,https://www.winnipegfreepress.com/world/2026/08/19/a-quiet-channel-between-ice-and-iran-shaped-deportation-flights-newly-released-emails-show,0.3,0.7561962912226685,0.4824785164890674,303.96146538811246
1319088446,20260820,IRN,IRN,IRNGOV,IRN,36,36,3,1,4.0,630,60,630,-5.12392582445337,https://www.winnipegfreepress.com/world/2026/08/19/a-quiet-channel-between-ice-and-iran-shaped-deportation-flights-newly-released-emails-show,0.3,0.7561962912226685,0.4824785164890674,303.96146538811246
1319088447,20260820,IRN,IRN,IRNGOV,IRN,40,40,4,1,1.0,490,61,490,-5.09990132985832,https://www.winnipegfreepress.com/world/2026/08/19/a-quiet-channel-between-ice-and-iran-shaped-deportation-flights-newly-released-emails-show,0.45,0.7549950664929159,0.5719980265971665,280.27903303261155
1319088448,20260820,IRN,IRN,IRNREF,IRN,40,40,4,1,1.0,116,56,116,-5.11434769674795,https://www.winnipegfreepress.com/world/2026/08/19/a-quiet-channel-between-ice-and-iran-shaped-deportation-flights-newly-released-emails-show,0.45,0.7557173848373975,0.5722869539349591,66.38528665645525
1319088449,20260820,IRN,IRN,MEX,MEX,112,112,11,3,-2.0,177,56,177,-5.11434769674795,https://www.winnipegfreepress.com/world/2026/08/19/a-quiet-channel-between-ice-and-iran-shaped-deportation-flights-newly-released-emails-show,0.6,0.7557173848373975,0.662286953934959,117.22479084648774
1319088450,20260820,IRN,IRN,MEX,MEX,192,192,19,4,-9.5,180,57,180,-5.1081894398505,https://www.winnipegfreepress.com/world/2026/08/19/a-quiet-channel-between-ice-and-iran-shaped-deportation-flights-newly-released-emails-show,0.975,0.7554094719925251,0.8871637887970101,159.6894819834618
1319088451,20260820,IRN,IRN,MIL,,163,163,16,4,-8.0,10,1,10,-7.59493670886076,https://www.shippingtribune.com/news/shipping/Oil+prices+steady+after+Trump+announces+more+economic+sanctions+on+Iran,0.9,0.879746835443038,0.8918987341772153,8.918987341772153
1319088452,20260820,IRN,IRN,SPY,,20,20,2,1,3.0,10,1,10,-1.22448979591837,https://www.moonofalabama.org/2026/08/wsj-unveils-iran-secret-trump-talks-with-noko-threat-to-oman.html/comment-page-3,0.35,0.5612244897959184,0.43448979591836734,4.344897959183673
1319088453,20260820,IRN,IRN,USA,USA,163,163,16,4,-8.0,8,1,8,-7.59493670886076,https://www.shippingtribune.com/news/shipping/Oil+prices+steady+after+Trump+announces+more+economic+sanctions+on+Iran,0.9,0.879746835443038,0.8918987341772153,7.135189873417723
1319088454,20260820,IRN,IRN,USA,USA,163,163,16,4,-8.0,1,1,1,-7.59493670886076,https://www.shippingtribune.com/news/shipping/Oil+prices+steady+after+Trump+announces+more+economic+sanctions+on+Iran,0.9,0.879746835443038,0.8918987341772153,0.8918987341772153
1319088455,20260820,IRN,IRN,USA,USA,163,163,16,4,-8.0,1,1,1,-7.59493670886076,https://www.shippingtribune.com/news/shipping/Oil+prices+steady+after+Trump+announces+more+economic+sanctions+on+Iran,0.9,0.879746835443038,0.8918987341772153,0.8918987341772153
1319088456,20260820,IRNGOV,IRN,IRN,IRN,36,36,3,1,4.0,630,60,630,-5.12392582445337,https://www.winnipegfreepress.com/world/2026/08/19/a-quiet-channel-between-ice-and-iran-shaped-deportation-flights-newly-released-emails-show,0.3,0.7561962912226685,0.4824785164890674,303.96146538811246
1319088457,20260820,IRNGOV,IRN,IRN,IRN,40,40,4,1,1.0,492,62,492,-5.0805418727012,https://www.winnipegfreepress.com/world/2026/08/19/a-quiet-channel-between-ice-and-iran-shaped-deportation-flights-newly-released-emails-show,0.45,0.75402709363506,0.5716108374540241,281.2325320273799
1319088458,20260820,IRNGOV,IRN,IRN,IRN,46,46,4,1,7.0,134,64,134,-5.03992724865243,https://www.winnipegfreepress.com/world/2026/08/19/a-quiet-channel-between-ice-and-iran-shaped-deportation-flights-newly-released-emails-show,0.15,0.7519963624326215,0.39079854497304856,52.367005026388505
1319088459,20260820,IRNGOV,IRN,IRN,IRN,75,75,7,2,7.0,378,60,378,-5.12392582445337,https://www.winnipegfreepress.com/world/2026/08/19/a-quiet-channel-between-ice-and-iran-shaped-deportation-flights-newly-released-emails-show,0.15,0.7561962912226685,0.3924785164890674,148.35687923286747
1319088460,20260820,IRNREF,IRN,IRN,IRN,40,40,4,1,1.0,116,56,116,-5.11434769674795,https://www.winnipegfreepress.com/world/2026/08/19/a-quiet-channel-between-ice-and-iran-shaped-deportation-flights-newly-released-emails-show,0.45,0.7557173848373975,0.5722869539349591,66.38528665645525
1319088461,20260820,IRNREF,IRN,IRN,IRN,173,173,17,4,-5.0,116,56,116,-5.11434769674795,https://www.winnipegfreepress.com/world/2026/08/19/a-quiet-channel-between-ice-and-iran-shaped-deportation-flights-newly-released-emails-show,0.75,0.7557173848373975,0.752286953934959,87.26528665645525
1319088661,20260820,USA,USA,IRN,IRN,63,63,6,2,7.4,186,59,186,-5.12527133693802,https://www.winnipegfreepress.com/world/2026/08/19/a-quiet-channel-between-ice-and-iran-shaped-deportation-flights-newly-released-emails-show,0.12999999999999998,0.756263566846901,0.3805054267387604,70.77400937340944
1319089320,20260820,,,IRN,IRN,40,40,4,1,1.0,10,1,10,-15.6862745098039,https://www.moneycontrol.com/world/us-iran-war-news-live-updates-donald-trump-khamenei-strait-of-hormuz-middle-east-tensions-liveblog-liveblog-14010817.html,0.45,1.0,0.67,6.7
1319089378,20260820,ARE,ARE,IRN,IRN,130,130,13,3,-4.4,2,1,2,-4.11985018726591,https://www.al-monitor.com/originals/2026/08/trump-warns-economic-consequences-any-country-supports-iran,0.72,0.7059925093632955,0.7143970037453182,1.4287940074906365
1319089555,20260820,FRA,FRA,IRN,IRN,174,174,17,4,-5.0,19,18,19,-5.46759389107118,https://isp.netscape.com:443/news/world/story/0001/20260820/4ad1f8ffc1603cbb5151ab8eebc1ec6a,0.75,0.773379694553559,0.7593518778214237,14.42768567860705
1319089556,20260820,FRA,FRA,IRN,IRN,174,174,17,4,-5.0,16,16,16,-5.52989518437516,https://isp.netscape.com:443/news/world/story/0001/20260820/4ad1f8ffc1603cbb5151ab8eebc1ec6a,0.75,0.776494759218758,0.7605979036875032,12.169566459000052
1319089557,20260820,FRA,FRA,IRNGOV,IRN,174,174,17,4,-5.0,102,17,102,-5.50530259036851,https://isp.netscape.com:443/news/world/story/0001/20260820/4ad1f8ffc1603cbb5151ab8eebc1ec6a,0.75,0.7752651295184255,0.7601060518073701,77.53081728435176
1319089741,20260820,IRN,IRN,,,40,40,4,1,1.0,10,1,10,-15.6862745098039,https://www.moneycontrol.com/world/us-iran-war-news-live-updates-donald-trump-khamenei-strait-of-hormuz-middle-east-tensions-liveblog-liveblog-14010817.html,0.45,1.0,0.67,6.7
1319089742,20260820,IRN,IRN,GOV,,20,20,2,1,3.0,429,2,429,-10.7839276190669,https://1440wgig.iheart.com/content/2026-08-20-air-force-major-arrested-again-after-protesting-trump/,0.35,1.0,0.61,261.69
1319089743,20260820,IRN,IRN,IRQ,IRQ,10,10,1,1,0.0,17,17,17,-5.52356693302168,https://isp.netscape.com:443/news/world/story/0001/20260820/4ad1f8ffc1603cbb5151ab8eebc1ec6a,0.5,0.776178346651084,0.6104713386604337,10.378012757227372
1319089744,20260820,IRN,IRN,IRQ,IRQ,10,10,1,1,0.0,17,17,17,-5.52356693302168,https://isp.netscape.com:443/news/world/story/0001/20260820/4ad1f8ffc1603cbb5151ab8eebc1ec6a,0.5,0.776178346651084,0.6104713386604337,10.378012757227372
1319089745,20260820,IRN,IRN,MEX,MEX,112,112,11,3,-2.0,3,1,3,-4.74485228290063,https://economictimes.indiatimes.com/news/international/global-trends/a-us-iran-channel-shaped-deportation-flights-as-tehran-picked-who-was-sent-back/articleshow/133364156.cms,0.6,0.7372426141450316,0.6548970456580125,1.9646911369740376
1319089746,20260820,IRN,IRN,MIL,,111,111,11,3,-2.0,428,1,428,-10.8534047376514,https://1440wgig.iheart.com/content/2026-08-20-air-force-major-arrested-again-after-protesting-trump/,0.6,1.0,0.76,325.28000000000003
1319089747,20260820,IRN,IRN,UAF,,10,10,1,1,0.0,17,17,17,-5.52356693302168,https://isp.netscape.com:443/news/world/story/0001/20260820/4ad1f8ffc1603cbb5151ab8eebc1ec6a,0.5,0.776178346651084,0.6104713386604337,10.378012757227372
1319089748,20260820,IRN,IRN,UAF,,51,51,5,1,3.4,17,17,17,-5.52356693302168,https://isp.netscape.com:443/news/world/story/0001/20260820/4ad1f8ffc1603cbb5151ab8eebc1ec6a,0.32999999999999996,0.776178346651084,0.5084713386604336,8.64401275722737
1319089749,20260820,IRN,IRN,USA,USA,50,50,5,1,3.5,95,29,95,-4.86090168914566,https://www.moneycontrol.com/world/us-quietly-runs-oil-shipping-corridor-through-strait-of-hormuz-amid-iran-war-article-14010913.html,0.325,0.743045084457283,0.49221803378291323,46.76071320937676
1319089750,20260820,IRN,IRN,USA,USA,90,90,9,2,-2.0,5,1,5,-2.5462962962963,https://www.moneycontrol.com/world/us-quietly-runs-oil-shipping-corridor-through-strait-of-hormuz-amid-iran-war-article-14010913.html,0.6,0.627314814814815,0.610925925925926,3.05462962962963
1319089751,20260820,IRNGOV,IRN,,,10,10,1,1,0.0,2,1,2,-4.43349753694581,https://www.express.co.uk/news/world/2240742/trump-economic-d-day-iran,0.5,0.7216748768472905,0.5886699507389161,1.1773399014778323
1319089755,20260820,ISR,ISR,IRN,IRN,190,190,19,4,-10.0,40,15,40,-3.57227313714585,https://www.express.co.uk/news/world/2240742/trump-economic-d-day-iran,1.0,0.6786136568572925,0.8714454627429169,34.85781850971668
1319089756,20260820,ISR,ISR,IRN,IRN,190,190,19,4,-10.0,5,3,5,-2.00488740423791,https://www.express.co.uk/news/world/2240742/trump-economic-d-day-iran,1.0,0.6002443702118955,0.8400977480847582,4.200488740423792
1319089806,20260820,JUD,,IRN,IRN,10,10,1,1,0.0,428,1,428,-10.8534047376514,https://1440wgig.iheart.com/content/2026-08-20-air-force-major-arrested-again-after-protesting-trump/,0.5,1.0,0.7,299.59999999999997
1319089850,20260820,MIL,,IRN,IRN,173,173,17,4,-5.0,214,1,214,-10.8534047376514,https://1440wgig.iheart.com/content/2026-08-20-air-force-major-arrested-again-after-protesting-trump/,0.75,1.0,0.85,181.9
1319090054,20260820,USA,USA,IRN,IRN,46,46,4,1,7.0,38,8,38,-4.72972950394974,https://www.moneycontrol.com/world/us-quietly-runs-oil-shipping-corridor-through-strait-of-hormuz-amid-iran-war-article-14010913.html,0.15,0.736486475197487,0.38459459007899477,14.614594423001801
1319090055,20260820,USA,USA,IRN,IRN,190,190,19,4,-10.0,4,2,4,-4.99009283048137,https://www.al-monitor.com/originals/2026/08/more-confrontational-irans-new-hardline-security-leadership,1.0,0.7495046415240685,0.8998018566096273,3.599207426438509
1319090056,20260820,USA,USA,IRN,IRN,190,190,19,4,-10.0,4,2,4,-4.99009283048137,https://www.al-monitor.com/originals/2026/08/more-confrontational-irans-new-hardline-security-leadership,1.0,0.7495046415240685,0.8998018566096273,3.599207426438509
1319090057,20260820,USA,USA,IRN,IRN,190,190,19,4,-10.0,8,1,8,-4.43349753694581,https://www.express.co.uk/news/world/2240742/trump-economic-d-day-iran,1.0,0.7216748768472905,0.8886699507389162,7.1093596059113295
1319090058,20260820,USA,USA,IRN,IRN,190,190,19,4,-10.0,4,2,4,-4.17920610635686,https://www.express.co.uk/news/world/2240742/trump-economic-d-day-iran,1.0,0.708960305317843,0.8835841221271372,3.534336488508549
1319090560,20260820,,,IRN,IRN,50,50,5,1,3.5,2,1,2,-3.76282782212087,https://www.rediff.com/news/report/trump-announces-economic-d-day-against-iran-warns-countries-helping-tehran/20260820.htm,0.325,0.6881413911060436,0.47025655644241743,0.9405131128848349
1319090945,20260820,IRN,IRN,,,20,20,2,1,3.0,2,1,2,-3.76282782212087,https://www.rediff.com/news/report/trump-announces-economic-d-day-against-iran-warns-countries-helping-tehran/20260820.htm,0.35,0.6881413911060436,0.4852565564424174,0.9705131128848348
1319090946,20260820,IRN,IRN,,,50,50,5,1,3.5,2,1,2,-3.76282782212087,https://www.rediff.com/news/report/trump-announces-economic-d-day-against-iran-warns-countries-helping-tehran/20260820.htm,0.325,0.6881413911060436,0.47025655644241743,0.9405131128848349
1319090947,20260820,IRN,IRN,IRNREF,IRN,40,40,4,1,1.0,2,2,2,-4.94228566844683,https://taylorvilledailynews.com/local-news/srn-us-news/7a8f51bb9744acfa52dbedee584e3ae4,0.45,0.7471142834223415,0.5688457133689366,1.1376914267378733
1319090948,20260820,IRN,IRN,USA,USA,20,20,2,1,3.0,1,1,1,-4.55635491606715,https://www.siasat.com/trump-announces-most-crushing-economic-operation-against-iran-3527638/,0.35,0.7278177458033575,0.501127098321343,0.501127098321343
1319090949,20260820,IRN,IRN,USA,USA,43,43,4,1,2.8,2,1,2,-4.81308411214953,https://www.hngn.com/articles/272831/20260819/trump-declares-economic-d-day-iran-uae-cuts-all-trade-ties-hormuz-attacks-continue.htm,0.36,0.7406542056074764,0.5122616822429906,1.0245233644859812
1319090950,20260820,IRN,IRN,USA,USA,43,43,4,1,2.8,16,2,16,-5.24506182058276,https://www.hngn.com/articles/272831/20260819/trump-declares-economic-d-day-iran-uae-cuts-all-trade-ties-hormuz-attacks-continue.htm,0.36,0.762253091029138,0.5209012364116552,8.334419782586483
1319090951,20260820,IRN,IRN,USA,USA,46,46,4,1,7.0,91,20,91,-3.61015356734758,https://www.siasat.com/trump-announces-most-crushing-economic-operation-against-iran-3527638/,0.15,0.680507678367379,0.3622030713469516,32.960479492572595
1319090952,20260820,IRNLEG,IRN,IRQ,IRQ,42,42,4,1,1.9,16,2,16,-5.24506182058276,https://www.hngn.com/articles/272831/20260819/trump-declares-economic-d-day-iran-uae-cuts-all-trade-ties-hormuz-attacks-continue.htm,0.40499999999999997,0.762253091029138,0.5479012364116552,8.766419782586484
1319090953,20260820,IRNLEG,IRN,IRQ,IRQ,42,42,4,1,1.9,1,1,1,-4.81308411214953,https://www.hngn.com/articles/272831/20260819/trump-declares-economic-d-day-iran-uae-cuts-all-trade-ties-hormuz-attacks-continue.htm,0.40499999999999997,0.7406542056074764,0.5392616822429905,0.5392616822429905
1319090954,20260820,IRNLEG,IRN,USA,USA,50,50,5,1,3.5,2,1,2,-4.81308411214953,https://www.hngn.com/articles/272831/20260819/trump-declares-economic-d-day-iran-uae-cuts-all-trade-ties-hormuz-attacks-continue.htm,0.325,0.7406542056074764,0.4912616822429906,0.9825233644859812
1319090955,20260820,IRNLEG,IRN,USA,USA,50,50,5,1,3.5,5,1,5,-4.81308411214953,https://www.hngn.com/articles/272831/20260819/trump-declares-economic-d-day-iran-uae-cuts-all-trade-ties-hormuz-attacks-continue.htm,0.325,0.7406542056074764,0.4912616822429906,2.456308411214953
1319090956,20260820,IRNLEG,IRN,USA,USA,50,50,5,1,3.5,2,1,2,-4.81308411214953,https://www.hngn.com/articles/272831/20260819/trump-declares-economic-d-day-iran-uae-cuts-all-trade-ties-hormuz-attacks-continue.htm,0.325,0.7406542056074764,0.4912616822429906,0.9825233644859812
1319090957,20260820,IRNREF,IRN,IRN,IRN,40,40,4,1,1.0,2,2,2,-4.94228566844683,https://taylorvilledailynews.com/local-news/srn-us-news/7a8f51bb9744acfa52dbedee584e3ae4,0.45,0.7471142834223415,0.5688457133689366,1.1376914267378733
1319090958,20260820,IRNREF,IRN,IRN,IRN,173,173,17,4,-5.0,2,2,2,-4.94228566844683,https://taylorvilledailynews.com/local-news/srn-us-news/7a8f51bb9744acfa52dbedee584e3ae4,0.75,0.7471142834223415,0.7488457133689366,1.4976914267378731
1319090960,20260820,IRQ,IRQ,IRNLEG,IRN,43,43,4,1,2.8,20,3,20,-4.35185421856206,https://www.hngn.com/articles/272831/20260819/trump-declares-economic-d-day-iran-uae-cuts-all-trade-ties-hormuz-attacks-continue.htm,0.36,0.7175927109281031,0.5030370843712413,10.060741687424827
1319091008,20260820,MED,,IRN,IRN,331,33,3,1,5.2,32,29,32,-6.60234945750172,http://www.thejakartapost.com/world/2026/08/20/trump-warns-of-economic-consequences-for-any-country-that-supports-iran,0.24,0.830117472875086,0.4760469891500344,15.233503652801101
1319091020,20260820,MIL,,IRN,IRN,36,36,3,1,4.0,10,1,10,-4.55635491606715,https://www.siasat.com/trump-announces-most-crushing-economic-operation-against-iran-3527638/,0.3,0.7278177458033575,0.471127098321343,4.71127098321343
1319091219,20260820,USA,USA,IRN,IRN,42,42,4,1,1.9,2,1,2,-4.81308411214953,https://www.hngn.com/articles/272831/20260819/trump-declares-economic-d-day-iran-uae-cuts-all-trade-ties-hormuz-attacks-continue.htm,0.40499999999999997,0.7406542056074764,0.5392616822429905,1.078523364485981
1319091220,20260820,USA,USA,IRNLEG,IRN,50,50,5,1,3.5,2,1,2,-4.81308411214953,https://www.hngn.com/articles/272831/20260819/trump-declares-economic-d-day-iran-uae-cuts-all-trade-ties-hormuz-attacks-continue.htm,0.325,0.7406542056074764,0.4912616822429906,0.9825233644859812
1319091221,20260820,USA,USA,IRNLEG,IRN,50,50,5,1,3.5,4,2,4,-5.24506182058276,https://www.hngn.com/articles/272831/20260819/trump-declares-economic-d-day-iran-uae-cuts-all-trade-ties-hormuz-attacks-continue.htm,0.325,0.762253091029138,0.49990123641165524,1.999604945646621
1319091222,20260820,USA,USA,IRNLEG,IRN,50,50,5,1,3.5,6,2,6,-5.24506182058276,https://www.hngn.com/articles/272831/20260819/trump-declares-economic-d-day-iran-uae-cuts-all-trade-ties-hormuz-attacks-continue.htm,0.325,0.762253091029138,0.49990123641165524,2.9994074184699313
1319091223,20260820,USA,USA,IRNLEG,IRN,50,50,5,1,3.5,6,2,6,-5.24506182058276,https://www.hngn.com/articles/272831/20260819/trump-declares-economic-d-day-iran-uae-cuts-all-trade-ties-hormuz-attacks-continue.htm,0.325,0.762253091029138,0.49990123641165524,2.9994074184699313
1319091976,20260820,,,IRN,IRN,43,43,4,1,2.8,41,7,41,-2.97403705989045,https://asianews.network/what-is-really-behind-us-president-trumps-south-korea-drill-cut/,0.36,0.6487018529945224,0.47548074119780903,19.49471038911017
1319092447,20260820,GOV,,IRNBUS,IRN,130,130,13,3,-4.4,12,1,12,-3.57142857142857,https://english.news.cn/northamerica/20260820/baf426e4d6e5467f9d2cee25f5097bbb/c.html,0.72,0.6785714285714285,0.7034285714285714,8.441142857142857
1319092572,20260820,IRN,IRN,,,42,42,4,1,1.9,41,7,41,-2.97403705989045,https://asianews.network/what-is-really-behind-us-president-trumps-south-korea-drill-cut/,0.40499999999999997,0.6487018529945224,0.5024807411978089,20.601710389110167
1319092573,20260820,IRN,IRN,RUS,RUS,61,61,6,2,6.4,16,2,16,-4.11226764589424,https://economictimes.indiatimes.com/industry/energy/oil-gas/china-boosts-imports-of-russian-crude-stymieing-indias-refiners/articleshow/133364555.cms,0.18,0.705613382294712,0.3902453529178848,6.243925646686157
1319092574,20260820,IRN,IRN,RUS,RUS,61,61,6,2,6.4,4,2,4,-4.11226764589424,https://economictimes.indiatimes.com/industry/energy/oil-gas/china-boosts-imports-of-russian-crude-stymieing-indias-refiners/articleshow/133364555.cms,0.18,0.705613382294712,0.3902453529178848,1.5609814116715393
1319092575,20260820,IRN,IRN,USA,USA,164,164,16,4,-7.0,6,1,6,-2.27272727272727,https://www.spotlightnepal.com/2026/08/20/trump-claims-control-strait-hormuz/,0.85,0.6136363636363635,0.7554545454545454,4.532727272727272
1319092576,20260820,IRN,IRN,USA,USA,164,164,16,4,-7.0,4,1,4,-2.27272727272727,https://www.spotlightnepal.com/2026/08/20/trump-claims-control-strait-hormuz/,0.85,0.6136363636363635,0.7554545454545454,3.0218181818181815
1319092577,20260820,IRN,IRN,USAMED,USA,10,10,1,1,0.0,8,1,8,-3.17725752508361,https://sofokleous10.gr/2026/08/20/oil-brent-hits-a-four-week-high-just-below-92-100-scenarios-return/,0.5,0.6588628762541805,0.5635451505016722,4.508361204013378
1319092578,20260820,IRN,IRN,USAMED,USA,13,13,1,1,0.4,2,1,2,-3.17725752508361,https://sofokleous10.gr/2026/08/20/oil-brent-hits-a-four-week-high-just-below-92-100-scenarios-return/,0.48,0.6588628762541805,0.5515451505016722,1.1030903010033444
1319092579,20260820,IRNMIL,IRN,MIL,,12,12,1,1,-0.4,8,1,8,-3.57142857142857,https://english.news.cn/northamerica/20260820/baf426e4d6e5467f9d2cee25f5097bbb/c.html,0.52,0.6785714285714285,0.5834285714285714,4.667428571428571
1319092580,20260820,IRNMIL,IRN,MIL,,12,12,1,1,-0.4,4,1,4,-3.57142857142857,https://english.news.cn/northamerica/20260820/baf426e4d6e5467f9d2cee25f5097bbb/c.html,0.52,0.6785714285714285,0.5834285714285714,2.3337142857142856
1319093042,20260820,USA,USA,IRN,IRN,130,130,13,3,-4.4,16,12,16,-5.89094330040199,https://english.news.cn/northamerica/20260820/baf426e4d6e5467f9d2cee25f5097bbb/c.html,0.72,0.7945471650200995,0.7498188660080398,11.997101856128637
1319093043,20260820,USA,USA,IRN,IRN,164,164,16,4,-7.0,2,1,2,-2.27272727272727,https://www.spotlightnepal.com/2026/08/20/trump-claims-control-strait-hormuz/,0.85,0.6136363636363635,0.7554545454545454,1.5109090909090908
1319093044,20260820,USA,USA,IRN,IRN,164,164,16,4,-7.0,8,1,8,-2.27272727272727,https://www.spotlightnepal.com/2026/08/20/trump-claims-control-strait-hormuz/,0.85,0.6136363636363635,0.7554545454545454,6.043636363636363
1319093045,20260820,USA,USA,IRN,IRN,180,180,18,4,-9.0,4,2,4,-2.44650606015263,https://theshillongtimes.com/2026/08/20/trump-halts-talks-with-iran/,0.95,0.6223253030076314,0.8189301212030525,3.27572048481221
1319093080,20260820,USAGOV,USA,IRN,IRN,180,180,18,4,-9.0,2,2,2,-2.44650606015263,https://theshillongtimes.com/2026/08/20/trump-halts-talks-with-iran/,0.95,0.6223253030076314,0.8189301212030525,1.637860242406105
1319093846,20260820,FRA,FRA,IRN,IRN,42,42,4,1,1.9,1,1,1,-4.4943820224719,https://voiceofvienna.org/france-to-expel-two-iranian-diplomats-in-tit-for-tat-move/,0.40499999999999997,0.7247191011235949,0.5328876404494379,0.5328876404494379
1319093847,20260820,FRA,FRA,IRN,IRN,42,42,4,1,1.9,2,1,2,-4.4943820224719,https://voiceofvienna.org/france-to-expel-two-iranian-diplomats-in-tit-for-tat-move/,0.40499999999999997,0.7247191011235949,0.5328876404494379,1.0657752808988759
1319093848,20260820,FRA,FRA,IRN,IRN,51,51,5,1,3.4,2,1,2,-4.4943820224719,https://voiceofvienna.org/france-to-expel-two-iranian-diplomats-in-tit-for-tat-move/,0.32999999999999996,0.7247191011235949,0.487887640449438,0.975775280898876
1319093849,20260820,FRA,FRA,IRN,IRN,51,51,5,1,3.4,8,1,8,-4.4943820224719,https://voiceofvienna.org/france-to-expel-two-iranian-diplomats-in-tit-for-tat-move/,0.32999999999999996,0.7247191011235949,0.487887640449438,3.903101123595504
1319093850,20260820,FRA,FRA,IRN,IRN,172,172,17,4,-5.0,2,1,2,-4.4943820224719,https://voiceofvienna.org/france-to-expel-two-iranian-diplomats-in-tit-for-tat-move/,0.75,0.7247191011235949,0.7398876404494379,1.4797752808988758
1319093851,20260820,FRA,FRA,IRN,IRN,174,174,17,4,-5.0,1,1,1,-4.4943820224719,https://voiceofvienna.org/france-to-expel-two-iranian-diplomats-in-tit-for-tat-move/,0.75,0.7247191011235949,0.7398876404494379,0.7398876404494379
1319093852,20260820,FRA,FRA,IRN,IRN,174,174,17,4,-5.0,1,1,1,-4.4943820224719,https://voiceofvienna.org/france-to-expel-two-iranian-diplomats-in-tit-for-tat-move/,0.75,0.7247191011235949,0.7398876404494379,0.7398876404494379
1319094057,20260820,IRN,IRN,,,16,16,1,1,-2.0,2,2,2,-4.10078815380941,https://www.theguardian.com/world/2026/aug/20/trump-threatens-crush-iran-economy-war-hormuz,0.6,0.7050394076904706,0.6420157630761882,1.2840315261523765
1319094058,20260820,IRN,IRN,FRA,FRA,10,10,1,1,0.0,5,1,5,-4.4943820224719,https://voiceofvienna.org/france-to-expel-two-iranian-diplomats-in-tit-for-tat-move/,0.5,0.7247191011235949,0.589887640449438,2.94943820224719
1319094059,20260820,IRN,IRN,FRA,FRA,10,10,1,1,0.0,2,1,2,-4.4943820224719,https://voiceofvienna.org/france-to-expel-two-iranian-diplomats-in-tit-for-tat-move/,0.5,0.7247191011235949,0.589887640449438,1.179775280898876
1319094060,20260820,IRN,IRN,FRA,FRA,10,10,1,1,0.0,1,1,1,-4.4943820224719,https://voiceofvienna.org/france-to-expel-two-iranian-diplomats-in-tit-for-tat-move/,0.5,0.7247191011235949,0.589887640449438,0.589887640449438
1319094061,20260820,IRN,IRN,FRA,FRA,43,43,4,1,2.8,1,1,1,-4.4943820224719,https://voiceofvienna.org/france-to-expel-two-iranian-diplomats-in-tit-for-tat-move/,0.36,0.7247191011235949,0.505887640449438,0.505887640449438
1319094062,20260820,IRN,IRN,FRA,FRA,43,43,4,1,2.8,2,1,2,-4.4943820224719,https://voiceofvienna.org/france-to-expel-two-iranian-diplomats-in-tit-for-tat-move/,0.36,0.7247191011235949,0.505887640449438,1.011775280898876
1319094063,20260820,IRN,IRN,FRA,FRA,80,80,8,2,5.0,8,1,8,-4.4943820224719,https://voiceofvienna.org/france-to-expel-two-iranian-diplomats-in-tit-for-tat-move/,0.25,0.7247191011235949,0.43988764044943796,3.5191011235955036
1319094064,20260820,IRN,IRN,FRA,FRA,80,80,8,2,5.0,2,1,2,-4.4943820224719,https://voiceofvienna.org/france-to-expel-two-iranian-diplomats-in-tit-for-tat-move/,0.25,0.7247191011235949,0.43988764044943796,0.8797752808988759
1319094065,20260820,IRN,IRN,FRA,FRA,120,120,12,3,-4.0,8,1,8,-4.4943820224719,https://voiceofvienna.org/france-to-expel-two-iranian-diplomats-in-tit-for-tat-move/,0.7,0.7247191011235949,0.709887640449438,5.679101123595504
1319094066,20260820,IRN,IRN,FRA,FRA,120,120,12,3,-4.0,2,1,2,-4.4943820224719,https://voiceofvienna.org/france-to-expel-two-iranian-diplomats-in-tit-for-tat-move/,0.7,0.7247191011235949,0.709887640449438,1.419775280898876
1319094067,20260820,IRN,IRN,FRAGOV,FRA,112,112,11,3,-2.0,4,1,4,-4.4943820224719,https://voiceofvienna.org/france-to-expel-two-iranian-diplomats-in-tit-for-tat-move/,0.6,0.7247191011235949,0.649887640449438,2.599550561797752
1319094068,20260820,IRN,IRN,FRAGOV,FRA,112,112,11,3,-2.0,6,1,6,-4.4943820224719,https://voiceofvienna.org/france-to-expel-two-iranian-diplomats-in-tit-for-tat-move/,0.6,0.7247191011235949,0.649887640449438,3.899325842696628
1319094069,20260820,IRN,IRN,MILMIL,,40,40,4,1,1.0,1,1,1,5.32544378698225,https://en.dailypakistan.com.pk/20-Aug-2026/cdf-munir-iranian-fim-discuss-political-diplomatic-solutions-amid-regional-tensions,0.45,0.2337278106508875,0.363491124260355,0.363491124260355
1319094070,20260820,IRN,IRN,OMN,OMN,30,30,3,1,4.0,1,1,1,-4.21052631578947,https://nuclear-news.net/2026/08/20/1-b1-delusional-iran-fires-back-at-trumps-make-hormuz-strait-a-territory-of-the-us-ambitions/,0.3,0.7105263157894735,0.4642105263157894,0.4642105263157894
1319094071,20260820,IRN,IRN,OMN,OMN,46,46,4,1,7.0,1,1,1,-4.21052631578947,https://nuclear-news.net/2026/08/20/1-b1-delusional-iran-fires-back-at-trumps-make-hormuz-strait-a-territory-of-the-us-ambitions/,0.15,0.7105263157894735,0.37421052631578944,0.37421052631578944
1319094072,20260820,IRN,IRN,SAU,SAU,190,190,19,4,-10.0,2,1,2,-7.50893921334923,https://www.livemint.com/news/world/iran-goes-on-offensive-against-us-amid-hormuz-blockade-what-does-it-mean-if-confrontation-becomes-unavoidable-11787200413077.html,1.0,0.8754469606674615,0.9501787842669847,1.9003575685339693
1319094073,20260820,IRN,IRN,USA,USA,10,10,1,1,0.0,84,19,84,-3.78200657075236,https://voiceofvienna.org/iran-no-longer-seen-as-weak-says-foreign-minister-araqchi/,0.5,0.689100328537618,0.5756401314150472,48.35377103886397
1319094074,20260820,IRN,IRN,USA,USA,46,46,4,1,7.0,10,1,10,-2.76752767527675,https://www.theyeshivaworld.com/news/israel-news/2587744/hormuz-breakthrough-u-s-quietly-moves-millions-of-barrels-of-oil-through-strait-under-fighter-jet-protection.html,0.15,0.6383763837638374,0.345350553505535,3.45350553505535
1319094075,20260820,IRN,IRN,USA,USA,130,130,13,3,-4.4,10,1,10,-4.28571428571429,http://www.businessghana.com/site/news/politics/354458/US-charges-17-Iranians-over-,0.72,0.7142857142857145,0.7177142857142857,7.177142857142858
1319094076,20260820,IRN,IRN,USA,USA,190,190,19,4,-10.0,2,1,2,-2.76752767527675,https://www.theyeshivaworld.com/news/israel-news/2587744/hormuz-breakthrough-u-s-quietly-moves-millions-of-barrels-of-oil-through-strait-under-fighter-jet-protection.html,1.0,0.6383763837638374,0.855350553505535,1.71070110701107
1319094077,20260820,IRNCOP,IRN,IRN,IRN,10,10,1,1,0.0,3,1,3,-4.21052631578947,https://nuclear-news.net/2026/08/20/1-b1-delusional-iran-fires-back-at-trumps-make-hormuz-strait-a-territory-of-the-us-ambitions/,0.5,0.7105263157894735,0.5842105263157894,1.7526315789473683
1319094078,20260820,IRNGOV,IRN,,,16,16,1,1,-2.0,3,1,3,-4.4943820224719,https://voiceofvienna.org/france-to-expel-two-iranian-diplomats-in-tit-for-tat-move/,0.6,0.7247191011235949,0.649887640449438,1.949662921348314
1319094079,20260820,IRNGOV,IRN,,,16,16,1,1,-2.0,1,1,1,-4.4943820224719,https://voiceofvienna.org/france-to-expel-two-iranian-diplomats-in-tit-for-tat-move/,0.6,0.7247191011235949,0.649887640449438,0.649887640449438
1319094080,20260820,IRNGOV,IRN,,,16,16,1,1,-2.0,3,1,3,-4.4943820224719,https://voiceofvienna.org/france-to-expel-two-iranian-diplomats-in-tit-for-tat-move/,0.6,0.7247191011235949,0.649887640449438,1.949662921348314
1319094207,20260820,MILMIL,,IRN,IRN,40,40,4,1,1.0,1,1,1,5.32544378698225,https://en.dailypakistan.com.pk/20-Aug-2026/cdf-munir-iranian-fim-discuss-political-diplomatic-solutions-amid-regional-tensions,0.45,0.2337278106508875,0.363491124260355,0.363491124260355
1319094208,20260820,MILMIL,,IRN,IRN,90,90,9,2,-2.0,10,1,10,-2.76752767527675,https://www.theyeshivaworld.com/news/israel-news/2587744/hormuz-breakthrough-u-s-quietly-moves-millions-of-barrels-of-oil-through-strait-under-fighter-jet-protection.html,0.6,0.6383763837638374,0.615350553505535,6.15350553505535
1319094237,20260820,OMN,OMN,IRN,IRN,30,30,3,1,4.0,1,1,1,-4.21052631578947,https://nuclear-news.net/2026/08/20/1-b1-delusional-iran-fires-back-at-trumps-make-hormuz-strait-a-territory-of-the-us-ambitions/,0.3,0.7105263157894735,0.4642105263157894,0.4642105263157894
1319094295,20260820,SAU,SAU,IRN,IRN,190,190,19,4,-10.0,2,1,2,-7.50893921334923,https://www.livemint.com/news/world/iran-goes-on-offensive-against-us-amid-hormuz-blockade-what-does-it-mean-if-confrontation-becomes-unavoidable-11787200413077.html,1.0,0.8754469606674615,0.9501787842669847,1.9003575685339693
1319094440,20260820,USA,USA,IRN,IRN,10,10,1,1,0.0,25,13,25,-5.9938185891803,https://en.dailypakistan.com.pk/20-Aug-2026/trump-announces-crushing-economic-operation-against-iran-as-tensions-escalate,0.5,0.799690929459015,0.619876371783606,15.49690929459015
1319094441,20260820,USA,USA,IRN,IRN,46,46,4,1,7.0,10,1,10,-2.76752767527675,https://www.theyeshivaworld.com/news/israel-news/2587744/hormuz-breakthrough-u-s-quietly-moves-millions-of-barrels-of-oil-through-strait-under-fighter-jet-protection.html,0.15,0.6383763837638374,0.345350553505535,3.45350553505535
1319094442,20260820,USA,USA,IRN,IRN,141,141,14,3,-6.5,8,1,8,-4.21052631578947,https://nuclear-news.net/2026/08/20/1-b1-delusional-iran-fires-back-at-trumps-make-hormuz-strait-a-territory-of-the-us-ambitions/,0.825,0.7105263157894735,0.7792105263157894,6.233684210526315
1319094443,20260820,USA,USA,IRN,IRN,141,141,14,3,-6.5,2,1,2,-4.21052631578947,https://nuclear-news.net/2026/08/20/1-b1-delusional-iran-fires-back-at-trumps-make-hormuz-strait-a-territory-of-the-us-ambitions/,0.825,0.7105263157894735,0.7792105263157894,1.5584210526315787
1319094444,20260820,USA,USA,IRN,IRN,190,190,19,4,-10.0,2,1,2,-2.76752767527675,https://www.theyeshivaworld.com/news/israel-news/2587744/hormuz-breakthrough-u-s-quietly-moves-millions-of-barrels-of-oil-through-strait-under-fighter-jet-protection.html,1.0,0.6383763837638374,0.855350553505535,1.71070110701107
1319094445,20260820,USA,USA,IRN,IRN,193,193,19,4,-10.0,2,1,2,-2.76752767527675,https://www.theyeshivaworld.com/news/israel-news/2587744/hormuz-breakthrough-u-s-quietly-moves-millions-of-barrels-of-oil-through-strait-under-fighter-jet-protection.html,1.0,0.6383763837638374,0.855350553505535,1.71070110701107
1319094446,20260820,USA,USA,IRN,IRN,193,193,19,4,-10.0,6,1,6,-2.76752767527675,https://www.theyeshivaworld.com/news/israel-news/2587744/hormuz-breakthrough-u-s-quietly-moves-millions-of-barrels-of-oil-through-strait-under-fighter-jet-protection.html,1.0,0.6383763837638374,0.855350553505535,5.13210332103321
1319095281,20260820,ARE,ARE,IRN,IRN,112,112,11,3,-2.0,16,2,16,-3.34813691507799,https://www.irishtimes.com/business/markets/2026/08/20/oil-advances-as-trump-takes-aim-at-irans-economy/,0.6,0.6674068457538995,0.6269627383015598,10.031403812824957
1319095282,20260820,ARE,ARE,IRN,IRN,130,130,13,3,-4.4,2,1,2,-7.84313725490196,https://asia.nikkei.com/spotlight/iran-tensions/iran-war/trump-warns-of-economic-consequences-for-any-country-that-supports-iran,0.72,0.8921568627450981,0.7888627450980392,1.5777254901960784
1319095649,20260820,IRN,IRN,,,130,130,13,3,-4.4,4,1,4,-7.84313725490196,https://asia.nikkei.com/spotlight/iran-tensions/iran-war/trump-warns-of-economic-consequences-for-any-country-that-supports-iran,0.72,0.8921568627450981,0.7888627450980392,3.155450980392157
1319095650,20260820,IRN,IRN,,,130,130,13,3,-4.4,2,1,2,-7.84313725490196,https://asia.nikkei.com/spotlight/iran-tensions/iran-war/trump-warns-of-economic-consequences-for-any-country-that-supports-iran,0.72,0.8921568627450981,0.7888627450980392,1.5777254901960784
1319095651,20260820,IRN,IRN,,,161,161,16,4,-4.0,10,1,10,-6.59630606860159,https://www.freepressjournal.in/business/oil-prices-rise-for-fifth-straight-session-as-trump-unveils-new-economic-measures-against-iran,0.7,0.8298153034300796,0.7519261213720319,7.519261213720318
1319095652,20260820,IRN,IRN,GOV,,111,111,11,3,-2.0,2,1,2,-3.92749244712991,https://www.heraldscotland.com/politics/viewpoint/26478235.books-explain-politics-society-democracy-feel-broken/,0.6,0.6963746223564955,0.6385498489425983,1.2770996978851965
1319095653,20260820,IRN,IRN,MED,,190,190,19,4,-10.0,10,1,10,0.88888888888889,https://sputnikglobe.com/20260820/south-korean-president-backs-trumps-north-korea-dialogue-push-1124606169.html,1.0,0.45555555555555555,0.7822222222222222,7.822222222222221
1319095654,20260820,IRN,IRN,MIL,,130,130,13,3,-4.4,1,1,1,-4.44444444444444,https://dailypost.ng/2026/08/20/war-iran-losing-patience-preparing-surprise-for-us-khamayar/,0.72,0.722222222222222,0.7208888888888888,0.7208888888888888
1319095655,20260820,IRN,IRN,MIL,,130,130,13,3,-4.4,1,1,1,-4.44444444444444,https://dailypost.ng/2026/08/20/war-iran-losing-patience-preparing-surprise-for-us-khamayar/,0.72,0.722222222222222,0.7208888888888888,0.7208888888888888
1319095656,20260820,IRN,IRN,MOSUAF,,51,51,5,1,3.4,2,1,2,-6.26780626780627,https://www.thecollegefix.com/fired-northwestern-professor-sues-school-citing-retaliation-for-pro-palestinian-activism/,0.32999999999999996,0.8133903133903135,0.5233561253561254,1.0467122507122508
1319095657,20260820,IRN,IRN,USA,USA,20,20,2,1,3.0,17,5,17,-5.62202177584746,https://www.freepressjournal.in/business/oil-prices-rise-for-fifth-straight-session-as-trump-unveils-new-economic-measures-against-iran,0.35,0.781101088792373,0.5224404355169492,8.881487403788135
1319095745,20260820,MED,,IRN,IRN,190,190,19,4,-10.0,10,1,10,0.88888888888889,https://sputnikglobe.com/20260820/south-korean-president-backs-trumps-north-korea-dialogue-push-1124606169.html,1.0,0.45555555555555555,0.7822222222222222,7.822222222222221
1319096017,20260820,USA,USA,IRN,IRN,13,13,1,1,0.4,2,1,2,-7.35294117647058,https://dailypost.ng/2026/08/20/trump-announces-most-crushing-economic-operation-ever-against-iran-issues-warning-to-allies/,0.48,0.867647058823529,0.6350588235294117,1.2701176470588234
1319096018,20260820,USA,USA,IRN,IRN,13,13,1,1,0.4,2,1,2,-7.35294117647058,https://dailypost.ng/2026/08/20/trump-announces-most-crushing-economic-operation-ever-against-iran-issues-warning-to-allies/,0.48,0.867647058823529,0.6350588235294117,1.2701176470588234
1319096019,20260820,USA,USA,IRN,IRN,874,87,8,2,10.0,8,1,8,-6.33484162895927,https://www.reviewjournal.com/opinion/letters/letter-trump-the-ultimate-deconstructionist-3866509/,0.0,0.8167420814479636,0.32669683257918547,2.6135746606334838
1319096020,20260820,USA,USA,IRN,IRN,874,87,8,2,10.0,2,1,2,-6.33484162895927,https://www.reviewjournal.com/opinion/letters/letter-trump-the-ultimate-deconstructionist-3866509/,0.0,0.8167420814479636,0.32669683257918547,0.6533936651583709
1319096073,20260820,USAGOV,USA,IRN,IRN,111,111,11,3,-2.0,10,1,10,-3.92749244712991,https://www.heraldscotland.com/politics/viewpoint/26478235.books-explain-politics-society-democracy-feel-broken/,0.6,0.6963746223564955,0.6385498489425983,6.3854984894259825
1319096994,20260820,FRA,FRA,IRN,IRN,174,174,17,4,-5.0,1,1,1,-4.82654600301659,"http://www.sitkasentinel.com/stories/iran-and-uae-ties-sour-and-other-major-developments-in-the-middle-east,164880",0.75,0.7413273001508295,0.7465309200603318,0.7465309200603318
1319096995,20260820,FRA,FRA,IRNGOV,IRN,174,174,17,4,-5.0,6,1,6,-4.82654600301659,"http://www.sitkasentinel.com/stories/iran-and-uae-ties-sour-and-other-major-developments-in-the-middle-east,164880",0.75,0.7413273001508295,0.7465309200603318,4.479185520361991
1319097101,20260820,GOV,,IRN,IRN,110,110,11,3,-2.0,8,1,8,-1.61030595813204,https://www.thehindubusinessline.com/markets/nifty-snaps-seven-session-losing-streak-it-leads-gains-as-bond-yield-relief-lifts-sentiment/article71367706.ece,0.6,0.580515297906602,0.5922061191626408,4.737648953301126
1319097231,20260820,IRN,IRN,,,16,16,1,1,-2.0,1,1,1,-4.82654600301659,"http://www.sitkasentinel.com/stories/iran-and-uae-ties-sour-and-other-major-developments-in-the-middle-east,164880",0.6,0.7413273001508295,0.6565309200603318,0.6565309200603318
1319097232,20260820,IRN,IRN,,,16,16,1,1,-2.0,1,1,1,-4.82654600301659,"http://www.sitkasentinel.com/stories/iran-and-uae-ties-sour-and-other-major-developments-in-the-middle-east,164880",0.6,0.7413273001508295,0.6565309200603318,0.6565309200603318
1319097233,20260820,IRN,IRN,ISR,ISR,190,190,19,4,-10.0,2,1,2,-6.83453237410072,https://www.thehindu.com/data/erratic-trump-left-with-few-exits-in-iran-war/article71366473.ece,1.0,0.8417266187050358,0.9366906474820144,1.8733812949640287
1319097234,20260820,IRNGOV,IRN,IRN,IRN,110,110,11,3,-2.0,2,1,2,-1.61030595813204,https://www.thehindubusinessline.com/markets/nifty-snaps-seven-session-losing-streak-it-leads-gains-as-bond-yield-relief-lifts-sentiment/article71367706.ece,0.6,0.580515297906602,0.5922061191626408,1.1844122383252815
1319097235,20260820,IRNGOV,IRN,IRN,IRN,130,130,13,3,-4.4,16,4,14,-6.18855806687248,https://www.dw.com/en/middle-east-updates-trump-warns-economic-consequences-for-nations-helping-iran/live-78438056,0.72,0.809427903343624,0.7557711613374496,12.092338581399193
1319097236,20260820,IRNMIL,IRN,MIL,,12,12,1,1,-0.4,5,1,5,-8.57699805068229,https://www.newsx.com/world/trump-unleashes-economic-d-day-on-iran-as-us-war-toll-reaches-757-wounded-18-dead-262389/,0.52,0.9288499025341146,0.6835399610136459,3.4176998050682297
1319097241,20260820,IRQ,IRQ,IRN,IRN,51,51,5,1,3.4,4,2,4,-1.88135810789128,"http://www.sitkasentinel.com/stories/iran-and-uae-ties-sour-and-other-major-developments-in-the-middle-east,164880",0.32999999999999996,0.594067905394564,0.4356271621578256,1.7425086486313024
1319097242,20260820,IRQ,IRQ,IRN,IRN,51,51,5,1,3.4,2,1,2,-4.82654600301659,"http://www.sitkasentinel.com/stories/iran-and-uae-ties-sour-and-other-major-developments-in-the-middle-east,164880",0.32999999999999996,0.7413273001508295,0.49453092006033184,0.9890618401206637
1319097250,20260820,ISR,ISR,IRN,IRN,10,10,1,1,0.0,2,1,2,-6.83453237410072,https://www.thehindu.com/data/erratic-trump-left-with-few-exits-in-iran-war/article71366473.ece,0.5,0.8417266187050358,0.6366906474820144,1.2733812949640289
1319097251,20260820,ISR,ISR,IRN,IRN,10,10,1,1,0.0,2,1,2,-6.83453237410072,https://www.thehindu.com/data/erratic-trump-left-with-few-exits-in-iran-war/article71366473.ece,0.5,0.8417266187050358,0.6366906474820144,1.2733812949640289
1319097496,20260820,RUS,RUS,IRN,IRN,10,10,1,1,0.0,8,1,8,-6.26118067978533,https://www.thenationalnews.com/news/us/2026/08/19/iran-sanctions-dispute-paralyses-un-security-council-in-record-eight-month-deadlock/,0.5,0.8130590339892665,0.6252236135957066,5.001788908765652
1319097639,20260820,USA,USA,IRN,IRN,20,20,2,1,3.0,25,4,25,-6.31823470091765,https://www.dw.com/en/middle-east-updates-trump-warns-economic-consequences-for-nations-helping-iran/live-78438056,0.35,0.8159117350458824,0.536364694018353,13.409117350458825
1319097640,20260820,USA,USA,IRN,IRN,51,51,5,1,3.4,13,2,13,-6.16141275205443,https://www.dw.com/en/middle-east-updates-trump-warns-economic-consequences-for-nations-helping-iran/live-78438056,0.32999999999999996,0.8080706376027216,0.5212282550410886,6.775967315534152
1319098914,20260820,GOV,,IRN,IRN,20,20,2,1,3.0,4,2,4,-7.97439637011827,http://www.reflector.com/opinion/editorials/editorial-trump-decoy-flight-sums-up-war-with-iran/article_862d7490-f7aa-47d3-a5f1-7ce435cd82a9.html,0.35,0.8987198185059135,0.5694879274023654,2.2779517096094617
1319098915,20260820,GOV,,IRN,IRN,20,20,2,1,3.0,6,3,6,-7.85249613080347,http://www.reflector.com/opinion/editorials/editorial-trump-decoy-flight-sums-up-war-with-iran/article_862d7490-f7aa-47d3-a5f1-7ce435cd82a9.html,0.35,0.8926248065401735,0.5670499226160695,3.4022995356964167
1319098916,20260820,GOV,,IRNGOV,IRN,20,20,2,1,3.0,18,3,18,-7.85249613080347,http://www.reflector.com/opinion/editorials/editorial-trump-decoy-flight-sums-up-war-with-iran/article_862d7490-f7aa-47d3-a5f1-7ce435cd82a9.html,0.35,0.8926248065401735,0.5670499226160695,10.20689860708925
1319099003,20260820,IRN,IRN,,,256,25,2,1,-0.3,10,1,10,-1.73515981735159,https://www.juancole.com/2026/08/mecca-security-about.html,0.515,0.5867579908675795,0.5437031963470318,5.437031963470318
1319099004,20260820,IRN,IRN,,,831,83,8,2,5.0,25,3,25,-7.85249613080347,http://www.reflector.com/opinion/editorials/editorial-trump-decoy-flight-sums-up-war-with-iran/article_862d7490-f7aa-47d3-a5f1-7ce435cd82a9.html,0.25,0.8926248065401735,0.5070499226160694,12.676248065401735
1319099005,20260820,IRN,IRN,COP,,186,186,18,4,-10.0,21,3,21,-7.85249613080347,http://www.reflector.com/opinion/editorials/editorial-trump-decoy-flight-sums-up-war-with-iran/article_862d7490-f7aa-47d3-a5f1-7ce435cd82a9.html,1.0,0.8926248065401735,0.9570499226160694,20.098048374937456
1319099006,20260820,IRN,IRN,COP,,186,186,18,4,-10.0,1,1,1,-8.23529411764706,http://www.reflector.com/opinion/editorials/editorial-trump-decoy-flight-sums-up-war-with-iran/article_862d7490-f7aa-47d3-a5f1-7ce435cd82a9.html,1.0,0.9117647058823529,0.9647058823529412,0.9647058823529412
1319099007,20260820,IRN,IRN,GOV,,12,12,1,1,-0.4,28,3,28,-7.85249613080347,http://www.reflector.com/opinion/editorials/editorial-trump-decoy-flight-sums-up-war-with-iran/article_862d7490-f7aa-47d3-a5f1-7ce435cd82a9.html,0.52,0.8926248065401735,0.6690499226160694,18.733397833249946
1319099008,20260820,IRN,IRN,GOV,,181,181,18,4,-9.0,28,3,28,-7.85249613080347,http://www.reflector.com/opinion/editorials/editorial-trump-decoy-flight-sums-up-war-with-iran/article_862d7490-f7aa-47d3-a5f1-7ce435cd82a9.html,0.95,0.8926248065401735,0.9270499226160693,25.957397833249942
1319099009,20260820,IRN,IRN,ISR,ISR,42,42,4,1,1.9,1,1,1,2.53164556962025,https://www.postnewsgroup.com/from-palestine-to-oakland-seeds-for-liberation-examines-shared-struggles-for-freedom/,0.40499999999999997,0.3734177215189875,0.39236708860759495,0.39236708860759495
1319099010,20260820,IRN,IRN,ISR,ISR,42,42,4,1,1.9,1,1,1,2.53164556962025,https://www.postnewsgroup.com/from-palestine-to-oakland-seeds-for-liberation-examines-shared-struggles-for-freedom/,0.40499999999999997,0.3734177215189875,0.39236708860759495,0.39236708860759495
1319099011,20260820,IRN,IRN,MIL,,60,60,6,2,6.0,2,1,2,-4.0650406504065,https://www.presstv.co.uk/Detail/2026/08/20/774701/Iraq-Iran-war-United-States-Israel,0.2,0.703252032520325,0.40130081300813,0.80260162601626
1319099012,20260820,IRN,IRN,MIL,,60,60,6,2,6.0,2,1,2,-4.0650406504065,https://www.presstv.co.uk/Detail/2026/08/20/774701/Iraq-Iran-war-United-States-Israel,0.2,0.703252032520325,0.40130081300813,0.80260162601626
1319099013,20260820,IRN,IRN,MIL,,186,186,18,4,-10.0,21,3,21,-7.85249613080347,http://www.reflector.com/opinion/editorials/editorial-trump-decoy-flight-sums-up-war-with-iran/article_862d7490-f7aa-47d3-a5f1-7ce435cd82a9.html,1.0,0.8926248065401735,0.9570499226160694,20.098048374937456
1319099014,20260820,IRN,IRN,MIL,,186,186,18,4,-10.0,1,1,1,-8.23529411764706,http://www.reflector.com/opinion/editorials/editorial-trump-decoy-flight-sums-up-war-with-iran/article_862d7490-f7aa-47d3-a5f1-7ce435cd82a9.html,1.0,0.9117647058823529,0.9647058823529412,0.9647058823529412
1319099015,20260820,IRN,IRN,PAK,PAK,42,42,4,1,1.9,6,1,6,-1.73515981735159,https://www.juancole.com/2026/08/mecca-security-about.html,0.40499999999999997,0.5867579908675795,0.4777031963470318,2.866219178082191
1319099016,20260820,IRN,IRN,PAK,PAK,42,42,4,1,1.9,4,1,4,-1.73515981735159,https://www.juancole.com/2026/08/mecca-security-about.html,0.40499999999999997,0.5867579908675795,0.4777031963470318,1.9108127853881272
1319099017,20260820,IRN,IRN,PGS,PGS,130,130,13,3,-4.4,11,2,11,-3.4438106477839,https://www.presstv.co.uk/Detail/2026/08/20/774701/Iraq-Iran-war-United-States-Israel,0.72,0.672190532389195,0.700876212955678,7.709638342512458
1319099018,20260820,IRN,IRN,PGS,PGS,130,130,13,3,-4.4,1,1,1,-4.0650406504065,https://www.presstv.co.uk/Detail/2026/08/20/774701/Iraq-Iran-war-United-States-Israel,0.72,0.703252032520325,0.71330081300813,0.71330081300813
1319099019,20260820,IRN,IRN,PGS,PGS,130,130,13,3,-4.4,2,1,2,-4.0650406504065,https://www.presstv.co.uk/Detail/2026/08/20/774701/Iraq-Iran-war-United-States-Israel,0.72,0.703252032520325,0.71330081300813,1.42660162601626
1319099020,20260820,IRN,IRN,PSE,PSE,42,42,4,1,1.9,1,1,1,2.53164556962025,https://www.postnewsgroup.com/from-palestine-to-oakland-seeds-for-liberation-examines-shared-struggles-for-freedom/,0.40499999999999997,0.3734177215189875,0.39236708860759495,0.39236708860759495
1319099021,20260820,IRN,IRN,PSE,PSE,42,42,4,1,1.9,1,1,1,2.53164556962025,https://www.postnewsgroup.com/from-palestine-to-oakland-seeds-for-liberation-examines-shared-struggles-for-freedom/,0.40499999999999997,0.3734177215189875,0.39236708860759495,0.39236708860759495
1319099022,20260820,IRN,IRN,SAU,SAU,42,42,4,1,1.9,8,1,8,-1.73515981735159,https://www.juancole.com/2026/08/mecca-security-about.html,0.40499999999999997,0.5867579908675795,0.4777031963470318,3.8216255707762543
1319099023,20260820,IRN,IRN,SAU,SAU,42,42,4,1,1.9,2,1,2,-1.73515981735159,https://www.juancole.com/2026/08/mecca-security-about.html,0.40499999999999997,0.5867579908675795,0.4777031963470318,0.9554063926940636
1319099024,20260820,IRN,IRN,TUR,TUR,42,42,4,1,1.9,4,1,4,-1.73515981735159,https://www.juancole.com/2026/08/mecca-security-about.html,0.40499999999999997,0.5867579908675795,0.4777031963470318,1.9108127853881272
1319099025,20260820,IRN,IRN,TUR,TUR,42,42,4,1,1.9,6,1,6,-1.73515981735159,https://www.juancole.com/2026/08/mecca-security-about.html,0.40499999999999997,0.5867579908675795,0.4777031963470318,2.866219178082191
1319099026,20260820,IRNMIL,IRN,MIL,,60,60,6,2,6.0,6,1,6,-4.0650406504065,https://www.presstv.co.uk/Detail/2026/08/20/774701/Iraq-Iran-war-United-States-Israel,0.2,0.703252032520325,0.40130081300813,2.40780487804878
1319099027,20260820,IRNMIL,IRN,PGS,PGS,130,130,13,3,-4.4,6,1,6,-4.0650406504065,https://www.presstv.co.uk/Detail/2026/08/20/774701/Iraq-Iran-war-United-States-Israel,0.72,0.703252032520325,0.71330081300813,4.27980487804878
1319099034,20260820,ISR,ISR,IRN,IRN,43,43,4,1,2.8,1,1,1,2.53164556962025,https://www.postnewsgroup.com/from-palestine-to-oakland-seeds-for-liberation-examines-shared-struggles-for-freedom/,0.36,0.3734177215189875,0.36536708860759504,0.36536708860759504
1319099035,20260820,ISR,ISR,IRN,IRN,43,43,4,1,2.8,1,1,1,2.53164556962025,https://www.postnewsgroup.com/from-palestine-to-oakland-seeds-for-liberation-examines-shared-struggles-for-freedom/,0.36,0.3734177215189875,0.36536708860759504,0.36536708860759504
1319099243,20260820,PAK,PAK,IRN,IRN,43,43,4,1,2.8,6,1,6,-1.73515981735159,https://www.juancole.com/2026/08/mecca-security-about.html,0.36,0.5867579908675795,0.4507031963470318,2.704219178082191
1319099244,20260820,PAK,PAK,IRN,IRN,43,43,4,1,2.8,4,1,4,-1.73515981735159,https://www.juancole.com/2026/08/mecca-security-about.html,0.36,0.5867579908675795,0.4507031963470318,1.8028127853881273
1319099284,20260820,PSE,PSE,IRN,IRN,43,43,4,1,2.8,1,1,1,2.53164556962025,https://www.postnewsgroup.com/from-palestine-to-oakland-seeds-for-liberation-examines-shared-struggles-for-freedom/,0.36,0.3734177215189875,0.36536708860759504,0.36536708860759504
1319099285,20260820,PSE,PSE,IRN,IRN,43,43,4,1,2.8,1,1,1,2.53164556962025,https://www.postnewsgroup.com/from-palestine-to-oakland-seeds-for-liberation-examines-shared-struggles-for-freedom/,0.36,0.3734177215189875,0.36536708860759504,0.36536708860759504
1319099317,20260820,SAU,SAU,IRN,IRN,43,43,4,1,2.8,8,1,8,-1.73515981735159,https://www.juancole.com/2026/08/mecca-security-about.html,0.36,0.5867579908675795,0.4507031963470318,3.6056255707762546
1319099318,20260820,SAU,SAU,IRN,IRN,43,43,4,1,2.8,2,1,2,-1.73515981735159,https://www.juancole.com/2026/08/mecca-security-about.html,0.36,0.5867579908675795,0.4507031963470318,0.9014063926940636
1319099363,20260820,TUR,TUR,IRN,IRN,43,43,4,1,2.8,4,1,4,-1.73515981735159,https://www.juancole.com/2026/08/mecca-security-about.html,0.36,0.5867579908675795,0.4507031963470318,1.8028127853881273
1319099364,20260820,TUR,TUR,IRN,IRN,43,43,4,1,2.8,6,1,6,-1.73515981735159,https://www.juancole.com/2026/08/mecca-security-about.html,0.36,0.5867579908675795,0.4507031963470318,2.704219178082191
1319100270,20260820,,,IRN,IRN,172,172,17,4,-5.0,4,1,4,-5.46932742054693,https://peakoil.com/publicpolicy/has-trump-turned-the-tables-on-iran-or-is-another-round-of-war-coming,0.75,0.7734663710273465,0.7593865484109386,3.0375461936437542
1319100463,20260820,CHN,CHN,IRN,IRN,46,46,4,1,7.0,1,1,1,-5.19480519480519,https://cyprus-mail.com/2026/08/20/trump-threatens-to-destroy-countries-that-provide-lifeline-to-iran,0.15,0.7597402597402596,0.39389610389610386,0.39389610389610386
1319100464,20260820,CHN,CHN,IRN,IRN,46,46,4,1,7.0,2,1,2,-5.19480519480519,https://cyprus-mail.com/2026/08/20/trump-threatens-to-destroy-countries-that-provide-lifeline-to-iran,0.15,0.7597402597402596,0.39389610389610386,0.7877922077922077
1319100719,20260820,GOV,,IRN,IRN,40,40,4,1,1.0,2,1,2,-5.19480519480519,https://cyprus-mail.com/2026/08/20/trump-threatens-to-destroy-countries-that-provide-lifeline-to-iran,0.45,0.7597402597402596,0.5738961038961039,1.1477922077922078
1319100764,20260820,GOVMIL,,IRN,IRN,10,10,1,1,0.0,1,1,1,-5.19480519480519,https://cyprus-mail.com/2026/08/20/trump-threatens-to-destroy-countries-that-provide-lifeline-to-iran,0.5,0.7597402597402596,0.6038961038961039,0.6038961038961039
1319100815,20260820,IRN,IRN,,,12,12,1,1,-0.4,68,17,63,-4.64601849768493,https://peakoil.com/publicpolicy/has-trump-turned-the-tables-on-iran-or-is-another-round-of-war-coming,0.52,0.7323009248842466,0.6049203699536987,41.134585156851514
1319100816,20260820,IRN,IRN,,,61,61,6,2,6.4,86,7,47,-5.53372768519539,https://peakoil.com/publicpolicy/has-trump-turned-the-tables-on-iran-or-is-another-round-of-war-coming,0.18,0.7766863842597695,0.4186745537039078,36.00601161853607
1319100817,20260820,IRN,IRN,,,172,172,17,4,-5.0,66,5,46,-6.08714787603715,https://peakoil.com/publicpolicy/has-trump-turned-the-tables-on-iran-or-is-another-round-of-war-coming,0.75,0.8043573938018576,0.7717429575207431,50.93503519636904
1319100818,20260820,IRN,IRN,CHN,CHN,46,46,4,1,7.0,1,1,1,-5.19480519480519,https://cyprus-mail.com/2026/08/20/trump-threatens-to-destroy-countries-that-provide-lifeline-to-iran,0.15,0.7597402597402596,0.39389610389610386,0.39389610389610386
1319100819,20260820,IRN,IRN,CHN,CHN,46,46,4,1,7.0,2,1,2,-5.19480519480519,https://cyprus-mail.com/2026/08/20/trump-threatens-to-destroy-countries-that-provide-lifeline-to-iran,0.15,0.7597402597402596,0.39389610389610386,0.7877922077922077
1319100820,20260820,IRN,IRN,ISR,ISR,81,81,8,2,5.0,16,2,16,-6.65703910553067,http://www.philippinetimes.com/news/279252907/west-bank-israel-backed-settler-violence-drives-displacement,0.25,0.8328519552765336,0.4831407821106134,7.730252513769814
1319100821,20260820,IRN,IRN,ISR,ISR,81,81,8,2,5.0,4,2,4,-6.65703910553067,http://www.philippinetimes.com/news/279252907/west-bank-israel-backed-settler-violence-drives-displacement,0.25,0.8328519552765336,0.4831407821106134,1.9325631284424536
1319100822,20260820,IRN,IRN,ISRSET,ISR,100,100,10,3,-5.0,4,2,4,-6.65703910553067,http://www.philippinetimes.com/news/279252907/west-bank-israel-backed-settler-violence-drives-displacement,0.75,0.8328519552765336,0.7831407821106133,3.1325631284424533
1319100823,20260820,IRN,IRN,PAK,PAK,42,42,4,1,1.9,6,1,6,-5.46932742054693,https://peakoil.com/publicpolicy/has-trump-turned-the-tables-on-iran-or-is-another-round-of-war-coming,0.40499999999999997,0.7734663710273465,0.5523865484109386,3.3143192904656313
1319100824,20260820,IRN,IRN,PAK,PAK,42,42,4,1,1.9,2,1,2,-5.46932742054693,https://peakoil.com/publicpolicy/has-trump-turned-the-tables-on-iran-or-is-another-round-of-war-coming,0.40499999999999997,0.7734663710273465,0.5523865484109386,1.1047730968218772
1319100825,20260820,IRN,IRN,PAK,PAK,42,42,4,1,1.9,2,1,2,-5.46932742054693,https://peakoil.com/publicpolicy/has-trump-turned-the-tables-on-iran-or-is-another-round-of-war-coming,0.40499999999999997,0.7734663710273465,0.5523865484109386,1.1047730968218772
1319100826,20260820,IRN,IRN,USA,USA,12,12,1,1,-0.4,85,24,85,-5.94820323498942,https://peakoil.com/publicpolicy/has-trump-turned-the-tables-on-iran-or-is-another-round-of-war-coming,0.52,0.7974101617494711,0.6309640646997885,53.63194549948202
1319100827,20260820,IRN,IRN,USA,USA,12,12,1,1,-0.4,4,2,4,-8.33575660644837,https://peakoil.com/publicpolicy/has-trump-turned-the-tables-on-iran-or-is-another-round-of-war-coming,0.52,0.9167878303224185,0.6787151321289675,2.71486052851587
1319100828,20260820,IRN,IRN,USA,USA,12,12,1,1,-0.4,4,2,4,-6.61307041886883,https://peakoil.com/publicpolicy/has-trump-turned-the-tables-on-iran-or-is-another-round-of-war-coming,0.52,0.8306535209434415,0.6442614083773766,2.577045633509506
1319100829,20260820,IRN,IRN,USA,USA,80,80,8,2,5.0,7,5,7,-4.04189768922678,https://peakoil.com/publicpolicy/has-trump-turned-the-tables-on-iran-or-is-another-round-of-war-coming,0.25,0.7020948844613389,0.4308379537845356,3.015865676491749
1319100830,20260820,IRN,IRN,USA,USA,80,80,8,2,5.0,8,1,8,-5.46932742054693,https://peakoil.com/publicpolicy/has-trump-turned-the-tables-on-iran-or-is-another-round-of-war-coming,0.25,0.7734663710273465,0.4593865484109386,3.675092387287509
1319100831,20260820,IRNGOV,IRN,IRN,IRN,871,87,8,2,9.0,1,1,1,-5.46932742054693,https://peakoil.com/publicpolicy/has-trump-turned-the-tables-on-iran-or-is-another-round-of-war-coming,0.05,0.7734663710273465,0.3393865484109386,0.3393865484109386
1319100832,20260820,IRNGOV,IRN,IRN,IRN,871,87,8,2,9.0,1,1,1,-5.46932742054693,https://peakoil.com/publicpolicy/has-trump-turned-the-tables-on-iran-or-is-another-round-of-war-coming,0.05,0.7734663710273465,0.3393865484109386,0.3393865484109386
1319100833,20260820,IRNGOV,IRN,IRN,IRN,174,174,17,4,-5.0,3,1,3,-5.14440433212997,https://www.thehindu.com/news/international/quiet-channel-between-ice-and-iran-shaped-deportation-flights-newly-released-emails-show/article71367966.ece,0.75,0.7572202166064985,0.7528880866425993,2.258664259927798
1319100834,20260820,IRNGOV,IRN,IRN,IRN,190,190,19,4,-10.0,1,1,1,-5.46932742054693,https://peakoil.com/publicpolicy/has-trump-turned-the-tables-on-iran-or-is-another-round-of-war-coming,1.0,0.7734663710273465,0.9093865484109386,0.9093865484109386
1319100835,20260820,IRNGOV,IRN,IRN,IRN,190,190,19,4,-10.0,1,1,1,-5.46932742054693,https://peakoil.com/publicpolicy/has-trump-turned-the-tables-on-iran-or-is-another-round-of-war-coming,1.0,0.7734663710273465,0.9093865484109386,0.9093865484109386
1319100842,20260820,ISR,ISR,IRN,IRN,52,52,5,1,3.5,10,1,10,-5.74162679425838,https://www.johnstonsunrise.net/opinion/steer-clear/article_dcf61ecc-2827-4c71-9cce-460ca9c9efdb.html,0.325,0.787081339712919,0.5098325358851676,5.098325358851676
1319100916,20260820,KOR,KOR,IRN,IRN,120,120,12,3,-4.0,5,1,5,2.21565731166913,https://www.ironmountaindailynews.com/opinion/2026/08/kim-jong-un-is-not-our-friend/,0.7,0.3892171344165435,0.5756868537666173,2.878434268833087
1319101072,20260820,PAK,PAK,IRN,IRN,43,43,4,1,2.8,10,2,10,-2.29262048826954,https://peakoil.com/publicpolicy/has-trump-turned-the-tables-on-iran-or-is-another-round-of-war-coming,0.36,0.614631024413477,0.46185240976539077,4.618524097653908
1319101073,20260820,PAK,PAK,IRN,IRN,43,43,4,1,2.8,2,1,2,-5.46932742054693,https://peakoil.com/publicpolicy/has-trump-turned-the-tables-on-iran-or-is-another-round-of-war-coming,0.36,0.7734663710273465,0.5253865484109386,1.0507730968218771
1319101074,20260820,PAK,PAK,IRN,IRN,43,43,4,1,2.8,2,1,2,-5.46932742054693,https://peakoil.com/publicpolicy/has-trump-turned-the-tables-on-iran-or-is-another-round-of-war-coming,0.36,0.7734663710273465,0.5253865484109386,1.0507730968218771
1319101271,20260820,USA,USA,IRN,IRN,90,90,9,2,-2.0,2,1,2,-5.46932742054693,https://peakoil.com/publicpolicy/has-trump-turned-the-tables-on-iran-or-is-another-round-of-war-coming,0.6,0.7734663710273465,0.6693865484109386,1.3387730968218772
1319101272,20260820,USA,USA,IRN,IRN,90,90,9,2,-2.0,4,1,4,-5.46932742054693,https://peakoil.com/publicpolicy/has-trump-turned-the-tables-on-iran-or-is-another-round-of-war-coming,0.6,0.7734663710273465,0.6693865484109386,2.6775461936437543
1319101273,20260820,USA,USA,IRN,IRN,90,90,9,2,-2.0,4,1,4,-5.46932742054693,https://peakoil.com/publicpolicy/has-trump-turned-the-tables-on-iran-or-is-another-round-of-war-coming,0.6,0.7734663710273465,0.6693865484109386,2.6775461936437543
1319101274,20260820,USA,USA,IRN,IRN,120,120,12,3,-4.0,1,1,1,-5.46932742054693,https://peakoil.com/publicpolicy/has-trump-turned-the-tables-on-iran-or-is-another-round-of-war-coming,0.7,0.7734663710273465,0.7293865484109385,0.7293865484109385
1319101275,20260820,USA,USA,IRN,IRN,120,120,12,3,-4.0,27,14,27,-5.65198848516367,https://peakoil.com/publicpolicy/has-trump-turned-the-tables-on-iran-or-is-another-round-of-war-coming,0.7,0.7825994242581835,0.7330397697032733,19.79207378198838
1319101276,20260820,USA,USA,IRN,IRN,174,174,17,4,-5.0,6,2,6,-5.19409729026002,https://www.thehindu.com/news/international/quiet-channel-between-ice-and-iran-shaped-deportation-flights-newly-released-emails-show/article71367966.ece,0.75,0.759704864513001,0.7538819458052004,4.523291674831203
1319102292,20260820,,,IRN,IRN,42,42,4,1,1.9,12,2,12,-4.63640424343941,https://www.middle-east-online.com/en/khamenei%E2%80%99s-security-reshuffle-points-longer-us-standoff,0.40499999999999997,0.7318202121719705,0.5357280848687882,6.428737018425458
1319102738,20260820,GOV,,IRN,IRN,10,10,1,1,0.0,3,1,3,-4.69798657718121,https://www.i24news.tv/en/news/middle-east/the-gulf/artc-trump-s-iran-squeeze-hinges-on-uae-crackdown-on-dubai-financial-networks-report,0.5,0.7348993288590605,0.5939597315436242,1.7818791946308727
1319102811,20260820,IRN,IRN,MIL,,42,42,4,1,1.9,4,1,4,-2.48888888888889,https://www.middle-east-online.com/en/khamenei%E2%80%99s-security-reshuffle-points-longer-us-standoff,0.40499999999999997,0.6244444444444446,0.4927777777777778,1.9711111111111113
1319102812,20260820,IRN,IRN,USA,USA,30,30,3,1,4.0,2,1,2,-2.48888888888889,https://www.middle-east-online.com/en/khamenei%E2%80%99s-security-reshuffle-points-longer-us-standoff,0.3,0.6244444444444446,0.4297777777777778,0.8595555555555556
1319102813,20260820,IRN,IRN,USA,USA,30,30,3,1,4.0,2,1,2,-2.48888888888889,https://www.middle-east-online.com/en/khamenei%E2%80%99s-security-reshuffle-points-longer-us-standoff,0.3,0.6244444444444446,0.4297777777777778,0.8595555555555556
1319102814,20260820,IRN,IRN,USA,USA,30,30,3,1,4.0,4,1,4,-2.48888888888889,https://www.middle-east-online.com/en/khamenei%E2%80%99s-security-reshuffle-points-longer-us-standoff,0.3,0.6244444444444446,0.4297777777777778,1.7191111111111113
1319102815,20260820,IRN,IRN,USA,USA,100,100,10,3,-5.0,11,11,11,-2.87107923709912,https://www.thehindubusinessline.com/news/world/us-opens-secret-oil-shipping-corridor-exporting-about-10-million-barrels-a-day-amid-iran-stalemate-report/article71368005.ece,0.75,0.6435539618549561,0.7074215847419825,7.781637432161807
1319102816,20260820,IRN,IRN,USA,USA,100,100,10,3,-5.0,13,12,13,-3.46803947368457,https://www.thehindubusinessline.com/news/world/us-opens-secret-oil-shipping-corridor-exporting-about-10-million-barrels-a-day-amid-iran-stalemate-report/article71368005.ece,0.75,0.6734019736842285,0.7193607894736913,9.351690263157987
1319102817,20260820,IRN,IRN,USA,USA,111,111,11,3,-2.0,14,2,12,-4.66262073161457,https://www.middle-east-online.com/en/khamenei%E2%80%99s-security-reshuffle-points-longer-us-standoff,0.6,0.7331310365807285,0.6532524146322913,9.145533804852079
1319102818,20260820,IRN,IRN,USA,USA,138,138,13,3,-7.0,1,1,1,-2.48888888888889,https://www.middle-east-online.com/en/khamenei%E2%80%99s-security-reshuffle-points-longer-us-standoff,0.85,0.6244444444444446,0.7597777777777779,0.7597777777777779
1319102819,20260820,IRN,IRN,USA,USA,138,138,13,3,-7.0,1,1,1,-2.48888888888889,https://www.middle-east-online.com/en/khamenei%E2%80%99s-security-reshuffle-points-longer-us-standoff,0.85,0.6244444444444446,0.7597777777777779,0.7597777777777779
1319102820,20260820,IRNGOV,IRN,IRN,IRN,10,10,1,1,0.0,1,1,1,-4.69798657718121,https://www.i24news.tv/en/news/middle-east/the-gulf/artc-trump-s-iran-squeeze-hinges-on-uae-crackdown-on-dubai-financial-networks-report,0.5,0.7348993288590605,0.5939597315436242,0.5939597315436242
1319102821,20260820,IRNGOV,IRN,IRN,IRN,10,10,1,1,0.0,1,1,1,-4.69798657718121,https://www.i24news.tv/en/news/middle-east/the-gulf/artc-trump-s-iran-squeeze-hinges-on-uae-crackdown-on-dubai-financial-networks-report,0.5,0.7348993288590605,0.5939597315436242,0.5939597315436242
1319102822,20260820,IRNGOV,IRN,IRN,IRN,20,20,2,1,3.0,1,1,1,-3.34987593052109,https://townhall.com/columnists/derekhunter/2026/08/20/heres-trumps-problem-with-iran-n2681542,0.35,0.6674937965260546,0.47699751861042183,0.47699751861042183
1319102891,20260820,KOR,KOR,IRN,IRN,20,20,2,1,3.0,2,2,2,0.021830075445495,https://www.prokerala.com/news/articles/a1802497.html,0.35,0.49890849622772526,0.40956339849109014,0.8191267969821803
1319102892,20260820,KOR,KOR,IRN,IRN,30,30,3,1,4.0,1,1,1,1.27931769722815,https://www.prokerala.com/news/articles/a1802497.html,0.3,0.4360341151385925,0.354413646055437,0.354413646055437
1319102971,20260820,MIL,,IRN,IRN,43,43,4,1,2.8,4,1,4,-2.48888888888889,https://www.middle-east-online.com/en/khamenei%E2%80%99s-security-reshuffle-points-longer-us-standoff,0.36,0.6244444444444446,0.46577777777777785,1.8631111111111114
1319103187,20260820,USA,USA,IRN,IRN,13,13,1,1,0.4,1,1,1,-2.48888888888889,https://www.middle-east-online.com/en/khamenei%E2%80%99s-security-reshuffle-points-longer-us-standoff,0.48,0.6244444444444446,0.5377777777777778,0.5377777777777778
1319103188,20260820,USA,USA,IRN,IRN,20,20,2,1,3.0,2,1,2,-4.69798657718121,https://www.i24news.tv/en/news/middle-east/the-gulf/artc-trump-s-iran-squeeze-hinges-on-uae-crackdown-on-dubai-financial-networks-report,0.35,0.7348993288590605,0.5039597315436242,1.0079194630872483
1319103189,20260820,USA,USA,IRN,IRN,30,30,3,1,4.0,2,1,2,-2.48888888888889,https://www.middle-east-online.com/en/khamenei%E2%80%99s-security-reshuffle-points-longer-us-standoff,0.3,0.6244444444444446,0.4297777777777778,0.8595555555555556
1319103190,20260820,USA,USA,IRN,IRN,30,30,3,1,4.0,2,1,2,-2.48888888888889,https://www.middle-east-online.com/en/khamenei%E2%80%99s-security-reshuffle-points-longer-us-standoff,0.3,0.6244444444444446,0.4297777777777778,0.8595555555555556
1319103191,20260820,USA,USA,IRN,IRN,30,30,3,1,4.0,4,1,4,-2.48888888888889,https://www.middle-east-online.com/en/khamenei%E2%80%99s-security-reshuffle-points-longer-us-standoff,0.3,0.6244444444444446,0.4297777777777778,1.7191111111111113
1319103192,20260820,USA,USA,IRN,IRN,173,173,17,4,-5.0,8,1,8,-0.5524861878453,https://www.olneyenterprise.com/news/state-capital-highlights-37,0.75,0.527624309392265,0.661049723756906,5.288397790055248
1319103193,20260820,USA,USA,IRN,IRN,173,173,17,4,-5.0,2,1,2,-0.5524861878453,https://www.olneyenterprise.com/news/state-capital-highlights-37,0.75,0.527624309392265,0.661049723756906,1.322099447513812
1319103194,20260820,USA,USA,IRN,IRN,190,190,19,4,-10.0,1,1,1,-2.48888888888889,https://www.middle-east-online.com/en/khamenei%E2%80%99s-security-reshuffle-points-longer-us-standoff,1.0,0.6244444444444446,0.8497777777777779,0.8497777777777779
1319103195,20260820,USA,USA,IRN,IRN,190,190,19,4,-10.0,3,1,3,-2.48888888888889,https://www.middle-east-online.com/en/khamenei%E2%80%99s-security-reshuffle-points-longer-us-standoff,1.0,0.6244444444444446,0.8497777777777779,2.5493333333333337
1319104015,20260820,BUS,,IRN,IRN,42,42,4,1,1.9,4,1,4,-4.43925233644859,https://english.aawsat.com/world/5309049-nato-prepared-address-iranian-threats-extending-europe,0.40499999999999997,0.7219626168224295,0.5317850467289718,2.127140186915887
1319104054,20260820,COP,,IRN,IRN,10,10,1,1,0.0,3,1,3,-4.43925233644859,https://english.aawsat.com/world/5309049-nato-prepared-address-iranian-threats-extending-europe,0.5,0.7219626168224295,0.5887850467289718,1.7663551401869153
1319104055,20260820,COP,,IRN,IRN,13,13,1,1,0.4,2,1,2,-4.43925233644859,https://english.aawsat.com/world/5309049-nato-prepared-address-iranian-threats-extending-europe,0.48,0.7219626168224295,0.5767850467289718,1.1535700934579436
1319104315,20260820,IGOWSTNAT,WST,IRN,IRN,10,10,1,1,0.0,8,1,8,-4.43925233644859,https://english.aawsat.com/world/5309049-nato-prepared-address-iranian-threats-extending-europe,0.5,0.7219626168224295,0.5887850467289718,4.7102803738317744
1319104316,20260820,IGOWSTNAT,WST,IRN,IRN,10,10,1,1,0.0,2,1,2,-4.43925233644859,https://english.aawsat.com/world/5309049-nato-prepared-address-iranian-threats-extending-europe,0.5,0.7219626168224295,0.5887850467289718,1.1775700934579436
1319104317,20260820,IGOWSTNAT,WST,IRN,IRN,194,194,19,4,-10.0,18,2,18,-2.58458967187393,https://english.aawsat.com/world/5309049-nato-prepared-address-iranian-threats-extending-europe,1.0,0.6292294835936965,0.8516917934374786,15.330452281874614
1319104318,20260820,IGOWSTNAT,WST,IRN,IRN,194,194,19,4,-10.0,2,1,2,-4.43925233644859,https://english.aawsat.com/world/5309049-nato-prepared-address-iranian-threats-extending-europe,1.0,0.7219626168224295,0.8887850467289717,1.7775700934579435
1319104327,20260820,IRN,IRN,,,194,194,19,4,-10.0,1,1,1,-4.34322033898305,http://www.albawaba.com/index.php/news/uae-suspends-trade-and-financial-1635318,1.0,0.7171610169491525,0.8868644067796609,0.8868644067796609
1319104328,20260820,IRN,IRN,BUS,,43,43,4,1,2.8,4,1,4,-4.43925233644859,https://english.aawsat.com/world/5309049-nato-prepared-address-iranian-threats-extending-europe,0.36,0.7219626168224295,0.5047850467289718,2.0191401869158874
1319104329,20260820,IRN,IRN,GOV,,40,40,4,1,1.0,13,2,13,-4.2777458781068,https://pakobserver.net/field-marshal-asim-munir-iranian-fm-discuss-political-solutions-amid-regional-tensions/,0.45,0.71388729390534,0.555554917562136,7.222213928307768
1319104330,20260820,IRN,IRN,IRNGOV,IRN,12,12,1,1,-0.4,2,1,2,-4.43925233644859,https://english.aawsat.com/world/5309049-nato-prepared-address-iranian-threats-extending-europe,0.52,0.7219626168224295,0.6007850467289718,1.2015700934579436
1319104331,20260820,IRN,IRN,IRNMED,IRN,10,10,1,1,0.0,6,1,6,-6.33802816901408,https://pakobserver.net/trump-warns-countries-helping-iran-of-tremendous-economic-consequences/,0.5,0.816901408450704,0.6267605633802816,3.76056338028169
1319104332,20260820,IRN,IRN,IRQGOV,IRQ,20,20,2,1,3.0,2,2,2,-3.91644908616188,https://english.aawsat.com/arab-world/5309022-ghalibaf-discusses-iranian-plan-baghdad-%E2%80%98hide%E2%80%99-faction-weapons,0.35,0.695822454308094,0.4883289817232376,0.9766579634464752
1319104333,20260820,IRN,IRN,IRQGOV,IRQ,20,20,2,1,3.0,2,2,2,-3.91644908616188,https://english.aawsat.com/arab-world/5309022-ghalibaf-discusses-iranian-plan-baghdad-%E2%80%98hide%E2%80%99-faction-weapons,0.35,0.695822454308094,0.4883289817232376,0.9766579634464752
1319104334,20260820,IRN,IRN,MED,,10,10,1,1,0.0,2,1,2,-4.43925233644859,https://english.aawsat.com/world/5309049-nato-prepared-address-iranian-threats-extending-europe,0.5,0.7219626168224295,0.5887850467289718,1.1775700934579436
1319104335,20260820,IRN,IRN,USA,USA,10,10,1,1,0.0,2,1,2,-6.33802816901408,https://pakobserver.net/trump-warns-countries-helping-iran-of-tremendous-economic-consequences/,0.5,0.816901408450704,0.6267605633802816,1.2535211267605633
1319104336,20260820,IRNGOV,IRN,IRN,IRN,12,12,1,1,-0.4,18,4,18,-6.34617844906625,https://english.aawsat.com/world/5309049-nato-prepared-address-iranian-threats-extending-europe,0.52,0.8173089224533125,0.6389235689813251,11.500624241663852
1319104348,20260820,ISR,ISR,IRN,IRN,143,143,14,3,-6.5,4,1,4,-4.43925233644859,https://english.aawsat.com/world/5309049-nato-prepared-address-iranian-threats-extending-europe,0.825,0.7219626168224295,0.7837850467289718,3.135140186915887
1319104439,20260820,MIL,,IRN,IRN,10,10,1,1,0.0,10,1,10,-4.43925233644859,https://english.aawsat.com/world/5309049-nato-prepared-address-iranian-threats-extending-europe,0.5,0.7219626168224295,0.5887850467289718,5.887850467289718
1319105602,20260820,,,IRNGOV,IRN,50,50,5,1,3.5,10,1,10,-2.95566502463054,https://english.news.cn/20260820/c1a5587452ad49e08f066081dcd3c932/c.html,0.325,0.647783251231527,0.45411330049261084,4.541133004926109
1319106161,20260820,IRN,IRN,,,331,33,3,1,5.2,10,1,10,-4.93630573248407,https://www.huffingtonpost.co.uk/entry/trumps-economic-d-day-threat-iran_uk_6a86942ce4b0f5925a13db5d,0.24,0.7468152866242035,0.44272611464968137,4.4272611464968135
1319106162,20260820,IRN,IRN,,,51,51,5,1,3.4,4,1,4,-4.93630573248407,https://www.huffingtonpost.co.uk/entry/trumps-economic-d-day-threat-iran_uk_6a86942ce4b0f5925a13db5d,0.32999999999999996,0.7468152866242035,0.4967261146496814,1.9869044585987257
1319106163,20260820,IRN,IRN,GOV,,111,111,11,3,-2.0,59,9,59,-4.91584577261017,https://aninews.in/news/world/middle-east/economic-d-day-diversion-from-americas-own-crisis-says-iranian-fm-araghchi20260820122833/,0.6,0.7457922886305084,0.6583169154522033,38.84069801167999
1319106164,20260820,IRN,IRN,IRNGOV,IRN,111,111,11,3,-2.0,28,8,28,-4.67360947927335,https://aninews.in/news/world/middle-east/economic-d-day-diversion-from-americas-own-crisis-says-iranian-fm-araghchi20260820122833/,0.6,0.7336804739636674,0.6534721895854669,18.297221308393073
1319106165,20260820,IRN,IRN,RUS,RUS,51,51,5,1,3.4,1,1,1,-4.93630573248407,https://www.huffingtonpost.co.uk/entry/trumps-economic-d-day-threat-iran_uk_6a86942ce4b0f5925a13db5d,0.32999999999999996,0.7468152866242035,0.4967261146496814,0.4967261146496814
1319106166,20260820,IRN,IRN,RUS,RUS,51,51,5,1,3.4,4,1,4,-4.93630573248407,https://www.huffingtonpost.co.uk/entry/trumps-economic-d-day-threat-iran_uk_6a86942ce4b0f5925a13db5d,0.32999999999999996,0.7468152866242035,0.4967261146496814,1.9869044585987257
1319106167,20260820,IRN,IRN,USA,USA,57,57,5,1,8.0,60,8,45,-4.41873411176198,https://english.news.cn/20260820/c1a5587452ad49e08f066081dcd3c932/c.html,0.1,0.720936705588099,0.3483746822352396,20.902480934114376
1319106168,20260820,IRN,IRN,USA,USA,57,57,5,1,8.0,16,6,16,-4.10722677107155,https://english.news.cn/20260820/c1a5587452ad49e08f066081dcd3c932/c.html,0.1,0.7053613385535775,0.34214453542143103,5.4743125667428965
1319106169,20260820,IRN,IRN,USA,USA,57,57,5,1,8.0,6,1,6,-2.67857142857143,https://www.novinite.com/articles/240199/Gasoline+Supplies+Run+Low+as+Bulgarian+Fuel+Prices+Rise,0.1,0.6339285714285715,0.3135714285714286,1.8814285714285717
1319106170,20260820,IRN,IRN,USA,USA,57,57,5,1,8.0,4,1,4,-2.67857142857143,https://www.novinite.com/articles/240199/Gasoline+Supplies+Run+Low+as+Bulgarian+Fuel+Prices+Rise,0.1,0.6339285714285715,0.3135714285714286,1.2542857142857144
1319106171,20260820,IRN,IRN,USA,USA,120,120,12,3,-4.0,68,8,68,-3.67118836090241,https://english.news.cn/20260820/c1a5587452ad49e08f066081dcd3c932/c.html,0.7,0.6835594180451204,0.6934237672180481,47.15281617082727
1319106172,20260820,IRN,IRN,USA,USA,190,190,19,4,-10.0,10,1,10,-7.8125,https://www.inewsgr.com/330/Meloni-Thought-She-Had-the-Key-to-Trump--Now-MAGA-Is-Becoming-Romes-Biggest-Headache.htm,1.0,0.890625,0.95625,9.5625
1319106173,20260820,IRNGOV,IRN,,,50,50,5,1,3.5,10,1,10,-2.95566502463054,https://english.news.cn/20260820/c1a5587452ad49e08f066081dcd3c932/c.html,0.325,0.647783251231527,0.45411330049261084,4.541133004926109
1319106174,20260820,IRNGOV,IRN,GOVGOV,,100,100,10,3,-5.0,10,5,10,-3.21123911831301,https://english.news.cn/20260820/c1a5587452ad49e08f066081dcd3c932/c.html,0.75,0.6605619559156505,0.7142247823662602,7.142247823662602
1319106175,20260820,IRNGOV,IRN,USA,USA,10,10,1,1,0.0,2,1,2,1.60642570281125,https://www.foxnews.com/politics/alina-habba-shuts-down-speculation-replace-karoline-leavitt-white-house-press-secretary,0.5,0.4196787148594375,0.467871485943775,0.93574297188755
1319106741,20260820,USA,USA,IRN,IRN,57,57,5,1,8.0,61,8,46,-4.41873411176198,https://english.news.cn/20260820/c1a5587452ad49e08f066081dcd3c932/c.html,0.1,0.720936705588099,0.3483746822352396,21.250855616349615
1319106742,20260820,USA,USA,IRN,IRN,57,57,5,1,8.0,18,6,18,-4.59332855841281,https://english.news.cn/20260820/c1a5587452ad49e08f066081dcd3c932/c.html,0.1,0.7296664279206405,0.3518665711682562,6.333598281028611
1319106743,20260820,USA,USA,IRN,IRN,57,57,5,1,8.0,6,1,6,-2.67857142857143,https://www.novinite.com/articles/240199/Gasoline+Supplies+Run+Low+as+Bulgarian+Fuel+Prices+Rise,0.1,0.6339285714285715,0.3135714285714286,1.8814285714285717
1319106744,20260820,USA,USA,IRN,IRN,57,57,5,1,8.0,4,1,4,-2.67857142857143,https://www.novinite.com/articles/240199/Gasoline+Supplies+Run+Low+as+Bulgarian+Fuel+Prices+Rise,0.1,0.6339285714285715,0.3135714285714286,1.2542857142857144
1319106745,20260820,USA,USA,IRN,IRN,190,190,19,4,-10.0,10,1,10,-7.8125,https://www.inewsgr.com/330/Meloni-Thought-She-Had-the-Key-to-Trump--Now-MAGA-Is-Becoming-Romes-Biggest-Headache.htm,1.0,0.890625,0.95625,9.5625
1319107552,20260820,AFG,AFG,IRN,IRN,60,60,6,2,6.0,4,1,4,-4.57516339869281,https://pajhwok.com/2026/08/20/trump-warns-of-economic-consequences-for-countries-assisting-iran/,0.2,0.7287581699346405,0.4115032679738562,1.646013071895425
1319107553,20260820,AFG,AFG,IRN,IRN,130,130,13,3,-4.4,2,1,2,-4.57516339869281,https://pajhwok.com/2026/08/20/trump-warns-of-economic-consequences-for-countries-assisting-iran/,0.72,0.7287581699346405,0.7235032679738562,1.4470065359477124
1319107554,20260820,AFG,AFG,IRN,IRN,130,130,13,3,-4.4,2,1,2,-4.57516339869281,https://pajhwok.com/2026/08/20/trump-warns-of-economic-consequences-for-countries-assisting-iran/,0.72,0.7287581699346405,0.7235032679738562,1.4470065359477124
1319107555,20260820,AFG,AFG,IRN,IRN,130,130,13,3,-4.4,10,1,10,-4.57516339869281,https://pajhwok.com/2026/08/20/trump-warns-of-economic-consequences-for-countries-assisting-iran/,0.72,0.7287581699346405,0.7235032679738562,7.235032679738563
1319107927,20260820,GOV,,IRN,IRN,331,33,3,1,5.2,1,1,1,-4.93273542600897,https://www.hurriyetdailynews.com/trump-threatens-countries-aiding-iran-with-economic-penalties-225819,0.24,0.7466367713004486,0.4426547085201794,0.4426547085201794
1319107928,20260820,GOV,,IRN,IRN,110,110,11,3,-2.0,1,1,1,-4.93273542600897,https://www.hurriyetdailynews.com/trump-threatens-countries-aiding-iran-with-economic-penalties-225819,0.6,0.7466367713004486,0.6586547085201795,0.6586547085201795
1319108060,20260820,IRN,IRN,,,10,10,1,1,0.0,5,1,5,-7.5,https://www.newser.com/story/394966/trump-vows-most-crushing-sanctions-in-iran-war.html,0.5,0.875,0.65,3.25
1319108061,20260820,IRN,IRN,,,111,111,11,3,-2.0,530,49,530,-7.55304982605658,https://www.euronews.com/my-europe/2026/08/20/nato-30-rebrand-is-lipstick-on-a-pig-says-former-us-ambassador,0.6,0.877652491302829,0.7110609965211316,376.8623281561998
1319108062,20260820,IRN,IRN,IRNGOV,IRN,16,16,1,1,-2.0,4,1,4,-5.68181818181818,https://www.newser.com/story/394958/united-arab-emirates-suspends-trade-with-iran.html,0.6,0.784090909090909,0.6736363636363636,2.6945454545454544
1319108063,20260820,IRN,IRN,USA,USA,40,40,4,1,1.0,2,1,2,-1.18110236220472,https://www.euronews.com/my-europe/2026/08/20/nato-30-rebrand-is-lipstick-on-a-pig-says-former-us-ambassador,0.45,0.559055118110236,0.4936220472440944,0.9872440944881888
1319108064,20260820,IRNGOV,IRN,IRN,IRN,16,16,1,1,-2.0,6,1,6,-5.68181818181818,https://www.newser.com/story/394958/united-arab-emirates-suspends-trade-with-iran.html,0.6,0.784090909090909,0.6736363636363636,4.041818181818181
1319108065,20260820,IRNGOV,IRN,IRNCVL,IRN,174,174,17,4,-5.0,3,1,3,-5.79439252336448,https://www.euronews.com/2026/08/20/us-officials-coordinated-deportation-flights-with-iran-emails-reveal,0.75,0.789719626168224,0.7658878504672896,2.2976635514018686
1319108510,20260820,USA,USA,IRN,IRN,40,40,4,1,1.0,2,1,2,-1.18110236220472,https://www.euronews.com/my-europe/2026/08/20/nato-30-rebrand-is-lipstick-on-a-pig-says-former-us-ambassador,0.45,0.559055118110236,0.4936220472440944,0.9872440944881888
1319108511,20260820,USA,USA,IRN,IRN,163,163,16,4,-8.0,5,1,5,-7.5,https://www.newser.com/story/394966/trump-vows-most-crushing-sanctions-in-iran-war.html,0.9,0.875,0.8900000000000001,4.450000000000001
1319108512,20260820,USA,USA,IRN,IRN,190,190,19,4,-10.0,2,1,2,-1.18110236220472,https://www.euronews.com/my-europe/2026/08/20/nato-30-rebrand-is-lipstick-on-a-pig-says-former-us-ambassador,1.0,0.559055118110236,0.8236220472440944,1.6472440944881888
1319108513,20260820,USA,USA,IRNMIL,IRN,10,10,1,1,0.0,2,1,2,-4.93273542600897,https://www.hurriyetdailynews.com/trump-threatens-countries-aiding-iran-with-economic-penalties-225819,0.5,0.7466367713004486,0.5986547085201794,1.1973094170403589
1319108514,20260820,USA,USA,IRNMIL,IRN,10,10,1,1,0.0,1,1,1,-4.93273542600897,https://www.hurriyetdailynews.com/trump-threatens-countries-aiding-iran-with-economic-penalties-225819,0.5,0.7466367713004486,0.5986547085201794,0.5986547085201794
1319108515,20260820,USA,USA,IRNMIL,IRN,10,10,1,1,0.0,1,1,1,-4.93273542600897,https://www.hurriyetdailynews.com/trump-threatens-countries-aiding-iran-with-economic-penalties-225819,0.5,0.7466367713004486,0.5986547085201794,0.5986547085201794
1319108551,20260820,USAGOV,USA,IRN,IRN,331,33,3,1,5.2,1,1,1,-4.93273542600897,https://www.hurriyetdailynews.com/trump-threatens-countries-aiding-iran-with-economic-penalties-225819,0.24,0.7466367713004486,0.4426547085201794,0.4426547085201794
1319108552,20260820,USAGOV,USA,IRN,IRN,110,110,11,3,-2.0,1,1,1,-4.93273542600897,https://www.hurriyetdailynews.com/trump-threatens-countries-aiding-iran-with-economic-penalties-225819,0.6,0.7466367713004486,0.6586547085201795,0.6586547085201795
1319109560,20260820,,,IRN,IRN,10,10,1,1,0.0,3,2,3,-6.52450583089403,https://www.dailypress.net/opinion/local-columns/2026/08/a-foreseeable-and-dire-munitions-crisis/,0.5,0.8262252915447015,0.6304901166178807,1.891470349853642
1319109561,20260820,,,IRN,IRN,30,30,3,1,4.0,1,1,1,-2.21238938053097,https://keralakaumudi.com/en/en/world/america/do-not-help-iran-in-any-way-the-country-that-does-so-will-face-severe-consequences-warns-trump-1794069,0.3,0.6106194690265485,0.42424778761061943,0.42424778761061943
1319109562,20260820,,,IRN,IRN,130,130,13,3,-4.4,5,1,5,-7.18562874251497,https://us.cnn.com/2026/08/20/world/live-news/iran-war-trump,0.72,0.8592814371257486,0.7757125748502994,3.878562874251497
1319109622,20260820,AFG,AFG,IRNGOVAGR,IRN,43,43,4,1,2.8,8,1,8,-1.07238605898124,https://www.khaama.com/irans-pezeshkian-orders-expansion-of-trade-and-transit-cooperation-with-afghanistan/,0.36,0.5536193029490619,0.43744772117962477,3.499581769436998
1319109623,20260820,AFG,AFG,IRNGOVAGR,IRN,43,43,4,1,2.8,2,1,2,-1.07238605898124,https://www.khaama.com/irans-pezeshkian-orders-expansion-of-trade-and-transit-cooperation-with-afghanistan/,0.36,0.5536193029490619,0.43744772117962477,0.8748954423592495
1319109646,20260820,ARE,ARE,IRN,IRN,871,87,8,2,9.0,440,1,440,-9.39654020601709,https://veropatriot.iheart.com/content/2026-08-20-trump-declares-crushing-economic-operation-against-iran/,0.05,0.9698270103008545,0.4179308041203418,183.8895538129504
1319109647,20260820,ARE,ARE,IRN,IRN,871,87,8,2,9.0,110,1,110,-9.39654020601709,https://veropatriot.iheart.com/content/2026-08-20-trump-declares-crushing-economic-operation-against-iran/,0.05,0.9698270103008545,0.4179308041203418,45.9723884532376
1319109648,20260820,ARE,ARE,IRN,IRN,172,172,17,4,-5.0,2,1,2,-7.74710596616206,https://tradearabia.com:443/News/466749/Trump-threatens-to-punish-countries-doing-business-with-Iran,0.75,0.887355298308103,0.8049421193232411,1.6098842386464822
1319109649,20260820,ARE,ARE,IRN,IRN,172,172,17,4,-5.0,2,1,2,-7.74710596616206,https://tradearabia.com:443/News/466749/Trump-threatens-to-punish-countries-doing-business-with-Iran,0.75,0.887355298308103,0.8049421193232411,1.6098842386464822
1319110042,20260820,GOV,,IRN,IRN,46,46,4,1,7.0,8,1,8,-7.18562874251497,https://us.cnn.com/2026/08/20/world/live-news/iran-war-trump,0.15,0.8592814371257486,0.43371257485029946,3.4697005988023957
1319110156,20260820,IRN,IRN,,,12,12,1,1,-0.4,5,1,5,-7.18562874251497,https://us.cnn.com/2026/08/20/world/live-news/iran-war-trump,0.52,0.8592814371257486,0.6557125748502994,3.278562874251497
1319110157,20260820,IRN,IRN,,,30,30,3,1,4.0,1,1,1,-2.21238938053097,https://keralakaumudi.com/en/en/world/america/do-not-help-iran-in-any-way-the-country-that-does-so-will-face-severe-consequences-warns-trump-1794069,0.3,0.6106194690265485,0.42424778761061943,0.42424778761061943
1319110158,20260820,IRN,IRN,,,51,51,5,1,3.4,10,1,10,-4.41558441558441,https://www.dailysabah.com/business/economy/trump-proclaims-unprecedented-economic-warfare-against-iran,0.32999999999999996,0.7207792207792205,0.48631168831168825,4.8631168831168825
1319110159,20260820,IRN,IRN,,,130,130,13,3,-4.4,1100,1,1100,-9.39654020601709,https://veropatriot.iheart.com/content/2026-08-20-trump-declares-crushing-economic-operation-against-iran/,0.72,0.9698270103008545,0.8199308041203418,901.923884532376
1319110160,20260820,IRN,IRN,GOV,,10,10,1,1,0.0,12,2,12,-7.32590244401266,https://www.dailysabah.com/business/economy/trump-proclaims-unprecedented-economic-warfare-against-iran,0.5,0.866295122200633,0.6465180488802532,7.758216586563039
1319110161,20260820,IRN,IRN,GOV,,46,46,4,1,7.0,40,5,40,-4.13243824850299,https://us.cnn.com/2026/08/20/world/live-news/iran-war-trump,0.15,0.7066219124251495,0.37264876497005983,14.905950598802393
1319110162,20260820,IRN,IRN,IRNGOV,IRN,46,46,4,1,7.0,10,5,10,-4.13243824850299,https://us.cnn.com/2026/08/20/world/live-news/iran-war-trump,0.15,0.7066219124251495,0.37264876497005983,3.7264876497005983
1319110163,20260820,IRN,IRN,IRNGOV,IRN,110,110,11,3,-2.0,112,2,112,-9.39692070425301,https://veropatriot.iheart.com/content/2026-08-20-trump-declares-crushing-economic-operation-against-iran/,0.6,0.9698460352126504,0.7479384140850602,83.76910237752675
1319110164,20260820,IRN,IRN,MED,,10,10,1,1,0.0,4,1,4,-6.14657210401891,https://www.nzherald.co.nz/world/us-president-trump-vows-tremendous-economic-costs-on-iran-partners/KPGN3DHRPRHIDPWOWZXG2465UQ/,0.5,0.8073286052009454,0.6229314420803782,2.491725768321513
1319110165,20260820,IRN,IRN,MOSSUN,,71,71,7,2,7.4,2,1,2,-3.97982062780269,https://allafrica.com/stories/202608200113.html,0.12999999999999998,0.6989910313901345,0.3575964125560538,0.7151928251121076
1319110166,20260820,IRN,IRN,MOSSUN,,71,71,7,2,7.4,6,1,6,-3.97982062780269,https://allafrica.com/stories/202608200113.html,0.12999999999999998,0.6989910313901345,0.3575964125560538,2.1455784753363227
1319110167,20260820,IRN,IRN,MOSSUN,,71,71,7,2,7.4,2,1,2,-3.97982062780269,https://allafrica.com/stories/202608200113.html,0.12999999999999998,0.6989910313901345,0.3575964125560538,0.7151928251121076
1319110168,20260820,IRN,IRN,NGA,NGA,20,20,2,1,3.0,4,1,4,-5.96330275229358,https://dailytrust.com/nearly-6-months-into-us-israel-war-iran-decries-humanitarian-toll/,0.35,0.798165137614679,0.5292660550458717,2.1170642201834866
1319110169,20260820,IRN,IRN,PAK,PAK,10,10,1,1,0.0,10,1,10,-4.53333333333333,https://tribune.com.pk/story/2624795/the-cost-of-escalation,0.5,0.7266666666666665,0.5906666666666666,5.906666666666665
1319110170,20260820,IRN,IRN,PAK,PAK,190,190,19,4,-10.0,8,1,8,-3.78578024007387,https://tribune.com.pk/story/2624891/dar-says-six-pakistani-sailors-return-safely-after-houthi-attack-two-bodies-repatriated,1.0,0.6892890120036934,0.8757156048014774,7.005724838411819
1319110171,20260820,IRN,IRN,PAK,PAK,190,190,19,4,-10.0,2,1,2,-3.78578024007387,https://tribune.com.pk/story/2624891/dar-says-six-pakistani-sailors-return-safely-after-houthi-attack-two-bodies-repatriated,1.0,0.6892890120036934,0.8757156048014774,1.7514312096029547
1319110172,20260820,IRN,IRN,USA,USA,20,20,2,1,3.0,10,1,10,-4.53333333333333,https://tribune.com.pk/story/2624795/the-cost-of-escalation,0.35,0.7266666666666665,0.5006666666666666,5.006666666666666
1319110173,20260820,IRNGOV,IRN,,,110,110,11,3,-2.0,358,8,358,-9.27948446881903,https://veropatriot.iheart.com/content/2026-08-20-trump-declares-crushing-economic-operation-against-iran/,0.6,0.9639742234409514,0.7455896893763806,266.92110879674425
1319110174,20260820,IRNGOV,IRN,IRN,IRN,20,20,2,1,3.0,6,1,6,-5.96330275229358,https://dailytrust.com/nearly-6-months-into-us-israel-war-iran-decries-humanitarian-toll/,0.35,0.798165137614679,0.5292660550458717,3.17559633027523
1319110175,20260820,IRNGOV,IRN,USA,USA,12,12,1,1,-0.4,3,1,3,-6.39147802929427,https://www.dailymail.com/news/article-16066131/Trump-announces-crushing-economic-operation-taken-against-country-does-business-Iran.html,0.52,0.8195739014647134,0.6398295605858855,1.9194886817576564
1319110176,20260820,IRNGOVAGR,IRN,AFG,AFG,42,42,4,1,1.9,8,1,8,-1.07238605898124,https://www.khaama.com/irans-pezeshkian-orders-expansion-of-trade-and-transit-cooperation-with-afghanistan/,0.40499999999999997,0.5536193029490619,0.46444772117962474,3.715581769436998
1319110177,20260820,IRNGOVAGR,IRN,AFG,AFG,42,42,4,1,1.9,2,1,2,-1.07238605898124,https://www.khaama.com/irans-pezeshkian-orders-expansion-of-trade-and-transit-cooperation-with-afghanistan/,0.40499999999999997,0.5536193029490619,0.46444772117962474,0.9288954423592495
1319110183,20260820,ISR,ISR,IRN,IRN,194,194,19,4,-10.0,4,2,4,-4.26356589147287,https://jamaica-gleaner.com/article/world-news/20260820/canada-announces-new-aid-lebanon,1.0,0.7131782945736435,0.8852713178294573,3.5410852713178294
1319110184,20260820,ISR,ISR,IRN,IRN,194,194,19,4,-10.0,16,2,16,-4.26356589147287,https://jamaica-gleaner.com/article/world-news/20260820/canada-announces-new-aid-lebanon,1.0,0.7131782945736435,0.8852713178294573,14.164341085271317
1319110376,20260820,MIL,,IRN,IRN,194,194,19,4,-10.0,20,1,20,-7.74710596616206,https://tradearabia.com:443/News/466749/Trump-threatens-to-punish-countries-doing-business-with-Iran,1.0,0.887355298308103,0.9549421193232412,19.098842386464824
1319110728,20260820,USA,USA,IRN,IRN,71,71,7,2,7.4,2,1,2,-6.39147802929427,https://www.dailymail.com/news/article-16066131/Trump-announces-crushing-economic-operation-taken-against-country-does-business-Iran.html,0.12999999999999998,0.8195739014647134,0.4058295605858854,0.8116591211717707
1319110729,20260820,USA,USA,IRN,IRN,71,71,7,2,7.4,12,2,12,-6.88203807794138,https://www.nzherald.co.nz/world/us-president-trump-vows-tremendous-economic-costs-on-iran-partners/KPGN3DHRPRHIDPWOWZXG2465UQ/,0.12999999999999998,0.8441019038970691,0.4156407615588277,4.987689138705932
1319110730,20260820,USA,USA,IRN,IRN,194,194,19,4,-10.0,2,1,2,-3.87596899224807,https://jamaica-gleaner.com/article/world-news/20260820/canada-announces-new-aid-lebanon,1.0,0.6937984496124034,0.8775193798449614,1.7550387596899228
1319110731,20260820,USA,USA,IRN,IRN,194,194,19,4,-10.0,8,1,8,-3.87596899224807,https://jamaica-gleaner.com/article/world-news/20260820/canada-announces-new-aid-lebanon,1.0,0.6937984496124034,0.8775193798449614,7.020155038759691
1319111927,20260820,CVL,,IRN,IRN,36,36,3,1,4.0,10,1,10,-1.93236714975845,https://www.euronews.com/my-europe/2026/08/20/tourism-hit-by-war-fears-seven-eu-countries-seek-brussels-funding-for-frontline-regions,0.3,0.5966183574879225,0.418647342995169,4.18647342995169
1319111928,20260820,CVL,,IRN,IRN,42,42,4,1,1.9,3,1,3,-1.93236714975845,https://www.euronews.com/my-europe/2026/08/20/tourism-hit-by-war-fears-seven-eu-countries-seek-brussels-funding-for-frontline-regions,0.40499999999999997,0.5966183574879225,0.481647342995169,1.444942028985507
1319111929,20260820,CVL,,IRN,IRN,42,42,4,1,1.9,7,1,7,-1.93236714975845,https://www.euronews.com/my-europe/2026/08/20/tourism-hit-by-war-fears-seven-eu-countries-seek-brussels-funding-for-frontline-regions,0.40499999999999997,0.5966183574879225,0.481647342995169,3.371531400966183
1319112232,20260820,IRN,IRN,CVL,,36,36,3,1,4.0,10,1,10,-1.93236714975845,https://www.euronews.com/my-europe/2026/08/20/tourism-hit-by-war-fears-seven-eu-countries-seek-brussels-funding-for-frontline-regions,0.3,0.5966183574879225,0.418647342995169,4.18647342995169
1319112233,20260820,IRN,IRN,CVL,,43,43,4,1,2.8,10,1,10,-1.93236714975845,https://www.euronews.com/my-europe/2026/08/20/tourism-hit-by-war-fears-seven-eu-countries-seek-brussels-funding-for-frontline-regions,0.36,0.5966183574879225,0.45464734299516896,4.546473429951689
1319112234,20260820,IRN,IRN,GOV,,13,13,1,1,0.4,12,2,12,-5.93078974489742,https://www.dailykos.com/stories/2026/8/19/800086861/community/iww-25-day6/,0.48,0.796539487244871,0.6066157948979485,7.279389538775382
1319112235,20260820,IRN,IRN,MIL,,42,42,4,1,1.9,4,1,4,-3.14343060058669,http://www.jpost.com/middle-east/iran-news/article-906065,0.40499999999999997,0.6571715300293345,0.5058686120117337,2.023474448046935
1319112236,20260820,IRN,IRN,MIL,,42,42,4,1,1.9,8,1,8,-3.14343060058669,http://www.jpost.com/middle-east/iran-news/article-906065,0.40499999999999997,0.6571715300293345,0.5058686120117337,4.04694889609387
1319112237,20260820,IRN,IRN,MIL,,42,42,4,1,1.9,4,1,4,-3.14343060058669,http://www.jpost.com/middle-east/iran-news/article-906065,0.40499999999999997,0.6571715300293345,0.5058686120117337,2.023474448046935
1319112238,20260820,IRN,IRN,MIL,,51,51,5,1,3.4,4,1,4,-3.14343060058669,http://www.jpost.com/middle-east/iran-news/article-906065,0.32999999999999996,0.6571715300293345,0.4608686120117338,1.8434744480469352
1319112239,20260820,IRN,IRN,MIL,,51,51,5,1,3.4,8,1,4,-3.14343060058669,http://www.jpost.com/middle-east/iran-news/article-906065,0.32999999999999996,0.6571715300293345,0.4608686120117338,3.6869488960938703
1319112452,20260820,MIL,,IRN,IRN,43,43,4,1,2.8,4,1,4,-3.14343060058669,http://www.jpost.com/middle-east/iran-news/article-906065,0.36,0.6571715300293345,0.4788686120117338,1.9154744480469352
1319112453,20260820,MIL,,IRN,IRN,43,43,4,1,2.8,4,1,4,-3.14343060058669,http://www.jpost.com/middle-east/iran-news/article-906065,0.36,0.6571715300293345,0.4788686120117338,1.9154744480469352
1319112454,20260820,MIL,,IRN,IRN,43,43,4,1,2.8,8,1,4,-3.14343060058669,http://www.jpost.com/middle-east/iran-news/article-906065,0.36,0.6571715300293345,0.4788686120117338,3.8309488960938705
1319112474,20260820,MOS,,IRN,IRN,138,138,13,3,-7.0,20,1,20,-3.14343060058669,http://www.jpost.com/middle-east/iran-news/article-906065,0.85,0.6571715300293345,0.7728686120117338,15.457372240234676
1319114055,20260820,FRA,FRA,IRN,IRN,174,174,17,4,-5.0,4,1,4,-5.6918547595682,https://www.asiaone.com/asia/israels-military-investigate-gaza-attacks-and-other-major-developments-middle-east,0.75,0.78459273797841,0.763837095191364,3.055348380765456
1319114324,20260820,IRN,IRN,IRQ,IRQ,10,10,1,1,0.0,4,2,4,-5.58981486639821,https://www.asiaone.com/asia/israels-military-investigate-gaza-attacks-and-other-major-developments-middle-east,0.5,0.7794907433199105,0.6117962973279643,2.447185189311857
1319114325,20260820,IRN,IRN,IRQ,IRQ,40,40,4,1,1.0,2,1,2,-5.6918547595682,https://www.asiaone.com/asia/israels-military-investigate-gaza-attacks-and-other-major-developments-middle-east,0.45,0.78459273797841,0.5838370951913641,1.1676741903827281
1319114326,20260820,IRN,IRN,IRQ,IRQ,44,44,4,1,2.5,2,1,2,-5.6918547595682,https://www.asiaone.com/asia/israels-military-investigate-gaza-attacks-and-other-major-developments-middle-east,0.375,0.78459273797841,0.538837095191364,1.077674190382728
1319114327,20260820,IRN,IRN,UAF,,10,10,1,1,0.0,2,1,2,-5.6918547595682,https://www.asiaone.com/asia/israels-military-investigate-gaza-attacks-and-other-major-developments-middle-east,0.5,0.78459273797841,0.6138370951913641,1.2276741903827282
1319114328,20260820,IRN,IRN,UAF,,51,51,5,1,3.4,2,1,2,-5.6918547595682,https://www.asiaone.com/asia/israels-military-investigate-gaza-attacks-and-other-major-developments-middle-east,0.32999999999999996,0.78459273797841,0.511837095191364,1.023674190382728
1319114329,20260820,IRN,IRN,USA,USA,46,46,4,1,7.0,2,1,2,-3.72285816949849,https://www.clevelandjewishnews.com/jns/trump-declares-economic-d-day-for-iran/article_41298218-0435-559a-ab58-523b02733a5c.html,0.15,0.6861429084749245,0.3644571633899698,0.7289143267799396
1319114330,20260820,IRN,IRN,USA,USA,50,50,5,1,3.5,4,1,4,-3.72285816949849,https://www.clevelandjewishnews.com/jns/trump-declares-economic-d-day-for-iran/article_41298218-0435-559a-ab58-523b02733a5c.html,0.325,0.6861429084749245,0.46945716338996984,1.8778286535598794
1319114331,20260820,IRN,IRN,USA,USA,75,75,7,2,7.0,6,2,6,-5.11727405210631,https://www.dailyexcelsior.com/quiet-channel-between-ice-and-iran-shaped-deportation-flights-newly-released-emails-show/,0.15,0.7558637026053155,0.3923454810421262,2.354072886252757
1319114332,20260820,IRN,IRN,USA,USA,80,80,8,2,5.0,5,4,5,-3.75641174296275,https://www.clevelandjewishnews.com/jns/trump-declares-economic-d-day-for-iran/article_41298218-0435-559a-ab58-523b02733a5c.html,0.25,0.6878205871481375,0.425128234859255,2.125641174296275
1319114333,20260820,IRN,IRN,USA,USA,112,112,11,3,-2.0,4,2,4,-5.26078401308392,https://www.dailyexcelsior.com/quiet-channel-between-ice-and-iran-shaped-deportation-flights-newly-released-emails-show/,0.6,0.7630392006541961,0.6652156802616784,2.6608627210467137
1319114334,20260820,IRN,IRN,USA,USA,1124,112,11,3,-2.0,13,3,13,-11.0621436850945,https://www.ynetnews.com/article/rkygl7edgx,0.6,1.0,0.76,9.88
1319114335,20260820,IRN,IRN,USA,USA,1124,112,11,3,-2.0,3,2,3,-8.41139734582362,https://www.ynetnews.com/article/rkygl7edgx,0.6,0.920569867291181,0.7282279469164724,2.1846838407494173
1319114336,20260820,IRN,IRN,USA,USA,192,192,19,4,-9.5,2,2,2,-5.26078401308392,https://www.dailyexcelsior.com/quiet-channel-between-ice-and-iran-shaped-deportation-flights-newly-released-emails-show/,0.975,0.7630392006541961,0.8902156802616784,1.7804313605233568
1319114337,20260820,IRN,IRN,USA,USA,192,192,19,4,-9.5,4,2,4,-5.26078401308392,https://www.dailyexcelsior.com/quiet-channel-between-ice-and-iran-shaped-deportation-flights-newly-released-emails-show/,0.975,0.7630392006541961,0.8902156802616784,3.5608627210467136
1319114338,20260820,IRNGOV,IRN,IRN,IRN,120,120,12,3,-4.0,9,1,9,-8.49772382397573,https://www.cnbcafrica.com/2026/trump-announces-economic-warfare-on-iran-threatens-tremendous-consequences-for-its-backers,0.7,0.9248861911987865,0.7899544764795146,7.109590288315631
1319114339,20260820,IRQ,IRQ,IRN,IRN,40,40,4,1,1.0,2,1,2,-5.6918547595682,https://www.asiaone.com/asia/israels-military-investigate-gaza-attacks-and-other-major-developments-middle-east,0.45,0.78459273797841,0.5838370951913641,1.1676741903827281
1319114340,20260820,IRQ,IRQ,IRN,IRN,44,44,4,1,2.5,2,1,2,-5.6918547595682,https://www.asiaone.com/asia/israels-military-investigate-gaza-attacks-and-other-major-developments-middle-east,0.375,0.78459273797841,0.538837095191364,1.077674190382728
1319114738,20260820,USA,USA,IRN,IRN,40,40,4,1,1.0,4,2,4,-5.26078401308392,https://www.dailyexcelsior.com/quiet-channel-between-ice-and-iran-shaped-deportation-flights-newly-released-emails-show/,0.45,0.7630392006541961,0.5752156802616785,2.300862721046714
1319114739,20260820,USA,USA,IRN,IRN,50,50,5,1,3.5,2,1,2,-3.72285816949849,https://www.clevelandjewishnews.com/jns/trump-declares-economic-d-day-for-iran/article_41298218-0435-559a-ab58-523b02733a5c.html,0.325,0.6861429084749245,0.46945716338996984,0.9389143267799397
1319114740,20260820,USA,USA,IRN,IRN,173,173,17,4,-5.0,4,2,4,-5.26078401308392,https://www.dailyexcelsior.com/quiet-channel-between-ice-and-iran-shaped-deportation-flights-newly-released-emails-show/,0.75,0.7630392006541961,0.7552156802616784,3.0208627210467136
1319114759,20260820,USAGOV,USA,IRNGOV,IRN,186,186,18,4,-10.0,2,1,2,-8.49772382397573,https://www.cnbcafrica.com/2026/trump-announces-economic-warfare-on-iran-threatens-tremendous-consequences-for-its-backers,1.0,0.9248861911987865,0.9699544764795146,1.9399089529590292
1319115788,20260820,,,IRN,IRN,130,130,13,3,-4.4,1,1,1,-3.83480825958703,https://www.sentinelassam.com/breakingnews/trump-announces-economic-d-day-against-iran-threatens-sanctions-on-countries-backing-tehran,0.72,0.6917404129793515,0.7086961651917406,0.7086961651917406
1319115789,20260820,,,IRN,IRN,130,130,13,3,-4.4,3,1,3,-9.44206008583693,https://www.cnn.com/2026/08/20/world/live-news/iran-war-trump,0.72,0.9721030042918464,0.8208412017167386,2.4625236051502157
1319115860,20260820,ARE,ARE,IRN,IRN,112,112,11,3,-2.0,2,1,2,-3.75,https://www.thevermilion.com/trump-announces-economic-war-against-iran-it-will-be-like-d-day-the-conflict-is-spreading-to-russia-and-china/article_19557/,0.6,0.6875,0.635,1.27
1319115861,20260820,ARE,ARE,IRN,IRN,190,190,19,4,-10.0,2,1,2,-3.75,https://www.thevermilion.com/trump-announces-economic-war-against-iran-it-will-be-like-d-day-the-conflict-is-spreading-to-russia-and-china/article_19557/,1.0,0.6875,0.875,1.75
1319115862,20260820,ARE,ARE,IRN,IRN,190,190,19,4,-10.0,6,1,6,-3.75,https://www.thevermilion.com/trump-announces-economic-war-against-iran-it-will-be-like-d-day-the-conflict-is-spreading-to-russia-and-china/article_19557/,1.0,0.6875,0.875,5.25
1319115863,20260820,ARE,ARE,IRN,IRN,190,190,19,4,-10.0,2,1,2,-3.75,https://www.thevermilion.com/trump-announces-economic-war-against-iran-it-will-be-like-d-day-the-conflict-is-spreading-to-russia-and-china/article_19557/,1.0,0.6875,0.875,1.75
1319115963,20260820,CAN,CAN,IRN,IRN,36,36,3,1,4.0,14,6,14,-3.52217915288765,https://www.brandonsun.com/national/2026/08/20/poilievre-invites-irans-exiled-crown-prince-reza-pahlavi-to-visit-canada,0.3,0.6761089576443825,0.450443583057753,6.306210162808542
1319115964,20260820,CAN,CAN,IRN,IRN,36,36,3,1,4.0,22,8,20,-3.26811903912203,https://www.brandonsun.com/national/2026/08/20/poilievre-invites-irans-exiled-crown-prince-reza-pahlavi-to-visit-canada,0.3,0.6634059519561015,0.4453623807824406,9.797972377213693
1319115965,20260820,CAN,CAN,IRN,IRN,40,40,4,1,1.0,12,10,12,-3.37600890735974,https://www.brandonsun.com/national/2026/08/20/poilievre-invites-irans-exiled-crown-prince-reza-pahlavi-to-visit-canada,0.45,0.668800445367987,0.5375201781471948,6.450242137766337
1319115966,20260820,CAN,CAN,IRN,IRN,40,40,4,1,1.0,22,11,22,-3.5696401322318,https://www.brandonsun.com/national/2026/08/20/poilievre-invites-irans-exiled-crown-prince-reza-pahlavi-to-visit-canada,0.45,0.67848200661159,0.541392802644636,11.91064165818199
1319115967,20260820,CAN,CAN,IRNELI,IRN,36,36,3,1,4.0,12,10,12,-3.32101234428458,https://www.brandonsun.com/national/2026/08/20/poilievre-invites-irans-exiled-crown-prince-reza-pahlavi-to-visit-canada,0.3,0.666050617214229,0.4464202468856916,5.357042962628299
1319115968,20260820,CAN,CAN,IRNELI,IRN,36,36,3,1,4.0,9,4,9,-3.4258081434787,https://www.brandonsun.com/national/2026/08/20/poilievre-invites-irans-exiled-crown-prince-reza-pahlavi-to-visit-canada,0.3,0.6712904071739351,0.448516162869574,4.036645465826166
1319116104,20260820,CVL,,IRN,IRN,40,40,4,1,1.0,90,15,90,-3.49391857617446,https://www.brandonsun.com/national/2026/08/20/poilievre-invites-irans-exiled-crown-prince-reza-pahlavi-to-visit-canada,0.45,0.674695928808723,0.5398783715234892,48.589053437114025
1319116161,20260820,EUR,EUR,IRN,IRN,180,180,18,4,-9.0,2,1,2,-4.10666666666666,https://www.middleeasteye.net/explainers/explainer-have-european-countries-been-involved-us-israeli-war-iran,0.95,0.705333333333333,0.8521333333333332,1.7042666666666664
1319116162,20260820,EUR,EUR,IRN,IRN,180,180,18,4,-9.0,8,1,8,-4.10666666666666,https://www.middleeasteye.net/explainers/explainer-have-european-countries-been-involved-us-israeli-war-iran,0.95,0.705333333333333,0.8521333333333332,6.8170666666666655
1319116173,20260820,FRA,FRA,IRN,IRN,871,87,8,2,9.0,5,1,5,-4.10666666666666,https://www.middleeasteye.net/explainers/explainer-have-european-countries-been-involved-us-israeli-war-iran,0.05,0.705333333333333,0.31213333333333326,1.5606666666666662
1319116174,20260820,FRA,FRA,IRN,IRN,871,87,8,2,9.0,1,1,1,-4.10666666666666,https://www.middleeasteye.net/explainers/explainer-have-european-countries-been-involved-us-israeli-war-iran,0.05,0.705333333333333,0.31213333333333326,0.31213333333333326
1319116250,20260820,GOV,,IRN,IRN,100,100,10,3,-5.0,45,14,45,-3.51485817715919,https://www.brandonsun.com/national/2026/08/20/poilievre-invites-irans-exiled-crown-prince-reza-pahlavi-to-visit-canada,0.75,0.6757429088579595,0.7202971635431838,32.41337235944327
1319116319,20260820,IRN,IRN,,,12,12,1,1,-0.4,4,1,4,-9.44206008583693,https://www.cnn.com/2026/08/20/world/live-news/iran-war-trump,0.52,0.9721030042918464,0.7008412017167386,2.8033648068669543
1319116320,20260820,IRN,IRN,,,241,24,2,1,-0.3,60,14,60,-3.51485817715919,https://www.brandonsun.com/national/2026/08/20/poilievre-invites-irans-exiled-crown-prince-reza-pahlavi-to-visit-canada,0.515,0.6757429088579595,0.5792971635431838,34.75782981259103
1319116321,20260820,IRN,IRN,,,872,87,8,2,9.0,8,2,8,-3.24190744105179,https://www.sentinelassam.com/breakingnews/trump-announces-economic-d-day-against-iran-threatens-sanctions-on-countries-backing-tehran,0.05,0.6620953720525895,0.29483814882103576,2.358705190568286
1319116322,20260820,IRN,IRN,,,872,87,8,2,9.0,1,1,1,-3.83480825958703,https://www.sentinelassam.com/breakingnews/trump-announces-economic-d-day-against-iran-threatens-sanctions-on-countries-backing-tehran,0.05,0.6917404129793515,0.3066961651917406,0.3066961651917406
1319116323,20260820,IRN,IRN,BGR,BGR,51,51,5,1,3.4,4,1,4,-4.10666666666666,https://www.middleeasteye.net/explainers/explainer-have-european-countries-been-involved-us-israeli-war-iran,0.32999999999999996,0.705333333333333,0.4801333333333332,1.9205333333333328
1319116324,20260820,IRN,IRN,CAN,CAN,10,10,1,1,0.0,11,10,11,-3.32101234428458,https://www.brandonsun.com/national/2026/08/20/poilievre-invites-irans-exiled-crown-prince-reza-pahlavi-to-visit-canada,0.5,0.666050617214229,0.5664202468856916,6.230622715742608
1319116325,20260820,IRN,IRN,CAN,CAN,40,40,4,1,1.0,12,10,12,-3.37600890735974,https://www.brandonsun.com/national/2026/08/20/poilievre-invites-irans-exiled-crown-prince-reza-pahlavi-to-visit-canada,0.45,0.668800445367987,0.5375201781471948,6.450242137766337
1319116326,20260820,IRN,IRN,CAN,CAN,40,40,4,1,1.0,22,11,22,-3.5696401322318,https://www.brandonsun.com/national/2026/08/20/poilievre-invites-irans-exiled-crown-prince-reza-pahlavi-to-visit-canada,0.45,0.67848200661159,0.541392802644636,11.91064165818199
1319116327,20260820,IRN,IRN,CAN,CAN,125,125,12,3,-5.0,13,11,13,-3.5696401322318,https://www.brandonsun.com/national/2026/08/20/poilievre-invites-irans-exiled-crown-prince-reza-pahlavi-to-visit-canada,0.75,0.67848200661159,0.7213928026446359,9.378106434380268
1319116328,20260820,IRN,IRN,CAN,CAN,125,125,12,3,-5.0,22,11,22,-3.5696401322318,https://www.brandonsun.com/national/2026/08/20/poilievre-invites-irans-exiled-crown-prince-reza-pahlavi-to-visit-canada,0.75,0.67848200661159,0.7213928026446359,15.87064165818199
1319116329,20260820,IRN,IRN,CVL,,40,40,4,1,1.0,90,15,90,-3.49391857617446,https://www.brandonsun.com/national/2026/08/20/poilievre-invites-irans-exiled-crown-prince-reza-pahlavi-to-visit-canada,0.45,0.674695928808723,0.5398783715234892,48.589053437114025
1319116330,20260820,IRN,IRN,CVL,,125,125,12,3,-5.0,90,15,90,-3.49391857617446,https://www.brandonsun.com/national/2026/08/20/poilievre-invites-irans-exiled-crown-prince-reza-pahlavi-to-visit-canada,0.75,0.674695928808723,0.7198783715234891,64.78905343711402
1319116331,20260820,IRN,IRN,ESP,ESP,20,20,2,1,3.0,1,1,1,-4.10666666666666,https://www.middleeasteye.net/explainers/explainer-have-european-countries-been-involved-us-israeli-war-iran,0.35,0.705333333333333,0.4921333333333332,0.4921333333333332
1319116332,20260820,IRN,IRN,ESP,ESP,20,20,2,1,3.0,1,1,1,-4.10666666666666,https://www.middleeasteye.net/explainers/explainer-have-european-countries-been-involved-us-israeli-war-iran,0.35,0.705333333333333,0.4921333333333332,0.4921333333333332
1319116333,20260820,IRN,IRN,FRA,FRA,871,87,8,2,9.0,5,1,5,-4.10666666666666,https://www.middleeasteye.net/explainers/explainer-have-european-countries-been-involved-us-israeli-war-iran,0.05,0.705333333333333,0.31213333333333326,1.5606666666666662
1319116334,20260820,IRN,IRN,FRA,FRA,871,87,8,2,9.0,1,1,1,-4.10666666666666,https://www.middleeasteye.net/explainers/explainer-have-european-countries-been-involved-us-israeli-war-iran,0.05,0.705333333333333,0.31213333333333326,0.31213333333333326
1319116335,20260820,IRN,IRN,GOV,,36,36,3,1,4.0,26,9,26,-3.70985024277746,https://www.brandonsun.com/national/2026/08/20/poilievre-invites-irans-exiled-crown-prince-reza-pahlavi-to-visit-canada,0.3,0.685492512138873,0.4541970048555492,11.80912212624428
1319116336,20260820,IRN,IRN,GOV,,36,36,3,1,4.0,38,8,38,-3.5102833385358,https://www.brandonsun.com/national/2026/08/20/poilievre-invites-irans-exiled-crown-prince-reza-pahlavi-to-visit-canada,0.3,0.67551416692679,0.450205666770716,17.107815337287207
1319116337,20260820,IRN,IRN,IRNGOV,IRN,138,138,13,3,-7.0,1,1,1,-12.2065727699531,https://www.middleeasteye.net/live-blog/live-blog-update/irans-araghchi-says-trumps-economic-d-day-diversion-us-domestic-problems,0.85,1.0,0.91,0.91
1319116338,20260820,IRN,IRN,IRNGOV,IRN,138,138,13,3,-7.0,1,1,1,-12.2065727699531,https://www.middleeasteye.net/live-blog/live-blog-update/irans-araghchi-says-trumps-economic-d-day-diversion-us-domestic-problems,0.85,1.0,0.91,0.91
1319116339,20260820,IRN,IRN,IRQ,IRQ,36,36,3,1,4.0,2,1,2,-6.08052588331963,http://www.hngnews.com/nation_world/ap-news-summary-at-2-20-a-m-edt/article_5661d9b8-846b-532b-84a2-083620f74e49.html,0.3,0.8040262941659815,0.5016105176663925,1.003221035332785
1319116340,20260820,IRN,IRN,IRQ,IRQ,36,36,3,1,4.0,2,1,2,-6.08052588331963,http://www.hngnews.com/nation_world/ap-news-summary-at-2-20-a-m-edt/article_5661d9b8-846b-532b-84a2-083620f74e49.html,0.3,0.8040262941659815,0.5016105176663925,1.003221035332785
1319116341,20260820,IRN,IRN,IRQ,IRQ,42,42,4,1,1.9,2,1,2,-6.08052588331963,http://www.hngnews.com/nation_world/ap-news-summary-at-2-20-a-m-edt/article_5661d9b8-846b-532b-84a2-083620f74e49.html,0.40499999999999997,0.8040262941659815,0.5646105176663926,1.1292210353327852
1319116342,20260820,IRN,IRN,IRQ,IRQ,42,42,4,1,1.9,2,1,2,-6.08052588331963,http://www.hngnews.com/nation_world/ap-news-summary-at-2-20-a-m-edt/article_5661d9b8-846b-532b-84a2-083620f74e49.html,0.40499999999999997,0.8040262941659815,0.5646105176663926,1.1292210353327852
1319116343,20260820,IRN,IRN,ISR,ISR,111,111,11,3,-2.0,185,25,185,-7.25040962264847,https://www.middleeasteye.net/explainers/explainer-have-european-countries-been-involved-us-israeli-war-iran,0.6,0.8625204811324234,0.7050081924529694,130.42651560379934
1319116344,20260820,IRN,IRN,ISR,ISR,111,111,11,3,-2.0,1,1,1,-4.10666666666666,https://www.middleeasteye.net/explainers/explainer-have-european-countries-been-involved-us-israeli-war-iran,0.6,0.705333333333333,0.6421333333333332,0.6421333333333332
1319116345,20260820,IRN,IRN,PAK,PAK,120,120,12,3,-4.0,2,1,2,-4.10666666666666,https://www.middleeasteye.net/explainers/explainer-have-european-countries-been-involved-us-israeli-war-iran,0.7,0.705333333333333,0.7021333333333333,1.4042666666666666
1319116346,20260820,IRN,IRN,PAK,PAK,120,120,12,3,-4.0,5,1,5,-4.10666666666666,https://www.middleeasteye.net/explainers/explainer-have-european-countries-been-involved-us-israeli-war-iran,0.7,0.705333333333333,0.7021333333333333,3.5106666666666664
1319116347,20260820,IRN,IRN,USA,USA,12,12,1,1,-0.4,4,1,4,-9.46240935326329,https://www.cnn.com/2026/08/20/world/live-news/iran-war-trump,0.52,0.9731204676631645,0.7012481870652658,2.8049927482610633
1319116348,20260820,IRN,IRN,USA,USA,43,43,4,1,2.8,10,1,10,-0.41666666666667,https://www.iefimerida.gr/english/athens-alert-over-possible-iran-strikes-us-targets-europe,0.36,0.5208333333333335,0.4243333333333334,4.243333333333334
1319116349,20260820,IRN,IRN,USA,USA,90,90,9,2,-2.0,8,1,8,-0.41666666666667,https://www.iefimerida.gr/english/athens-alert-over-possible-iran-strikes-us-targets-europe,0.6,0.5208333333333335,0.5683333333333334,4.546666666666667
1319116350,20260820,IRN,IRN,USA,USA,110,110,11,3,-2.0,4,1,4,-9.46240935326329,https://www.cnn.com/2026/08/20/world/live-news/iran-war-trump,0.6,0.9731204676631645,0.7492481870652659,2.9969927482610634
1319116351,20260820,IRN,IRN,USA,USA,190,190,19,4,-10.0,10,1,10,-0.41666666666667,https://www.iefimerida.gr/english/athens-alert-over-possible-iran-strikes-us-targets-europe,1.0,0.5208333333333335,0.8083333333333333,8.083333333333334
1319116352,20260820,IRN,IRN,USAMIL,USA,50,50,5,1,3.5,10,1,10,-3.75,https://www.thevermilion.com/trump-announces-economic-war-against-iran-it-will-be-like-d-day-the-conflict-is-spreading-to-russia-and-china/article_19557/,0.325,0.6875,0.47000000000000003,4.7
1319116353,20260820,IRN,IRN,USAMIL,USA,51,51,5,1,3.4,1,1,1,-4.10666666666666,https://www.middleeasteye.net/explainers/explainer-have-european-countries-been-involved-us-israeli-war-iran,0.32999999999999996,0.705333333333333,0.4801333333333332,0.4801333333333332
1319116354,20260820,IRN,IRN,USAMIL,USA,51,51,5,1,3.4,3,1,3,-4.10666666666666,https://www.middleeasteye.net/explainers/explainer-have-european-countries-been-involved-us-israeli-war-iran,0.32999999999999996,0.705333333333333,0.4801333333333332,1.4403999999999995
1319116355,20260820,IRN,IRN,USAMIL,USA,51,51,5,1,3.4,1,1,1,-4.10666666666666,https://www.middleeasteye.net/explainers/explainer-have-european-countries-been-involved-us-israeli-war-iran,0.32999999999999996,0.705333333333333,0.4801333333333332,0.4801333333333332
1319116356,20260820,IRN,IRN,UZB,UZB,33,33,3,1,5.2,10,1,10,3.9568345323741,https://www.trend.az/casia/uzbekistan/4216466.html,0.24,0.302158273381295,0.264863309352518,2.64863309352518
1319116357,20260820,IRNGOV,IRN,EUR,EUR,70,70,7,2,7.0,2,1,2,-4.10666666666666,https://www.middleeasteye.net/explainers/explainer-have-european-countries-been-involved-us-israeli-war-iran,0.15,0.705333333333333,0.3721333333333332,0.7442666666666664
1319116358,20260820,IRNGOV,IRN,EUR,EUR,100,100,10,3,-5.0,2,1,2,-4.10666666666666,https://www.middleeasteye.net/explainers/explainer-have-european-countries-been-involved-us-israeli-war-iran,0.75,0.705333333333333,0.7321333333333332,1.4642666666666664
1319116359,20260820,IRNGOV,IRN,GOV,,110,110,11,3,-2.0,9,3,9,-12.1622547046276,https://www.vanguardngr.com/2026/08/iran-slams-trumps-economic-pressure-plan-as-more-failed-policies/,0.6,1.0,0.76,6.84
1319116360,20260820,IRNGOV,IRN,GOV,,111,111,11,3,-2.0,6,1,6,-4.85981308411214,https://news.webindia123.com/news/Articles/World/20260820/4488784.html,0.6,0.7429906542056071,0.6571962616822429,3.9431775700934573
1319116361,20260820,IRNGOV,IRN,IRN,IRN,44,44,4,1,2.5,6,1,6,-9.46240935326329,https://www.cnn.com/2026/08/20/world/live-news/iran-war-trump,0.375,0.9731204676631645,0.6142481870652658,3.685489122391595
1319116362,20260820,IRNGOV,IRN,IRNGOV,IRN,44,44,4,1,2.5,6,1,6,-9.44206008583693,https://www.cnn.com/2026/08/20/world/live-news/iran-war-trump,0.375,0.9721030042918464,0.6138412017167385,3.683047210300431
1319116363,20260820,IRNLEG,IRN,IRQ,IRQ,36,36,3,1,4.0,6,1,6,-6.08052588331963,http://www.hngnews.com/nation_world/ap-news-summary-at-2-20-a-m-edt/article_5661d9b8-846b-532b-84a2-083620f74e49.html,0.3,0.8040262941659815,0.5016105176663925,3.009663105998355
1319116364,20260820,IRNLEG,IRN,IRQ,IRQ,42,42,4,1,1.9,6,1,6,-6.08052588331963,http://www.hngnews.com/nation_world/ap-news-summary-at-2-20-a-m-edt/article_5661d9b8-846b-532b-84a2-083620f74e49.html,0.40499999999999997,0.8040262941659815,0.5646105176663926,3.3876631059983557
1319116365,20260820,IRQ,IRQ,IRN,IRN,36,36,3,1,4.0,2,1,2,-6.08052588331963,http://www.hngnews.com/nation_world/ap-news-summary-at-2-20-a-m-edt/article_5661d9b8-846b-532b-84a2-083620f74e49.html,0.3,0.8040262941659815,0.5016105176663925,1.003221035332785
1319116366,20260820,IRQ,IRQ,IRN,IRN,36,36,3,1,4.0,2,1,2,-6.08052588331963,http://www.hngnews.com/nation_world/ap-news-summary-at-2-20-a-m-edt/article_5661d9b8-846b-532b-84a2-083620f74e49.html,0.3,0.8040262941659815,0.5016105176663925,1.003221035332785
1319116367,20260820,IRQ,IRQ,IRN,IRN,43,43,4,1,2.8,2,1,2,-6.08052588331963,http://www.hngnews.com/nation_world/ap-news-summary-at-2-20-a-m-edt/article_5661d9b8-846b-532b-84a2-083620f74e49.html,0.36,0.8040262941659815,0.5376105176663926,1.0752210353327851
1319116368,20260820,IRQ,IRQ,IRN,IRN,43,43,4,1,2.8,2,1,2,-6.08052588331963,http://www.hngnews.com/nation_world/ap-news-summary-at-2-20-a-m-edt/article_5661d9b8-846b-532b-84a2-083620f74e49.html,0.36,0.8040262941659815,0.5376105176663926,1.0752210353327851
1319116369,20260820,IRQ,IRQ,IRNLEG,IRN,36,36,3,1,4.0,6,1,6,-6.08052588331963,http://www.hngnews.com/nation_world/ap-news-summary-at-2-20-a-m-edt/article_5661d9b8-846b-532b-84a2-083620f74e49.html,0.3,0.8040262941659815,0.5016105176663925,3.009663105998355
1319116370,20260820,IRQ,IRQ,IRNLEG,IRN,43,43,4,1,2.8,6,1,6,-6.08052588331963,http://www.hngnews.com/nation_world/ap-news-summary-at-2-20-a-m-edt/article_5661d9b8-846b-532b-84a2-083620f74e49.html,0.36,0.8040262941659815,0.5376105176663926,3.2256631059983554
1319116385,20260820,ISR,ISR,IRN,IRN,190,190,19,4,-10.0,29,15,29,-3.74354044960894,https://www.brandonsun.com/national/2026/08/20/poilievre-invites-irans-exiled-crown-prince-reza-pahlavi-to-visit-canada,1.0,0.687177022480447,0.8748708089921788,25.371253460773186
1319116421,20260820,ITA,ITA,IRN,IRN,874,87,8,2,10.0,1,1,1,-4.10666666666666,https://www.middleeasteye.net/explainers/explainer-have-european-countries-been-involved-us-israeli-war-iran,0.0,0.705333333333333,0.28213333333333324,0.28213333333333324
1319116422,20260820,ITA,ITA,IRN,IRN,874,87,8,2,10.0,1,1,1,-4.10666666666666,https://www.middleeasteye.net/explainers/explainer-have-european-countries-been-involved-us-israeli-war-iran,0.0,0.705333333333333,0.28213333333333324,0.28213333333333324
1319116423,20260820,ITA,ITA,IRN,IRN,131,131,13,3,-5.8,1,1,1,-4.10666666666666,https://www.middleeasteye.net/explainers/explainer-have-european-countries-been-involved-us-israeli-war-iran,0.79,0.705333333333333,0.7561333333333332,0.7561333333333332
1319116424,20260820,ITA,ITA,IRN,IRN,131,131,13,3,-5.8,1,1,1,-4.10666666666666,https://www.middleeasteye.net/explainers/explainer-have-european-countries-been-involved-us-israeli-war-iran,0.79,0.705333333333333,0.7561333333333332,0.7561333333333332
1319116545,20260820,MILCOPMIL,,IRN,IRN,110,110,11,3,-2.0,2,1,2,-1.143583227446,https://ctmirror.org/2026/08/20/the-benefits-of-war/,0.6,0.5571791613723,0.58287166454892,1.16574332909784
1319116546,20260820,MILCOPMIL,,IRN,IRN,110,110,11,3,-2.0,8,1,8,-1.143583227446,https://ctmirror.org/2026/08/20/the-benefits-of-war/,0.6,0.5571791613723,0.58287166454892,4.66297331639136
1319116697,20260820,SOM,SOM,IRN,IRN,120,120,12,3,-4.0,6,1,6,-6.91927512355848,https://www.cnbc.com/2026/08/20/somali-pirates-return-iran-war.html,0.7,0.8459637561779239,0.7583855024711695,4.550313014827017
1319116698,20260820,SOM,SOM,IRN,IRN,120,120,12,3,-4.0,2,1,2,-6.91927512355848,https://www.cnbc.com/2026/08/20/somali-pirates-return-iran-war.html,0.7,0.8459637561779239,0.7583855024711695,1.516771004942339
1319116820,20260820,USA,USA,IRN,IRN,42,42,4,1,1.9,10,1,10,-0.41666666666667,https://www.iefimerida.gr/english/athens-alert-over-possible-iran-strikes-us-targets-europe,0.40499999999999997,0.5208333333333335,0.45133333333333336,4.513333333333334
1319118179,20260820,GOV,,IRN,IRN,10,10,1,1,0.0,1,1,1,-4.06654343807764,https://www.israelnationalnews.com/news/431982,0.5,0.703327171903882,0.5813308687615528,0.5813308687615528
1319118180,20260820,GOV,,IRN,IRN,10,10,1,1,0.0,1,1,1,-4.06654343807764,https://www.israelnationalnews.com/news/431982,0.5,0.703327171903882,0.5813308687615528,0.5813308687615528
1319118181,20260820,GOV,,IRN,IRN,20,20,2,1,3.0,2,1,2,-7.60869565217387,https://www.wvgazettemail.com/opinion/editorial/guest-editorial-no-quick-escape-from-consequences-of-iran-war/article_cf966069-9fee-4560-85de-57f3ebaa6db8.html,0.35,0.8804347826086936,0.5621739130434774,1.1243478260869548
1319118182,20260820,GOV,,IRN,IRN,42,42,4,1,1.9,2,1,2,-7.60869565217387,https://www.wvgazettemail.com/opinion/editorial/guest-editorial-no-quick-escape-from-consequences-of-iran-war/article_cf966069-9fee-4560-85de-57f3ebaa6db8.html,0.40499999999999997,0.8804347826086936,0.5951739130434774,1.1903478260869549
1319118289,20260820,IRN,IRN,,,80,80,8,2,5.0,2,1,2,-7.60869565217387,https://www.wvgazettemail.com/opinion/editorial/guest-editorial-no-quick-escape-from-consequences-of-iran-war/article_cf966069-9fee-4560-85de-57f3ebaa6db8.html,0.25,0.8804347826086936,0.5021739130434775,1.004347826086955
1319118290,20260820,IRN,IRN,,,80,80,8,2,5.0,2,1,2,-7.60869565217387,https://www.wvgazettemail.com/opinion/editorial/guest-editorial-no-quick-escape-from-consequences-of-iran-war/article_cf966069-9fee-4560-85de-57f3ebaa6db8.html,0.25,0.8804347826086936,0.5021739130434775,1.004347826086955
1319118291,20260820,IRN,IRN,COP,,186,186,18,4,-10.0,2,2,2,-7.66109713738168,https://www.wvgazettemail.com/opinion/editorial/guest-editorial-no-quick-escape-from-consequences-of-iran-war/article_cf966069-9fee-4560-85de-57f3ebaa6db8.html,1.0,0.883054856869084,0.9532219427476336,1.9064438854952672
1319118292,20260820,IRN,IRN,EDU,,93,93,9,2,-2.0,5,1,5,-6.55737704918033,https://www.siasat.com/iran-consul-general-calls-for-probe-into-minab-school-strike-3527839/,0.6,0.8278688524590165,0.6911475409836066,3.4557377049180333
1319118293,20260820,IRN,IRN,GOV,,12,12,1,1,-0.4,2,1,2,-7.60869565217387,https://www.wvgazettemail.com/opinion/editorial/guest-editorial-no-quick-escape-from-consequences-of-iran-war/article_cf966069-9fee-4560-85de-57f3ebaa6db8.html,0.52,0.8804347826086936,0.6641739130434774,1.3283478260869548
1319118294,20260820,IRN,IRN,GOV,,43,43,4,1,2.8,2,1,2,-7.60869565217387,https://www.wvgazettemail.com/opinion/editorial/guest-editorial-no-quick-escape-from-consequences-of-iran-war/article_cf966069-9fee-4560-85de-57f3ebaa6db8.html,0.36,0.8804347826086936,0.5681739130434774,1.1363478260869548
1319118295,20260820,IRN,IRN,GOV,,181,181,18,4,-9.0,2,1,2,-7.60869565217387,https://www.wvgazettemail.com/opinion/editorial/guest-editorial-no-quick-escape-from-consequences-of-iran-war/article_cf966069-9fee-4560-85de-57f3ebaa6db8.html,0.95,0.8804347826086936,0.9221739130434774,1.8443478260869548
1319118296,20260820,IRN,IRN,IRNEDU,IRN,93,93,9,2,-2.0,2,1,2,-6.55737704918033,https://www.siasat.com/iran-consul-general-calls-for-probe-into-minab-school-strike-3527839/,0.6,0.8278688524590165,0.6911475409836066,1.3822950819672133
1319118297,20260820,IRN,IRN,MIL,,186,186,18,4,-10.0,1,1,1,-7.60869565217387,https://www.wvgazettemail.com/opinion/editorial/guest-editorial-no-quick-escape-from-consequences-of-iran-war/article_cf966069-9fee-4560-85de-57f3ebaa6db8.html,1.0,0.8804347826086936,0.9521739130434774,0.9521739130434774
1319118298,20260820,IRN,IRN,PAK,PAK,190,190,19,4,-10.0,42,15,42,-1.63030307481035,http://www.heraldglobe.com/news/279253534/pakistan-summons-us-diplomat-after-trump-envoy-comments,1.0,0.5815151537405174,0.832606061496207,34.96945458284069
1319118299,20260820,IRN,IRN,PAK,PAK,190,190,19,4,-10.0,105,15,105,-1.63030307481035,http://www.heraldglobe.com/news/279253534/pakistan-summons-us-diplomat-after-trump-envoy-comments,1.0,0.5815151537405174,0.832606061496207,87.42363645710174
1319118300,20260820,IRN,IRN,PRK,PRK,50,50,5,1,3.5,4,1,4,-0.84745762711864,https://www.hani.co.kr/arti/english_edition/e_international/1273860.html,0.325,0.542372881355932,0.4119491525423728,1.6477966101694912
1319118301,20260820,IRN,IRN,PRK,PRK,50,50,5,1,3.5,16,1,16,-0.84745762711864,https://www.hani.co.kr/arti/english_edition/e_international/1273860.html,0.325,0.542372881355932,0.4119491525423728,6.591186440677965
1319118302,20260820,IRN,IRN,USA,USA,12,12,1,1,-0.4,4,3,4,-8.83830991412961,https://www.khaama.com/irans-araghchi-calls-trumps-new-economic-pressure-campaign-a-failed-policy/,0.52,0.9419154957064805,0.6887661982825922,2.755064793130369
1319118303,20260820,IRN,IRN,USA,USA,20,20,2,1,3.0,2,2,2,-5.69596337150901,https://www.israelnationalnews.com/news/431982,0.35,0.7847981685754505,0.5239192674301802,1.0478385348603605
1319118304,20260820,IRN,IRN,USA,USA,46,46,4,1,7.0,1,1,1,-4.06654343807764,https://www.israelnationalnews.com/news/431982,0.15,0.703327171903882,0.37133086876155286,0.37133086876155286
1319118305,20260820,IRN,IRN,USA,USA,831,83,8,2,5.0,2,1,2,-7.60869565217387,https://www.wvgazettemail.com/opinion/editorial/guest-editorial-no-quick-escape-from-consequences-of-iran-war/article_cf966069-9fee-4560-85de-57f3ebaa6db8.html,0.25,0.8804347826086936,0.5021739130434775,1.004347826086955
1319118306,20260820,IRN,IRN,USA,USA,831,83,8,2,5.0,2,1,2,-7.60869565217387,https://www.wvgazettemail.com/opinion/editorial/guest-editorial-no-quick-escape-from-consequences-of-iran-war/article_cf966069-9fee-4560-85de-57f3ebaa6db8.html,0.25,0.8804347826086936,0.5021739130434775,1.004347826086955
1319118307,20260820,IRNGOV,IRN,,,20,20,2,1,3.0,2,1,2,-6.55737704918033,https://www.siasat.com/iran-consul-general-calls-for-probe-into-minab-school-strike-3527839/,0.35,0.8278688524590165,0.5411475409836066,1.0822950819672132
1319118308,20260820,IRNGOV,IRN,,,90,90,9,2,-2.0,2,1,2,-6.55737704918033,https://www.siasat.com/iran-consul-general-calls-for-probe-into-minab-school-strike-3527839/,0.6,0.8278688524590165,0.6911475409836066,1.3822950819672133
1319118309,20260820,IRNGOV,IRN,,,110,110,11,3,-2.0,4,2,4,-5.36871397336513,https://www.premiumtimesng.com/news/headlines/904175-trump-announces-most-crushing-economic-sanctions-on-iran.html,0.6,0.7684356986682566,0.6673742794673027,2.6694971178692106
1319118310,20260820,IRNGOV,IRN,EDU,,20,20,2,1,3.0,2,1,2,-6.55737704918033,https://www.siasat.com/iran-consul-general-calls-for-probe-into-minab-school-strike-3527839/,0.35,0.8278688524590165,0.5411475409836066,1.0822950819672132
1319118311,20260820,IRNGOV,IRN,EDU,,90,90,9,2,-2.0,2,1,2,-6.55737704918033,https://www.siasat.com/iran-consul-general-calls-for-probe-into-minab-school-strike-3527839/,0.6,0.8278688524590165,0.6911475409836066,1.3822950819672133
1319118312,20260820,IRNGOV,IRN,IRN,IRN,110,110,11,3,-2.0,3,2,3,-6.83658637873754,https://www.premiumtimesng.com/news/headlines/904175-trump-announces-most-crushing-economic-sanctions-on-iran.html,0.6,0.841829318936877,0.6967317275747508,2.090195182724252
1319118313,20260820,IRNGOV,IRN,IRNEDU,IRN,20,20,2,1,3.0,6,1,6,-6.55737704918033,https://www.siasat.com/iran-consul-general-calls-for-probe-into-minab-school-strike-3527839/,0.35,0.8278688524590165,0.5411475409836066,3.2468852459016397
1319118314,20260820,IRNGOV,IRN,IRNEDU,IRN,90,90,9,2,-2.0,6,1,6,-6.55737704918033,https://www.siasat.com/iran-consul-general-calls-for-probe-into-minab-school-strike-3527839/,0.6,0.8278688524590165,0.6911475409836066,4.14688524590164
1319118702,20260820,USA,USA,IRN,IRN,46,46,4,1,7.0,1,1,1,-4.06654343807764,https://www.israelnationalnews.com/news/431982,0.15,0.703327171903882,0.37133086876155286,0.37133086876155286
1319118703,20260820,USA,USA,IRN,IRN,130,130,13,3,-4.4,2,1,2,-6.97674418604651,https://www.premiumtimesng.com/news/headlines/904175-trump-announces-most-crushing-economic-sanctions-on-iran.html,0.72,0.8488372093023255,0.7715348837209302,1.5430697674418603
1319118704,20260820,USA,USA,IRNGOV,IRN,84,84,8,2,7.0,3,1,3,-5.27777777777777,https://www.siasat.com/us-worked-with-iran-to-deport-iranians-emails-show-3527742/,0.15,0.7638888888888885,0.39555555555555544,1.1866666666666663
1319119807,20260820,GOV,,IRN,IRN,10,10,1,1,0.0,6,2,6,-3.54917067425655,https://en.apa.az/america/trump-announces-most-crushing-economic-operation-against-iran-520981,0.5,0.6774585337128275,0.570983413485131,3.4259004809107862
1319119882,20260820,IRN,IRN,IRNGOV,IRN,12,12,1,1,-0.4,4,1,4,-11.0,https://en.apa.az/asia/araghchi-us-economic-d-day-threatens-global-economy-and-sovereignty-520985,0.52,1.0,0.712,2.848
1319119883,20260820,IRN,IRN,KOR,KOR,110,110,11,3,-2.0,235,132,235,-1.25994985027961,https://www.winnipegfreepress.com/world/2026/08/20/north-korea-fires-an-unidentified-projectile-off-its-east-coast-south-korea-says,0.6,0.5629974925139806,0.5851989970055922,137.52176429631416
1319119884,20260820,IRN,IRN,KOR,KOR,110,110,11,3,-2.0,10,10,10,-1.3838086657311,https://www.winnipegfreepress.com/world/2026/08/20/north-korea-fires-an-unidentified-projectile-off-its-east-coast-south-korea-says,0.6,0.569190433286555,0.5876761733146221,5.876761733146221
1319119885,20260820,IRN,IRN,VEN,VEN,57,57,5,1,8.0,240,24,240,-11.5384615384615,https://www.wutc.org/2026-08-20/morning-news-brief,0.1,1.0,0.46,110.4
1319119886,20260820,IRNGOV,IRN,,,12,12,1,1,-0.4,6,1,6,-11.0,https://en.apa.az/asia/araghchi-us-economic-d-day-threatens-global-economy-and-sovereignty-520985,0.52,1.0,0.712,4.272
1319119887,20260820,IRNGOV,IRN,IRN,IRN,10,10,1,1,0.0,1,1,1,-3.26086956521739,https://en.apa.az/america/trump-announces-most-crushing-economic-operation-against-iran-520981,0.5,0.6630434782608695,0.5652173913043478,0.5652173913043478
1319119888,20260820,IRNGOV,IRN,IRN,IRN,44,44,4,1,2.5,2,1,2,-9.48275862068964,https://edition.cnn.com/2026/08/20/world/live-news/iran-war-trump,0.375,0.974137931034482,0.6146551724137927,1.2293103448275855
1319119889,20260820,IRNGOV,IRN,IRNGOV,IRN,44,44,4,1,2.5,6,1,6,-9.48275862068964,https://edition.cnn.com/2026/08/20/world/live-news/iran-war-trump,0.375,0.974137931034482,0.6146551724137927,3.6879310344827565
1319119890,20260820,IRNGOV,IRN,USA,USA,10,10,1,1,0.0,12,2,12,-5.05600433044637,https://paktribune.com/trump-warns-irans-partners-of-tremendous-economic-punishment/,0.5,0.7528002165223185,0.6011200866089275,7.2134410393071295
1319120252,20260820,USAGOV,USA,IRN,IRN,10,10,1,1,0.0,2,1,2,-3.26086956521739,https://en.apa.az/america/trump-announces-most-crushing-economic-operation-against-iran-520981,0.5,0.6630434782608695,0.5652173913043478,1.1304347826086956
1319120253,20260820,USAGOV,USA,IRN,IRN,10,10,1,1,0.0,5,1,5,-3.26086956521739,https://en.apa.az/america/trump-announces-most-crushing-economic-operation-against-iran-520981,0.5,0.6630434782608695,0.5652173913043478,2.826086956521739
1319120263,20260820,VEN,VEN,IRN,IRN,57,57,5,1,8.0,240,24,240,-11.5384615384615,https://www.wutc.org/2026-08-20/morning-news-brief,0.1,1.0,0.46,110.4
1319121257,20260820,,,IRN,IRN,61,61,6,2,6.4,10,1,10,2.18281036834925,https://www.trend.az/casia/4216080.html,0.18,0.3908594815825375,0.264343792633015,2.64343792633015
1319121329,20260820,ARE,ARE,IRN,IRN,1123,112,11,3,-2.0,30,3,30,-3.54185514661459,https://www.aljazeera.com/news/2026/8/20/are-hormuz-ships-more-willing-to-defy-iran-or-the-us-what-data-shows,0.6,0.6770927573307295,0.6308371029322918,18.925113087968754
1319121340,20260820,AUS,AUS,IRN,IRN,120,120,12,3,-4.0,3,1,3,-3.52,https://www.aljazeera.com/economy/2026/8/20/oil-flows-nearly-tripled-before-us-iran-mou-expired,0.7,0.6759999999999999,0.6903999999999999,2.0711999999999997
1319121341,20260820,AUS,AUS,IRN,IRN,120,120,12,3,-4.0,2,1,2,-3.52,https://www.aljazeera.com/economy/2026/8/20/oil-flows-nearly-tripled-before-us-iran-mou-expired,0.7,0.6759999999999999,0.6903999999999999,1.3807999999999998
1319121385,20260820,AZEGOV,AZE,IRN,IRN,41,41,4,1,1.0,1,1,1,2.27272727272727,https://www.trend.az/azerbaijan/politics/4216106.html,0.45,0.3863636363636365,0.42454545454545467,0.42454545454545467
1319121386,20260820,AZEGOV,AZE,IRN,IRN,41,41,4,1,1.0,1,1,1,2.27272727272727,https://www.trend.az/azerbaijan/politics/4216106.html,0.45,0.3863636363636365,0.42454545454545467,0.42454545454545467
1319121417,20260820,BUS,,IRN,IRN,130,130,13,3,-4.4,13,2,13,-7.07582991841796,http://www.econotimes.com/Trump-Threatens-Crushing-Iran-Sanctions-as-Hormuz-Standoff-Deepens-1749977,0.72,0.853791495920898,0.7735165983683592,10.05571577878867
1319121439,20260820,CHN,CHN,IRN,IRN,61,61,6,2,6.4,10,1,10,-6.70553935860059,http://www.econotimes.com/Trump-Threatens-Economic-Penalties-on-Countries-Supporting-Iran-1749979,0.18,0.8352769679300295,0.4421107871720118,4.4211078717201175
1319121553,20260820,FRA,FRA,IRN,IRN,36,36,3,1,4.0,1,1,1,-5.38573508005822,https://www.durangoherald.com/articles/associated-press/israels-military-to-investigate-gaza-attacks-and-other-major-developments-in-the-middle-east/,0.3,0.769286754002911,0.4877147016011644,0.4877147016011644
1319121554,20260820,FRA,FRA,IRN,IRN,174,174,17,4,-5.0,1,1,1,-5.38573508005822,https://www.durangoherald.com/articles/associated-press/israels-military-to-investigate-gaza-attacks-and-other-major-developments-in-the-middle-east/,0.75,0.769286754002911,0.7577147016011644,0.7577147016011644
1319121555,20260820,FRA,FRA,IRN,IRN,174,174,17,4,-5.0,1,1,1,-5.38573508005822,https://www.durangoherald.com/articles/associated-press/israels-military-to-investigate-gaza-attacks-and-other-major-developments-in-the-middle-east/,0.75,0.769286754002911,0.7577147016011644,0.7577147016011644
1319121556,20260820,FRA,FRA,IRNGOV,IRN,174,174,17,4,-5.0,2,1,2,-5.38573508005822,https://www.durangoherald.com/articles/associated-press/israels-military-to-investigate-gaza-attacks-and-other-major-developments-in-the-middle-east/,0.75,0.769286754002911,0.7577147016011644,1.5154294032023288
1319121557,20260820,FRA,FRA,IRNGOV,IRN,174,174,17,4,-5.0,4,1,4,-5.38573508005822,https://www.durangoherald.com/articles/associated-press/israels-military-to-investigate-gaza-attacks-and-other-major-developments-in-the-middle-east/,0.75,0.769286754002911,0.7577147016011644,3.0308588064046575
1319121673,20260820,GOVCOP,,IRN,IRN,40,40,4,1,1.0,6,1,6,2.18281036834925,https://www.trend.az/casia/4216080.html,0.45,0.3908594815825375,0.42634379263301503,2.5580627557980904
1319121735,20260820,IRN,IRN,,,163,163,16,4,-8.0,10,1,10,-8.40579710144932,http://www.econotimes.com/Oil-Prices-Rise-as-Trump-Threatens-Tougher-Iran-Economic-Measures-1749973,0.9,0.920289855072466,0.9081159420289864,9.081159420289865
1319121736,20260820,IRN,IRN,,,191,191,19,4,-9.5,10,1,10,-2.97029702970297,https://www.trend.az/iran/politics/4216255.html,0.975,0.6485148514851484,0.8444059405940594,8.444059405940594
1319121737,20260820,IRN,IRN,AZEGOV,AZE,41,41,4,1,1.0,1,1,1,2.27272727272727,https://www.trend.az/azerbaijan/politics/4216106.html,0.45,0.3863636363636365,0.42454545454545467,0.42454545454545467
1319121738,20260820,IRN,IRN,AZEGOV,AZE,41,41,4,1,1.0,1,1,1,2.27272727272727,https://www.trend.az/azerbaijan/politics/4216106.html,0.45,0.3863636363636365,0.42454545454545467,0.42454545454545467
1319121739,20260820,IRN,IRN,FRA,FRA,36,36,3,1,4.0,1,1,1,-5.38573508005822,https://www.durangoherald.com/articles/associated-press/israels-military-to-investigate-gaza-attacks-and-other-major-developments-in-the-middle-east/,0.3,0.769286754002911,0.4877147016011644,0.4877147016011644
1319121740,20260820,IRN,IRN,FRA,FRA,172,172,17,4,-5.0,4,1,4,-2.97029702970297,https://www.trend.az/iran/politics/4216255.html,0.75,0.6485148514851484,0.7094059405940594,2.8376237623762375
1319121741,20260820,IRN,IRN,FRAGOV,FRA,172,172,17,4,-5.0,6,1,6,-2.97029702970297,https://www.trend.az/iran/politics/4216255.html,0.75,0.6485148514851484,0.7094059405940594,4.256435643564356
1319121742,20260820,IRN,IRN,GOVCOP,,40,40,4,1,1.0,6,1,6,2.18281036834925,https://www.trend.az/casia/4216080.html,0.45,0.3908594815825375,0.42634379263301503,2.5580627557980904
1319121743,20260820,IRN,IRN,IRNCOP,IRN,40,40,4,1,1.0,1,1,1,2.18281036834925,https://www.trend.az/casia/4216080.html,0.45,0.3908594815825375,0.42634379263301503,0.42634379263301503
1319121744,20260820,IRN,IRN,IRNMIL,IRN,190,190,19,4,-10.0,2,1,2,-5.38573508005822,https://www.durangoherald.com/articles/associated-press/israels-military-to-investigate-gaza-attacks-and-other-major-developments-in-the-middle-east/,1.0,0.769286754002911,0.9077147016011644,1.8154294032023288
1319121745,20260820,IRN,IRN,IRQ,IRQ,10,10,1,1,0.0,1,1,1,-5.38573508005822,https://www.durangoherald.com/articles/associated-press/israels-military-to-investigate-gaza-attacks-and-other-major-developments-in-the-middle-east/,0.5,0.769286754002911,0.6077147016011644,0.6077147016011644
1319121746,20260820,IRN,IRN,IRQ,IRQ,10,10,1,1,0.0,1,1,1,-5.38573508005822,https://www.durangoherald.com/articles/associated-press/israels-military-to-investigate-gaza-attacks-and-other-major-developments-in-the-middle-east/,0.5,0.769286754002911,0.6077147016011644,0.6077147016011644
1319121747,20260820,IRN,IRN,IRQ,IRQ,10,10,1,1,0.0,2,1,2,-5.38573508005822,https://www.durangoherald.com/articles/associated-press/israels-military-to-investigate-gaza-attacks-and-other-major-developments-in-the-middle-east/,0.5,0.769286754002911,0.6077147016011644,1.2154294032023287
1319121748,20260820,IRN,IRN,IRQ,IRQ,40,40,4,1,1.0,2,2,2,-2.15769934431045,https://www.durangoherald.com/articles/associated-press/israels-military-to-investigate-gaza-attacks-and-other-major-developments-in-the-middle-east/,0.45,0.6078849672155224,0.513153986886209,1.026307973772418
1319121749,20260820,IRN,IRN,IRQ,IRQ,42,42,4,1,1.9,9,3,9,-1.86339540801056,https://www.durangoherald.com/articles/associated-press/israels-military-to-investigate-gaza-attacks-and-other-major-developments-in-the-middle-east/,0.40499999999999997,0.593169770400528,0.48026790816021114,4.322411173441901
1319121750,20260820,IRN,IRN,KAZ,KAZ,40,40,4,1,1.0,8,1,8,2.18281036834925,https://www.trend.az/casia/4216080.html,0.45,0.3908594815825375,0.42634379263301503,3.4107503410641202
1319121751,20260820,IRN,IRN,KAZ,KAZ,40,40,4,1,1.0,2,1,2,2.18281036834925,https://www.trend.az/casia/4216080.html,0.45,0.3908594815825375,0.42634379263301503,0.8526875852660301
1319121752,20260820,IRN,IRN,KAZ,KAZ,50,50,5,1,3.5,8,1,8,2.18281036834925,https://www.trend.az/casia/4216080.html,0.325,0.3908594815825375,0.351343792633015,2.81075034106412
1319121753,20260820,IRN,IRN,KAZ,KAZ,50,50,5,1,3.5,2,1,2,2.18281036834925,https://www.trend.az/casia/4216080.html,0.325,0.3908594815825375,0.351343792633015,0.70268758526603
1319121754,20260820,IRN,IRN,TKM,TKM,30,30,3,1,4.0,1,1,1,3.43915343915344,https://www.trend.az/casia/4216241.html,0.3,0.328042328042328,0.31121693121693117,0.31121693121693117
1319121755,20260820,IRN,IRN,TKM,TKM,30,30,3,1,4.0,1,1,1,3.43915343915344,https://www.trend.az/casia/4216241.html,0.3,0.328042328042328,0.31121693121693117,0.31121693121693117
1319121756,20260820,IRN,IRN,TKM,TKM,40,40,4,1,1.0,3,1,2,3.43915343915344,https://www.trend.az/casia/4216241.html,0.45,0.328042328042328,0.40121693121693125,1.2036507936507936
1319121757,20260820,IRN,IRN,TKM,TKM,40,40,4,1,1.0,12,1,8,3.43915343915344,https://www.trend.az/casia/4216241.html,0.45,0.328042328042328,0.40121693121693125,4.8146031746031746
1319121758,20260820,IRN,IRN,TKM,TKM,42,42,4,1,1.9,3,1,3,3.43915343915344,https://www.trend.az/casia/4216241.html,0.40499999999999997,0.328042328042328,0.37421693121693117,1.1226507936507935
1319121759,20260820,IRN,IRN,TKM,TKM,50,50,5,1,3.5,2,1,2,3.43915343915344,https://www.trend.az/casia/4216241.html,0.325,0.328042328042328,0.3262169312169312,0.6524338624338624
1319121760,20260820,IRN,IRN,TKM,TKM,50,50,5,1,3.5,8,1,8,3.43915343915344,https://www.trend.az/casia/4216241.html,0.325,0.328042328042328,0.3262169312169312,2.6097354497354495
1319121761,20260820,IRN,IRN,UAF,,10,10,1,1,0.0,1,1,1,-5.38573508005822,https://www.durangoherald.com/articles/associated-press/israels-military-to-investigate-gaza-attacks-and-other-major-developments-in-the-middle-east/,0.5,0.769286754002911,0.6077147016011644,0.6077147016011644
1319121762,20260820,IRN,IRN,UAF,,51,51,5,1,3.4,1,1,1,-5.38573508005822,https://www.durangoherald.com/articles/associated-press/israels-military-to-investigate-gaza-attacks-and-other-major-developments-in-the-middle-east/,0.32999999999999996,0.769286754002911,0.5057147016011644,0.5057147016011644
1319121763,20260820,IRN,IRN,USA,USA,871,87,8,2,9.0,30,3,30,-3.54185514661459,https://www.aljazeera.com/news/2026/8/20/are-hormuz-ships-more-willing-to-defy-iran-or-the-us-what-data-shows,0.05,0.6770927573307295,0.3008371029322918,9.025113087968755
1319121764,20260820,IRN,IRN,UZB,UZB,40,40,4,1,1.0,4,1,4,3.56164383561644,https://www.trend.az/casia/uzbekistan/4216164.html,0.45,0.321917808219178,0.3987671232876712,1.5950684931506849
1319121765,20260820,IRN,IRN,UZB,UZB,40,40,4,1,1.0,1,1,1,3.56164383561644,https://www.trend.az/casia/uzbekistan/4216164.html,0.45,0.321917808219178,0.3987671232876712,0.3987671232876712
1319121766,20260820,IRNCOP,IRN,IRN,IRN,40,40,4,1,1.0,1,1,1,2.18281036834925,https://www.trend.az/casia/4216080.html,0.45,0.3908594815825375,0.42634379263301503,0.42634379263301503
1319121767,20260820,IRNCOP,IRN,IRNGOV,IRN,40,40,4,1,1.0,1,1,1,2.18281036834925,https://www.trend.az/casia/4216080.html,0.45,0.3908594815825375,0.42634379263301503,0.42634379263301503
1319121768,20260820,IRNGOV,IRN,AFG,AFG,20,20,2,1,3.0,2,1,2,3.34728033472804,https://www.ariananews.af/irans-president-calls-for-facilitation-of-trade-with-afghanistan/,0.35,0.332635983263598,0.3430543933054392,0.6861087866108784
1319121769,20260820,IRNGOV,IRN,AFG,AFG,20,20,2,1,3.0,4,1,4,3.34728033472804,https://www.ariananews.af/irans-president-calls-for-facilitation-of-trade-with-afghanistan/,0.35,0.332635983263598,0.3430543933054392,1.3722175732217567
1319121770,20260820,IRNGOV,IRN,AFG,AFG,20,20,2,1,3.0,2,1,2,3.34728033472804,https://www.ariananews.af/irans-president-calls-for-facilitation-of-trade-with-afghanistan/,0.35,0.332635983263598,0.3430543933054392,0.6861087866108784
1319121771,20260820,IRNGOV,IRN,AFG,AFG,20,20,2,1,3.0,2,1,2,3.34728033472804,https://www.ariananews.af/irans-president-calls-for-facilitation-of-trade-with-afghanistan/,0.35,0.332635983263598,0.3430543933054392,0.6861087866108784
1319121772,20260820,IRNGOV,IRN,AFG,AFG,61,61,6,2,6.4,10,1,10,3.34728033472804,https://www.ariananews.af/irans-president-calls-for-facilitation-of-trade-with-afghanistan/,0.18,0.332635983263598,0.2410543933054392,2.410543933054392
1319121773,20260820,IRNGOV,IRN,GOV,,10,10,1,1,0.0,10,1,10,-2.97029702970297,https://www.trend.az/iran/politics/4216255.html,0.5,0.6485148514851484,0.5594059405940593,5.594059405940594
1319121774,20260820,IRNGOV,IRN,IRNCOP,IRN,40,40,4,1,1.0,1,1,1,2.18281036834925,https://www.trend.az/casia/4216080.html,0.45,0.3908594815825375,0.42634379263301503,0.42634379263301503
1319121775,20260820,IRNGOV,IRN,TKM,TKM,30,30,3,1,4.0,4,1,4,3.43915343915344,https://www.trend.az/casia/4216241.html,0.3,0.328042328042328,0.31121693121693117,1.2448677248677247
1319121776,20260820,IRNGOV,IRN,TKM,TKM,30,30,3,1,4.0,2,1,2,3.43915343915344,https://www.trend.az/casia/4216241.html,0.3,0.328042328042328,0.31121693121693117,0.6224338624338623
1319121777,20260820,IRNGOV,IRN,TKM,TKM,42,42,4,1,1.9,1,1,1,3.43915343915344,https://www.trend.az/casia/4216241.html,0.40499999999999997,0.328042328042328,0.37421693121693117,0.37421693121693117
1319121778,20260820,IRNGOV,IRN,TKM,TKM,42,42,4,1,1.9,1,1,1,3.43915343915344,https://www.trend.az/casia/4216241.html,0.40499999999999997,0.328042328042328,0.37421693121693117,0.37421693121693117
1319121779,20260820,IRNLEG,IRN,IRQ,IRQ,10,10,1,1,0.0,6,1,6,-5.38573508005822,https://www.durangoherald.com/articles/associated-press/israels-military-to-investigate-gaza-attacks-and-other-major-developments-in-the-middle-east/,0.5,0.769286754002911,0.6077147016011644,3.646288209606986
1319121780,20260820,IRNLEG,IRN,IRQ,IRQ,42,42,4,1,1.9,6,1,6,-5.38573508005822,https://www.durangoherald.com/articles/associated-press/israels-military-to-investigate-gaza-attacks-and-other-major-developments-in-the-middle-east/,0.40499999999999997,0.769286754002911,0.5507147016011644,3.3042882096069865
1319121781,20260820,IRNLEG,IRN,MILMIL,,190,190,19,4,-10.0,6,1,6,-5.38573508005822,https://www.durangoherald.com/articles/associated-press/israels-military-to-investigate-gaza-attacks-and-other-major-developments-in-the-middle-east/,1.0,0.769286754002911,0.9077147016011644,5.446288209606987
1319121785,20260820,IRQ,IRQ,IRN,IRN,40,40,4,1,1.0,2,2,2,-2.15769934431045,https://www.durangoherald.com/articles/associated-press/israels-military-to-investigate-gaza-attacks-and-other-major-developments-in-the-middle-east/,0.45,0.6078849672155224,0.513153986886209,1.026307973772418
1319121786,20260820,IRQ,IRQ,IRN,IRN,43,43,4,1,2.8,9,3,9,-1.86339540801056,https://www.durangoherald.com/articles/associated-press/israels-military-to-investigate-gaza-attacks-and-other-major-developments-in-the-middle-east/,0.36,0.593169770400528,0.45326790816021123,4.079411173441901
1319121787,20260820,IRQ,IRQ,IRN,IRN,190,190,19,4,-10.0,2,1,2,-5.38573508005822,https://www.durangoherald.com/articles/associated-press/israels-military-to-investigate-gaza-attacks-and-other-major-developments-in-the-middle-east/,1.0,0.769286754002911,0.9077147016011644,1.8154294032023288
1319121788,20260820,IRQ,IRQ,IRNLEG,IRN,43,43,4,1,2.8,6,1,6,-5.38573508005822,https://www.durangoherald.com/articles/associated-press/israels-military-to-investigate-gaza-attacks-and-other-major-developments-in-the-middle-east/,0.36,0.769286754002911,0.5237147016011644,3.1422882096069866
1319121789,20260820,IRQ,IRQ,IRNMIL,IRN,190,190,19,4,-10.0,2,1,2,-5.38573508005822,https://www.durangoherald.com/articles/associated-press/israels-military-to-investigate-gaza-attacks-and-other-major-developments-in-the-middle-east/,1.0,0.769286754002911,0.9077147016011644,1.8154294032023288
1319121849,20260820,KAZ,KAZ,IRN,IRN,40,40,4,1,1.0,10,1,10,2.18281036834925,https://www.trend.az/casia/4216080.html,0.45,0.3908594815825375,0.42634379263301503,4.26343792633015
1319121850,20260820,KAZ,KAZ,IRN,IRN,50,50,5,1,3.5,1,1,1,2.18281036834925,https://www.trend.az/casia/4216080.html,0.325,0.3908594815825375,0.351343792633015,0.351343792633015
1319121851,20260820,KAZ,KAZ,IRN,IRN,50,50,5,1,3.5,1,1,1,2.18281036834925,https://www.trend.az/casia/4216080.html,0.325,0.3908594815825375,0.351343792633015,0.351343792633015
1319121852,20260820,KAZ,KAZ,IRN,IRN,50,50,5,1,3.5,3,1,3,2.18281036834925,https://www.trend.az/casia/4216080.html,0.325,0.3908594815825375,0.351343792633015,1.054031377899045
1319121853,20260820,KAZ,KAZ,IRN,IRN,50,50,5,1,3.5,8,1,8,2.18281036834925,https://www.trend.az/casia/4216080.html,0.325,0.3908594815825375,0.351343792633015,2.81075034106412
1319121854,20260820,KAZ,KAZ,IRN,IRN,50,50,5,1,3.5,2,1,2,2.18281036834925,https://www.trend.az/casia/4216080.html,0.325,0.3908594815825375,0.351343792633015,0.70268758526603
1319121878,20260820,KGZ,KGZ,IRN,IRN,61,61,6,2,6.4,1,1,1,2.18281036834925,https://www.trend.az/casia/4216080.html,0.18,0.3908594815825375,0.264343792633015,0.264343792633015
1319121879,20260820,KGZ,KGZ,IRN,IRN,61,61,6,2,6.4,6,1,6,2.18281036834925,https://www.trend.az/casia/4216080.html,0.18,0.3908594815825375,0.264343792633015,1.58606275579809
1319121880,20260820,KGZ,KGZ,IRN,IRN,61,61,6,2,6.4,1,1,1,2.18281036834925,https://www.trend.az/casia/4216080.html,0.18,0.3908594815825375,0.264343792633015,0.264343792633015
1319121972,20260820,MIL,,IRN,IRN,120,120,12,3,-4.0,5,1,5,-6.70553935860059,http://www.econotimes.com/Trump-Threatens-Economic-Penalties-on-Countries-Supporting-Iran-1749979,0.7,0.8352769679300295,0.7541107871720119,3.7705539358600593
1319122100,20260820,TKM,TKM,IRN,IRN,30,30,3,1,4.0,3,1,3,3.43915343915344,https://www.trend.az/casia/4216241.html,0.3,0.328042328042328,0.31121693121693117,0.9336507936507935
1319122101,20260820,TKM,TKM,IRN,IRN,40,40,4,1,1.0,1,1,1,3.43915343915344,https://www.trend.az/casia/4216241.html,0.45,0.328042328042328,0.40121693121693125,0.40121693121693125
1319122102,20260820,TKM,TKM,IRN,IRN,40,40,4,1,1.0,4,1,4,3.43915343915344,https://www.trend.az/casia/4216241.html,0.45,0.328042328042328,0.40121693121693125,1.604867724867725
1319122103,20260820,TKM,TKM,IRN,IRN,40,40,4,1,1.0,2,1,2,3.43915343915344,https://www.trend.az/casia/4216241.html,0.45,0.328042328042328,0.40121693121693125,0.8024338624338625
1319122104,20260820,TKM,TKM,IRN,IRN,40,40,4,1,1.0,6,1,6,3.43915343915344,https://www.trend.az/casia/4216241.html,0.45,0.328042328042328,0.40121693121693125,2.4073015873015873
1319122105,20260820,TKM,TKM,IRN,IRN,40,40,4,1,1.0,2,1,2,3.43915343915344,https://www.trend.az/casia/4216241.html,0.45,0.328042328042328,0.40121693121693125,0.8024338624338625
1319122106,20260820,TKM,TKM,IRN,IRN,43,43,4,1,2.8,3,1,3,3.43915343915344,https://www.trend.az/casia/4216241.html,0.36,0.328042328042328,0.3472169312169312,1.0416507936507937
1319122107,20260820,TKM,TKM,IRN,IRN,50,50,5,1,3.5,3,1,2,3.43915343915344,https://www.trend.az/casia/4216241.html,0.325,0.328042328042328,0.3262169312169312,0.9786507936507935
1319122108,20260820,TKM,TKM,IRN,IRN,50,50,5,1,3.5,12,1,8,3.43915343915344,https://www.trend.az/casia/4216241.html,0.325,0.328042328042328,0.3262169312169312,3.914603174603174
1319122109,20260820,TKM,TKM,IRNGOV,IRN,43,43,4,1,2.8,1,1,1,3.43915343915344,https://www.trend.az/casia/4216241.html,0.36,0.328042328042328,0.3472169312169312,0.3472169312169312
1319122110,20260820,TKM,TKM,IRNGOV,IRN,43,43,4,1,2.8,1,1,1,3.43915343915344,https://www.trend.az/casia/4216241.html,0.36,0.328042328042328,0.3472169312169312,0.3472169312169312
1319122205,20260820,USA,USA,IRN,IRN,356,35,3,1,7.0,30,3,30,-3.54185514661459,https://www.aljazeera.com/news/2026/8/20/are-hormuz-ships-more-willing-to-defy-iran-or-the-us-what-data-shows,0.15,0.6770927573307295,0.36083710293229176,10.825113087968752
1319122206,20260820,USA,USA,IRN,IRN,871,87,8,2,9.0,30,3,30,-3.54185514661459,https://www.aljazeera.com/news/2026/8/20/are-hormuz-ships-more-willing-to-defy-iran-or-the-us-what-data-shows,0.05,0.6770927573307295,0.3008371029322918,9.025113087968755
1319122271,20260820,UZB,UZB,IRN,IRN,40,40,4,1,1.0,5,1,5,3.56164383561644,https://www.trend.az/casia/uzbekistan/4216164.html,0.45,0.321917808219178,0.3987671232876712,1.9938356164383562
1319122277,20260820,YEM,YEM,IRN,IRN,130,130,13,3,-4.4,2,1,2,-2.46153846153846,https://sana.sy/en/international/2337467/,0.72,0.623076923076923,0.6812307692307692,1.3624615384615384
1319122278,20260820,YEM,YEM,IRN,IRN,130,130,13,3,-4.4,8,1,8,-2.46153846153846,https://sana.sy/en/international/2337467/,0.72,0.623076923076923,0.6812307692307692,5.449846153846154
1319123441,20260820,CHN,CHN,IRN,IRN,110,110,11,3,-2.0,15,2,14,-5.60066786966171,https://aa.com.tr/en/asia-pacific/china-pushes-back-against-trump-s-economic-d-day-campaign-against-iran/4032409,0.6,0.7800333934830854,0.6720133573932342,10.080200360898512
1319123442,20260820,CHN,CHN,IRN,IRN,110,110,11,3,-2.0,4,1,4,-5.3030303030303,https://aa.com.tr/en/asia-pacific/china-pushes-back-against-trump-s-economic-d-day-campaign-against-iran/4032409,0.6,0.765151515151515,0.666060606060606,2.664242424242424
1319123773,20260820,IGOUNO,,IRNGOV,IRN,36,36,3,1,4.0,8,1,8,-5.02706883217324,https://www.americanthinker.com/articles/2026/08/the-islamic-republic-of-nyc/,0.3,0.751353441608662,0.4805413766434648,3.8443310131477184
1319123774,20260820,IGOUNO,,IRNGOV,IRN,36,36,3,1,4.0,2,1,2,-5.02706883217324,https://www.americanthinker.com/articles/2026/08/the-islamic-republic-of-nyc/,0.3,0.751353441608662,0.4805413766434648,0.9610827532869296
1319123830,20260820,IRN,IRN,IRNGOVBUS,IRN,61,61,6,2,6.4,2,1,2,-1.65631469979296,https://aa.com.tr/en/economy/iranian-central-bank-says-oil-exports-have-fallen-to-zero-amid-war-sanctions/4032489,0.18,0.582815734989648,0.3411262939958592,0.6822525879917184
1319123831,20260820,IRN,IRN,IRNGOVBUS,IRN,61,61,6,2,6.4,2,1,2,-1.65631469979296,https://aa.com.tr/en/economy/iranian-central-bank-says-oil-exports-have-fallen-to-zero-amid-war-sanctions/4032489,0.18,0.582815734989648,0.3411262939958592,0.6822525879917184
1319123832,20260820,IRN,IRN,IRQ,IRQ,42,42,4,1,1.9,6,1,6,-1.65631469979296,https://aa.com.tr/en/economy/iranian-central-bank-says-oil-exports-have-fallen-to-zero-amid-war-sanctions/4032489,0.40499999999999997,0.582815734989648,0.47612629399585915,2.856757763975155
1319123833,20260820,IRN,IRN,KOR,KOR,40,40,4,1,1.0,56,28,56,-1.55803595296925,https://www.wral.com/news/ap/b3af0-north-korea-fires-an-unidentified-projectile-off-its-east-coast-south-korea-says/,0.45,0.5779017976484625,0.501160719059385,28.06500026732556
1319123834,20260820,IRN,IRN,USA,USA,120,120,12,3,-4.0,2,1,2,-8.36236933797913,https://aa.com.tr/en/middle-east/iranian-foreign-minister-says-trump-s-economic-d-day-will-bring-us-further-defeat-/4032351,0.7,0.9181184668989566,0.7872473867595826,1.5744947735191652
1319123835,20260820,IRNCOP,IRN,USA,USA,12,12,1,1,-0.4,6,1,6,-8.36236933797913,https://aa.com.tr/en/middle-east/iranian-foreign-minister-says-trump-s-economic-d-day-will-bring-us-further-defeat-/4032351,0.52,0.9181184668989566,0.6792473867595827,4.075484320557496
1319123836,20260820,IRNCOP,IRN,USA,USA,120,120,12,3,-4.0,6,1,6,-8.36236933797913,https://aa.com.tr/en/middle-east/iranian-foreign-minister-says-trump-s-economic-d-day-will-bring-us-further-defeat-/4032351,0.7,0.9181184668989566,0.7872473867595826,4.723484320557496
1319123837,20260820,IRNGOV,IRN,IGOUNO,,36,36,3,1,4.0,4,1,4,-5.02706883217324,https://www.americanthinker.com/articles/2026/08/the-islamic-republic-of-nyc/,0.3,0.751353441608662,0.4805413766434648,1.9221655065738592
1319123838,20260820,IRNGOV,IRN,IGOUNO,,36,36,3,1,4.0,6,1,6,-5.02706883217324,https://www.americanthinker.com/articles/2026/08/the-islamic-republic-of-nyc/,0.3,0.751353441608662,0.4805413766434648,2.883248259860789
1319123839,20260820,IRNGOVBUS,IRN,,,61,61,6,2,6.4,6,1,6,-1.65631469979296,https://aa.com.tr/en/economy/iranian-central-bank-says-oil-exports-have-fallen-to-zero-amid-war-sanctions/4032489,0.18,0.582815734989648,0.3411262939958592,2.046757763975155
1319123840,20260820,IRQ,IRQ,IRN,IRN,43,43,4,1,2.8,6,1,6,-1.65631469979296,https://aa.com.tr/en/economy/iranian-central-bank-says-oil-exports-have-fallen-to-zero-amid-war-sanctions/4032489,0.36,0.582815734989648,0.44912629399585924,2.694757763975155
1319123852,20260820,ISR,ISR,IRN,IRN,111,111,11,3,-2.0,2,1,2,-2.30582524271844,https://aa.com.tr/en/opinion/opinion-the-economic-winners-and-losers-of-the-us-israel-iran-war/4032560,0.6,0.615291262135922,0.6061165048543689,1.2122330097087377
1319123853,20260820,ISR,ISR,IRN,IRN,111,111,11,3,-2.0,6,1,6,-2.30582524271844,https://aa.com.tr/en/opinion/opinion-the-economic-winners-and-losers-of-the-us-israel-iran-war/4032560,0.6,0.615291262135922,0.6061165048543689,3.636699029126213
1319123854,20260820,ISR,ISR,IRN,IRN,111,111,11,3,-2.0,2,1,2,-6.12629594721961,https://www.theguardian.com/commentisfree/ng-interactive/2026/aug/20/iran-political-prisoners,0.6,0.8063147973609806,0.6825259189443922,1.3650518378887844
1319123855,20260820,ISR,ISR,IRN,IRN,111,111,11,3,-2.0,2,1,2,-2.30582524271844,https://aa.com.tr/en/opinion/opinion-the-economic-winners-and-losers-of-the-us-israel-iran-war/4032560,0.6,0.615291262135922,0.6061165048543689,1.2122330097087377
1319123856,20260820,ISR,ISR,IRN,IRN,180,180,18,4,-9.0,1,1,1,-6.12629594721961,https://www.theguardian.com/commentisfree/ng-interactive/2026/aug/20/iran-political-prisoners,0.95,0.8063147973609806,0.8925259189443921,0.8925259189443921
1319123857,20260820,ISR,ISR,IRN,IRN,180,180,18,4,-9.0,1,1,1,-6.12629594721961,https://www.theguardian.com/commentisfree/ng-interactive/2026/aug/20/iran-political-prisoners,0.95,0.8063147973609806,0.8925259189443921,0.8925259189443921
1319123865,20260820,ISRMIL,ISR,IRN,IRN,111,111,11,3,-2.0,3,1,3,-6.12629594721961,https://www.theguardian.com/commentisfree/ng-interactive/2026/aug/20/iran-political-prisoners,0.6,0.8063147973609806,0.6825259189443922,2.0475777568331766
1319123866,20260820,ISRMIL,ISR,IRN,IRN,180,180,18,4,-9.0,1,1,1,-6.12629594721961,https://www.theguardian.com/commentisfree/ng-interactive/2026/aug/20/iran-political-prisoners,0.95,0.8063147973609806,0.8925259189443921,0.8925259189443921
1319123867,20260820,ISRMIL,ISR,IRN,IRN,180,180,18,4,-9.0,3,1,3,-6.12629594721961,https://www.theguardian.com/commentisfree/ng-interactive/2026/aug/20/iran-political-prisoners,0.95,0.8063147973609806,0.8925259189443921,2.6775777568331764
1319123868,20260820,ISRMIL,ISR,IRN,IRN,180,180,18,4,-9.0,1,1,1,-6.12629594721961,https://www.theguardian.com/commentisfree/ng-interactive/2026/aug/20/iran-political-prisoners,0.95,0.8063147973609806,0.8925259189443921,0.8925259189443921
1319123953,20260820,KOR,KOR,IRN,IRN,40,40,4,1,1.0,56,28,56,-1.55803595296925,https://www.wral.com/news/ap/b3af0-north-korea-fires-an-unidentified-projectile-off-its-east-coast-south-korea-says/,0.45,0.5779017976484625,0.501160719059385,28.06500026732556
1319124350,20260820,USA,USA,IRN,IRN,111,111,11,3,-2.0,1,1,1,-2.30582524271844,https://aa.com.tr/en/opinion/opinion-the-economic-winners-and-losers-of-the-us-israel-iran-war/4032560,0.6,0.615291262135922,0.6061165048543689,0.6061165048543689
1319124351,20260820,USA,USA,IRN,IRN,111,111,11,3,-2.0,6,1,6,-2.30582524271844,https://aa.com.tr/en/opinion/opinion-the-economic-winners-and-losers-of-the-us-israel-iran-war/4032560,0.6,0.615291262135922,0.6061165048543689,3.636699029126213
1319124352,20260820,USA,USA,IRN,IRN,111,111,11,3,-2.0,1,1,1,-2.30582524271844,https://aa.com.tr/en/opinion/opinion-the-economic-winners-and-losers-of-the-us-israel-iran-war/4032560,0.6,0.615291262135922,0.6061165048543689,0.6061165048543689
1319124353,20260820,USA,USA,IRN,IRN,138,138,13,3,-7.0,13,2,13,-3.48365623956122,https://aa.com.tr/en/opinion/opinion-the-economic-winners-and-losers-of-the-us-israel-iran-war/4032560,0.85,0.6741828119780611,0.7796731247912245,10.135750622285919
1319125517,20260820,,,IRN,IRN,43,43,4,1,2.8,6,1,6,-4.30327868852459,https://news.az/news/us-goal-is-to-plunder-regional-resources-irans-qalibaf-t-ells-iraqi-president,0.36,0.7151639344262295,0.5020655737704918,3.0123934426229506
1319125561,20260820,ARE,ARE,IRN,IRN,46,46,4,1,7.0,2,1,2,-3.7174721189591,https://www.chronicle.lu/category/international/62959-trump-warns-of-economic-consequences-for-any-country-that-supports-iran,0.15,0.685873605947955,0.364349442379182,0.728698884758364
1319125562,20260820,ARE,ARE,IRN,IRN,46,46,4,1,7.0,2,1,2,-3.7174721189591,https://www.chronicle.lu/category/international/62959-trump-warns-of-economic-consequences-for-any-country-that-supports-iran,0.15,0.685873605947955,0.364349442379182,0.728698884758364
1319126018,20260820,GOV,,IRN,IRN,40,40,4,1,1.0,2,1,2,-3.7174721189591,https://www.chronicle.lu/category/international/62959-trump-warns-of-economic-consequences-for-any-country-that-supports-iran,0.45,0.685873605947955,0.544349442379182,1.088698884758364
1319126068,20260820,GOVMIL,,IRN,IRN,190,190,19,4,-10.0,5,1,5,-3.7174721189591,https://www.chronicle.lu/category/international/62959-trump-warns-of-economic-consequences-for-any-country-that-supports-iran,1.0,0.685873605947955,0.874349442379182,4.37174721189591
1319126165,20260820,IRN,IRN,,,42,42,4,1,1.9,5,1,5,-4.30327868852459,https://news.az/news/us-goal-is-to-plunder-regional-resources-irans-qalibaf-t-ells-iraqi-president,0.40499999999999997,0.7151639344262295,0.5290655737704918,2.645327868852459
1319126166,20260820,IRN,IRN,,,42,42,4,1,1.9,1,1,1,-4.30327868852459,https://news.az/news/us-goal-is-to-plunder-regional-resources-irans-qalibaf-t-ells-iraqi-president,0.40499999999999997,0.7151639344262295,0.5290655737704918,0.5290655737704918
1319126167,20260820,IRN,IRN,,,51,51,5,1,3.4,14,2,14,-2.78903311196768,https://news.az/news/us-goal-is-to-plunder-regional-resources-irans-qalibaf-t-ells-iraqi-president,0.32999999999999996,0.639451655598384,0.45378066223935365,6.352929271350951
1319126168,20260820,IRN,IRN,,,172,172,17,4,-5.0,10,1,10,-7.80780780780781,https://www.moneycontrol.com/world/why-the-uae-s-iran-trade-ban-could-deepen-tehran-s-economic-isolation-article-14011461.html,0.75,0.8903903903903906,0.8061561561561562,8.061561561561563
1319126169,20260820,IRN,IRN,ARE,ARE,46,46,4,1,7.0,2,1,2,-3.7174721189591,https://www.chronicle.lu/category/international/62959-trump-warns-of-economic-consequences-for-any-country-that-supports-iran,0.15,0.685873605947955,0.364349442379182,0.728698884758364
1319126170,20260820,IRN,IRN,ARE,ARE,46,46,4,1,7.0,2,1,2,-3.7174721189591,https://www.chronicle.lu/category/international/62959-trump-warns-of-economic-consequences-for-any-country-that-supports-iran,0.15,0.685873605947955,0.364349442379182,0.728698884758364
1319126171,20260820,IRN,IRN,GOV,,163,163,16,4,-8.0,2,1,2,-10.1063829787234,https://www.thenews.com.pk/latest/1412892-iran-fm-hits-back-at-trumps-economic-d-day-warns-of-us-defeat,0.9,1.0,0.9400000000000001,1.8800000000000001
1319126172,20260820,IRN,IRN,IRQ,IRQ,1121,112,11,3,-2.0,1,1,1,-4.30327868852459,https://news.az/news/us-goal-is-to-plunder-regional-resources-irans-qalibaf-t-ells-iraqi-president,0.6,0.7151639344262295,0.6460655737704918,0.6460655737704918
1319126173,20260820,IRN,IRN,IRQ,IRQ,1121,112,11,3,-2.0,1,1,1,-4.30327868852459,https://news.az/news/us-goal-is-to-plunder-regional-resources-irans-qalibaf-t-ells-iraqi-president,0.6,0.7151639344262295,0.6460655737704918,0.6460655737704918
1319126174,20260820,IRN,IRN,KOR,KOR,110,110,11,3,-2.0,55,27,55,-1.82500888328084,https://www.perthnow.com.au/news/conflict/nkorea-fires-a-suspected-missile-towards-the-sea-c-22755318,0.6,0.591250444164042,0.5965001776656168,32.80750977160893
1319126175,20260820,IRN,IRN,OPP,,112,112,11,3,-2.0,4,1,4,-12.5925925925926,https://news.az/news/iran-executes-man-over-charges-linked-to-january-protests,0.6,1.0,0.76,3.04
1319126176,20260820,IRN,IRN,OPP,,173,173,17,4,-5.0,4,1,4,-12.5925925925926,https://news.az/news/iran-executes-man-over-charges-linked-to-january-protests,0.75,1.0,0.85,3.4
1319126177,20260820,IRN,IRN,RUS,RUS,50,50,5,1,3.5,2,1,2,0.32154340836013,https://www.moneycontrol.com/world/iran-is-rebuilding-its-arsenal-here-s-how-russia-and-china-are-helping-article-14011456.html,0.325,0.4839228295819935,0.3885691318327974,0.7771382636655948
1319126178,20260820,IRN,IRN,USA,USA,194,194,19,4,-10.0,2,1,2,-7.80780780780781,https://www.moneycontrol.com/world/why-the-uae-s-iran-trade-ban-could-deepen-tehran-s-economic-isolation-article-14011461.html,1.0,0.8903903903903906,0.9561561561561562,1.9123123123123125
1319126179,20260820,IRN,IRN,USA,USA,194,194,19,4,-10.0,8,1,8,-7.80780780780781,https://www.moneycontrol.com/world/why-the-uae-s-iran-trade-ban-could-deepen-tehran-s-economic-isolation-article-14011461.html,1.0,0.8903903903903906,0.9561561561561562,7.64924924924925
1319126180,20260820,IRNCOP,IRN,,,141,141,14,3,-6.5,5,1,5,-12.5925925925926,https://news.az/news/iran-executes-man-over-charges-linked-to-january-protests,0.825,1.0,0.895,4.475
1319126181,20260820,IRNCOP,IRN,USAMED,USA,141,141,14,3,-6.5,5,1,5,-12.5925925925926,https://news.az/news/iran-executes-man-over-charges-linked-to-january-protests,0.825,1.0,0.895,4.475
1319126182,20260820,IRNGOV,IRN,OPP,,112,112,11,3,-2.0,6,1,6,-12.5925925925926,https://news.az/news/iran-executes-man-over-charges-linked-to-january-protests,0.6,1.0,0.76,4.5600000000000005
1319126183,20260820,IRNGOV,IRN,OPP,,173,173,17,4,-5.0,6,1,6,-12.5925925925926,https://news.az/news/iran-executes-man-over-charges-linked-to-january-protests,0.75,1.0,0.85,5.1
1319126184,20260820,IRNLEG,IRN,IRQ,IRQ,40,40,4,1,1.0,6,1,6,-1.27388535031848,https://en.shafaqna.com/472104/ghalibaf-meets-iraqs-judicial-council-chief-in-baghdad/,0.45,0.563694267515924,0.4954777070063696,2.9728662420382177
1319126185,20260820,IRNLEG,IRN,IRQ,IRQ,42,42,4,1,1.9,5,2,5,-2.43179690888752,https://en.shafaqna.com/472104/ghalibaf-meets-iraqs-judicial-council-chief-in-baghdad/,0.40499999999999997,0.621589845444376,0.4916359381777504,2.458179690888752
1319126186,20260820,IRNLEG,IRN,IRQ,IRQ,43,43,4,1,2.8,3,1,3,-1.27388535031848,https://en.shafaqna.com/472104/ghalibaf-meets-iraqs-judicial-council-chief-in-baghdad/,0.36,0.563694267515924,0.44147770700636957,1.3244331210191087
1319126187,20260820,IRQ,IRQ,IRNLEG,IRN,40,40,4,1,1.0,6,1,6,-1.27388535031848,https://en.shafaqna.com/472104/ghalibaf-meets-iraqs-judicial-council-chief-in-baghdad/,0.45,0.563694267515924,0.4954777070063696,2.9728662420382177
1319126188,20260820,IRQ,IRQ,IRNLEG,IRN,42,42,4,1,1.9,3,1,3,-1.27388535031848,https://en.shafaqna.com/472104/ghalibaf-meets-iraqs-judicial-council-chief-in-baghdad/,0.40499999999999997,0.563694267515924,0.4684777070063696,1.4054331210191089
1319126189,20260820,IRQ,IRQ,IRNLEG,IRN,43,43,4,1,2.8,3,1,3,-1.27388535031848,https://en.shafaqna.com/472104/ghalibaf-meets-iraqs-judicial-council-chief-in-baghdad/,0.36,0.563694267515924,0.44147770700636957,1.3244331210191087
1319126436,20260820,RUS,RUS,IRN,IRN,50,50,5,1,3.5,2,1,2,0.32154340836013,https://www.moneycontrol.com/world/iran-is-rebuilding-its-arsenal-here-s-how-russia-and-china-are-helping-article-14011456.html,0.325,0.4839228295819935,0.3885691318327974,0.7771382636655948
1319126476,20260820,SPY,,IRN,IRN,51,51,5,1,3.4,2,1,2,0.32154340836013,https://www.moneycontrol.com/world/iran-is-rebuilding-its-arsenal-here-s-how-russia-and-china-are-helping-article-14011456.html,0.32999999999999996,0.4839228295819935,0.3915691318327974,0.7831382636655948
1319126477,20260820,SPY,,IRN,IRN,51,51,5,1,3.4,8,1,8,0.32154340836013,https://www.moneycontrol.com/world/iran-is-rebuilding-its-arsenal-here-s-how-russia-and-china-are-helping-article-14011456.html,0.32999999999999996,0.4839228295819935,0.3915691318327974,3.132553054662379
1319126557,20260820,USA,USA,IRN,IRN,100,100,10,3,-5.0,2,1,2,-4.30327868852459,https://news.az/news/us-goal-is-to-plunder-regional-resources-irans-qalibaf-t-ells-iraqi-president,0.75,0.7151639344262295,0.7360655737704918,1.4721311475409835
1319126558,20260820,USA,USA,IRN,IRN,100,100,10,3,-5.0,4,1,4,-4.30327868852459,https://news.az/news/us-goal-is-to-plunder-regional-resources-irans-qalibaf-t-ells-iraqi-president,0.75,0.7151639344262295,0.7360655737704918,2.944262295081967
1319126559,20260820,USA,USA,IRN,IRN,100,100,10,3,-5.0,4,1,4,-4.30327868852459,https://news.az/news/us-goal-is-to-plunder-regional-resources-irans-qalibaf-t-ells-iraqi-president,0.75,0.7151639344262295,0.7360655737704918,2.944262295081967
1319126560,20260820,USA,USA,IRN,IRN,190,190,19,4,-10.0,6,1,6,0.32154340836013,https://www.moneycontrol.com/world/iran-is-rebuilding-its-arsenal-here-s-how-russia-and-china-are-helping-article-14011456.html,1.0,0.4839228295819935,0.7935691318327974,4.761414790996785
1319126561,20260820,USA,USA,IRN,IRN,190,190,19,4,-10.0,2,1,2,0.32154340836013,https://www.moneycontrol.com/world/iran-is-rebuilding-its-arsenal-here-s-how-russia-and-china-are-helping-article-14011456.html,1.0,0.4839228295819935,0.7935691318327974,1.5871382636655949
1319127625,20260820,,,IRN,IRN,12,12,1,1,-0.4,4,4,4,-3.369140625,http://www.azerbaijannews.net/news/279252231/trump-talks-with-iran-may-resume-at-some-point,0.52,0.66845703125,0.5793828125,2.31753125
1319127626,20260820,,,IRN,IRN,128,128,12,3,-5.0,24,10,24,-3.86490119114801,http://www.azerbaijannews.net/news/279253601/trump-warns-of-economic-measures-for-countries-supporting-iran,0.75,0.6932450595574006,0.7272980238229603,17.455152571751047
1319127627,20260820,,,IRN,IRN,128,128,12,3,-5.0,4,4,4,-3.369140625,http://www.azerbaijannews.net/news/279252231/trump-talks-with-iran-may-resume-at-some-point,0.75,0.66845703125,0.7173828124999999,2.8695312499999996
1319127628,20260820,,,IRN,IRN,130,130,13,3,-4.4,4,4,4,-3.369140625,http://www.azerbaijannews.net/news/279252231/trump-talks-with-iran-may-resume-at-some-point,0.72,0.66845703125,0.6993828125,2.79753125
1319127980,20260820,FRA,FRA,IRN,IRN,42,42,4,1,1.9,8,4,8,-3.369140625,http://www.azerbaijannews.net/news/279252231/trump-talks-with-iran-may-resume-at-some-point,0.40499999999999997,0.66845703125,0.5103828125,4.0830625
1319127981,20260820,FRA,FRA,IRN,IRN,42,42,4,1,1.9,4,4,4,-3.369140625,http://www.azerbaijannews.net/news/279252231/trump-talks-with-iran-may-resume-at-some-point,0.40499999999999997,0.66845703125,0.5103828125,2.04153125
1319127982,20260820,FRA,FRA,IRN,IRN,112,112,11,3,-2.0,8,4,8,-3.369140625,http://www.azerbaijannews.net/news/279252231/trump-talks-with-iran-may-resume-at-some-point,0.6,0.66845703125,0.6273828125,5.0190625
1319127983,20260820,FRA,FRA,IRN,IRN,112,112,11,3,-2.0,8,4,8,-3.369140625,http://www.azerbaijannews.net/news/279252231/trump-talks-with-iran-may-resume-at-some-point,0.6,0.66845703125,0.6273828125,5.0190625
1319127984,20260820,FRA,FRA,IRN,IRN,112,112,11,3,-2.0,16,4,16,-3.369140625,http://www.azerbaijannews.net/news/279252231/trump-talks-with-iran-may-resume-at-some-point,0.6,0.66845703125,0.6273828125,10.038125
1319127985,20260820,FRA,FRA,IRN,IRN,112,112,11,3,-2.0,8,4,8,-3.369140625,http://www.azerbaijannews.net/news/279252231/trump-talks-with-iran-may-resume-at-some-point,0.6,0.66845703125,0.6273828125,5.0190625
1319127986,20260820,FRA,FRA,IRN,IRN,120,120,12,3,-4.0,8,4,8,-3.369140625,http://www.azerbaijannews.net/news/279252231/trump-talks-with-iran-may-resume-at-some-point,0.7,0.66845703125,0.6873828125,5.4990625
1319127987,20260820,FRA,FRA,IRN,IRN,120,120,12,3,-4.0,24,4,24,-3.369140625,http://www.azerbaijannews.net/news/279252231/trump-talks-with-iran-may-resume-at-some-point,0.7,0.66845703125,0.6873828125,16.4971875
1319127988,20260820,FRA,FRA,IRN,IRN,120,120,12,3,-4.0,8,4,8,-3.369140625,http://www.azerbaijannews.net/news/279252231/trump-talks-with-iran-may-resume-at-some-point,0.7,0.66845703125,0.6873828125,5.4990625
1319127989,20260820,FRA,FRA,IRN,IRN,130,130,13,3,-4.4,8,4,8,-3.369140625,http://www.azerbaijannews.net/news/279252231/trump-talks-with-iran-may-resume-at-some-point,0.72,0.66845703125,0.6993828125,5.5950625
1319127990,20260820,FRA,FRA,IRN,IRN,130,130,13,3,-4.4,24,4,24,-3.369140625,http://www.azerbaijannews.net/news/279252231/trump-talks-with-iran-may-resume-at-some-point,0.72,0.66845703125,0.6993828125,16.7851875
1319127991,20260820,FRA,FRA,IRN,IRN,130,130,13,3,-4.4,8,4,8,-3.369140625,http://www.azerbaijannews.net/news/279252231/trump-talks-with-iran-may-resume-at-some-point,0.72,0.66845703125,0.6993828125,5.5950625
1319127992,20260820,FRA,FRA,IRN,IRN,138,138,13,3,-7.0,12,4,12,-3.369140625,http://www.azerbaijannews.net/news/279252231/trump-talks-with-iran-may-resume-at-some-point,0.85,0.66845703125,0.7773828125,9.32859375
1319127993,20260820,FRA,FRA,IRN,IRN,172,172,17,4,-5.0,4,4,4,-3.369140625,http://www.azerbaijannews.net/news/279252231/trump-talks-with-iran-may-resume-at-some-point,0.75,0.66845703125,0.7173828124999999,2.8695312499999996
1319127994,20260820,FRA,FRA,IRN,IRN,173,173,17,4,-5.0,8,4,8,-3.369140625,http://www.azerbaijannews.net/news/279252231/trump-talks-with-iran-may-resume-at-some-point,0.75,0.66845703125,0.7173828124999999,5.739062499999999
1319127995,20260820,FRA,FRA,IRN,IRN,173,173,17,4,-5.0,8,4,8,-3.369140625,http://www.azerbaijannews.net/news/279252231/trump-talks-with-iran-may-resume-at-some-point,0.75,0.66845703125,0.7173828124999999,5.739062499999999
1319127996,20260820,FRA,FRA,IRN,IRN,174,174,17,4,-5.0,4,4,4,-3.369140625,http://www.azerbaijannews.net/news/279252231/trump-talks-with-iran-may-resume-at-some-point,0.75,0.66845703125,0.7173828124999999,2.8695312499999996
1319127997,20260820,FRA,FRA,IRN,IRN,174,174,17,4,-5.0,4,4,4,-3.369140625,http://www.azerbaijannews.net/news/279252231/trump-talks-with-iran-may-resume-at-some-point,0.75,0.66845703125,0.7173828124999999,2.8695312499999996
1319127998,20260820,FRA,FRA,IRNGOV,IRN,174,174,17,4,-5.0,12,4,12,-3.369140625,http://www.azerbaijannews.net/news/279252231/trump-talks-with-iran-may-resume-at-some-point,0.75,0.66845703125,0.7173828124999999,8.608593749999999
1319128006,20260820,FRAGOV,FRA,IRN,IRN,173,173,17,4,-5.0,24,4,24,-3.369140625,http://www.azerbaijannews.net/news/279252231/trump-talks-with-iran-may-resume-at-some-point,0.75,0.66845703125,0.7173828124999999,17.217187499999998
1319128007,20260820,FRAGOV,FRA,IRN,IRN,174,174,17,4,-5.0,8,4,8,-3.369140625,http://www.azerbaijannews.net/news/279252231/trump-talks-with-iran-may-resume-at-some-point,0.75,0.66845703125,0.7173828124999999,5.739062499999999
1319128008,20260820,FRAGOV,FRA,IRN,IRN,174,174,17,4,-5.0,32,4,32,-3.369140625,http://www.azerbaijannews.net/news/279252231/trump-talks-with-iran-may-resume-at-some-point,0.75,0.66845703125,0.7173828124999999,22.956249999999997
1319128125,20260820,GOV,,IRN,IRN,46,46,4,1,7.0,80,10,80,-4.06320541760722,http://www.azerbaijannews.net/news/279253601/trump-warns-of-economic-measures-for-countries-supporting-iran,0.15,0.703160270880361,0.3712641083521444,29.701128668171553
1319128126,20260820,GOV,,IRN,IRN,46,46,4,1,7.0,32,4,32,-3.369140625,http://www.azerbaijannews.net/news/279252231/trump-talks-with-iran-may-resume-at-some-point,0.15,0.66845703125,0.35738281250000004,11.436250000000001
1319128127,20260820,GOV,,IRN,IRN,50,50,5,1,3.5,80,10,80,-4.06320541760722,http://www.azerbaijannews.net/news/279253601/trump-warns-of-economic-measures-for-countries-supporting-iran,0.325,0.703160270880361,0.47626410835214444,38.101128668171555
1319128189,20260820,GOVMIL,,IRN,IRN,10,10,1,1,0.0,4,1,4,-3.93900889453621,https://www.theepochtimes.com/business/oil-climbs-on-middle-east-supply-risks-as-us-tightens-pressure-on-iran-6077364,0.5,0.6969504447268104,0.5787801778907242,2.315120711562897
1319128190,20260820,GOVMIL,,IRN,IRN,10,10,1,1,0.0,1,1,1,-3.93900889453621,https://www.theepochtimes.com/business/oil-climbs-on-middle-east-supply-risks-as-us-tightens-pressure-on-iran-6077364,0.5,0.6969504447268104,0.5787801778907242,0.5787801778907242
1319128191,20260820,GOVMIL,,IRN,IRN,161,161,16,4,-4.0,5,1,5,-3.93900889453621,https://www.theepochtimes.com/business/oil-climbs-on-middle-east-supply-risks-as-us-tightens-pressure-on-iran-6077364,0.7,0.6969504447268104,0.6987801778907241,3.4939008894536205
1319128192,20260820,GOVMIL,,IRN,IRN,194,194,19,4,-10.0,4,1,4,-3.93900889453621,https://www.theepochtimes.com/business/oil-climbs-on-middle-east-supply-risks-as-us-tightens-pressure-on-iran-6077364,1.0,0.6969504447268104,0.8787801778907242,3.5151207115628966
1319128193,20260820,GOVMIL,,IRN,IRN,194,194,19,4,-10.0,1,1,1,-3.93900889453621,https://www.theepochtimes.com/business/oil-climbs-on-middle-east-supply-risks-as-us-tightens-pressure-on-iran-6077364,1.0,0.6969504447268104,0.8787801778907242,0.8787801778907242
1319128232,20260820,IRN,IRN,,,10,10,1,1,0.0,40,10,40,-4.06320541760722,http://www.azerbaijannews.net/news/279253601/trump-warns-of-economic-measures-for-countries-supporting-iran,0.5,0.703160270880361,0.5812641083521444,23.250564334085773
1319128233,20260820,IRN,IRN,,,120,120,12,3,-4.0,3,1,3,-5.08982035928144,https://www.finanznachrichten.de/nachrichten-2026-08/69362660-trump-threatens-iran-and-its-supporters-with-tougher-economic-measures-020.htm,0.7,0.754491017964072,0.7217964071856289,2.165389221556887
1319128234,20260820,IRN,IRN,,,173,173,17,4,-5.0,10,10,10,-4.06320541760722,http://www.azerbaijannews.net/news/279253601/trump-warns-of-economic-measures-for-countries-supporting-iran,0.75,0.703160270880361,0.7312641083521444,7.312641083521444
1319128235,20260820,IRN,IRN,,,193,193,19,4,-10.0,4,4,4,-3.369140625,http://www.azerbaijannews.net/news/279252231/trump-talks-with-iran-may-resume-at-some-point,1.0,0.66845703125,0.8673828125,3.46953125
1319128236,20260820,IRN,IRN,,,193,193,19,4,-10.0,30,10,30,-4.06320541760722,http://www.azerbaijannews.net/news/279253601/trump-warns-of-economic-measures-for-countries-supporting-iran,1.0,0.703160270880361,0.8812641083521444,26.43792325056433
1319128237,20260820,IRN,IRN,,,193,193,19,4,-10.0,20,10,20,-4.06320541760722,http://www.azerbaijannews.net/news/279253601/trump-warns-of-economic-measures-for-countries-supporting-iran,1.0,0.703160270880361,0.8812641083521444,17.62528216704289
1319128238,20260820,IRN,IRN,FRA,FRA,10,10,1,1,0.0,8,4,8,-3.369140625,http://www.azerbaijannews.net/news/279252231/trump-talks-with-iran-may-resume-at-some-point,0.5,0.66845703125,0.5673828125,4.5390625
1319128239,20260820,IRN,IRN,FRA,FRA,10,10,1,1,0.0,8,4,8,-3.369140625,http://www.azerbaijannews.net/news/279252231/trump-talks-with-iran-may-resume-at-some-point,0.5,0.66845703125,0.5673828125,4.5390625
1319128240,20260820,IRN,IRN,FRA,FRA,43,43,4,1,2.8,8,4,8,-3.369140625,http://www.azerbaijannews.net/news/279252231/trump-talks-with-iran-may-resume-at-some-point,0.36,0.66845703125,0.48338281250000004,3.8670625000000003
1319128241,20260820,IRN,IRN,FRA,FRA,43,43,4,1,2.8,4,4,4,-3.369140625,http://www.azerbaijannews.net/news/279252231/trump-talks-with-iran-may-resume-at-some-point,0.36,0.66845703125,0.48338281250000004,1.9335312500000001
1319128242,20260820,IRN,IRN,GOV,,10,10,1,1,0.0,4,4,4,-3.369140625,http://www.azerbaijannews.net/news/279252231/trump-talks-with-iran-may-resume-at-some-point,0.5,0.66845703125,0.5673828125,2.26953125
1319128243,20260820,IRN,IRN,GOV,,10,10,1,1,0.0,4,4,4,-3.369140625,http://www.azerbaijannews.net/news/279252231/trump-talks-with-iran-may-resume-at-some-point,0.5,0.66845703125,0.5673828125,2.26953125
1319128244,20260820,IRN,IRN,GOV,,46,46,4,1,7.0,80,10,80,-4.06320541760722,http://www.azerbaijannews.net/news/279253601/trump-warns-of-economic-measures-for-countries-supporting-iran,0.15,0.703160270880361,0.3712641083521444,29.701128668171553
1319128245,20260820,IRN,IRN,GOV,,50,50,5,1,3.5,80,10,80,-4.06320541760722,http://www.azerbaijannews.net/news/279253601/trump-warns-of-economic-measures-for-countries-supporting-iran,0.325,0.703160270880361,0.47626410835214444,38.101128668171555
1319128246,20260820,IRN,IRN,GOV,,101,101,10,3,-5.0,4,1,4,-5.04050405040504,https://www.cbsnews.com/news/ice-iran-deport-more-than-100-iranians-to-iran-2025-2026/,0.75,0.7520252025202521,0.7508100810081009,3.0032403240324035
1319128247,20260820,IRN,IRN,IRNGOV,IRN,46,46,4,1,7.0,20,10,20,-4.06320541760722,http://www.azerbaijannews.net/news/279253601/trump-warns-of-economic-measures-for-countries-supporting-iran,0.15,0.703160270880361,0.3712641083521444,7.425282167042888
1319128248,20260820,IRN,IRN,IRNGOV,IRN,50,50,5,1,3.5,8,4,8,-3.369140625,http://www.azerbaijannews.net/news/279252231/trump-talks-with-iran-may-resume-at-some-point,0.325,0.66845703125,0.4623828125,3.6990625
1319128249,20260820,IRN,IRN,IRNGOV,IRN,50,50,5,1,3.5,20,10,20,-4.06320541760722,http://www.azerbaijannews.net/news/279253601/trump-warns-of-economic-measures-for-countries-supporting-iran,0.325,0.703160270880361,0.47626410835214444,9.525282167042889
1319128250,20260820,IRN,IRN,IRNMIL,IRN,12,12,1,1,-0.4,9,2,9,-5.23827345309381,https://www.finanznachrichten.de/nachrichten-2026-08/69362660-trump-threatens-iran-and-its-supporters-with-tougher-economic-measures-020.htm,0.52,0.7619136726546906,0.6167654690618762,5.550889221556886
1319128251,20260820,IRN,IRN,IRNMIL,IRN,72,72,7,2,8.3,28,10,28,-3.86490119114801,http://www.azerbaijannews.net/news/279253601/trump-warns-of-economic-measures-for-countries-supporting-iran,0.08499999999999996,0.6932450595574006,0.32829802382296025,9.192344667042887
1319128252,20260820,IRN,IRN,IRNMIL,IRN,72,72,7,2,8.3,28,10,28,-3.86490119114801,http://www.azerbaijannews.net/news/279253601/trump-warns-of-economic-measures-for-countries-supporting-iran,0.08499999999999996,0.6932450595574006,0.32829802382296025,9.192344667042887
1319128253,20260820,IRN,IRN,IRNMOS,IRN,173,173,17,4,-5.0,10,10,10,-4.06320541760722,http://www.azerbaijannews.net/news/279253601/trump-warns-of-economic-measures-for-countries-supporting-iran,0.75,0.703160270880361,0.7312641083521444,7.312641083521444
1319128254,20260820,IRN,IRN,IRNMOS,IRN,173,173,17,4,-5.0,10,10,10,-4.06320541760722,http://www.azerbaijannews.net/news/279253601/trump-warns-of-economic-measures-for-countries-supporting-iran,0.75,0.703160270880361,0.7312641083521444,7.312641083521444
1319128255,20260820,IRN,IRN,IRQ,IRQ,10,10,1,1,0.0,1,1,1,-5.11182108626198,https://www.arkansasonline.com/news/2026/aug/20/uae-halts-all-trade-to-iran-after-barrage/,0.5,0.755591054313099,0.6022364217252396,0.6022364217252396
1319128256,20260820,IRN,IRN,IRQ,IRQ,46,46,4,1,7.0,27,10,27,-4.08757726319264,http://www.azerbaijannews.net/news/279252231/trump-talks-with-iran-may-resume-at-some-point,0.15,0.7043788631596319,0.3717515452638528,10.037291722124026
1319128257,20260820,IRN,IRN,IRQ,IRQ,46,46,4,1,7.0,10,10,10,-4.06320541760722,http://www.azerbaijannews.net/news/279253601/trump-warns-of-economic-measures-for-countries-supporting-iran,0.15,0.703160270880361,0.3712641083521444,3.712641083521444
1319128258,20260820,IRN,IRN,MED,,10,10,1,1,0.0,4,4,4,-3.369140625,http://www.azerbaijannews.net/news/279252231/trump-talks-with-iran-may-resume-at-some-point,0.5,0.66845703125,0.5673828125,2.26953125
1319128259,20260820,IRN,IRN,PGS,PGS,105,105,10,3,-5.0,212,10,212,-4.08757726319264,http://www.azerbaijannews.net/news/279253601/trump-warns-of-economic-measures-for-countries-supporting-iran,0.75,0.7043788631596319,0.7317515452638528,155.1313275959368
1319128260,20260820,IRN,IRN,PGS,PGS,130,130,13,3,-4.4,212,10,212,-4.08757726319264,http://www.azerbaijannews.net/news/279253601/trump-warns-of-economic-measures-for-countries-supporting-iran,0.72,0.7043788631596319,0.7137515452638528,151.3153275959368
1319128261,20260820,IRN,IRN,UAF,,10,10,1,1,0.0,1,1,1,-5.11182108626198,https://www.arkansasonline.com/news/2026/aug/20/uae-halts-all-trade-to-iran-after-barrage/,0.5,0.755591054313099,0.6022364217252396,0.6022364217252396
1319128262,20260820,IRN,IRN,UAF,,51,51,5,1,3.4,1,1,1,-5.11182108626198,https://www.arkansasonline.com/news/2026/aug/20/uae-halts-all-trade-to-iran-after-barrage/,0.32999999999999996,0.755591054313099,0.5002364217252396,0.5002364217252396
1319128263,20260820,IRN,IRN,USAMIL,USA,70,70,7,2,7.0,212,10,212,-4.08757726319264,http://www.azerbaijannews.net/news/279253601/trump-warns-of-economic-measures-for-countries-supporting-iran,0.15,0.7043788631596319,0.3717515452638528,78.81132759593679
1319128264,20260820,IRNGOV,IRN,,,120,120,12,3,-4.0,5,1,5,-3.93900889453621,https://www.theepochtimes.com/business/oil-climbs-on-middle-east-supply-risks-as-us-tightens-pressure-on-iran-6077364,0.7,0.6969504447268104,0.6987801778907241,3.4939008894536205
1319128265,20260820,IRNGOV,IRN,IRN,IRN,10,10,1,1,0.0,1,1,1,-3.93900889453621,https://www.theepochtimes.com/business/oil-climbs-on-middle-east-supply-risks-as-us-tightens-pressure-on-iran-6077364,0.5,0.6969504447268104,0.5787801778907242,0.5787801778907242
1319128266,20260820,IRNGOV,IRN,IRN,IRN,10,10,1,1,0.0,4,1,4,-3.93900889453621,https://www.theepochtimes.com/business/oil-climbs-on-middle-east-supply-risks-as-us-tightens-pressure-on-iran-6077364,0.5,0.6969504447268104,0.5787801778907242,2.315120711562897
1319128267,20260820,IRNGOV,IRN,IRN,IRN,46,46,4,1,7.0,20,10,20,-4.06320541760722,http://www.azerbaijannews.net/news/279253601/trump-warns-of-economic-measures-for-countries-supporting-iran,0.15,0.703160270880361,0.3712641083521444,7.425282167042888
1319128268,20260820,IRNGOV,IRN,IRN,IRN,50,50,5,1,3.5,8,4,8,-3.369140625,http://www.azerbaijannews.net/news/279252231/trump-talks-with-iran-may-resume-at-some-point,0.325,0.66845703125,0.4623828125,3.6990625
1319128269,20260820,IRNGOV,IRN,IRN,IRN,50,50,5,1,3.5,20,10,20,-4.06320541760722,http://www.azerbaijannews.net/news/279253601/trump-warns-of-economic-measures-for-countries-supporting-iran,0.325,0.703160270880361,0.47626410835214444,9.525282167042889
1319128270,20260820,IRNGOV,IRN,IRN,IRN,120,120,12,3,-4.0,5,1,5,-3.93900889453621,https://www.theepochtimes.com/business/oil-climbs-on-middle-east-supply-risks-as-us-tightens-pressure-on-iran-6077364,0.7,0.6969504447268104,0.6987801778907241,3.4939008894536205
1319128271,20260820,IRNLEG,IRN,IRNMIL,IRN,72,72,7,2,8.3,84,10,84,-3.86490119114801,http://www.azerbaijannews.net/news/279253601/trump-warns-of-economic-measures-for-countries-supporting-iran,0.08499999999999996,0.6932450595574006,0.32829802382296025,27.57703400112866
1319128272,20260820,IRNLEG,IRN,IRQGOV,IRQ,46,46,4,1,7.0,69,10,69,-4.08757726319264,http://www.azerbaijannews.net/news/279253601/trump-warns-of-economic-measures-for-countries-supporting-iran,0.15,0.7043788631596319,0.3717515452638528,25.650856623205843
1319128273,20260820,IRNMIL,IRN,USA,USA,12,12,1,1,-0.4,2,1,2,-5.08982035928144,https://www.finanznachrichten.de/nachrichten-2026-08/69362660-trump-threatens-iran-and-its-supporters-with-tougher-economic-measures-020.htm,0.52,0.754491017964072,0.6137964071856288,1.2275928143712576
1319128274,20260820,IRQ,IRQ,IRN,IRN,46,46,4,1,7.0,27,10,27,-4.08757726319264,http://www.azerbaijannews.net/news/279252231/trump-talks-with-iran-may-resume-at-some-point,0.15,0.7043788631596319,0.3717515452638528,10.037291722124026
1319128275,20260820,IRQ,IRQ,IRN,IRN,46,46,4,1,7.0,10,10,10,-4.06320541760722,http://www.azerbaijannews.net/news/279253601/trump-warns-of-economic-measures-for-countries-supporting-iran,0.15,0.703160270880361,0.3712641083521444,3.712641083521444
1319128281,20260820,IRQGOV,IRQ,IRNLEG,IRN,46,46,4,1,7.0,69,10,69,-4.08757726319264,http://www.azerbaijannews.net/news/279253601/trump-warns-of-economic-measures-for-countries-supporting-iran,0.15,0.7043788631596319,0.3717515452638528,25.650856623205843
1319128287,20260820,ISR,ISR,IRN,IRN,194,194,19,4,-10.0,8,1,8,-5.11182108626198,https://www.arkansasonline.com/news/2026/aug/20/uae-halts-all-trade-to-iran-after-barrage/,1.0,0.755591054313099,0.9022364217252397,7.217891373801917
1319128288,20260820,ISR,ISR,IRN,IRN,194,194,19,4,-10.0,2,1,2,-5.11182108626198,https://www.arkansasonline.com/news/2026/aug/20/uae-halts-all-trade-to-iran-after-barrage/,1.0,0.755591054313099,0.9022364217252397,1.8044728434504793
1319128315,20260820,JUD,,IRN,IRN,1123,112,11,3,-2.0,60,10,60,-4.06320541760722,http://www.azerbaijannews.net/news/279253601/trump-warns-of-economic-measures-for-countries-supporting-iran,0.6,0.703160270880361,0.6412641083521444,38.475846501128665
1319128316,20260820,JUD,,IRN,IRN,1123,112,11,3,-2.0,130,10,130,-4.23882708175951,http://www.azerbaijannews.net/news/279253601/trump-warns-of-economic-measures-for-countries-supporting-iran,0.6,0.7119413540879755,0.6447765416351903,83.82095041257473
1319128781,20260820,USA,USA,IRN,IRN,120,120,12,3,-4.0,1,1,1,-5.08982035928144,https://www.finanznachrichten.de/nachrichten-2026-08/69362660-trump-threatens-iran-and-its-supporters-with-tougher-economic-measures-020.htm,0.7,0.754491017964072,0.7217964071856289,0.7217964071856289
1319128782,20260820,USA,USA,IRN,IRN,120,120,12,3,-4.0,1,1,1,-5.08982035928144,https://www.finanznachrichten.de/nachrichten-2026-08/69362660-trump-threatens-iran-and-its-supporters-with-tougher-economic-measures-020.htm,0.7,0.754491017964072,0.7217964071856289,0.7217964071856289
1319128783,20260820,USA,USA,IRN,IRN,120,120,12,3,-4.0,1,1,1,-5.08982035928144,https://www.finanznachrichten.de/nachrichten-2026-08/69362660-trump-threatens-iran-and-its-supporters-with-tougher-economic-measures-020.htm,0.7,0.754491017964072,0.7217964071856289,0.7217964071856289
1319128784,20260820,USA,USA,IRN,IRN,120,120,12,3,-4.0,1,1,1,-5.08982035928144,https://www.finanznachrichten.de/nachrichten-2026-08/69362660-trump-threatens-iran-and-its-supporters-with-tougher-economic-measures-020.htm,0.7,0.754491017964072,0.7217964071856289,0.7217964071856289
1319129810,20260820,,,IRN,IRN,14,14,1,1,0.0,6,1,6,-5.3125,https://www.rttnews.com/3682489/trump-threatens-iran-and-its-supporters-with-tougher-economic-measures.aspx,0.5,0.765625,0.60625,3.6374999999999997
1319129811,20260820,,,IRN,IRN,14,14,1,1,0.0,2,1,2,-5.3125,https://www.rttnews.com/3682489/trump-threatens-iran-and-its-supporters-with-tougher-economic-measures.aspx,0.5,0.765625,0.60625,1.2125
1319129812,20260820,,,IRN,IRN,14,14,1,1,0.0,12,1,12,-5.3125,https://www.rttnews.com/3682489/trump-threatens-iran-and-its-supporters-with-tougher-economic-measures.aspx,0.5,0.765625,0.60625,7.2749999999999995
1319129964,20260820,BUS,,IRN,IRN,112,112,11,3,-2.0,10,2,10,-6.84410646387833,https://www.ibtimes.com.au/escalating-tensions-strait-hormuz-us-iran-standoff-1874306,0.6,0.8422053231939165,0.6968821292775667,6.968821292775667
1319129978,20260820,CAN,CAN,IRN,IRN,36,36,3,1,4.0,12,6,12,-3.42879365670576,https://www.pentictonherald.ca/news/national_news/article_1a483bff-476c-52ba-94ba-5536726c8ec8.html,0.3,0.671439682835288,0.4485758731341152,5.382910477609382
1319129979,20260820,CAN,CAN,IRNELI,IRN,36,36,3,1,4.0,1,1,1,-3.30760749724366,https://lethbridgeherald.com/news/national-news/2026/08/20/poilievre-invites-irans-exiled-crown-prince-reza-pahlavi-to-visit-canada/,0.3,0.665380374862183,0.44615214994487323,0.44615214994487323
1319129980,20260820,CAN,CAN,IRNELI,IRN,36,36,3,1,4.0,5,5,5,-3.21889751449863,https://www.pentictonherald.ca/news/national_news/article_1a483bff-476c-52ba-94ba-5536726c8ec8.html,0.3,0.6609448757249315,0.4443779502899726,2.2218897514498632
1319130335,20260820,IRN,IRN,,,16,16,1,1,-2.0,10,2,10,-6.84410646387833,https://www.ibtimes.com.au/escalating-tensions-strait-hormuz-us-iran-standoff-1874306,0.6,0.8422053231939165,0.6968821292775667,6.968821292775667
1319130336,20260820,IRN,IRN,BUS,,190,190,19,4,-10.0,2,2,2,-6.84410646387833,https://www.ibtimes.com.au/escalating-tensions-strait-hormuz-us-iran-standoff-1874306,1.0,0.8422053231939165,0.9368821292775666,1.8737642585551333
1319130337,20260820,IRN,IRN,BUS,,190,190,19,4,-10.0,8,2,8,-6.84410646387833,https://www.ibtimes.com.au/escalating-tensions-strait-hormuz-us-iran-standoff-1874306,1.0,0.8422053231939165,0.9368821292775666,7.495057034220533
1319130338,20260820,IRN,IRN,GOV,,36,36,3,1,4.0,22,3,16,-3.27730455466611,https://lethbridgeherald.com/news/national-news/2026/08/20/poilievre-invites-irans-exiled-crown-prince-reza-pahlavi-to-visit-canada/,0.3,0.6638652277333055,0.4455460910933222,9.802014004053088
1319130339,20260820,IRN,IRN,GOV,,110,110,11,3,-2.0,119,24,119,-7.48709791415748,https://www.independent.co.uk/news/world/middle-east/iran-us-war-live-trump-hormuz-oil-uae-nuclear-weapons-b3036080.html,0.6,0.8743548957078741,0.7097419582831497,84.45929303569481
1319130340,20260820,IRN,IRN,IRNMED,IRN,110,110,11,3,-2.0,2,1,2,-9.78384527872578,https://www.samaa.tv/2087355486-trump-threatens-iran-with-unprecedented-economic-warfare,0.6,0.9891922639362889,0.7556769055745156,1.5113538111490312
1319130341,20260820,IRN,IRN,ISR,ISR,180,180,18,4,-9.0,8,1,8,-5.84343991179713,https://www.observertoday.com/opinion/commentary/2026/08/sorting-through-the-war-mideast-mess/,0.95,0.7921719955898565,0.8868687982359426,7.0949503858875405
1319130342,20260820,IRN,IRN,ISR,ISR,180,180,18,4,-9.0,2,1,2,-5.84343991179713,https://www.observertoday.com/opinion/commentary/2026/08/sorting-through-the-war-mideast-mess/,0.95,0.7921719955898565,0.8868687982359426,1.7737375964718851
1319130343,20260820,IRN,IRN,ISRMIL,ISR,353,35,3,1,7.0,1,1,1,-4.82076637824475,https://www.newyorker.com/news/global-notes/after-six-months-of-war-trump-is-still-losing-to-iran,0.15,0.7410383189122375,0.38641532756489505,0.38641532756489505
1319130344,20260820,IRN,IRN,ISRMIL,ISR,353,35,3,1,7.0,1,1,1,-4.82076637824475,https://www.newyorker.com/news/global-notes/after-six-months-of-war-trump-is-still-losing-to-iran,0.15,0.7410383189122375,0.38641532756489505,0.38641532756489505
1319130345,20260820,IRN,IRN,KOR,KOR,110,110,11,3,-2.0,19,19,19,-1.62162162162162,https://www.4029tv.com/article/north-korea-fires-unidentified-projectile-august-2026/73481702,0.6,0.5810810810810809,0.5924324324324324,11.256216216216215
1319130346,20260820,IRN,IRN,KOR,KOR,160,160,16,4,-4.0,1,1,1,-1.23565754633716,https://www.washingtonexaminer.com/news/4694121/north-korea-trump-scaled-back-drills-south-korea-changes-nothing/,0.7,0.561782877316858,0.6447131509267432,0.6447131509267432
1319130347,20260820,IRN,IRN,USA,USA,13,13,1,1,0.4,1,1,1,-9.78384527872578,https://www.samaa.tv/2087355486-trump-threatens-iran-with-unprecedented-economic-warfare,0.48,0.9891922639362889,0.6836769055745155,0.6836769055745155
1319130348,20260820,IRN,IRN,USA,USA,13,13,1,1,0.4,2,1,2,-4.82076637824475,https://www.newyorker.com/news/global-notes/after-six-months-of-war-trump-is-still-losing-to-iran,0.48,0.7410383189122375,0.584415327564895,1.16883065512979
1319130349,20260820,IRN,IRN,USA,USA,13,13,1,1,0.4,1,1,1,-9.78384527872578,https://www.samaa.tv/2087355486-trump-threatens-iran-with-unprecedented-economic-warfare,0.48,0.9891922639362889,0.6836769055745155,0.6836769055745155
1319130350,20260820,IRNMED,IRN,,,110,110,11,3,-2.0,2,1,2,-9.78384527872578,https://www.samaa.tv/2087355486-trump-threatens-iran-with-unprecedented-economic-warfare,0.6,0.9891922639362889,0.7556769055745156,1.5113538111490312
1319130351,20260820,IRNMIL,IRN,IRN,IRN,12,12,1,1,-0.4,4,1,4,-5.3125,https://www.rttnews.com/3682489/trump-threatens-iran-and-its-supporters-with-tougher-economic-measures.aspx,0.52,0.765625,0.61825,2.473
1319130352,20260820,IRNMOS,IRN,MIL,,130,130,13,3,-4.4,10,1,10,-9.78384527872578,https://www.samaa.tv/2087355486-trump-threatens-iran-with-unprecedented-economic-warfare,0.72,0.9891922639362889,0.8276769055745156,8.276769055745156
1319130404,20260820,KOR,KOR,IRN,IRN,20,20,2,1,3.0,1,1,1,-1.23565754633716,https://www.washingtonexaminer.com/news/4694121/north-korea-trump-scaled-back-drills-south-korea-changes-nothing/,0.35,0.561782877316858,0.43471315092674323,0.43471315092674323
1319130405,20260820,KOR,KOR,IRN,IRN,30,30,3,1,4.0,1,1,1,-1.23565754633716,https://www.washingtonexaminer.com/news/4694121/north-korea-trump-scaled-back-drills-south-korea-changes-nothing/,0.3,0.561782877316858,0.4047131509267432,0.4047131509267432
1319130406,20260820,KOR,KOR,IRN,IRN,51,51,5,1,3.4,1,1,1,-1.23565754633716,https://www.washingtonexaminer.com/news/4694121/north-korea-trump-scaled-back-drills-south-korea-changes-nothing/,0.32999999999999996,0.561782877316858,0.4227131509267432,0.4227131509267432
1319130724,20260820,USA,USA,IRN,IRN,10,10,1,1,0.0,4,2,4,-4.03639944928498,https://www.newyorker.com/news/global-notes/after-six-months-of-war-trump-is-still-losing-to-iran,0.5,0.701819972464249,0.5807279889856996,2.322911955942798
1319130725,20260820,USA,USA,IRN,IRN,13,13,1,1,0.4,1,1,1,-4.82076637824475,https://www.newyorker.com/news/global-notes/after-six-months-of-war-trump-is-still-losing-to-iran,0.48,0.7410383189122375,0.584415327564895,0.584415327564895
1319130726,20260820,USA,USA,IRN,IRN,13,13,1,1,0.4,1,1,1,-4.82076637824475,https://www.newyorker.com/news/global-notes/after-six-months-of-war-trump-is-still-losing-to-iran,0.48,0.7410383189122375,0.584415327564895,0.584415327564895
1319130727,20260820,USA,USA,IRN,IRN,110,110,11,3,-2.0,2,1,2,-4.82076637824475,https://www.newyorker.com/news/global-notes/after-six-months-of-war-trump-is-still-losing-to-iran,0.6,0.7410383189122375,0.656415327564895,1.31283065512979
1319130728,20260820,USA,USA,IRN,IRN,1244,124,12,3,-4.0,10,1,10,-9.78384527872578,https://www.samaa.tv/2087355486-trump-threatens-iran-with-unprecedented-economic-warfare,0.7,0.9891922639362889,0.8156769055745156,8.156769055745155
1319131889,20260820,,,IRN,IRN,30,30,3,1,4.0,2,1,2,-5.69236980218006,https://www.presstv.co.uk/Detail/2026/08/20/774714/Why-Iran-links-any-war-ending-deal-to-ending-US-Israeli-aggression-across-all-fronts,0.3,0.784618490109003,0.49384739604360123,0.9876947920872025
1319131890,20260820,,,IRN,IRN,46,46,4,1,7.0,15,5,15,-0.47619047619048,https://salinapost.com/posts/6db401cb-c850-4d07-8a15-ce6b5a8ce819,0.15,0.523809523809524,0.2995238095238096,4.492857142857144
1319132033,20260820,BUS,,IRN,IRN,130,130,13,3,-4.4,1,1,1,-2.77185501066098,https://cbn.com/news/israel/trump-boosts-economic-pressure-iran-warns-other-countries-us-navy-moves-oil-overnight,0.72,0.638592750533049,0.6874371002132196,0.6874371002132196
1319132034,20260820,BUS,,IRN,IRN,130,130,13,3,-4.4,4,1,4,-2.77185501066098,https://cbn.com/news/israel/trump-boosts-economic-pressure-iran-warns-other-countries-us-navy-moves-oil-overnight,0.72,0.638592750533049,0.6874371002132196,2.7497484008528783
1319132124,20260820,CVL,,IRNCRM,IRN,190,190,19,4,-10.0,3,1,3,-7.56302521008403,https://www.thehindu.com/news/national/tamil-nadu/inquiry-causing-delay-in-repatriation-of-tamil-nadu-fishermans-body-from-saudi-arabia-minister-aadhav-arjuna/article71368417.ece,1.0,0.8781512605042014,0.9512605042016806,2.8537815126050416
1319132317,20260820,GOV,,IRN,IRN,190,190,19,4,-10.0,8,1,8,-5.69236980218006,https://www.presstv.co.uk/Detail/2026/08/20/774714/Why-Iran-links-any-war-ending-deal-to-ending-US-Israeli-aggression-across-all-fronts,1.0,0.784618490109003,0.9138473960436012,7.31077916834881
1319132318,20260820,GOV,,IRN,IRN,190,190,19,4,-10.0,2,1,2,-5.69236980218006,https://www.presstv.co.uk/Detail/2026/08/20/774714/Why-Iran-links-any-war-ending-deal-to-ending-US-Israeli-aggression-across-all-fronts,1.0,0.784618490109003,0.9138473960436012,1.8276947920872024
1319132427,20260820,IRN,IRN,,,10,10,1,1,0.0,2,1,2,-5.69236980218006,https://www.presstv.co.uk/Detail/2026/08/20/774714/Why-Iran-links-any-war-ending-deal-to-ending-US-Israeli-aggression-across-all-fronts,0.5,0.784618490109003,0.6138473960436013,1.2276947920872026
1319132428,20260820,IRN,IRN,,,10,10,1,1,0.0,2,1,2,-5.69236980218006,https://www.presstv.co.uk/Detail/2026/08/20/774714/Why-Iran-links-any-war-ending-deal-to-ending-US-Israeli-aggression-across-all-fronts,0.5,0.784618490109003,0.6138473960436013,1.2276947920872026
1319132429,20260820,IRN,IRN,,,12,12,1,1,-0.4,9,2,9,-9.64096749811037,https://www.presstv.co.uk/Detail/2026/08/20/774716/Iran-US-Araghchi-defeat-Trump-economic-terrorism,0.52,0.9820483749055186,0.7048193499622075,6.3433741496598675
1319132430,20260820,IRN,IRN,,,13,13,1,1,0.4,20,5,20,-0.47619047619048,https://salinapost.com/posts/6db401cb-c850-4d07-8a15-ce6b5a8ce819,0.48,0.523809523809524,0.4975238095238096,9.950476190476191
1319132431,20260820,IRN,IRN,,,71,71,7,2,7.4,2,1,2,-3.95817774458551,https://www.gatestoneinstitute.org/22802/palestinians-preferred-leaders-terrorists,0.12999999999999998,0.6979088872292756,0.35716355489171026,0.7143271097834205
1319132432,20260820,IRN,IRN,,,110,110,11,3,-2.0,336,41,336,-7.18701298258715,https://www.winnipegfreepress.com/world/2026/08/20/iran-dismisses-us-economic-threats-and-other-developments-in-the-middle-east,0.6,0.8593506491293574,0.703740259651743,236.45672724298566
1319132433,20260820,IRN,IRN,,,120,120,12,3,-4.0,4,1,4,-11.1124689396717,https://www.presstv.co.uk/Detail/2026/08/20/774716/Iran-US-Araghchi-defeat-Trump-economic-terrorism,0.7,1.0,0.8200000000000001,3.2800000000000002
1319132434,20260820,IRN,IRN,,,120,120,12,3,-4.0,20,5,20,-0.47619047619048,https://salinapost.com/posts/6db401cb-c850-4d07-8a15-ce6b5a8ce819,0.7,0.523809523809524,0.6295238095238096,12.590476190476192
1319132435,20260820,IRN,IRN,,,130,130,13,3,-4.4,1,1,1,-2.77185501066098,https://cbn.com/news/israel/trump-boosts-economic-pressure-iran-warns-other-countries-us-navy-moves-oil-overnight,0.72,0.638592750533049,0.6874371002132196,0.6874371002132196
1319132436,20260820,IRN,IRN,,,130,130,13,3,-4.4,4,1,4,-2.77185501066098,https://cbn.com/news/israel/trump-boosts-economic-pressure-iran-warns-other-countries-us-navy-moves-oil-overnight,0.72,0.638592750533049,0.6874371002132196,2.7497484008528783
1319132437,20260820,IRN,IRN,GOV,,138,138,13,3,-7.0,28,3,28,-5.80145719489982,https://www.vanguardngr.com/2026/08/iran-guards-say-saudi-arabia-wont-be-able-to-contain-yemens-houthis/,0.85,0.790072859744991,0.8260291438979964,23.1288160291439
1319132438,20260820,IRN,IRN,GOV,,190,190,19,4,-10.0,8,1,8,-5.69236980218006,https://www.presstv.co.uk/Detail/2026/08/20/774714/Why-Iran-links-any-war-ending-deal-to-ending-US-Israeli-aggression-across-all-fronts,1.0,0.784618490109003,0.9138473960436012,7.31077916834881
1319132439,20260820,IRN,IRN,GOV,,190,190,19,4,-10.0,2,1,2,-5.69236980218006,https://www.presstv.co.uk/Detail/2026/08/20/774714/Why-Iran-links-any-war-ending-deal-to-ending-US-Israeli-aggression-across-all-fronts,1.0,0.784618490109003,0.9138473960436012,1.8276947920872024
1319132440,20260820,IRN,IRN,LBN,LBN,10,10,1,1,0.0,10,1,10,-5.69236980218006,https://www.presstv.co.uk/Detail/2026/08/20/774714/Why-Iran-links-any-war-ending-deal-to-ending-US-Israeli-aggression-across-all-fronts,0.5,0.784618490109003,0.6138473960436013,6.138473960436013
1319132441,20260820,IRN,IRN,LBN,LBN,36,36,3,1,4.0,8,1,8,-5.69236980218006,https://www.presstv.co.uk/Detail/2026/08/20/774714/Why-Iran-links-any-war-ending-deal-to-ending-US-Israeli-aggression-across-all-fronts,0.3,0.784618490109003,0.49384739604360123,3.95077916834881
1319132442,20260820,IRN,IRN,LBN,LBN,36,36,3,1,4.0,2,1,2,-5.69236980218006,https://www.presstv.co.uk/Detail/2026/08/20/774714/Why-Iran-links-any-war-ending-deal-to-ending-US-Israeli-aggression-across-all-fronts,0.3,0.784618490109003,0.49384739604360123,0.9876947920872025
1319132443,20260820,IRN,IRN,MIL,,872,87,8,2,9.0,1,1,1,-5.69236980218006,https://www.presstv.co.uk/Detail/2026/08/20/774714/Why-Iran-links-any-war-ending-deal-to-ending-US-Israeli-aggression-across-all-fronts,0.05,0.784618490109003,0.34384739604360126,0.34384739604360126
1319132444,20260820,IRN,IRN,MIL,,872,87,8,2,9.0,4,1,4,-5.69236980218006,https://www.presstv.co.uk/Detail/2026/08/20/774714/Why-Iran-links-any-war-ending-deal-to-ending-US-Israeli-aggression-across-all-fronts,0.05,0.784618490109003,0.34384739604360126,1.375389584174405
1319132445,20260820,IRN,IRN,PSE,PSE,20,20,2,1,3.0,1,1,1,-3.95817774458551,https://www.gatestoneinstitute.org/22802/palestinians-preferred-leaders-terrorists,0.35,0.6979088872292756,0.48916355489171026,0.48916355489171026
1319132446,20260820,IRN,IRN,PSE,PSE,20,20,2,1,3.0,4,1,4,-3.95817774458551,https://www.gatestoneinstitute.org/22802/palestinians-preferred-leaders-terrorists,0.35,0.6979088872292756,0.48916355489171026,1.956654219566841
1319132447,20260820,IRN,IRN,PSE,PSE,51,51,5,1,3.4,1,1,1,-3.95817774458551,https://www.gatestoneinstitute.org/22802/palestinians-preferred-leaders-terrorists,0.32999999999999996,0.6979088872292756,0.47716355489171025,0.47716355489171025
1319132448,20260820,IRN,IRN,PSE,PSE,51,51,5,1,3.4,4,1,4,-3.95817774458551,https://www.gatestoneinstitute.org/22802/palestinians-preferred-leaders-terrorists,0.32999999999999996,0.6979088872292756,0.47716355489171025,1.908654219566841
1319132449,20260820,IRN,IRN,USA,USA,46,46,4,1,7.0,10,5,10,-0.47619047619048,https://salinapost.com/posts/6db401cb-c850-4d07-8a15-ce6b5a8ce819,0.15,0.523809523809524,0.2995238095238096,2.9952380952380957
1319132450,20260820,IRN,IRN,USA,USA,46,46,4,1,7.0,10,5,10,-0.47619047619048,https://salinapost.com/posts/6db401cb-c850-4d07-8a15-ce6b5a8ce819,0.15,0.523809523809524,0.2995238095238096,2.9952380952380957
1319132451,20260820,IRN,IRN,USA,USA,110,110,11,3,-2.0,8,1,8,-5.69236980218006,https://www.presstv.co.uk/Detail/2026/08/20/774714/Why-Iran-links-any-war-ending-deal-to-ending-US-Israeli-aggression-across-all-fronts,0.6,0.784618490109003,0.6738473960436012,5.39077916834881
1319132452,20260820,IRN,IRN,USA,USA,110,110,11,3,-2.0,2,1,2,-5.69236980218006,https://www.presstv.co.uk/Detail/2026/08/20/774714/Why-Iran-links-any-war-ending-deal-to-ending-US-Israeli-aggression-across-all-fronts,0.6,0.784618490109003,0.6738473960436012,1.3476947920872024
1319132453,20260820,IRN,IRN,YEM,YEM,40,40,4,1,1.0,2,1,2,-5.33333333333334,https://www.presstv.co.uk/Detail/2026/08/20/774722/Iran-IRGC-missiles-weapons,0.45,0.7666666666666669,0.5766666666666669,1.1533333333333338
1319132454,20260820,IRN,IRN,YEM,YEM,40,40,4,1,1.0,2,1,2,-5.33333333333334,https://www.presstv.co.uk/Detail/2026/08/20/774722/Iran-IRGC-missiles-weapons,0.45,0.7666666666666669,0.5766666666666669,1.1533333333333338
1319132455,20260820,IRN,IRN,YEM,YEM,110,110,11,3,-2.0,6,3,6,-5.80145719489982,https://www.vanguardngr.com/2026/08/iran-guards-say-saudi-arabia-wont-be-able-to-contain-yemens-houthis/,0.6,0.790072859744991,0.6760291438979964,4.056174863387978
1319132456,20260820,IRN,IRN,YEM,YEM,110,110,11,3,-2.0,16,2,16,-5.83333333333333,https://www.vanguardngr.com/2026/08/iran-guards-say-saudi-arabia-wont-be-able-to-contain-yemens-houthis/,0.6,0.7916666666666665,0.6766666666666666,10.826666666666666
1319132498,20260820,JUD,,IRNMOS,IRN,112,112,11,3,-2.0,10,1,10,-8.66935483870965,https://www.defenseone.com/threats/2026/08/doj-charges-17-iranians-cybertheft-campaign/415536/,0.6,0.9334677419354825,0.733387096774193,7.33387096774193
1319132553,20260820,LBN,LBN,IRN,IRN,36,36,3,1,4.0,8,1,8,-5.69236980218006,https://www.presstv.co.uk/Detail/2026/08/20/774714/Why-Iran-links-any-war-ending-deal-to-ending-US-Israeli-aggression-across-all-fronts,0.3,0.784618490109003,0.49384739604360123,3.95077916834881
1319132554,20260820,LBN,LBN,IRN,IRN,36,36,3,1,4.0,2,1,2,-5.69236980218006,https://www.presstv.co.uk/Detail/2026/08/20/774714/Why-Iran-links-any-war-ending-deal-to-ending-US-Israeli-aggression-across-all-fronts,0.3,0.784618490109003,0.49384739604360123,0.9876947920872025
1319132614,20260820,MED,,IRN,IRN,60,60,6,2,6.0,10,1,10,-8.66935483870965,https://www.defenseone.com/threats/2026/08/doj-charges-17-iranians-cybertheft-campaign/415536/,0.2,0.9334677419354825,0.493387096774193,4.93387096774193
1319132710,20260820,PSE,PSE,IRN,IRN,51,51,5,1,3.4,6,1,6,-5.69236980218006,https://www.presstv.co.uk/Detail/2026/08/20/774714/Why-Iran-links-any-war-ending-deal-to-ending-US-Israeli-aggression-across-all-fronts,0.32999999999999996,0.784618490109003,0.5118473960436012,3.071084376261607
1319132711,20260820,PSE,PSE,IRN,IRN,51,51,5,1,3.4,4,1,4,-5.69236980218006,https://www.presstv.co.uk/Detail/2026/08/20/774714/Why-Iran-links-any-war-ending-deal-to-ending-US-Israeli-aggression-across-all-fronts,0.32999999999999996,0.784618490109003,0.5118473960436012,2.0473895841744048
1319132818,20260820,USA,USA,IRN,IRN,46,46,4,1,7.0,10,5,10,-0.47619047619048,https://salinapost.com/posts/6db401cb-c850-4d07-8a15-ce6b5a8ce819,0.15,0.523809523809524,0.2995238095238096,2.9952380952380957
1319132819,20260820,USA,USA,IRN,IRN,46,46,4,1,7.0,10,5,10,-0.47619047619048,https://salinapost.com/posts/6db401cb-c850-4d07-8a15-ce6b5a8ce819,0.15,0.523809523809524,0.2995238095238096,2.9952380952380957
1319132820,20260820,USA,USA,IRNGOV,IRN,110,110,11,3,-2.0,1,1,1,-12.2448979591837,https://www.presstv.co.uk/Detail/2026/08/20/774716/Iran-US-Araghchi-defeat-Trump-economic-terrorism,0.6,1.0,0.76,0.76
1319132866,20260820,YEM,YEM,IRN,IRN,40,40,4,1,1.0,2,1,2,-5.33333333333334,https://www.presstv.co.uk/Detail/2026/08/20/774722/Iran-IRGC-missiles-weapons,0.45,0.7666666666666669,0.5766666666666669,1.1533333333333338
1319132867,20260820,YEM,YEM,IRN,IRN,40,40,4,1,1.0,2,1,2,-5.33333333333334,https://www.presstv.co.uk/Detail/2026/08/20/774722/Iran-IRGC-missiles-weapons,0.45,0.7666666666666669,0.5766666666666669,1.1533333333333338
1319133800,20260820,AFG,AFG,IRN,IRN,14,14,1,1,0.0,5,1,5,-0.19569471624266,https://www.thenationalnews.com/business/aviation/2026/08/20/will-irans-eastern-corridor-help-reduce-flight-times/,0.5,0.509784735812133,0.5039138943248532,2.519569471624266
1319134116,20260820,FRA,FRA,IRN,IRN,10,10,1,1,0.0,8,1,8,-5.35714285714286,https://www.independent.co.uk/news/world/middle-east/us-ice-iran-deportation-emails-b3036181.html,0.5,0.767857142857143,0.6071428571428572,4.857142857142858
1319134260,20260820,GOV,,IRN,IRN,54,54,5,1,6.0,5,1,5,1.24610591900312,https://www.trend.az/scaucasus/armenia/4216555.html,0.2,0.43769470404984395,0.2950778816199376,1.4753894080996879
1319134376,20260820,IRN,IRN,,,10,10,1,1,0.0,16,2,10,-4.27960927960928,https://oilprice.com/Latest-Energy-News/World-News/Has-Iranian-Crude-Become-Irrelevant-to-Global-Oil-Supply.html,0.5,0.713980463980464,0.5855921855921856,9.36947496947497
1319134377,20260820,IRN,IRN,,,10,10,1,1,0.0,2,2,2,-4.27960927960928,https://oilprice.com/Latest-Energy-News/World-News/Has-Iranian-Crude-Become-Irrelevant-to-Global-Oil-Supply.html,0.5,0.713980463980464,0.5855921855921856,1.1711843711843712
1319134378,20260820,IRN,IRN,,,61,61,6,2,6.4,6,2,6,-4.27960927960928,https://oilprice.com/Latest-Energy-News/World-News/Has-Iranian-Crude-Become-Irrelevant-to-Global-Oil-Supply.html,0.18,0.713980463980464,0.3935921855921856,2.361553113553114
1319134379,20260820,IRN,IRN,GOV,,174,174,17,4,-5.0,9,1,9,-7.36196319018405,https://www.thenationalnews.com/podcasts/trending-middle-east/2026/08/20/trump-escalates-pressure-on-iran-israel-opens-hind-rajab-investigation-and-abu-dhabi-power-demand-rises/,0.75,0.8680981595092024,0.7972392638036809,7.175153374233128
1319134380,20260820,IRN,IRN,GOV,,174,174,17,4,-5.0,1,1,1,-7.36196319018405,https://www.thenationalnews.com/podcasts/trending-middle-east/2026/08/20/trump-escalates-pressure-on-iran-israel-opens-hind-rajab-investigation-and-abu-dhabi-power-demand-rises/,0.75,0.8680981595092024,0.7972392638036809,0.7972392638036809
1319134381,20260820,IRN,IRN,IRNGOV,IRN,46,46,4,1,7.0,5,3,5,-2.44682664109929,https://www.thenationalnews.com/news/gulf/2026/08/20/japanese-fm-visits-saudi-arabia-and-oman-with-maritime-security-in-focus/,0.15,0.6223413320549644,0.33893653282198577,1.6946826641099288
1319134382,20260820,IRN,IRN,ISR,ISR,13,13,1,1,0.4,4,1,4,-3.65853658536586,https://www.jpost.com/international/article-906081,0.48,0.6829268292682931,0.5611707317073172,2.244682926829269
1319134383,20260820,IRN,IRN,ISR,ISR,13,13,1,1,0.4,4,1,4,-3.65853658536586,https://www.jpost.com/international/article-906081,0.48,0.6829268292682931,0.5611707317073172,2.244682926829269
1319134384,20260820,IRN,IRN,ISR,ISR,13,13,1,1,0.4,12,1,12,-3.65853658536586,https://www.jpost.com/international/article-906081,0.48,0.6829268292682931,0.5611707317073172,6.734048780487807
1319134385,20260820,IRN,IRN,PAK,PAK,130,130,13,3,-4.4,16,1,16,-3.65853658536586,https://www.jpost.com/international/article-906081,0.72,0.6829268292682931,0.7051707317073173,11.282731707317076
1319134386,20260820,IRN,IRN,PAK,PAK,130,130,13,3,-4.4,4,1,4,-3.65853658536586,https://www.jpost.com/international/article-906081,0.72,0.6829268292682931,0.7051707317073173,2.820682926829269
1319134387,20260820,IRN,IRN,RUS,RUS,40,40,4,1,1.0,8,4,8,-2.22127951084679,https://www.brandonsun.com/world/2026/08/20/south-korea-says-north-korea-fires-about-10-short-range-ballistic-missiles-toward-the-sea,0.45,0.6110639755423395,0.5144255902169358,4.115404721735486
1319134388,20260820,IRN,IRN,RUS,RUS,110,110,11,3,-2.0,5,4,5,-2.22127951084679,https://www.brandonsun.com/world/2026/08/20/south-korea-says-north-korea-fires-about-10-short-range-ballistic-missiles-toward-the-sea,0.6,0.6110639755423395,0.6044255902169358,3.022127951084679
1319134389,20260820,IRNGOV,IRN,,,12,12,1,1,-0.4,12,2,12,-5.9189966679774,https://www.finanzen.ch/nachrichten/aktien/geopolitical-tensions-push-french-stocks-lower-for-8th-day-1036478231,0.52,0.7959498333988699,0.630379933359548,7.5645592003145765
1319134390,20260820,IRNGOV,IRN,,,130,130,13,3,-4.4,12,2,12,-5.9189966679774,https://www.finanzen.ch/nachrichten/aktien/geopolitical-tensions-push-french-stocks-lower-for-8th-day-1036478231,0.72,0.7959498333988699,0.750379933359548,9.004559200314576
1319134391,20260820,IRNGOV,IRN,IRN,IRN,46,46,4,1,7.0,3,2,3,-3.84385107276005,https://www.thenationalnews.com/news/gulf/2026/08/20/japanese-fm-visits-saudi-arabia-and-oman-with-maritime-security-in-focus/,0.15,0.6921925536380025,0.36687702145520096,1.100631064365603
1319134411,20260820,ISR,ISR,IRN,IRN,80,80,8,2,5.0,8,1,8,-3.65853658536586,https://www.jpost.com/international/article-906081,0.25,0.6829268292682931,0.4231707317073172,3.385365853658538
1319134412,20260820,ISR,ISR,IRN,IRN,80,80,8,2,5.0,12,1,12,-3.65853658536586,https://www.jpost.com/international/article-906081,0.25,0.6829268292682931,0.4231707317073172,5.078048780487807
1319134413,20260820,ISR,ISR,IRN,IRN,1723,172,17,4,-5.0,4,1,4,-3.65853658536586,https://www.jpost.com/international/article-906081,0.75,0.6829268292682931,0.7231707317073173,2.892682926829269
1319134414,20260820,ISR,ISR,IRN,IRN,1723,172,17,4,-5.0,12,1,12,-3.65853658536586,https://www.jpost.com/international/article-906081,0.75,0.6829268292682931,0.7231707317073173,8.678048780487806
1319134415,20260820,ISR,ISR,IRN,IRN,1723,172,17,4,-5.0,4,1,4,-3.65853658536586,https://www.jpost.com/international/article-906081,0.75,0.6829268292682931,0.7231707317073173,2.892682926829269
1319134472,20260820,KOR,KOR,IRN,IRN,20,20,2,1,3.0,2,1,2,-1.32450331125828,https://www.thenationalnews.com/opinion/comment/2026/08/20/us-pivot-to-asia-donald-trump-barack-obama-joe-biden-south-korea-japan-iran/,0.35,0.566225165562914,0.4364900662251656,0.8729801324503312
1319134473,20260820,KOR,KOR,IRN,IRN,20,20,2,1,3.0,1,1,1,-1.32450331125828,https://www.thenationalnews.com/opinion/comment/2026/08/20/us-pivot-to-asia-donald-trump-barack-obama-joe-biden-south-korea-japan-iran/,0.35,0.566225165562914,0.4364900662251656,0.4364900662251656
1319134474,20260820,KOR,KOR,IRN,IRN,20,20,2,1,3.0,2,1,2,-1.32450331125828,https://www.thenationalnews.com/opinion/comment/2026/08/20/us-pivot-to-asia-donald-trump-barack-obama-joe-biden-south-korea-japan-iran/,0.35,0.566225165562914,0.4364900662251656,0.8729801324503312
1319134475,20260820,KOR,KOR,IRN,IRN,20,20,2,1,3.0,2,1,2,-1.32450331125828,https://www.thenationalnews.com/opinion/comment/2026/08/20/us-pivot-to-asia-donald-trump-barack-obama-joe-biden-south-korea-japan-iran/,0.35,0.566225165562914,0.4364900662251656,0.8729801324503312
1319134495,20260820,LAB,,IRN,IRN,64,64,6,2,7.0,10,1,10,-5.35714285714286,https://www.independent.co.uk/news/world/middle-east/us-ice-iran-deportation-emails-b3036181.html,0.15,0.767857142857143,0.39714285714285724,3.9714285714285724
1319134496,20260820,LAB,,IRN,IRN,130,130,13,3,-4.4,10,1,10,-5.35714285714286,https://www.independent.co.uk/news/world/middle-east/us-ice-iran-deportation-emails-b3036181.html,0.72,0.767857142857143,0.7391428571428572,7.391428571428572
1319134637,20260820,PAK,PAK,IRN,IRN,14,14,1,1,0.0,1,1,1,-0.19569471624266,https://www.thenationalnews.com/business/aviation/2026/08/20/will-irans-eastern-corridor-help-reduce-flight-times/,0.5,0.509784735812133,0.5039138943248532,0.5039138943248532
1319134638,20260820,PAK,PAK,IRN,IRN,14,14,1,1,0.0,4,1,4,-0.19569471624266,https://www.thenationalnews.com/business/aviation/2026/08/20/will-irans-eastern-corridor-help-reduce-flight-times/,0.5,0.509784735812133,0.5039138943248532,2.015655577299413
1319134713,20260820,RUS,RUS,IRN,IRN,40,40,4,1,1.0,8,4,8,-2.22127951084679,https://www.brandonsun.com/world/2026/08/20/south-korea-says-north-korea-fires-about-10-short-range-ballistic-missiles-toward-the-sea,0.45,0.6110639755423395,0.5144255902169358,4.115404721735486
1319134776,20260820,TKM,TKM,IRN,IRN,14,14,1,1,0.0,1,1,1,-0.19569471624266,https://www.thenationalnews.com/business/aviation/2026/08/20/will-irans-eastern-corridor-help-reduce-flight-times/,0.5,0.509784735812133,0.5039138943248532,0.5039138943248532
1319134777,20260820,TKM,TKM,IRN,IRN,14,14,1,1,0.0,4,1,4,-0.19569471624266,https://www.thenationalnews.com/business/aviation/2026/08/20/will-irans-eastern-corridor-help-reduce-flight-times/,0.5,0.509784735812133,0.5039138943248532,2.015655577299413
1319134967,20260820,USAGOV,USA,IRN,IRN,130,130,13,3,-4.4,2,1,2,-5.35714285714286,https://www.independent.co.uk/news/world/middle-east/us-ice-iran-deportation-emails-b3036181.html,0.72,0.767857142857143,0.7391428571428572,1.4782857142857144
1319135974,20260820,,,IRN,IRN,42,42,4,1,1.9,1,1,1,-5.92105263157895,https://www.rawstory.com/trump-iran-2677731902/,0.40499999999999997,0.7960526315789475,0.5614210526315789,0.5614210526315789
1319135975,20260820,,,IRN,IRN,174,174,17,4,-5.0,3,1,3,-8.77862595419847,https://www.chennaionline.com/news/secret-emails-reveal-us-iran-deportation-plan/,0.75,0.9389312977099233,0.8255725190839693,2.476717557251908
1319135976,20260820,,,IRNGOV,IRN,40,40,4,1,1.0,6,1,6,-8.77862595419847,https://www.chennaionline.com/news/secret-emails-reveal-us-iran-deportation-plan/,0.45,0.9389312977099233,0.6455725190839694,3.8734351145038164
1319136414,20260820,GOV,,IRN,IRN,180,180,18,4,-9.0,16,2,16,-3.78601079510968,https://www.jns.org/news/u-s-news/trump-declares-economic-d-day-for-iran,0.95,0.689300539755484,0.8457202159021935,13.531523454435096
1319136459,20260820,GOVMIL,,IRN,IRN,10,10,1,1,0.0,1,1,1,-3.0379746835443,https://www.lbc.co.uk/article/trump-promises-economic-d-day-against-iran-in-latest-bid-to-cripple-tehran-5HjdgKJ_2/,0.5,0.651898734177215,0.560759493670886,0.560759493670886
1319136460,20260820,GOVMIL,,IRN,IRN,190,190,19,4,-10.0,1,1,1,-3.0379746835443,https://www.lbc.co.uk/article/trump-promises-economic-d-day-against-iran-in-latest-bid-to-cripple-tehran-5HjdgKJ_2/,1.0,0.651898734177215,0.860759493670886,0.860759493670886
1319136461,20260820,GOVMIL,,IRN,IRN,194,194,19,4,-10.0,1,1,1,-3.0379746835443,https://www.lbc.co.uk/article/trump-promises-economic-d-day-against-iran-in-latest-bid-to-cripple-tehran-5HjdgKJ_2/,1.0,0.651898734177215,0.860759493670886,0.860759493670886
1319136542,20260820,IRN,IRN,IRNGOV,IRN,40,40,4,1,1.0,2,1,2,-8.77862595419847,https://www.chennaionline.com/news/secret-emails-reveal-us-iran-deportation-plan/,0.45,0.9389312977099233,0.6455725190839694,1.2911450381679388
1319136543,20260820,IRN,IRN,RUS,RUS,110,110,11,3,-2.0,3,3,3,-2.16805522081159,https://www.niagarafallsreview.ca/news/world/united-states/north-korea-fires-an-unidentified-projectile-off-its-east-coast-south-korea-says/article_da5607b0-89e1-5c6c-9ec1-18aa1dd9b96b.html,0.6,0.6084027610405796,0.6033611044162318,1.8100833132486955
1319136544,20260820,IRN,IRN,SAUGOV,SAU,10,10,1,1,0.0,3,2,3,-3.78601079510968,https://www.jns.org/news/u-s-news/trump-declares-economic-d-day-for-iran,0.5,0.689300539755484,0.5757202159021936,1.7271606477065808
1319136545,20260820,IRN,IRN,SAUGOV,SAU,10,10,1,1,0.0,1,1,1,-3.78912685337726,https://www.jns.org/news/u-s-news/trump-declares-economic-d-day-for-iran,0.5,0.689456342668863,0.5757825370675452,0.5757825370675452
1319136546,20260820,IRN,IRN,SAUGOV,SAU,10,10,1,1,0.0,18,3,18,-3.77878079193892,https://www.jns.org/news/u-s-news/trump-declares-economic-d-day-for-iran,0.5,0.688939039596946,0.5755756158387784,10.36036108509801
1319136547,20260820,IRN,IRN,SAUGOV,SAU,13,13,1,1,0.4,1,1,1,-3.78912685337726,https://www.jns.org/news/u-s-news/trump-declares-economic-d-day-for-iran,0.48,0.689456342668863,0.5637825370675452,0.5637825370675452
1319136548,20260820,IRN,IRN,SAUGOV,SAU,13,13,1,1,0.4,11,3,11,-3.77878079193892,https://www.jns.org/news/u-s-news/trump-declares-economic-d-day-for-iran,0.48,0.688939039596946,0.5635756158387784,6.199331774226562
1319136549,20260820,IRN,IRN,USA,USA,12,12,1,1,-0.4,2,1,2,-4.97427101200686,https://www.hindustantimes.com/world-news/why-the-world-s-richest-country-can-t-defend-vital-infrastructure-101787214986282.html,0.52,0.748713550600343,0.6114854202401372,1.2229708404802744
1319136550,20260820,IRN,IRN,USA,USA,12,12,1,1,-0.4,6,1,6,-4.97427101200686,https://www.hindustantimes.com/world-news/why-the-world-s-richest-country-can-t-defend-vital-infrastructure-101787214986282.html,0.52,0.748713550600343,0.6114854202401372,3.668912521440823
1319136551,20260820,IRN,IRN,USA,USA,12,12,1,1,-0.4,2,1,2,-4.97427101200686,https://www.hindustantimes.com/world-news/why-the-world-s-richest-country-can-t-defend-vital-infrastructure-101787214986282.html,0.52,0.748713550600343,0.6114854202401372,1.2229708404802744
1319136552,20260820,IRN,IRN,USA,USA,171,171,17,4,-9.2,5,1,5,-4.97427101200686,https://www.hindustantimes.com/world-news/why-the-world-s-richest-country-can-t-defend-vital-infrastructure-101787214986282.html,0.96,0.748713550600343,0.8754854202401372,4.377427101200686
1319136553,20260820,IRNGOV,IRN,,,40,40,4,1,1.0,6,1,6,-8.77862595419847,https://www.chennaionline.com/news/secret-emails-reveal-us-iran-deportation-plan/,0.45,0.9389312977099233,0.6455725190839694,3.8734351145038164
1319136554,20260820,IRNGOV,IRN,IRN,IRN,331,33,3,1,5.2,4,2,4,-3.78601079510968,https://www.jns.org/news/u-s-news/trump-declares-economic-d-day-for-iran,0.24,0.689300539755484,0.41972021590219355,1.6788808636087742
1319136555,20260820,IRNGOV,IRN,IRN,IRN,40,40,4,1,1.0,2,1,2,-8.77862595419847,https://www.chennaionline.com/news/secret-emails-reveal-us-iran-deportation-plan/,0.45,0.9389312977099233,0.6455725190839694,1.2911450381679388
1319136556,20260820,IRNGOV,IRN,IRN,IRN,180,180,18,4,-9.0,4,2,4,-3.78601079510968,https://www.jns.org/news/u-s-news/trump-declares-economic-d-day-for-iran,0.95,0.689300539755484,0.8457202159021935,3.382880863608774
1319136692,20260820,MED,,IRN,IRN,331,33,3,1,5.2,1,1,1,-3.0379746835443,https://www.lbc.co.uk/article/trump-promises-economic-d-day-against-iran-in-latest-bid-to-cripple-tehran-5HjdgKJ_2/,0.24,0.651898734177215,0.40475949367088604,0.40475949367088604
1319136732,20260820,NGOHRI,,IRN,IRN,63,63,6,2,7.4,10,1,10,-8.77862595419847,https://www.chennaionline.com/news/secret-emails-reveal-us-iran-deportation-plan/,0.12999999999999998,0.9389312977099233,0.45357251908396934,4.535725190839694
1319136733,20260820,NGOHRI,,IRN,IRN,111,111,11,3,-2.0,10,1,10,-8.77862595419847,https://www.chennaionline.com/news/secret-emails-reveal-us-iran-deportation-plan/,0.6,0.9389312977099233,0.7355725190839694,7.355725190839694
1319136924,20260820,USA,USA,IRN,IRN,10,10,1,1,0.0,8,1,8,-4.97427101200686,https://www.hindustantimes.com/world-news/why-the-world-s-richest-country-can-t-defend-vital-infrastructure-101787214986282.html,0.5,0.748713550600343,0.5994854202401372,4.795883361921097
1319136925,20260820,USA,USA,IRN,IRN,20,20,2,1,3.0,4,1,4,-4.97427101200686,https://www.hindustantimes.com/world-news/why-the-world-s-richest-country-can-t-defend-vital-infrastructure-101787214986282.html,0.35,0.748713550600343,0.5094854202401372,2.037941680960549
1319136926,20260820,USA,USA,IRN,IRN,20,20,2,1,3.0,6,1,6,-4.97427101200686,https://www.hindustantimes.com/world-news/why-the-world-s-richest-country-can-t-defend-vital-infrastructure-101787214986282.html,0.35,0.748713550600343,0.5094854202401372,3.0569125214408235
1319136927,20260820,USA,USA,IRN,IRN,111,111,11,3,-2.0,3,1,3,-2.09059233449477,https://www.rawstory.com/stephen-miller-2677731830/,0.6,0.6045296167247385,0.6018118466898954,1.8054355400696862
1319136953,20260820,USAGOV,USA,IRN,IRN,20,20,2,1,3.0,3,1,3,2.05357142857143,https://www.forbes.com/sites/marktemnycky/2026/08/20/us-and-eu-welcome-peace-progress-between-armenia-and-azerbaijan/,0.35,0.3973214285714285,0.3689285714285714,1.106785714285714
1319136954,20260820,USAGOV,USA,IRN,IRN,20,20,2,1,3.0,1,1,1,2.05357142857143,https://www.forbes.com/sites/marktemnycky/2026/08/20/us-and-eu-welcome-peace-progress-between-armenia-and-azerbaijan/,0.35,0.3973214285714285,0.3689285714285714,0.3689285714285714
1319136955,20260820,USAGOV,USA,IRN,IRN,20,20,2,1,3.0,1,1,1,2.05357142857143,https://www.forbes.com/sites/marktemnycky/2026/08/20/us-and-eu-welcome-peace-progress-between-armenia-and-azerbaijan/,0.35,0.3973214285714285,0.3689285714285714,0.3689285714285714
1319136956,20260820,USAGOV,USA,IRN,IRN,111,111,11,3,-2.0,3,1,3,2.05357142857143,https://www.forbes.com/sites/marktemnycky/2026/08/20/us-and-eu-welcome-peace-progress-between-armenia-and-azerbaijan/,0.6,0.3973214285714285,0.5189285714285714,1.5567857142857142
1319138235,20260820,GBR,GBR,IRN,IRN,40,40,4,1,1.0,2,1,2,-3.59281437125748,https://www.theglobeandmail.com/canada/article-poilievre-invites-exiled-iran-prince-to-canada/,0.45,0.679640718562874,0.5418562874251496,1.0837125748502991
1319138236,20260820,GBR,GBR,IRN,IRN,40,40,4,1,1.0,2,1,2,-3.59281437125748,https://www.theglobeandmail.com/canada/article-poilievre-invites-exiled-iran-prince-to-canada/,0.45,0.679640718562874,0.5418562874251496,1.0837125748502991
1319138237,20260820,GBR,GBR,IRN,IRN,40,40,4,1,1.0,2,1,2,-3.59281437125748,https://www.theglobeandmail.com/canada/article-poilievre-invites-exiled-iran-prince-to-canada/,0.45,0.679640718562874,0.5418562874251496,1.0837125748502991
1319138238,20260820,GBR,GBR,IRN,IRN,40,40,4,1,1.0,2,1,2,-3.59281437125748,https://www.theglobeandmail.com/canada/article-poilievre-invites-exiled-iran-prince-to-canada/,0.45,0.679640718562874,0.5418562874251496,1.0837125748502991
1319138308,20260820,GOV,,IRN,IRN,130,130,13,3,-4.4,1,1,1,-5.15063168124392,https://naharnet.com/stories/en/321939-trump-threatened-to-bomb-oman-because-he-s-unhappy-with-country-s-deal-with-iran,0.72,0.7575315840621959,0.7350126336248783,0.7350126336248783
1319138309,20260820,GOV,,IRN,IRN,163,163,16,4,-8.0,111,28,111,-6.81383348794063,https://www.ksbw.com/article/president-trump-announces-iran-economic-d-day/73481771,0.9,0.8406916743970315,0.8762766697588127,97.26671034322821
1319138363,20260820,GOVMIL,,IRN,IRN,10,10,1,1,0.0,2,1,2,-5.15063168124392,https://naharnet.com/stories/en/321939-trump-threatened-to-bomb-oman-because-he-s-unhappy-with-country-s-deal-with-iran,0.5,0.7575315840621959,0.6030126336248784,1.206025267249757
1319138364,20260820,GOVMIL,,IRN,IRN,10,10,1,1,0.0,6,1,6,-5.15063168124392,https://naharnet.com/stories/en/321939-trump-threatened-to-bomb-oman-because-he-s-unhappy-with-country-s-deal-with-iran,0.5,0.7575315840621959,0.6030126336248784,3.6180758017492707
1319138365,20260820,GOVMIL,,IRN,IRN,10,10,1,1,0.0,2,1,2,-5.15063168124392,https://naharnet.com/stories/en/321939-trump-threatened-to-bomb-oman-because-he-s-unhappy-with-country-s-deal-with-iran,0.5,0.7575315840621959,0.6030126336248784,1.206025267249757
1319138366,20260820,GOVMIL,,IRN,IRN,194,194,19,4,-10.0,2,1,2,-5.15063168124392,https://naharnet.com/stories/en/321939-trump-threatened-to-bomb-oman-because-he-s-unhappy-with-country-s-deal-with-iran,1.0,0.7575315840621959,0.9030126336248784,1.8060252672497568
1319138367,20260820,GOVMIL,,IRN,IRN,194,194,19,4,-10.0,6,1,6,-5.15063168124392,https://naharnet.com/stories/en/321939-trump-threatened-to-bomb-oman-because-he-s-unhappy-with-country-s-deal-with-iran,1.0,0.7575315840621959,0.9030126336248784,5.4180758017492705
1319138368,20260820,GOVMIL,,IRN,IRN,194,194,19,4,-10.0,2,1,2,-5.15063168124392,https://naharnet.com/stories/en/321939-trump-threatened-to-bomb-oman-because-he-s-unhappy-with-country-s-deal-with-iran,1.0,0.7575315840621959,0.9030126336248784,1.8060252672497568
1319138436,20260820,IGOEUREEC,EUR,IRN,IRN,163,163,16,4,-8.0,10,1,10,-7.83132530120482,https://www.dailysabah.com/opinion/op-ed/us-steps-up-sanctions-pressure-on-iran,0.9,0.8915662650602411,0.8966265060240965,8.966265060240966
1319138442,20260820,IGOUNO,,IRN,IRN,163,163,16,4,-8.0,10,1,10,-7.83132530120482,https://www.dailysabah.com/opinion/op-ed/us-steps-up-sanctions-pressure-on-iran,0.9,0.8915662650602411,0.8966265060240965,8.966265060240966
1319138482,20260820,IRN,IRN,,,100,100,10,3,-5.0,3,1,3,-6.44028103044497,https://www.dailysabah.com/world/mid-east/with-us-diplomacy-at-standstill-iran-shifts-to-offensive-posturing,0.75,0.8220140515222486,0.7788056206088994,2.336416861826698
1319138483,20260820,IRN,IRN,,,190,190,19,4,-10.0,10,1,10,-6.44028103044497,https://www.dailysabah.com/world/mid-east/with-us-diplomacy-at-standstill-iran-shifts-to-offensive-posturing,1.0,0.8220140515222486,0.9288056206088995,9.288056206088996
1319138484,20260820,IRN,IRN,CHN,CHN,163,163,16,4,-8.0,4,2,4,-8.39353615749588,https://naharnet.com/stories/en/321971-trump-pledges-economic-warfare-on-iran-prompting-tehran-derision,0.9,0.919676807874794,0.9078707231499177,3.6314828925996707
1319138485,20260820,IRN,IRN,CHN,CHN,163,163,16,4,-8.0,20,3,20,-8.10571621616457,https://naharnet.com/stories/en/321971-trump-pledges-economic-warfare-on-iran-prompting-tehran-derision,0.9,0.9052858108082285,0.9021143243232914,18.042286486465827
1319138486,20260820,IRN,IRN,EUR,EUR,138,138,13,3,-7.0,8,1,8,-0.71428571428571,https://neoskosmos.com/en/2026/08/20/news/greece/athens-on-alert-over-possible-iranian-strikes/,0.85,0.5357142857142855,0.7242857142857142,5.794285714285714
1319138487,20260820,IRN,IRN,GBR,GBR,40,40,4,1,1.0,2,1,2,-3.59281437125748,https://www.theglobeandmail.com/canada/article-poilievre-invites-exiled-iran-prince-to-canada/,0.45,0.679640718562874,0.5418562874251496,1.0837125748502991
1319138488,20260820,IRN,IRN,GBR,GBR,40,40,4,1,1.0,2,1,2,-3.59281437125748,https://www.theglobeandmail.com/canada/article-poilievre-invites-exiled-iran-prince-to-canada/,0.45,0.679640718562874,0.5418562874251496,1.0837125748502991
1319138489,20260820,IRN,IRN,GBR,GBR,40,40,4,1,1.0,2,1,2,-3.59281437125748,https://www.theglobeandmail.com/canada/article-poilievre-invites-exiled-iran-prince-to-canada/,0.45,0.679640718562874,0.5418562874251496,1.0837125748502991
1319138490,20260820,IRN,IRN,GBR,GBR,40,40,4,1,1.0,2,1,2,-3.59281437125748,https://www.theglobeandmail.com/canada/article-poilievre-invites-exiled-iran-prince-to-canada/,0.45,0.679640718562874,0.5418562874251496,1.0837125748502991
1319138491,20260820,IRN,IRN,GBR,GBR,125,125,12,3,-5.0,2,1,2,-3.59281437125748,https://www.theglobeandmail.com/canada/article-poilievre-invites-exiled-iran-prince-to-canada/,0.75,0.679640718562874,0.7218562874251495,1.443712574850299
1319138492,20260820,IRN,IRN,GBR,GBR,125,125,12,3,-5.0,2,1,2,-3.59281437125748,https://www.theglobeandmail.com/canada/article-poilievre-invites-exiled-iran-prince-to-canada/,0.75,0.679640718562874,0.7218562874251495,1.443712574850299
1319138493,20260820,IRN,IRN,GOV,,36,36,3,1,4.0,2,1,2,-3.59281437125748,https://www.theglobeandmail.com/canada/article-poilievre-invites-exiled-iran-prince-to-canada/,0.3,0.679640718562874,0.4518562874251496,0.9037125748502992
1319138494,20260820,IRN,IRN,GOV,,36,36,3,1,4.0,9,3,9,-3.38882088109177,https://www.theglobeandmail.com/canada/article-poilievre-invites-exiled-iran-prince-to-canada/,0.3,0.6694410440545886,0.44777641762183545,4.029987758596519
1319138495,20260820,IRN,IRN,GOV,,130,130,13,3,-4.4,3,1,3,-5.15063168124392,https://naharnet.com/stories/en/321939-trump-threatened-to-bomb-oman-because-he-s-unhappy-with-country-s-deal-with-iran,0.72,0.7575315840621959,0.7350126336248783,2.2050379008746352
1319138496,20260820,IRN,IRN,OMN,OMN,130,130,13,3,-4.4,1,1,1,-5.15063168124392,https://naharnet.com/stories/en/321939-trump-threatened-to-bomb-oman-because-he-s-unhappy-with-country-s-deal-with-iran,0.72,0.7575315840621959,0.7350126336248783,0.7350126336248783
1319138497,20260820,IRN,IRN,OMN,OMN,190,190,19,4,-10.0,2,1,2,-5.15063168124392,https://naharnet.com/stories/en/321939-trump-threatened-to-bomb-oman-because-he-s-unhappy-with-country-s-deal-with-iran,1.0,0.7575315840621959,0.9030126336248784,1.8060252672497568
1319138498,20260820,IRN,IRN,OMN,OMN,190,190,19,4,-10.0,6,1,6,-5.15063168124392,https://naharnet.com/stories/en/321939-trump-threatened-to-bomb-oman-because-he-s-unhappy-with-country-s-deal-with-iran,1.0,0.7575315840621959,0.9030126336248784,5.4180758017492705
1319138499,20260820,IRN,IRN,OMN,OMN,190,190,19,4,-10.0,2,1,2,-5.15063168124392,https://naharnet.com/stories/en/321939-trump-threatened-to-bomb-oman-because-he-s-unhappy-with-country-s-deal-with-iran,1.0,0.7575315840621959,0.9030126336248784,1.8060252672497568
1319138500,20260820,IRN,IRN,OMNGOV,OMN,130,130,13,3,-4.4,1,1,1,-5.15063168124392,https://naharnet.com/stories/en/321939-trump-threatened-to-bomb-oman-because-he-s-unhappy-with-country-s-deal-with-iran,0.72,0.7575315840621959,0.7350126336248783,0.7350126336248783
1319138501,20260820,IRN,IRN,SAU,SAU,130,130,13,3,-4.4,40,3,40,-8.10571621616457,https://naharnet.com/stories/en/321971-trump-pledges-economic-warfare-on-iran-prompting-tehran-derision,0.72,0.9052858108082285,0.7941143243232913,31.764572972931653
1319138502,20260820,IRN,IRN,SAU,SAU,130,130,13,3,-4.4,8,2,8,-8.39353615749588,https://naharnet.com/stories/en/321971-trump-pledges-economic-warfare-on-iran-prompting-tehran-derision,0.72,0.919676807874794,0.7998707231499176,6.398965785199341
1319138503,20260820,IRN,IRN,SAU,SAU,190,190,19,4,-10.0,1,1,1,-5.15063168124392,https://naharnet.com/stories/en/321939-trump-threatened-to-bomb-oman-because-he-s-unhappy-with-country-s-deal-with-iran,1.0,0.7575315840621959,0.9030126336248784,0.9030126336248784
1319138504,20260820,IRN,IRN,SAU,SAU,190,190,19,4,-10.0,1,1,1,-5.15063168124392,https://naharnet.com/stories/en/321939-trump-threatened-to-bomb-oman-because-he-s-unhappy-with-country-s-deal-with-iran,1.0,0.7575315840621959,0.9030126336248784,0.9030126336248784
1319138505,20260820,IRN,IRN,USA,USA,10,10,1,1,0.0,2,1,2,-5.15063168124392,https://naharnet.com/stories/en/321939-trump-threatened-to-bomb-oman-because-he-s-unhappy-with-country-s-deal-with-iran,0.5,0.7575315840621959,0.6030126336248784,1.206025267249757
1319138506,20260820,IRN,IRN,USA,USA,50,50,5,1,3.5,2,1,2,-5.15063168124392,https://naharnet.com/stories/en/321939-trump-threatened-to-bomb-oman-because-he-s-unhappy-with-country-s-deal-with-iran,0.325,0.7575315840621959,0.4980126336248784,0.9960252672497568
1319138507,20260820,IRN,IRN,USA,USA,125,125,12,3,-5.0,6,1,6,-5.15063168124392,https://naharnet.com/stories/en/321939-trump-threatened-to-bomb-oman-because-he-s-unhappy-with-country-s-deal-with-iran,0.75,0.7575315840621959,0.7530126336248784,4.51807580174927
1319138508,20260820,IRN,IRN,USA,USA,125,125,12,3,-5.0,2,1,2,-5.15063168124392,https://naharnet.com/stories/en/321939-trump-threatened-to-bomb-oman-because-he-s-unhappy-with-country-s-deal-with-iran,0.75,0.7575315840621959,0.7530126336248784,1.5060252672497567
1319138509,20260820,IRN,IRN,USA,USA,125,125,12,3,-5.0,2,1,2,-5.15063168124392,https://naharnet.com/stories/en/321939-trump-threatened-to-bomb-oman-because-he-s-unhappy-with-country-s-deal-with-iran,0.75,0.7575315840621959,0.7530126336248784,1.5060252672497567
1319138510,20260820,IRNGOV,IRN,,,110,110,11,3,-2.0,12,2,12,-8.39353615749588,https://naharnet.com/stories/en/321971-trump-pledges-economic-warfare-on-iran-prompting-tehran-derision,0.6,0.919676807874794,0.7278707231499176,8.734448677799012
1319138511,20260820,IRNGOV,IRN,IRN,IRN,163,163,16,4,-8.0,27,27,27,-6.81818181818182,https://www.ksbw.com/article/president-trump-announces-iran-economic-d-day/73481771,0.9,0.840909090909091,0.8763636363636365,23.661818181818184
1319138512,20260820,IRNGOV,IRN,USA,USA,110,110,11,3,-2.0,4,2,4,-8.39353615749588,https://naharnet.com/stories/en/321971-trump-pledges-economic-warfare-on-iran-prompting-tehran-derision,0.6,0.919676807874794,0.7278707231499176,2.9114828925996705
1319138513,20260820,IRNGOV,IRN,USA,USA,110,110,11,3,-2.0,4,2,4,-8.39353615749588,https://naharnet.com/stories/en/321971-trump-pledges-economic-warfare-on-iran-prompting-tehran-derision,0.6,0.919676807874794,0.7278707231499176,2.9114828925996705
1319138514,20260820,IRQ,IRQ,IRN,IRN,51,51,5,1,3.4,7,3,7,-2.32856860549371,https://naharnet.com/stories/en/321947-iran-s-parliament-speaker-and-top-negotiator-visits-iraq,0.32999999999999996,0.6164284302746855,0.4445713721098742,3.111999604769119
1319138674,20260820,MED,,IRN,IRN,331,33,3,1,5.2,54,27,54,-6.81818181818182,https://www.ksbw.com/article/president-trump-announces-iran-economic-d-day/73481771,0.24,0.840909090909091,0.48036363636363644,25.939636363636367
1319138805,20260820,OMNGOV,OMN,IRN,IRN,130,130,13,3,-4.4,1,1,1,-5.15063168124392,https://naharnet.com/stories/en/321939-trump-threatened-to-bomb-oman-because-he-s-unhappy-with-country-s-deal-with-iran,0.72,0.7575315840621959,0.7350126336248783,0.7350126336248783
1319139038,20260820,USA,USA,IRN,IRN,10,10,1,1,0.0,27,27,27,-6.81818181818182,https://www.ksbw.com/article/president-trump-announces-iran-economic-d-day/73481771,0.5,0.840909090909091,0.6363636363636365,17.181818181818183
1319139039,20260820,USA,USA,IRN,IRN,130,130,13,3,-4.4,27,27,27,-6.81818181818182,https://www.ksbw.com/article/president-trump-announces-iran-economic-d-day/73481771,0.72,0.840909090909091,0.7683636363636364,20.74581818181818
1319139040,20260820,USA,USA,IRN,IRN,130,130,13,3,-4.4,27,27,27,-6.81818181818182,https://www.ksbw.com/article/president-trump-announces-iran-economic-d-day/73481771,0.72,0.840909090909091,0.7683636363636364,20.74581818181818
1319139041,20260820,USA,USA,IRN,IRN,163,163,16,4,-8.0,29,29,29,-6.55684659448622,https://www.ksbw.com/article/president-trump-announces-iran-economic-d-day/73481771,0.9,0.827842329724311,0.8711369318897244,25.262971024802006
1319139042,20260820,USA,USA,IRN,IRN,163,163,16,4,-8.0,27,27,27,-6.81818181818182,https://www.ksbw.com/article/president-trump-announces-iran-economic-d-day/73481771,0.9,0.840909090909091,0.8763636363636365,23.661818181818184
1319140019,20260820,,,IRN,IRN,22,22,2,1,3.2,10,1,10,-0.82781456953642,https://irannewsupdate.com/news/exposing-reza-pahlavi-and-monarchist-current/the-pahlavi-legacy-a-monarchy-that-looked-abroad-for-its-survival/,0.33999999999999997,0.541390728476821,0.42055629139072837,4.205562913907284
1319140020,20260820,,,IRN,IRN,40,40,4,1,1.0,1,1,1,-1.36286201022147,https://nypost.com/2026/08/20/world-news/north-korea-fires-about-10-short-range-ballistic-missiles-toward-sea-south-korea-says/,0.45,0.5681431005110735,0.4972572402044294,0.4972572402044294
1319140225,20260820,BUSLEG,,IRN,IRN,42,42,4,1,1.9,1,1,1,2.3121387283237,https://www.trend.az/casia/uzbekistan/4216568.html,0.40499999999999997,0.384393063583815,0.396757225433526,0.396757225433526
1319140226,20260820,BUSLEG,,IRN,IRN,42,42,4,1,1.9,1,1,1,2.3121387283237,https://www.trend.az/casia/uzbekistan/4216568.html,0.40499999999999997,0.384393063583815,0.396757225433526,0.396757225433526
1319140239,20260820,CAN,CAN,IRN,IRN,36,36,3,1,4.0,8,4,8,-3.09880089073666,https://www.wellandtribune.ca/news/canada/poilievre-invites-irans-exiled-crown-prince-reza-pahlavi-to-visit-canada/article_548ba108-c150-51da-802b-ea1def66e592.html,0.3,0.654940044536833,0.44197601781473317,3.5358081425178653
1319140606,20260820,GOV,,IRN,IRN,51,51,5,1,3.4,2,1,2,-0.82781456953642,https://irannewsupdate.com/news/exposing-reza-pahlavi-and-monarchist-current/the-pahlavi-legacy-a-monarchy-that-looked-abroad-for-its-survival/,0.32999999999999996,0.541390728476821,0.41455629139072836,0.8291125827814567
1319140607,20260820,GOV,,IRN,IRN,71,71,7,2,7.4,1,1,1,-14.1025641025641,https://www.malaysiakini.com/news/782636,0.12999999999999998,1.0,0.478,0.478
1319140608,20260820,GOV,,IRN,IRN,130,130,13,3,-4.4,6,2,6,-3.69393139841689,https://www.ibtimes.co.uk/us-iran-deportation-coordination-military-tensions-1815348,0.72,0.6846965699208445,0.7058786279683378,4.235271767810026
1319140609,20260820,GOV,,IRN,IRN,138,138,13,3,-7.0,1,1,1,-5.17241379310345,https://www.moneycontrol.com/news/business/economy/40-047-425-768-420-and-counting-decoding-america-s-debt-mountain-where-india-stands-14011421.html,0.85,0.7586206896551725,0.813448275862069,0.813448275862069
1319140610,20260820,GOV,,IRN,IRN,160,160,16,4,-4.0,6,2,6,-3.69393139841689,https://www.ibtimes.co.uk/us-iran-deportation-coordination-military-tensions-1815348,0.7,0.6846965699208445,0.6938786279683378,4.163271767810027
1319140611,20260820,GOV,,IRNCVL,IRN,73,73,7,2,7.4,12,2,12,-3.69393139841689,https://www.ibtimes.co.uk/us-iran-deportation-coordination-military-tensions-1815348,0.12999999999999998,0.6846965699208445,0.3518786279683378,4.222543535620053
1319140746,20260820,IRN,IRN,,,40,40,4,1,1.0,1,1,1,-1.36286201022147,https://nypost.com/2026/08/20/world-news/north-korea-fires-about-10-short-range-ballistic-missiles-toward-sea-south-korea-says/,0.45,0.5681431005110735,0.4972572402044294,0.4972572402044294
1319140747,20260820,IRN,IRN,,,130,130,13,3,-4.4,6,1,6,-6.2200956937799,https://english.aawsat.com/business/5309099-oil-hits-3-week-high-middle-east-supply-concerns-amid-war-impasse,0.72,0.811004784688995,0.756401913875598,4.538411483253588
1319140748,20260820,IRN,IRN,,,140,140,14,3,-6.5,2,1,2,-1.93003618817853,https://www.thedailybeast.com/trumps-white-house-exodus-spirals-with-major-departure-of-james-braid/,0.825,0.5965018094089265,0.7336007237635706,1.467201447527141
1319140749,20260820,IRN,IRN,,,140,140,14,3,-6.5,8,1,8,-1.93003618817853,https://www.thedailybeast.com/trumps-white-house-exodus-spirals-with-major-departure-of-james-braid/,0.825,0.5965018094089265,0.7336007237635706,5.868805790108564
1319140750,20260820,IRN,IRN,BUSLEG,,43,43,4,1,2.8,2,1,2,2.3121387283237,https://www.trend.az/casia/uzbekistan/4216568.html,0.36,0.384393063583815,0.36975722543352596,0.7395144508670519
1319140751,20260820,IRN,IRN,GOV,,36,36,3,1,4.0,24,4,24,-3.09880089073666,https://www.wellandtribune.ca/news/canada/poilievre-invites-irans-exiled-crown-prince-reza-pahlavi-to-visit-canada/article_548ba108-c150-51da-802b-ea1def66e592.html,0.3,0.654940044536833,0.44197601781473317,10.607424427553596
1319140752,20260820,IRN,IRN,GOV,,130,130,13,3,-4.4,2,2,2,-3.69393139841689,https://www.ibtimes.co.uk/us-iran-deportation-coordination-military-tensions-1815348,0.72,0.6846965699208445,0.7058786279683378,1.4117572559366756
1319140753,20260820,IRN,IRN,GOV,,130,130,13,3,-4.4,4,2,4,-3.69393139841689,https://www.ibtimes.co.uk/us-iran-deportation-coordination-military-tensions-1815348,0.72,0.6846965699208445,0.7058786279683378,2.823514511873351
1319140754,20260820,IRN,IRN,GOV,,130,130,13,3,-4.4,4,2,4,-3.69393139841689,https://www.ibtimes.co.uk/us-iran-deportation-coordination-military-tensions-1815348,0.72,0.6846965699208445,0.7058786279683378,2.823514511873351
1319140755,20260820,IRN,IRN,GOV,,130,130,13,3,-4.4,2,2,2,-3.69393139841689,https://www.ibtimes.co.uk/us-iran-deportation-coordination-military-tensions-1815348,0.72,0.6846965699208445,0.7058786279683378,1.4117572559366756
1319140756,20260820,IRN,IRN,GOV,,130,130,13,3,-4.4,2,2,2,-3.69393139841689,https://www.ibtimes.co.uk/us-iran-deportation-coordination-military-tensions-1815348,0.72,0.6846965699208445,0.7058786279683378,1.4117572559366756
1319140757,20260820,IRN,IRN,ISR,ISR,60,60,6,2,6.0,2,1,2,-6.20229007633588,https://www.newstribune.com/news/2026/aug/20/commentary-violence-by-extremist-israeli-settlers/,0.2,0.8101145038167941,0.44404580152671763,0.8880916030534353
1319140758,20260820,IRN,IRN,ISR,ISR,60,60,6,2,6.0,2,1,2,-6.20229007633588,https://www.newstribune.com/news/2026/aug/20/commentary-violence-by-extremist-israeli-settlers/,0.2,0.8101145038167941,0.44404580152671763,0.8880916030534353
1319140759,20260820,IRN,IRN,JUD,,10,10,1,1,0.0,4,1,4,-0.82781456953642,https://irannewsupdate.com/news/exposing-reza-pahlavi-and-monarchist-current/the-pahlavi-legacy-a-monarchy-that-looked-abroad-for-its-survival/,0.5,0.541390728476821,0.5165562913907285,2.066225165562914
1319140760,20260820,IRN,IRN,MED,,12,12,1,1,-0.4,4,1,4,-3.29457364341086,https://www.cbsnews.com/live-updates/iran-war-donald-trump-us-economic-threat-defeat/,0.52,0.664728682170543,0.5778914728682172,2.3115658914728687
1319140761,20260820,IRN,IRN,MIL,,80,80,8,2,5.0,1,1,1,-5.26315789473684,https://www.newstribune.com/news/2026/aug/20/commentary-in-the-face-of-iranian-demands-tighten/,0.25,0.7631578947368419,0.4552631578947368,0.4552631578947368
1319140762,20260820,IRN,IRN,MIL,,80,80,8,2,5.0,1,1,1,-5.26315789473684,https://www.newstribune.com/news/2026/aug/20/commentary-in-the-face-of-iranian-demands-tighten/,0.25,0.7631578947368419,0.4552631578947368,0.4552631578947368
1319140763,20260820,IRN,IRN,MIL,,85,85,8,2,7.0,3,1,3,-5.26315789473684,https://www.newstribune.com/news/2026/aug/20/commentary-in-the-face-of-iranian-demands-tighten/,0.15,0.7631578947368419,0.39526315789473676,1.1857894736842103
1319140764,20260820,IRN,IRN,MIL,,1031,103,10,3,-5.0,3,1,3,-5.26315789473684,https://www.newstribune.com/news/2026/aug/20/commentary-in-the-face-of-iranian-demands-tighten/,0.75,0.7631578947368419,0.7552631578947367,2.2657894736842104
1319140765,20260820,IRN,IRN,PRK,PRK,40,40,4,1,1.0,1,1,1,-1.36286201022147,https://nypost.com/2026/08/20/world-news/north-korea-fires-about-10-short-range-ballistic-missiles-toward-sea-south-korea-says/,0.45,0.5681431005110735,0.4972572402044294,0.4972572402044294
1319140766,20260820,IRN,IRN,PRK,PRK,40,40,4,1,1.0,1,1,1,-1.36286201022147,https://nypost.com/2026/08/20/world-news/north-korea-fires-about-10-short-range-ballistic-missiles-toward-sea-south-korea-says/,0.45,0.5681431005110735,0.4972572402044294,0.4972572402044294
1319140767,20260820,IRN,IRN,PRK,PRK,110,110,11,3,-2.0,4,1,4,-1.36286201022147,https://nypost.com/2026/08/20/world-news/north-korea-fires-about-10-short-range-ballistic-missiles-toward-sea-south-korea-says/,0.6,0.5681431005110735,0.5872572402044294,2.3490289608177175
1319140768,20260820,IRNGOV,IRN,IRN,IRN,71,71,7,2,7.4,1,1,1,-14.1025641025641,https://www.malaysiakini.com/news/782636,0.12999999999999998,1.0,0.478,0.478
1319140769,20260820,IRNGOV,IRN,IRN,IRN,138,138,13,3,-7.0,1,1,1,-5.17241379310345,https://www.moneycontrol.com/news/business/economy/40-047-425-768-420-and-counting-decoding-america-s-debt-mountain-where-india-stands-14011421.html,0.85,0.7586206896551725,0.813448275862069,0.813448275862069
1319140797,20260820,ISR,ISR,IRN,IRN,10,10,1,1,0.0,1,1,1,-0.82781456953642,https://irannewsupdate.com/news/exposing-reza-pahlavi-and-monarchist-current/the-pahlavi-legacy-a-monarchy-that-looked-abroad-for-its-survival/,0.5,0.541390728476821,0.5165562913907285,0.5165562913907285
1319140798,20260820,ISR,ISR,IRN,IRN,10,10,1,1,0.0,1,1,1,-0.82781456953642,https://irannewsupdate.com/news/exposing-reza-pahlavi-and-monarchist-current/the-pahlavi-legacy-a-monarchy-that-looked-abroad-for-its-survival/,0.5,0.541390728476821,0.5165562913907285,0.5165562913907285
1319140799,20260820,ISR,ISR,IRN,IRN,20,20,2,1,3.0,1,1,1,-0.82781456953642,https://irannewsupdate.com/news/exposing-reza-pahlavi-and-monarchist-current/the-pahlavi-legacy-a-monarchy-that-looked-abroad-for-its-survival/,0.35,0.541390728476821,0.42655629139072837,0.42655629139072837
1319140800,20260820,ISR,ISR,IRN,IRN,20,20,2,1,3.0,1,1,1,-0.82781456953642,https://irannewsupdate.com/news/exposing-reza-pahlavi-and-monarchist-current/the-pahlavi-legacy-a-monarchy-that-looked-abroad-for-its-survival/,0.35,0.541390728476821,0.42655629139072837,0.42655629139072837
1319141107,20260820,MIL,,IRN,IRN,51,51,5,1,3.4,8,1,8,-0.82781456953642,https://irannewsupdate.com/news/exposing-reza-pahlavi-and-monarchist-current/the-pahlavi-legacy-a-monarchy-that-looked-abroad-for-its-survival/,0.32999999999999996,0.541390728476821,0.41455629139072836,3.316450331125827
1319141108,20260820,MIL,,IRN,IRN,51,51,5,1,3.4,2,1,2,-0.82781456953642,https://irannewsupdate.com/news/exposing-reza-pahlavi-and-monarchist-current/the-pahlavi-legacy-a-monarchy-that-looked-abroad-for-its-survival/,0.32999999999999996,0.541390728476821,0.41455629139072836,0.8291125827814567
1319141189,20260820,PRK,PRK,IRN,IRN,10,10,1,1,0.0,2,2,2,-0.19875710556652,https://english.aawsat.com/world/5309110-seoul-detects-north-korean-missile-launches-after-trump-says-meet-kim,0.5,0.509937855278326,0.5039751421113304,1.0079502842226609
1319141190,20260820,PRK,PRK,IRN,IRN,36,36,3,1,4.0,1,1,1,0.21598272138229,https://english.aawsat.com/world/5309110-seoul-detects-north-korean-missile-launches-after-trump-says-meet-kim,0.3,0.4892008639308855,0.3756803455723542,0.3756803455723542
1319141191,20260820,PRK,PRK,IRN,IRN,40,40,4,1,1.0,1,1,1,-1.36286201022147,https://nypost.com/2026/08/20/world-news/north-korea-fires-about-10-short-range-ballistic-missiles-toward-sea-south-korea-says/,0.45,0.5681431005110735,0.4972572402044294,0.4972572402044294
1319141192,20260820,PRK,PRK,IRN,IRN,40,40,4,1,1.0,1,1,1,-1.36286201022147,https://nypost.com/2026/08/20/world-news/north-korea-fires-about-10-short-range-ballistic-missiles-toward-sea-south-korea-says/,0.45,0.5681431005110735,0.4972572402044294,0.4972572402044294
1319142603,20260820,,,IRN,IRN,130,130,13,3,-4.4,3,1,3,-5.05415162454874,https://www.thenews.com.pk/latest/1412924-economic-d-day-trump-announces-major-economic-measures-against-iran,0.72,0.7527075812274371,0.7330830324909748,2.1992490974729244
1319142742,20260820,ARE,ARE,IRN,IRN,10,10,1,1,0.0,10,1,10,-2.82258064516129,https://www.globalsecurity.org/wmd/library/news/iran/2026/08/iran-260819-rferl05.htm,0.5,0.6411290322580645,0.5564516129032258,5.564516129032258
1319143399,20260820,GOV,,IRN,IRN,46,46,4,1,7.0,2,1,2,0.34722222222222,https://www.globalsecurity.org/wmd/library/news/iran/2026/08/iran-260819-rferl01.htm,0.15,0.482638888888889,0.2830555555555556,0.5661111111111112
1319143400,20260820,GOV,,IRN,IRN,46,46,4,1,7.0,6,1,6,0.34722222222222,https://www.globalsecurity.org/wmd/library/news/iran/2026/08/iran-260819-rferl01.htm,0.15,0.482638888888889,0.2830555555555556,1.6983333333333337
1319143401,20260820,GOV,,IRN,IRN,163,163,16,4,-8.0,1,1,1,-6.69642857142857,https://georgiatoday.ge/trump-announces-most-devastating-economic-operation-against-iran/,0.9,0.8348214285714285,0.8739285714285714,0.8739285714285714
1319143516,20260820,GOVMIL,,IRN,IRN,10,10,1,1,0.0,1,1,1,-5.05415162454874,https://www.thenews.com.pk/latest/1412924-economic-d-day-trump-announces-major-economic-measures-against-iran,0.5,0.7527075812274371,0.6010830324909748,0.6010830324909748
1319143517,20260820,GOVMIL,,IRN,IRN,10,10,1,1,0.0,4,1,4,-5.05415162454874,https://www.thenews.com.pk/latest/1412924-economic-d-day-trump-announces-major-economic-measures-against-iran,0.5,0.7527075812274371,0.6010830324909748,2.4043321299638993
1319143614,20260820,IRN,IRN,,,10,10,1,1,0.0,1,1,1,-3.00751879699248,https://www.globalsecurity.org/wmd/library/news/iraq/2026/iraq-260819-irna01.htm,0.5,0.650375939849624,0.5601503759398496,0.5601503759398496
1319143615,20260820,IRN,IRN,,,10,10,1,1,0.0,1,1,1,-3.00751879699248,https://www.globalsecurity.org/wmd/library/news/iraq/2026/iraq-260819-irna01.htm,0.5,0.650375939849624,0.5601503759398496,0.5601503759398496
1319143616,20260820,IRN,IRN,,,20,20,2,1,3.0,6,1,6,-6.11205432937182,https://jewishworldreview.com/0826/battenfeld082026.php,0.35,0.8056027164685909,0.5322410865874364,3.1934465195246187
1319143617,20260820,IRN,IRN,,,20,20,2,1,3.0,4,1,4,-6.11205432937182,https://jewishworldreview.com/0826/battenfeld082026.php,0.35,0.8056027164685909,0.5322410865874364,2.1289643463497456
1319143618,20260820,IRN,IRN,,,172,172,17,4,-5.0,3,1,3,-6.63265306122449,https://www.globalsecurity.org/wmd/library/news/iran/2026/08/iran-260819-azertac01.htm,0.75,0.8316326530612244,0.7826530612244897,2.3479591836734692
1319143619,20260820,IRN,IRN,,,193,193,19,4,-10.0,1,1,1,0.34722222222222,https://www.globalsecurity.org/wmd/library/news/iran/2026/08/iran-260819-rferl01.htm,1.0,0.482638888888889,0.7930555555555556,0.7930555555555556
1319143620,20260820,IRN,IRN,,,193,193,19,4,-10.0,12,2,12,-2.53227124183007,https://www.globalsecurity.org/wmd/library/news/iran/2026/08/iran-260819-rferl01.htm,1.0,0.6266135620915035,0.8506454248366013,10.207745098039215
1319143621,20260820,IRN,IRN,FRA,FRA,174,174,17,4,-5.0,4,1,4,-6.63265306122449,https://www.globalsecurity.org/wmd/library/news/iran/2026/08/iran-260819-azertac01.htm,0.75,0.8316326530612244,0.7826530612244897,3.130612244897959
1319143622,20260820,IRN,IRN,FRA,FRA,174,174,17,4,-5.0,4,1,4,-6.63265306122449,https://www.globalsecurity.org/wmd/library/news/iran/2026/08/iran-260819-azertac01.htm,0.75,0.8316326530612244,0.7826530612244897,3.130612244897959
1319143623,20260820,IRN,IRN,FRAGOV,FRA,111,111,11,3,-2.0,3,1,3,-6.63265306122449,https://www.globalsecurity.org/wmd/library/news/iran/2026/08/iran-260819-azertac01.htm,0.6,0.8316326530612244,0.6926530612244898,2.077959183673469
1319143624,20260820,IRN,IRN,FRAGOV,FRA,174,174,17,4,-5.0,2,1,2,-6.63265306122449,https://www.globalsecurity.org/wmd/library/news/iran/2026/08/iran-260819-azertac01.htm,0.75,0.8316326530612244,0.7826530612244897,1.5653061224489795
1319143625,20260820,IRN,IRN,FRAGOV,FRA,174,174,17,4,-5.0,4,1,4,-6.63265306122449,https://www.globalsecurity.org/wmd/library/news/iran/2026/08/iran-260819-azertac01.htm,0.75,0.8316326530612244,0.7826530612244897,3.130612244897959
1319143626,20260820,IRN,IRN,FRAGOV,FRA,174,174,17,4,-5.0,4,1,4,-6.63265306122449,https://www.globalsecurity.org/wmd/library/news/iran/2026/08/iran-260819-azertac01.htm,0.75,0.8316326530612244,0.7826530612244897,3.130612244897959
1319143627,20260820,IRN,IRN,FRAGOV,FRA,174,174,17,4,-5.0,2,1,2,-6.63265306122449,https://www.globalsecurity.org/wmd/library/news/iran/2026/08/iran-260819-azertac01.htm,0.75,0.8316326530612244,0.7826530612244897,1.5653061224489795
1319143628,20260820,IRN,IRN,GOV,,51,51,5,1,3.4,3,1,3,-1.22905027932961,https://www.middle-east-online.com/en/lebanon-weapons%E2%80%A6-and-lesson-gaza-experience,0.32999999999999996,0.5614525139664804,0.4225810055865922,1.2677430167597765
1319143629,20260820,IRN,IRN,IRQ,IRQ,40,40,4,1,1.0,4,2,4,-4.02476780185759,https://www.globalsecurity.org/wmd/library/news/iraq/2026/iraq-260819-irna01.htm,0.45,0.7012383900928795,0.5504953560371518,2.2019814241486073
1319143630,20260820,IRN,IRN,IRQ,IRQ,46,46,4,1,7.0,2,1,2,1.30718954248366,https://www.globalsecurity.org/wmd/library/news/iran/2026/08/iran-260819-rferl02.htm,0.15,0.43464052287581706,0.2638562091503268,0.5277124183006536
1319143631,20260820,IRN,IRN,IRQLEG,IRQ,40,40,4,1,1.0,3,1,3,-3.00751879699248,https://www.globalsecurity.org/wmd/library/news/iraq/2026/iraq-260819-irna01.htm,0.45,0.650375939849624,0.5301503759398496,1.5904511278195488
1319143632,20260820,IRN,IRN,ISR,ISR,111,111,11,3,-2.0,98,10,98,-5.76309412806042,https://www.chicoer.com/2026/08/20/iran-trump-economic-threats-middle-east-news/,0.6,0.788154706403021,0.6752618825612084,66.17566449099843
1319143633,20260820,IRN,IRN,KOR,KOR,40,40,4,1,1.0,2,1,2,-1.72413793103449,https://www.business-standard.com/world-news/north-korea-fires-suspected-ballistic-missile-toward-sea-says-japan-126082000732_1.html,0.45,0.5862068965517244,0.5044827586206898,1.0089655172413796
1319143634,20260820,IRN,IRN,KOR,KOR,110,110,11,3,-2.0,1,1,1,-1.72413793103449,https://www.business-standard.com/world-news/north-korea-fires-suspected-ballistic-missile-toward-sea-says-japan-126082000732_1.html,0.6,0.5862068965517244,0.5944827586206898,0.5944827586206898
1319143635,20260820,IRN,IRN,LBN,LBN,51,51,5,1,3.4,1,1,1,-1.22905027932961,https://www.middle-east-online.com/en/lebanon-weapons%E2%80%A6-and-lesson-gaza-experience,0.32999999999999996,0.5614525139664804,0.4225810055865922,0.4225810055865922
1319143636,20260820,IRN,IRN,LBNGOV,LBN,51,51,5,1,3.4,1,1,1,-1.22905027932961,https://www.middle-east-online.com/en/lebanon-weapons%E2%80%A6-and-lesson-gaza-experience,0.32999999999999996,0.5614525139664804,0.4225810055865922,0.4225810055865922
1319143637,20260820,IRN,IRN,MED,,10,10,1,1,0.0,1,1,1,-5.78034682080925,https://www.globalsecurity.org/wmd/library/news/iran/2026/08/iran-260819-rferl03.htm,0.5,0.7890173410404625,0.615606936416185,0.615606936416185
1319143638,20260820,IRN,IRN,MED,,10,10,1,1,0.0,2,1,2,-4.70914127423823,https://www.freepressjournal.in/world/donald-trump-announces-most-crushing-economic-campaign-against-iran-warns-countries-against-doing-business,0.5,0.7354570637119116,0.5941828254847646,1.1883656509695293
1319143639,20260820,IRN,IRN,MIL,,20,20,2,1,3.0,6,2,6,-0.813259835384735,https://www.globalsecurity.org/wmd/library/news/russia/2026/08/russia-260819-rferl01.htm,0.35,0.5406629917692367,0.4262651967076947,2.557591180246168
1319143640,20260820,IRN,IRN,MIL,,20,20,2,1,3.0,14,2,14,-0.813259835384735,https://www.globalsecurity.org/wmd/library/news/russia/2026/08/russia-260819-rferl01.htm,0.35,0.5406629917692367,0.4262651967076947,5.967712753907726
1319143641,20260820,IRN,IRN,MOS,,20,20,2,1,3.0,1,1,1,-2.1505376344086,https://www.globalsecurity.org/wmd/library/news/iran/2026/08/iran-260819-irna03.htm,0.35,0.60752688172043,0.45301075268817204,0.45301075268817204
1319143642,20260820,IRN,IRN,PAK,PAK,40,40,4,1,1.0,1,1,1,3.06122448979592,https://www.globalsecurity.org/wmd/library/news/iran/2026/08/iran-260820-irna01.htm,0.45,0.34693877551020397,0.40877551020408165,0.40877551020408165
1319143643,20260820,IRN,IRN,PAK,PAK,40,40,4,1,1.0,3,1,2,3.06122448979592,https://www.globalsecurity.org/wmd/library/news/iran/2026/08/iran-260820-irna01.htm,0.45,0.34693877551020397,0.40877551020408165,1.226326530612245
1319143644,20260820,IRN,IRN,PGS,PGS,105,105,10,3,-5.0,10,1,10,-2.82258064516129,https://www.globalsecurity.org/wmd/library/news/iran/2026/08/iran-260819-rferl05.htm,0.75,0.6411290322580645,0.7064516129032258,7.064516129032258
1319143645,20260820,IRN,IRN,SYRGOV,SYR,43,43,4,1,2.8,69,23,69,-6.72613327913549,https://www.chicoer.com/2026/08/20/iran-trump-economic-threats-middle-east-news/,0.36,0.8363066639567744,0.5505226655827098,37.98606392520698
1319143646,20260820,IRN,IRN,SYRGOV,SYR,43,43,4,1,2.8,46,23,46,-6.72613327913549,https://www.chicoer.com/2026/08/20/iran-trump-economic-threats-middle-east-news/,0.36,0.8363066639567744,0.5505226655827098,25.32404261680465
1319143647,20260820,IRN,IRN,USA,USA,51,51,5,1,3.4,1,1,1,-4.70914127423823,https://www.freepressjournal.in/world/donald-trump-announces-most-crushing-economic-campaign-against-iran-warns-countries-against-doing-business,0.32999999999999996,0.7354570637119116,0.49218282548476466,0.49218282548476466
1319143648,20260820,IRN,IRN,USA,USA,51,51,5,1,3.4,7,1,7,-4.70914127423823,https://www.freepressjournal.in/world/donald-trump-announces-most-crushing-economic-campaign-against-iran-warns-countries-against-doing-business,0.32999999999999996,0.7354570637119116,0.49218282548476466,3.4452797783933526
1319143649,20260820,IRN,IRN,USA,USA,110,110,11,3,-2.0,9,3,9,-6.24478657449786,https://themedialine.org/headlines/president-trump-declares-economic-d-day-against-iran-threatens-countries-providing-tehran-a-lifeline/,0.6,0.8122393287248929,0.6848957314899572,6.164061583409615
1319143650,20260820,IRN,IRN,USA,USA,110,110,11,3,-2.0,6,3,6,-6.27611263054739,https://themedialine.org/headlines/president-trump-declares-economic-d-day-against-iran-threatens-countries-providing-tehran-a-lifeline/,0.6,0.8138056315273694,0.6855222526109478,4.1131335156656865
1319143651,20260820,IRN,IRN,USAGOV,USA,51,51,5,1,3.4,1,1,1,-1.22905027932961,https://www.middle-east-online.com/en/lebanon-weapons%E2%80%A6-and-lesson-gaza-experience,0.32999999999999996,0.5614525139664804,0.4225810055865922,0.4225810055865922
1319143652,20260820,IRN,IRN,USAGOV,USA,51,51,5,1,3.4,1,1,1,-1.22905027932961,https://www.middle-east-online.com/en/lebanon-weapons%E2%80%A6-and-lesson-gaza-experience,0.32999999999999996,0.5614525139664804,0.4225810055865922,0.4225810055865922
1319143653,20260820,IRN,IRN,USAGOV,USA,51,51,5,1,3.4,3,1,3,-1.22905027932961,https://www.middle-east-online.com/en/lebanon-weapons%E2%80%A6-and-lesson-gaza-experience,0.32999999999999996,0.5614525139664804,0.4225810055865922,1.2677430167597765
1319143654,20260820,IRN,IRN,USAMIL,USA,60,60,6,2,6.0,10,1,10,-2.82258064516129,https://www.globalsecurity.org/wmd/library/news/iran/2026/08/iran-260819-rferl05.htm,0.2,0.6411290322580645,0.3764516129032258,3.764516129032258
1319143655,20260820,IRN,IRN,USAMIL,USA,70,70,7,2,7.0,10,1,10,-2.82258064516129,https://www.globalsecurity.org/wmd/library/news/iran/2026/08/iran-260819-rferl05.htm,0.15,0.6411290322580645,0.3464516129032258,3.464516129032258
1319143656,20260820,IRN,IRN,YEM,YEM,110,110,11,3,-2.0,2,1,2,-5.73770491803279,https://www.bssnews.net/international/416437,0.6,0.7868852459016396,0.6747540983606558,1.3495081967213116
1319143657,20260820,IRN,IRN,YEM,YEM,110,110,11,3,-2.0,6,1,6,-5.73770491803279,https://www.bssnews.net/international/416437,0.6,0.7868852459016396,0.6747540983606558,4.048524590163935
1319143658,20260820,IRNGOV,IRN,IRN,IRN,46,46,4,1,7.0,2,1,2,0.34722222222222,https://www.globalsecurity.org/wmd/library/news/iran/2026/08/iran-260819-rferl01.htm,0.15,0.482638888888889,0.2830555555555556,0.5661111111111112
1319143659,20260820,IRNGOV,IRN,USA,USA,110,110,11,3,-2.0,10,3,10,-7.3332932018798,https://themedialine.org/headlines/president-trump-declares-economic-d-day-against-iran-threatens-countries-providing-tehran-a-lifeline/,0.6,0.86666466009399,0.706665864037596,7.066658640375961
1319143660,20260820,IRNLEG,IRN,IRQGOV,IRQ,46,46,4,1,7.0,3,1,3,1.30718954248366,https://www.globalsecurity.org/wmd/library/news/iran/2026/08/iran-260819-rferl02.htm,0.15,0.43464052287581706,0.2638562091503268,0.7915686274509804
1319143661,20260820,IRNSPY,IRN,FRA,FRA,90,90,9,2,-2.0,4,1,4,-6.63265306122449,https://www.globalsecurity.org/wmd/library/news/iran/2026/08/iran-260819-azertac01.htm,0.6,0.8316326530612244,0.6926530612244898,2.770612244897959
1319143662,20260820,IRNSPY,IRN,FRAGOV,FRA,90,90,9,2,-2.0,6,1,6,-6.63265306122449,https://www.globalsecurity.org/wmd/library/news/iran/2026/08/iran-260819-azertac01.htm,0.6,0.8316326530612244,0.6926530612244898,4.155918367346938
1319143663,20260820,IRNSPY,IRN,FRAGOV,FRA,173,173,17,4,-5.0,10,1,10,-6.63265306122449,https://www.globalsecurity.org/wmd/library/news/iran/2026/08/iran-260819-azertac01.htm,0.75,0.8316326530612244,0.7826530612244897,7.826530612244897
1319143666,20260820,IRQ,IRQ,IRN,IRN,10,10,1,1,0.0,1,1,1,-3.00751879699248,https://www.globalsecurity.org/wmd/library/news/iraq/2026/iraq-260819-irna01.htm,0.5,0.650375939849624,0.5601503759398496,0.5601503759398496
1319143667,20260820,IRQ,IRQ,IRN,IRN,10,10,1,1,0.0,1,1,1,-3.00751879699248,https://www.globalsecurity.org/wmd/library/news/iraq/2026/iraq-260819-irna01.htm,0.5,0.650375939849624,0.5601503759398496,0.5601503759398496
1319143668,20260820,IRQ,IRQ,IRN,IRN,40,40,4,1,1.0,3,2,3,-4.02476780185759,https://www.globalsecurity.org/wmd/library/news/iraq/2026/iraq-260819-irna01.htm,0.45,0.7012383900928795,0.5504953560371518,1.6514860681114554
1319143669,20260820,IRQ,IRQ,IRN,IRN,46,46,4,1,7.0,1,1,1,1.30718954248366,https://www.globalsecurity.org/wmd/library/news/iran/2026/08/iran-260819-rferl02.htm,0.15,0.43464052287581706,0.2638562091503268,0.2638562091503268
1319143670,20260820,IRQ,IRQ,IRN,IRN,46,46,4,1,7.0,1,1,1,1.30718954248366,https://www.globalsecurity.org/wmd/library/news/iran/2026/08/iran-260819-rferl02.htm,0.15,0.43464052287581706,0.2638562091503268,0.2638562091503268
1319143671,20260820,IRQ,IRQ,IRN,IRN,51,51,5,1,3.4,1,1,1,-3.00751879699248,https://www.globalsecurity.org/wmd/library/news/iraq/2026/iraq-260819-irna01.htm,0.32999999999999996,0.650375939849624,0.45815037593984964,0.45815037593984964
1319143677,20260820,IRQGOV,IRQ,IRNLEG,IRN,46,46,4,1,7.0,3,1,3,1.30718954248366,https://www.globalsecurity.org/wmd/library/news/iran/2026/08/iran-260819-rferl02.htm,0.15,0.43464052287581706,0.2638562091503268,0.7915686274509804
1319143680,20260820,IRQLEG,IRQ,IRN,IRN,40,40,4,1,1.0,3,1,3,-3.00751879699248,https://www.globalsecurity.org/wmd/library/news/iraq/2026/iraq-260819-irna01.htm,0.45,0.650375939849624,0.5301503759398496,1.5904511278195488
1319143698,20260820,ISR,ISR,IRN,IRN,51,51,5,1,3.4,2,1,2,-3.00751879699248,https://www.globalsecurity.org/wmd/library/news/iraq/2026/iraq-260819-irna01.htm,0.32999999999999996,0.650375939849624,0.45815037593984964,0.9163007518796993
1319143699,20260820,ISR,ISR,IRN,IRN,51,51,5,1,3.4,8,1,8,-3.00751879699248,https://www.globalsecurity.org/wmd/library/news/iraq/2026/iraq-260819-irna01.htm,0.32999999999999996,0.650375939849624,0.45815037593984964,3.665203007518797
1319143838,20260820,KOR,KOR,IRN,IRN,40,40,4,1,1.0,2,1,2,-1.72413793103449,https://www.business-standard.com/world-news/north-korea-fires-suspected-ballistic-missile-toward-sea-says-japan-126082000732_1.html,0.45,0.5862068965517244,0.5044827586206898,1.0089655172413796
1319143857,20260820,LAB,,IRN,IRN,111,111,11,3,-2.0,2,1,2,-3.88349514563107,https://www.globalsecurity.org/wmd/library/news/iran/2026/08/iran-260819-france-meae01.htm,0.6,0.6941747572815535,0.6376699029126214,1.2753398058252428
1319143858,20260820,LAB,,IRNGOV,IRN,111,111,11,3,-2.0,6,1,6,-3.88349514563107,https://www.globalsecurity.org/wmd/library/news/iran/2026/08/iran-260819-france-meae01.htm,0.6,0.6941747572815535,0.6376699029126214,3.8260194174757283
1319144172,20260820,OMN,OMN,IRN,IRN,40,40,4,1,1.0,1,1,1,-5.05415162454874,https://www.thenews.com.pk/latest/1412924-economic-d-day-trump-announces-major-economic-measures-against-iran,0.45,0.7527075812274371,0.5710830324909748,0.5710830324909748
1319144173,20260820,OMN,OMN,IRN,IRN,40,40,4,1,1.0,1,1,1,-5.05415162454874,https://www.thenews.com.pk/latest/1412924-economic-d-day-trump-announces-major-economic-measures-against-iran,0.45,0.7527075812274371,0.5710830324909748,0.5710830324909748
1319144203,20260820,PAK,PAK,IRN,IRN,40,40,4,1,1.0,2,1,1,3.06122448979592,https://www.globalsecurity.org/wmd/library/news/iran/2026/08/iran-260820-irna01.htm,0.45,0.34693877551020397,0.40877551020408165,0.8175510204081633
1319144204,20260820,PAK,PAK,IRN,IRN,40,40,4,1,1.0,2,1,1,3.06122448979592,https://www.globalsecurity.org/wmd/library/news/iran/2026/08/iran-260820-irna01.htm,0.45,0.34693877551020397,0.40877551020408165,0.8175510204081633
1319144392,20260820,SYRGOV,SYR,IRN,IRN,42,42,4,1,1.9,69,23,69,-6.72613327913549,https://www.chicoer.com/2026/08/20/iran-trump-economic-threats-middle-east-news/,0.40499999999999997,0.8363066639567744,0.5775226655827098,39.84906392520698
1319144393,20260820,SYRGOV,SYR,IRN,IRN,42,42,4,1,1.9,46,23,46,-6.72613327913549,https://www.chicoer.com/2026/08/20/iran-trump-economic-threats-middle-east-news/,0.40499999999999997,0.8363066639567744,0.5775226655827098,26.56604261680465
1319144447,20260820,UKR,UKR,IRN,IRN,80,80,8,2,5.0,10,1,10,-4.97737556561086,https://www.globalsecurity.org/wmd/library/news/ukraine/2026/08/ukraine-260819-irna01.htm,0.25,0.748868778280543,0.44954751131221715,4.495475113122172
1319144448,20260820,UKR,UKR,IRN,IRN,80,80,8,2,5.0,10,1,10,-4.97737556561086,https://www.globalsecurity.org/wmd/library/news/ukraine/2026/08/ukraine-260819-irna01.htm,0.25,0.748868778280543,0.44954751131221715,4.495475113122172
1319144449,20260820,UKR,UKR,IRN,IRN,111,111,11,3,-2.0,4,1,2,-4.97737556561086,https://www.globalsecurity.org/wmd/library/news/ukraine/2026/08/ukraine-260819-irna01.htm,0.6,0.748868778280543,0.6595475113122171,2.6381900452488685
1319144450,20260820,UKR,UKR,IRN,IRN,111,111,11,3,-2.0,16,1,8,-4.97737556561086,https://www.globalsecurity.org/wmd/library/news/ukraine/2026/08/ukraine-260819-irna01.htm,0.6,0.748868778280543,0.6595475113122171,10.552760180995474
1319144606,20260820,USA,USA,IRN,IRN,40,40,4,1,1.0,1,1,1,-5.05415162454874,https://www.thenews.com.pk/latest/1412924-economic-d-day-trump-announces-major-economic-measures-against-iran,0.45,0.7527075812274371,0.5710830324909748,0.5710830324909748
1319144607,20260820,USA,USA,IRN,IRN,40,40,4,1,1.0,1,1,1,-5.05415162454874,https://www.thenews.com.pk/latest/1412924-economic-d-day-trump-announces-major-economic-measures-against-iran,0.45,0.7527075812274371,0.5710830324909748,0.5710830324909748
1319144608,20260820,USA,USA,IRN,IRN,112,112,11,3,-2.0,1,1,1,0.34722222222222,https://www.globalsecurity.org/wmd/library/news/iran/2026/08/iran-260819-rferl01.htm,0.6,0.482638888888889,0.5530555555555556,0.5530555555555556
1319144609,20260820,USA,USA,IRN,IRN,112,112,11,3,-2.0,3,1,3,0.34722222222222,https://www.globalsecurity.org/wmd/library/news/iran/2026/08/iran-260819-rferl01.htm,0.6,0.482638888888889,0.5530555555555556,1.659166666666667
1319144610,20260820,USA,USA,IRN,IRN,112,112,11,3,-2.0,1,1,1,0.34722222222222,https://www.globalsecurity.org/wmd/library/news/iran/2026/08/iran-260819-rferl01.htm,0.6,0.482638888888889,0.5530555555555556,0.5530555555555556
1319146134,20260820,IRN,IRN,AFG,AFG,20,20,2,1,3.0,1,1,1,1.83823529411765,https://pajhwok.com/2026/08/20/afghan-trade-delegation-meets-iran-chamber-deputy-chief/,0.35,0.4080882352941175,0.373235294117647,0.373235294117647
1319146135,20260820,IRN,IRN,AFG,AFG,20,20,2,1,3.0,1,1,1,1.83823529411765,https://pajhwok.com/2026/08/20/afghan-trade-delegation-meets-iran-chamber-deputy-chief/,0.35,0.4080882352941175,0.373235294117647,0.373235294117647
1319146136,20260820,IRNGOV,IRN,IRN,IRN,111,111,11,3,-2.0,4,2,4,-5.63643816777742,https://aninews.in/news/world/asia/iran-consul-general-slams-trumps-tremendous-economic-consequences-threat-to-tehrans-partners-calls-it-sign-of-weakness-for-us20260820170739/,0.6,0.781821908388871,0.6727287633555484,2.6909150534221937
1319146137,20260820,IRNGOV,IRN,IRN,IRN,111,111,11,3,-2.0,4,2,4,-5.63643816777742,https://aninews.in/news/world/asia/iran-consul-general-slams-trumps-tremendous-economic-consequences-threat-to-tehrans-partners-calls-it-sign-of-weakness-for-us20260820170739/,0.6,0.781821908388871,0.6727287633555484,2.6909150534221937
1319146138,20260820,IRNGOV,IRN,IRN,IRN,111,111,11,3,-2.0,12,2,12,-5.63643816777742,https://aninews.in/news/world/asia/iran-consul-general-slams-trumps-tremendous-economic-consequences-threat-to-tehrans-partners-calls-it-sign-of-weakness-for-us20260820170739/,0.6,0.781821908388871,0.6727287633555484,8.072745160266582
1319146319,20260820,MOS,,IRN,IRN,100,100,10,3,-5.0,22,6,22,-5.34845336695431,https://aninews.in/news/world/asia/iran-consul-general-slams-trumps-tremendous-economic-consequences-threat-to-tehrans-partners-calls-it-sign-of-weakness-for-us20260820170739/,0.75,0.7674226683477154,0.7569690673390861,16.653319481459896
1319146320,20260820,MOS,,IRN,IRN,100,100,10,3,-5.0,3,3,3,-5.49244576736587,https://aninews.in/news/world/asia/iran-consul-general-slams-trumps-tremendous-economic-consequences-threat-to-tehrans-partners-calls-it-sign-of-weakness-for-us20260820170739/,0.75,0.7746222883682935,0.7598489153473174,2.279546746041952
1319147593,20260820,,,IRN,IRN,874,87,8,2,10.0,4,1,4,-2.19512195121951,https://timesca.com/trumps-new-threat-against-iran-collides-with-central-asias-economic-interests/,0.0,0.6097560975609755,0.2439024390243902,0.9756097560975608
1319147647,20260820,AFG,AFG,IRN,IRN,30,30,3,1,4.0,2,1,2,-2.19512195121951,https://timesca.com/trumps-new-threat-against-iran-collides-with-central-asias-economic-interests/,0.3,0.6097560975609755,0.4239024390243902,0.8478048780487804
1319147648,20260820,AFG,AFG,IRN,IRN,30,30,3,1,4.0,2,1,2,-2.19512195121951,https://timesca.com/trumps-new-threat-against-iran-collides-with-central-asias-economic-interests/,0.3,0.6097560975609755,0.4239024390243902,0.8478048780487804
1319147649,20260820,AFG,AFG,IRN,IRN,30,30,3,1,4.0,6,1,6,-2.19512195121951,https://timesca.com/trumps-new-threat-against-iran-collides-with-central-asias-economic-interests/,0.3,0.6097560975609755,0.4239024390243902,2.543414634146341
1319147721,20260820,BUS,,IRN,IRN,130,130,13,3,-4.4,6,1,6,-8.06845965770172,https://www.hellenicshippingnews.com/iran-dismisses-trumps-economic-d-day-threat-amid-ongoing-hormuz-standoff/,0.72,0.9034229828850859,0.7933691931540343,4.760215158924206
1319147742,20260820,CAN,CAN,IRN,IRN,40,40,4,1,1.0,1,1,1,-5.50595238095239,https://panow.com/2026/08/20/poilievre-invites-irans-exiled-crown-prince-reza-pahlavi-to-visit-canada/,0.45,0.7752976190476195,0.5801190476190479,0.5801190476190479
1319147802,20260820,COP,,IRN,IRN,173,173,17,4,-5.0,12,3,12,-11.2307119108096,https://www.al-monitor.com/originals/2026/08/iran-executes-afghan-national-over-2026-protests-rights-group,0.75,1.0,0.85,10.2
1319147803,20260820,COP,,IRN,IRN,186,186,18,4,-10.0,6,3,6,-11.2307119108096,https://www.al-monitor.com/originals/2026/08/iran-executes-afghan-national-over-2026-protests-rights-group,1.0,1.0,1.0,6.0
1319147804,20260820,COP,,IRN,IRN,186,186,18,4,-10.0,2,2,2,-11.2138839581684,https://www.al-monitor.com/originals/2026/08/iran-executes-afghan-national-over-2026-protests-rights-group,1.0,1.0,1.0,2.0
1319147805,20260820,COP,,IRN,IRN,186,186,18,4,-10.0,2,2,2,-11.2138839581684,https://www.al-monitor.com/originals/2026/08/iran-executes-afghan-national-over-2026-protests-rights-group,1.0,1.0,1.0,2.0
1319147813,20260820,COPGOV,,IRNCOP,IRN,40,40,4,1,1.0,6,1,6,-2.19512195121951,https://timesca.com/trumps-new-threat-against-iran-collides-with-central-asias-economic-interests/,0.45,0.6097560975609755,0.5139024390243903,3.0834146341463415
1319148050,20260820,GOV,,IRN,IRN,40,40,4,1,1.0,8,1,8,-2.19512195121951,https://timesca.com/trumps-new-threat-against-iran-collides-with-central-asias-economic-interests/,0.45,0.6097560975609755,0.5139024390243903,4.111219512195122
1319148051,20260820,GOV,,IRN,IRN,46,46,4,1,7.0,8,1,8,-2.19512195121951,https://timesca.com/trumps-new-threat-against-iran-collides-with-central-asias-economic-interests/,0.15,0.6097560975609755,0.3339024390243902,2.6712195121951217
1319148148,20260820,IRN,IRN,,,15,15,1,1,0.0,2,1,2,-6.11111111111111,https://leadership.ng/trump-threatens-tremendous-punishment-for-countries-doing-business-with-iran/,0.5,0.8055555555555556,0.6222222222222222,1.2444444444444445
1319148149,20260820,IRN,IRN,,,50,50,5,1,3.5,2,2,2,-2.7202675196278,https://www.lankanewspapers.com/2026/08/20/trump-threatens-harshest-ever-economic-crackdown-on-iran-and-its-trade-partners,0.325,0.63601337598139,0.449405350392556,0.898810700785112
1319148150,20260820,IRN,IRN,,,111,111,11,3,-2.0,2,1,2,-5.71736785329019,https://economictimes.indiatimes.com/news/international/world-news/iran-dismisses-us-economic-threats-and-other-developments-in-the-middle-east/articleshow/133376025.cms,0.6,0.7858683926645095,0.6743473570658038,1.3486947141316077
1319148151,20260820,IRN,IRN,AFG,AFG,30,30,3,1,4.0,2,1,2,-2.19512195121951,https://timesca.com/trumps-new-threat-against-iran-collides-with-central-asias-economic-interests/,0.3,0.6097560975609755,0.4239024390243902,0.8478048780487804
1319148152,20260820,IRN,IRN,AFG,AFG,30,30,3,1,4.0,6,1,6,-2.19512195121951,https://timesca.com/trumps-new-threat-against-iran-collides-with-central-asias-economic-interests/,0.3,0.6097560975609755,0.4239024390243902,2.543414634146341
1319148153,20260820,IRN,IRN,AFG,AFG,30,30,3,1,4.0,2,1,2,-2.19512195121951,https://timesca.com/trumps-new-threat-against-iran-collides-with-central-asias-economic-interests/,0.3,0.6097560975609755,0.4239024390243902,0.8478048780487804
1319148154,20260820,IRN,IRN,CAN,CAN,40,40,4,1,1.0,1,1,1,-5.50595238095239,https://panow.com/2026/08/20/poilievre-invites-irans-exiled-crown-prince-reza-pahlavi-to-visit-canada/,0.45,0.7752976190476195,0.5801190476190479,0.5801190476190479
1319148155,20260820,IRN,IRN,CANGOV,CAN,36,36,3,1,4.0,2,1,2,-5.50595238095239,https://panow.com/2026/08/20/poilievre-invites-irans-exiled-crown-prince-reza-pahlavi-to-visit-canada/,0.3,0.7752976190476195,0.49011904761904784,0.9802380952380957
1319148156,20260820,IRN,IRN,COP,,173,173,17,4,-5.0,2,2,2,-11.2138839581684,https://www.al-monitor.com/originals/2026/08/iran-executes-afghan-national-over-2026-protests-rights-group,0.75,1.0,0.85,1.7
1319148157,20260820,IRN,IRN,COP,,173,173,17,4,-5.0,2,2,2,-11.2138839581684,https://www.al-monitor.com/originals/2026/08/iran-executes-afghan-national-over-2026-protests-rights-group,0.75,1.0,0.85,1.7
1319148158,20260820,IRN,IRN,GOV,,46,46,4,1,7.0,8,1,8,-2.19512195121951,https://timesca.com/trumps-new-threat-against-iran-collides-with-central-asias-economic-interests/,0.15,0.6097560975609755,0.3339024390243902,2.6712195121951217
1319148159,20260820,IRN,IRN,GOV,,110,110,11,3,-2.0,1,1,1,-8.06845965770172,https://www.hellenicshippingnews.com/iran-dismisses-trumps-economic-d-day-threat-amid-ongoing-hormuz-standoff/,0.6,0.9034229828850859,0.7213691931540344,0.7213691931540344
1319148160,20260820,IRN,IRN,GOV,,141,141,14,3,-6.5,4,2,4,-11.2138839581684,https://www.al-monitor.com/originals/2026/08/iran-executes-afghan-national-over-2026-protests-rights-group,0.825,1.0,0.895,3.58
1319148161,20260820,IRN,IRN,IRNCVL,IRN,84,84,8,2,7.0,6,3,6,-4.65116279069767,https://wohfradio.com/national-news/a-quiet-channel-between-ice-and-iran-shaped-deportation-flights-newly-released-emails-show/,0.15,0.7325581395348835,0.38302325581395336,2.2981395348837204
1319148162,20260820,IRN,IRN,IRNGOV,IRN,46,46,4,1,7.0,2,1,2,-2.19512195121951,https://timesca.com/trumps-new-threat-against-iran-collides-with-central-asias-economic-interests/,0.15,0.6097560975609755,0.3339024390243902,0.6678048780487804
1319148163,20260820,IRN,IRN,ISR,ISR,111,111,11,3,-2.0,2,1,2,-5.71736785329019,https://economictimes.indiatimes.com/news/international/world-news/iran-dismisses-us-economic-threats-and-other-developments-in-the-middle-east/articleshow/133376025.cms,0.6,0.7858683926645095,0.6743473570658038,1.3486947141316077
1319148164,20260820,IRN,IRN,KAZ,KAZ,30,30,3,1,4.0,1,1,1,-2.19512195121951,https://timesca.com/trumps-new-threat-against-iran-collides-with-central-asias-economic-interests/,0.3,0.6097560975609755,0.4239024390243902,0.4239024390243902
1319148165,20260820,IRN,IRN,KAZ,KAZ,30,30,3,1,4.0,1,1,1,-2.19512195121951,https://timesca.com/trumps-new-threat-against-iran-collides-with-central-asias-economic-interests/,0.3,0.6097560975609755,0.4239024390243902,0.4239024390243902
1319148166,20260820,IRN,IRN,PGS,PGS,80,80,8,2,5.0,1,1,1,-2.19512195121951,https://timesca.com/trumps-new-threat-against-iran-collides-with-central-asias-economic-interests/,0.25,0.6097560975609755,0.3939024390243902,0.3939024390243902
1319148167,20260820,IRN,IRN,TJK,TJK,30,30,3,1,4.0,2,1,2,-2.19512195121951,https://timesca.com/trumps-new-threat-against-iran-collides-with-central-asias-economic-interests/,0.3,0.6097560975609755,0.4239024390243902,0.8478048780487804
1319148168,20260820,IRN,IRN,TJK,TJK,30,30,3,1,4.0,6,1,6,-2.19512195121951,https://timesca.com/trumps-new-threat-against-iran-collides-with-central-asias-economic-interests/,0.3,0.6097560975609755,0.4239024390243902,2.543414634146341
1319148169,20260820,IRN,IRN,TJK,TJK,30,30,3,1,4.0,2,1,2,-2.19512195121951,https://timesca.com/trumps-new-threat-against-iran-collides-with-central-asias-economic-interests/,0.3,0.6097560975609755,0.4239024390243902,0.8478048780487804
1319148170,20260820,IRN,IRN,TKM,TKM,42,42,4,1,1.9,2,1,2,-2.19512195121951,https://timesca.com/trumps-new-threat-against-iran-collides-with-central-asias-economic-interests/,0.40499999999999997,0.6097560975609755,0.4869024390243902,0.9738048780487804
1319148171,20260820,IRN,IRN,TKM,TKM,42,42,4,1,1.9,2,1,2,-2.19512195121951,https://timesca.com/trumps-new-threat-against-iran-collides-with-central-asias-economic-interests/,0.40499999999999997,0.6097560975609755,0.4869024390243902,0.9738048780487804
1319148172,20260820,IRN,IRN,TKM,TKM,42,42,4,1,1.9,2,1,2,-2.19512195121951,https://timesca.com/trumps-new-threat-against-iran-collides-with-central-asias-economic-interests/,0.40499999999999997,0.6097560975609755,0.4869024390243902,0.9738048780487804
1319148173,20260820,IRN,IRN,USA,USA,110,110,11,3,-2.0,4,1,4,-8.06845965770172,https://www.hellenicshippingnews.com/iran-dismisses-trumps-economic-d-day-threat-amid-ongoing-hormuz-standoff/,0.6,0.9034229828850859,0.7213691931540344,2.8854767726161374
1319148174,20260820,IRN,IRN,USAGOV,USA,110,110,11,3,-2.0,1,1,1,-8.06845965770172,https://www.hellenicshippingnews.com/iran-dismisses-trumps-economic-d-day-threat-amid-ongoing-hormuz-standoff/,0.6,0.9034229828850859,0.7213691931540344,0.7213691931540344
1319148175,20260820,IRN,IRN,UZB,UZB,43,43,4,1,2.8,1,1,1,-2.19512195121951,https://timesca.com/trumps-new-threat-against-iran-collides-with-central-asias-economic-interests/,0.36,0.6097560975609755,0.4599024390243902,0.4599024390243902
1319148176,20260820,IRN,IRN,UZB,UZB,43,43,4,1,2.8,6,1,6,-2.19512195121951,https://timesca.com/trumps-new-threat-against-iran-collides-with-central-asias-economic-interests/,0.36,0.6097560975609755,0.4599024390243902,2.7594146341463412
1319148177,20260820,IRN,IRN,UZB,UZB,43,43,4,1,2.8,1,1,1,-2.19512195121951,https://timesca.com/trumps-new-threat-against-iran-collides-with-central-asias-economic-interests/,0.36,0.6097560975609755,0.4599024390243902,0.4599024390243902
1319148178,20260820,IRNCOP,IRN,COPGOV,,40,40,4,1,1.0,6,1,6,-2.19512195121951,https://timesca.com/trumps-new-threat-against-iran-collides-with-central-asias-economic-interests/,0.45,0.6097560975609755,0.5139024390243903,3.0834146341463415
1319148179,20260820,IRNGOV,IRN,IRN,IRN,40,40,4,1,1.0,2,1,2,-2.19512195121951,https://timesca.com/trumps-new-threat-against-iran-collides-with-central-asias-economic-interests/,0.45,0.6097560975609755,0.5139024390243903,1.0278048780487805
1319148180,20260820,IRNGOV,IRN,IRN,IRN,46,46,4,1,7.0,2,1,2,-2.19512195121951,https://timesca.com/trumps-new-threat-against-iran-collides-with-central-asias-economic-interests/,0.15,0.6097560975609755,0.3339024390243902,0.6678048780487804
1319148267,20260820,KAZ,KAZ,IRN,IRN,30,30,3,1,4.0,1,1,1,-2.19512195121951,https://timesca.com/trumps-new-threat-against-iran-collides-with-central-asias-economic-interests/,0.3,0.6097560975609755,0.4239024390243902,0.4239024390243902
1319148268,20260820,KAZ,KAZ,IRN,IRN,30,30,3,1,4.0,1,1,1,-2.19512195121951,https://timesca.com/trumps-new-threat-against-iran-collides-with-central-asias-economic-interests/,0.3,0.6097560975609755,0.4239024390243902,0.4239024390243902
1319148322,20260820,MIL,,IRN,IRN,190,190,19,4,-10.0,6,1,6,-6.72645739910314,https://www.asahi.com/ajw/articles/16822059,1.0,0.836322869955157,0.9345291479820628,5.607174887892377
1319148323,20260820,MIL,,IRN,IRN,190,190,19,4,-10.0,4,1,4,-6.72645739910314,https://www.asahi.com/ajw/articles/16822059,1.0,0.836322869955157,0.9345291479820628,3.738116591928251
1319148386,20260820,PGS,PGS,IRN,IRN,80,80,8,2,5.0,3,1,3,-2.19512195121951,https://timesca.com/trumps-new-threat-against-iran-collides-with-central-asias-economic-interests/,0.25,0.6097560975609755,0.3939024390243902,1.1817073170731707
1319148387,20260820,PGS,PGS,IRN,IRN,80,80,8,2,5.0,1,1,1,-2.19512195121951,https://timesca.com/trumps-new-threat-against-iran-collides-with-central-asias-economic-interests/,0.25,0.6097560975609755,0.3939024390243902,0.3939024390243902
1319148388,20260820,PGS,PGS,IRN,IRN,874,87,8,2,10.0,3,1,3,-2.19512195121951,https://timesca.com/trumps-new-threat-against-iran-collides-with-central-asias-economic-interests/,0.0,0.6097560975609755,0.2439024390243902,0.7317073170731706
1319148389,20260820,PGS,PGS,IRN,IRN,874,87,8,2,10.0,1,1,1,-2.19512195121951,https://timesca.com/trumps-new-threat-against-iran-collides-with-central-asias-economic-interests/,0.0,0.6097560975609755,0.2439024390243902,0.2439024390243902
1319148489,20260820,TJK,TJK,IRN,IRN,30,30,3,1,4.0,2,1,2,-2.19512195121951,https://timesca.com/trumps-new-threat-against-iran-collides-with-central-asias-economic-interests/,0.3,0.6097560975609755,0.4239024390243902,0.8478048780487804
1319148490,20260820,TJK,TJK,IRN,IRN,30,30,3,1,4.0,6,1,6,-2.19512195121951,https://timesca.com/trumps-new-threat-against-iran-collides-with-central-asias-economic-interests/,0.3,0.6097560975609755,0.4239024390243902,2.543414634146341
1319148491,20260820,TJK,TJK,IRN,IRN,30,30,3,1,4.0,2,1,2,-2.19512195121951,https://timesca.com/trumps-new-threat-against-iran-collides-with-central-asias-economic-interests/,0.3,0.6097560975609755,0.4239024390243902,0.8478048780487804
1319148494,20260820,TKM,TKM,IRN,IRN,43,43,4,1,2.8,2,1,2,-2.19512195121951,https://timesca.com/trumps-new-threat-against-iran-collides-with-central-asias-economic-interests/,0.36,0.6097560975609755,0.4599024390243902,0.9198048780487804
1319148495,20260820,TKM,TKM,IRN,IRN,43,43,4,1,2.8,2,1,2,-2.19512195121951,https://timesca.com/trumps-new-threat-against-iran-collides-with-central-asias-economic-interests/,0.36,0.6097560975609755,0.4599024390243902,0.9198048780487804
1319148496,20260820,TKM,TKM,IRN,IRN,43,43,4,1,2.8,2,1,2,-2.19512195121951,https://timesca.com/trumps-new-threat-against-iran-collides-with-central-asias-economic-interests/,0.36,0.6097560975609755,0.4599024390243902,0.9198048780487804
1319148602,20260820,USA,USA,IRN,IRN,180,180,18,4,-9.0,2,1,2,-1.31578947368421,https://www.sentinelassam.com/more-news/international/trump-halts-iran-talks-shifts-to-long-term-strangle-strategy-report-says,0.95,0.5657894736842105,0.7963157894736842,1.5926315789473684
1319148649,20260820,USAGOV,USA,IRN,IRN,180,180,18,4,-9.0,1,1,1,-1.31578947368421,https://www.sentinelassam.com/more-news/international/trump-halts-iran-talks-shifts-to-long-term-strangle-strategy-report-says,0.95,0.5657894736842105,0.7963157894736842,0.7963157894736842
1319148657,20260820,USAMED,USA,IRN,IRN,112,112,11,3,-2.0,6,1,6,-6.72645739910314,https://www.asahi.com/ajw/articles/16822059,0.6,0.836322869955157,0.6945291479820628,4.167174887892377
1319148658,20260820,USAMED,USA,IRN,IRN,112,112,11,3,-2.0,2,1,2,-6.72645739910314,https://www.asahi.com/ajw/articles/16822059,0.6,0.836322869955157,0.6945291479820628,1.3890582959641256
1319148659,20260820,USAMED,USA,IRN,IRN,112,112,11,3,-2.0,2,1,2,-6.72645739910314,https://www.asahi.com/ajw/articles/16822059,0.6,0.836322869955157,0.6945291479820628,1.3890582959641256
1319148675,20260820,UZB,UZB,IRN,IRN,42,42,4,1,1.9,6,1,6,-2.19512195121951,https://timesca.com/trumps-new-threat-against-iran-collides-with-central-asias-economic-interests/,0.40499999999999997,0.6097560975609755,0.4869024390243902,2.921414634146341
1319148676,20260820,UZB,UZB,IRN,IRN,42,42,4,1,1.9,1,1,1,-2.19512195121951,https://timesca.com/trumps-new-threat-against-iran-collides-with-central-asias-economic-interests/,0.40499999999999997,0.6097560975609755,0.4869024390243902,0.4869024390243902
1319148677,20260820,UZB,UZB,IRN,IRN,42,42,4,1,1.9,1,1,1,-2.19512195121951,https://timesca.com/trumps-new-threat-against-iran-collides-with-central-asias-economic-interests/,0.40499999999999997,0.6097560975609755,0.4869024390243902,0.4869024390243902
1319149983,20260820,,,IRN,IRN,87,87,8,2,9.0,15,3,15,-4.54545454545454,http://www.reflector.com/opinion/editorial_columnists/douglas-cohn-and-eleanor-clift-trumps-time-to-change-trajectory-running-short/article_152cf537-d15f-4cf0-b40b-309f5011baad.html,0.05,0.727272727272727,0.3209090909090908,4.813636363636363
1319149984,20260820,,,IRNOPP,IRN,84,84,8,2,7.0,20,1,20,-5.75342465753425,http://www.jpost.com/middle-east/iran-news/article-906091,0.15,0.7876712328767125,0.40506849315068505,8.101369863013701
1319150053,20260820,ARE,ARE,IRN,IRN,111,111,11,3,-2.0,1,1,1,-8.53994490358127,https://www.al-monitor.com/originals/2026/08/trump-pledges-economic-warfare-iran-prompting-tehran-derision,0.6,0.9269972451790636,0.7307988980716255,0.7307988980716255
1319150054,20260820,ARE,ARE,IRN,IRN,111,111,11,3,-2.0,14,2,14,-7.7471906772103,https://www.al-monitor.com/originals/2026/08/trump-pledges-economic-warfare-iran-prompting-tehran-derision,0.6,0.8873595338605149,0.714943813544206,10.009213389618884
1319150055,20260820,ARE,ARE,IRN,IRN,161,161,16,4,-4.0,2,1,2,-8.53994490358127,https://www.al-monitor.com/originals/2026/08/trump-pledges-economic-warfare-iran-prompting-tehran-derision,0.7,0.9269972451790636,0.7907988980716254,1.5815977961432508
1319150056,20260820,ARE,ARE,IRN,IRN,161,161,16,4,-4.0,12,2,12,-7.7471906772103,https://www.al-monitor.com/originals/2026/08/trump-pledges-economic-warfare-iran-prompting-tehran-derision,0.7,0.8873595338605149,0.7749438135442059,9.299325762530472
1319150057,20260820,ARE,ARE,IRN,IRN,161,161,16,4,-4.0,4,2,4,-7.7471906772103,https://www.al-monitor.com/originals/2026/08/trump-pledges-economic-warfare-iran-prompting-tehran-derision,0.7,0.8873595338605149,0.7749438135442059,3.0997752541768238
1319150538,20260820,IRN,IRN,,,10,10,1,1,0.0,2,1,2,-3.38541666666667,http://www.jpost.com/diaspora/antisemitism/article-906098,0.5,0.6692708333333335,0.5677083333333334,1.1354166666666667
1319150539,20260820,IRN,IRN,,,10,10,1,1,0.0,2,1,2,-3.38541666666667,http://www.jpost.com/diaspora/antisemitism/article-906098,0.5,0.6692708333333335,0.5677083333333334,1.1354166666666667
1319150540,20260820,IRN,IRN,AFG,AFG,80,80,8,2,5.0,1,1,1,-3.05343511450381,https://iaoj.wordpress.com/2026/08/20/sindhs-national-psychology-a-history-of-sufi-pluralism-non-violent-resistance-and-the-struggle-for-rights/,0.25,0.6526717557251904,0.4110687022900762,0.4110687022900762
1319150541,20260820,IRN,IRN,AFG,AFG,80,80,8,2,5.0,1,1,1,-3.05343511450381,https://iaoj.wordpress.com/2026/08/20/sindhs-national-psychology-a-history-of-sufi-pluralism-non-violent-resistance-and-the-struggle-for-rights/,0.25,0.6526717557251904,0.4110687022900762,0.4110687022900762
1319150542,20260820,IRN,IRN,COP,,173,173,17,4,-5.0,16,1,16,-5.75342465753425,http://www.jpost.com/middle-east/iran-news/article-906091,0.75,0.7876712328767125,0.765068493150685,12.24109589041096
1319150543,20260820,IRN,IRN,KOR,KOR,111,111,11,3,-2.0,2,1,2,-4.47343895619757,https://www.siasat.com/iran-fm-dismisses-trumps-economic-d-day-as-failed-policy-3528048/,0.6,0.7236719478098784,0.6494687791239513,1.2989375582479026
1319150544,20260820,IRN,IRN,KOR,KOR,111,111,11,3,-2.0,2,1,2,-4.47343895619757,https://www.siasat.com/iran-fm-dismisses-trumps-economic-d-day-as-failed-policy-3528048/,0.6,0.7236719478098784,0.6494687791239513,1.2989375582479026
1319150545,20260820,IRN,IRN,USA,USA,60,60,6,2,6.0,3,2,3,-6.11512618669415,https://www.siasat.com/iran-fm-dismisses-trumps-economic-d-day-as-failed-policy-3528048/,0.2,0.8057563093347074,0.442302523733883,1.326907571201649
1319150546,20260820,IRN,IRN,USA,USA,60,60,6,2,6.0,1,1,1,-4.47343895619757,https://www.siasat.com/iran-fm-dismisses-trumps-economic-d-day-as-failed-policy-3528048/,0.2,0.7236719478098784,0.40946877912395135,0.40946877912395135
1319150561,20260820,ISR,ISR,IRN,IRN,10,10,1,1,0.0,2,1,2,-6.02409638554217,https://www.middleeastmonitor.com/20260820-bennett-outlines-security-platform-pledging-tougher-policies-on-qatar-gaza-and-iran/,0.5,0.8012048192771084,0.6204819277108433,1.2409638554216866
1319150562,20260820,ISR,ISR,IRN,IRN,10,10,1,1,0.0,2,1,2,-6.02409638554217,https://www.middleeastmonitor.com/20260820-bennett-outlines-security-platform-pledging-tougher-policies-on-qatar-gaza-and-iran/,0.5,0.8012048192771084,0.6204819277108433,1.2409638554216866
1319150563,20260820,ISR,ISR,IRN,IRN,180,180,18,4,-9.0,15,3,15,-10.6796528626456,https://www.aljazeera.com/news/2026/8/20/state-backed-israeli-settler-violence-forces-west-bank-displacement-hrw,0.95,1.0,0.97,14.549999999999999
1319150732,20260820,MOS,,IRN,IRN,173,173,17,4,-5.0,20,1,20,-5.75342465753425,http://www.jpost.com/middle-east/iran-news/article-906091,0.75,0.7876712328767125,0.765068493150685,15.3013698630137
1319150807,20260820,PRK,PRK,IRN,IRN,10,10,1,1,0.0,4,1,4,-4.47343895619757,https://www.siasat.com/iran-fm-dismisses-trumps-economic-d-day-as-failed-policy-3528048/,0.5,0.7236719478098784,0.5894687791239513,2.3578751164958054
1319151011,20260820,USA,USA,IRN,IRN,180,180,18,4,-9.0,15,3,15,-10.6796528626456,https://www.aljazeera.com/news/2026/8/20/state-backed-israeli-settler-violence-forces-west-bank-displacement-hrw,0.95,1.0,0.97,14.549999999999999
1319152124,20260820,AFG,AFG,IRN,IRN,61,61,6,2,6.4,25,5,25,-4.08943294382822,http://www.afghanistannews.net/news/279253904/feature-us-iran-conflict-border-tensions-squeeze-afghan-merchants-labor-force,0.18,0.7044716471914111,0.38978865887656444,9.744716471914112
1319152133,20260820,AREGOVMIL,ARE,IRN,IRN,138,138,13,3,-7.0,8,1,8,-4.36058700209643,https://www.justsecurity.org/154606/early-edition-august-20-2026/,0.85,0.7180293501048215,0.7972117400419286,6.377693920335429
1319152134,20260820,AREGOVMIL,ARE,IRN,IRN,138,138,13,3,-7.0,2,1,2,-4.36058700209643,https://www.justsecurity.org/154606/early-edition-august-20-2026/,0.85,0.7180293501048215,0.7972117400419286,1.5944234800838573
1319152135,20260820,AREGOVMIL,ARE,IRN,IRN,194,194,19,4,-10.0,7,1,7,-4.36058700209643,https://www.justsecurity.org/154606/early-edition-august-20-2026/,1.0,0.7180293501048215,0.8872117400419286,6.2104821802935
1319152136,20260820,AREGOVMIL,ARE,IRN,IRN,194,194,19,4,-10.0,1,1,1,-4.36058700209643,https://www.justsecurity.org/154606/early-edition-august-20-2026/,1.0,0.7180293501048215,0.8872117400419286,0.8872117400419286
1319152180,20260820,BGD,BGD,IRN,IRN,61,61,6,2,6.4,11,2,11,0.967233495683595,https://www.moneycontrol.com/news/business/dgft-eases-rupee-trade-rules-allows-exporters-to-invoice-settle-overseas-sales-in-inr-14011635.html,0.18,0.4516383252158202,0.2886553300863281,3.175208630949609
1319152804,20260820,IRN,IRN,,,831,83,8,2,5.0,1,1,1,-7.71349862258949,https://santamariatimes.com/opinion/editorial/no-quick-escape-from-consequences-of-iran-war-guest-editorial/article_4208ef31-98bd-4daf-9e94-3c0c451ca680.html,0.25,0.8856749311294745,0.5042699724517898,0.5042699724517898
1319152805,20260820,IRN,IRN,,,190,190,19,4,-10.0,1,1,1,-5.74506283662477,https://www.inquirer.com/opinion/editorials/uss-abraham-lincoln-sailors-trump-iran-war-deployment-20260820.html,1.0,0.7872531418312385,0.9149012567324954,0.9149012567324954
1319152806,20260820,IRN,IRN,MIL,,20,20,2,1,3.0,4,1,4,-5.74506283662477,https://www.inquirer.com/opinion/editorials/uss-abraham-lincoln-sailors-trump-iran-war-deployment-20260820.html,0.35,0.7872531418312385,0.5249012567324954,2.0996050269299817
1319152807,20260820,IRN,IRN,MIL,,186,186,18,4,-10.0,1,1,1,-7.71349862258949,https://santamariatimes.com/opinion/editorial/no-quick-escape-from-consequences-of-iran-war-guest-editorial/article_4208ef31-98bd-4daf-9e94-3c0c451ca680.html,1.0,0.8856749311294745,0.9542699724517898,0.9542699724517898
1319152808,20260820,IRN,IRN,USA,USA,10,10,1,1,0.0,20,5,20,-4.08943294382822,http://www.afghanistannews.net/news/279253904/feature-us-iran-conflict-border-tensions-squeeze-afghan-merchants-labor-force,0.5,0.7044716471914111,0.5817886588765644,11.635773177531288
1319152809,20260820,IRN,IRN,USA,USA,10,10,1,1,0.0,5,5,5,-4.08943294382822,http://www.afghanistannews.net/news/279253904/feature-us-iran-conflict-border-tensions-squeeze-afghan-merchants-labor-force,0.5,0.7044716471914111,0.5817886588765644,2.908943294382822
1319152964,20260820,LKA,LKA,IRN,IRN,61,61,6,2,6.4,28,4,28,1.00888177750165,https://www.moneycontrol.com/news/business/dgft-eases-rupee-trade-rules-allows-exporters-to-invoice-settle-overseas-sales-in-inr-14011635.html,0.18,0.44955591112491755,0.287822364449967,8.059026204599077
1319152965,20260820,LKA,LKA,IRN,IRN,61,61,6,2,6.4,5,4,5,0.945976171456893,https://www.moneycontrol.com/news/business/dgft-eases-rupee-trade-rules-allows-exporters-to-invoice-settle-overseas-sales-in-inr-14011635.html,0.18,0.45270119142715537,0.28908047657086217,1.4454023828543108
1319152975,20260820,MDV,MDV,IRN,IRN,61,61,6,2,6.4,5,4,5,0.945976171456893,https://www.moneycontrol.com/news/business/dgft-eases-rupee-trade-rules-allows-exporters-to-invoice-settle-overseas-sales-in-inr-14011635.html,0.18,0.45270119142715537,0.28908047657086217,1.4454023828543108
1319152976,20260820,MDV,MDV,IRN,IRN,61,61,6,2,6.4,28,4,28,1.00888177750165,https://www.moneycontrol.com/news/business/dgft-eases-rupee-trade-rules-allows-exporters-to-invoice-settle-overseas-sales-in-inr-14011635.html,0.18,0.44955591112491755,0.287822364449967,8.059026204599077
1319153027,20260820,MMR,MMR,IRN,IRN,61,61,6,2,6.4,5,4,5,0.945976171456893,https://www.moneycontrol.com/news/business/dgft-eases-rupee-trade-rules-allows-exporters-to-invoice-settle-overseas-sales-in-inr-14011635.html,0.18,0.45270119142715537,0.28908047657086217,1.4454023828543108
1319153028,20260820,MMR,MMR,IRN,IRN,61,61,6,2,6.4,28,4,28,1.00888177750165,https://www.moneycontrol.com/news/business/dgft-eases-rupee-trade-rules-allows-exporters-to-invoice-settle-overseas-sales-in-inr-14011635.html,0.18,0.44955591112491755,0.287822364449967,8.059026204599077
1319153078,20260820,PAK,PAK,IRN,IRN,61,61,6,2,6.4,5,4,5,0.945976171456893,https://www.moneycontrol.com/news/business/dgft-eases-rupee-trade-rules-allows-exporters-to-invoice-settle-overseas-sales-in-inr-14011635.html,0.18,0.45270119142715537,0.28908047657086217,1.4454023828543108
1319153079,20260820,PAK,PAK,IRN,IRN,61,61,6,2,6.4,28,4,28,1.00888177750165,https://www.moneycontrol.com/news/business/dgft-eases-rupee-trade-rules-allows-exporters-to-invoice-settle-overseas-sales-in-inr-14011635.html,0.18,0.44955591112491755,0.287822364449967,8.059026204599077
1319153294,20260820,USA,USA,IRN,IRN,10,10,1,1,0.0,25,5,25,-4.08943294382822,http://www.afghanistannews.net/news/279253904/feature-us-iran-conflict-border-tensions-squeeze-afghan-merchants-labor-force,0.5,0.7044716471914111,0.5817886588765644,14.54471647191411
1319153295,20260820,USA,USA,IRN,IRN,10,10,1,1,0.0,20,5,20,-4.08943294382822,http://www.afghanistannews.net/news/279253904/feature-us-iran-conflict-border-tensions-squeeze-afghan-merchants-labor-force,0.5,0.7044716471914111,0.5817886588765644,11.635773177531288
1319153296,20260820,USA,USA,IRN,IRN,10,10,1,1,0.0,5,5,5,-4.08943294382822,http://www.afghanistannews.net/news/279253904/feature-us-iran-conflict-border-tensions-squeeze-afghan-merchants-labor-force,0.5,0.7044716471914111,0.5817886588765644,2.908943294382822
1319153297,20260820,USA,USA,IRN,IRN,120,120,12,3,-4.0,25,5,25,-4.08943294382822,http://www.afghanistannews.net/news/279253904/feature-us-iran-conflict-border-tensions-squeeze-afghan-merchants-labor-force,0.7,0.7044716471914111,0.7017886588765645,17.544716471914114
1319154727,20260820,EDU,,IRN,IRN,130,130,13,3,-4.4,1,1,1,-1.9644527595884,https://www.cbc.ca/news/world/north-korea-missile-launch-ulchi-freedom-trump-9.7313643,0.72,0.59822263797942,0.6712890551917681,0.6712890551917681
1319154728,20260820,EDU,,IRN,IRN,130,130,13,3,-4.4,1,1,1,-1.9644527595884,https://www.cbc.ca/news/world/north-korea-missile-launch-ulchi-freedom-trump-9.7313643,0.72,0.59822263797942,0.6712890551917681,0.6712890551917681
1319155032,20260820,IRN,IRN,GOV,,130,130,13,3,-4.4,1,1,1,-8.24742268041237,https://www.azernews.az/region/262636.html,0.72,0.9123711340206185,0.7969484536082474,0.7969484536082474
1319155033,20260820,IRN,IRN,OMN,OMN,46,46,4,1,7.0,1,1,1,-8.24742268041237,https://www.azernews.az/region/262636.html,0.15,0.9123711340206185,0.4549484536082474,0.4549484536082474
1319155034,20260820,IRN,IRN,OMN,OMN,46,46,4,1,7.0,4,2,4,-6.61361712755477,https://www.azernews.az/region/262636.html,0.15,0.8306808563777384,0.42227234255109536,1.6890893702043814
1319155035,20260820,IRN,IRN,OMN,OMN,46,46,4,1,7.0,8,1,8,-8.24742268041237,https://www.azernews.az/region/262636.html,0.15,0.9123711340206185,0.4549484536082474,3.6395876288659794
1319155036,20260820,IRN,IRN,PRK,PRK,110,110,11,3,-2.0,4,1,4,-1.9644527595884,https://www.cbc.ca/news/world/north-korea-missile-launch-ulchi-freedom-trump-9.7313643,0.6,0.59822263797942,0.599289055191768,2.397156220767072
1319155037,20260820,IRN,IRN,TUR,TUR,42,42,4,1,1.9,2,1,2,-2.99625468164794,https://honestreporting.com/turkey-in-syria-why-israel-fears-erdogans-growing-influence-in-damascus/,0.40499999999999997,0.649812734082397,0.5029250936329588,1.0058501872659176
1319155038,20260820,IRN,IRN,TUR,TUR,42,42,4,1,1.9,8,1,8,-2.99625468164794,https://honestreporting.com/turkey-in-syria-why-israel-fears-erdogans-growing-influence-in-damascus/,0.40499999999999997,0.649812734082397,0.5029250936329588,4.02340074906367
1319155039,20260820,IRN,IRN,USAGOV,USA,130,130,13,3,-4.4,1,1,1,-8.24742268041237,https://www.azernews.az/region/262636.html,0.72,0.9123711340206185,0.7969484536082474,0.7969484536082474
1319155324,20260820,OMN,OMN,IRN,IRN,46,46,4,1,7.0,4,1,4,-8.24742268041237,https://www.azernews.az/region/262636.html,0.15,0.9123711340206185,0.4549484536082474,1.8197938144329897
1319155325,20260820,OMN,OMN,IRN,IRN,46,46,4,1,7.0,9,2,9,-6.61361712755477,https://www.azernews.az/region/262636.html,0.15,0.8306808563777384,0.42227234255109536,3.8004510829598583
1319155379,20260820,PRK,PRK,IRN,IRN,51,51,5,1,3.4,4,1,4,-1.9644527595884,https://www.cbc.ca/news/world/north-korea-missile-launch-ulchi-freedom-trump-9.7313643,0.32999999999999996,0.59822263797942,0.437289055191768,1.749156220767072
1319155380,20260820,PRK,PRK,IRN,IRN,130,130,13,3,-4.4,1,1,1,-1.9644527595884,https://www.cbc.ca/news/world/north-korea-missile-launch-ulchi-freedom-trump-9.7313643,0.72,0.59822263797942,0.6712890551917681,0.6712890551917681
1319155381,20260820,PRK,PRK,IRN,IRN,130,130,13,3,-4.4,1,1,1,-1.9644527595884,https://www.cbc.ca/news/world/north-korea-missile-launch-ulchi-freedom-trump-9.7313643,0.72,0.59822263797942,0.6712890551917681,0.6712890551917681
1319155516,20260820,TUR,TUR,IRN,IRN,43,43,4,1,2.8,8,1,8,-2.99625468164794,https://honestreporting.com/turkey-in-syria-why-israel-fears-erdogans-growing-influence-in-damascus/,0.36,0.649812734082397,0.4759250936329589,3.807400749063671
1319155517,20260820,TUR,TUR,IRN,IRN,43,43,4,1,2.8,2,1,2,-2.99625468164794,https://honestreporting.com/turkey-in-syria-why-israel-fears-erdogans-growing-influence-in-damascus/,0.36,0.649812734082397,0.4759250936329589,0.9518501872659177
1319156614,20260820,,,IRN,IRN,42,42,4,1,1.9,2,1,2,-6.78391959798993,https://www.foxnews.com/opinion/iran-proves-might-change-military-leaders-not-changing-strategy,0.40499999999999997,0.8391959798994965,0.5786783919597985,1.157356783919597
1319156615,20260820,,,IRN,IRN,100,100,10,3,-5.0,2,1,2,-6.78391959798993,https://www.foxnews.com/opinion/iran-proves-might-change-military-leaders-not-changing-strategy,0.75,0.8391959798994965,0.7856783919597985,1.571356783919597
1319157176,20260820,IRN,IRN,,,43,43,4,1,2.8,2,1,2,-6.78391959798993,https://www.foxnews.com/opinion/iran-proves-might-change-military-leaders-not-changing-strategy,0.36,0.8391959798994965,0.5516783919597986,1.1033567839195972
1319157177,20260820,IRN,IRN,,,43,43,4,1,2.8,6,1,6,-6.78391959798993,https://www.foxnews.com/opinion/iran-proves-might-change-military-leaders-not-changing-strategy,0.36,0.8391959798994965,0.5516783919597986,3.3100703517587915
1319157178,20260820,IRN,IRN,ELI,,120,120,12,3,-4.0,4,1,4,-6.78391959798993,https://www.foxnews.com/opinion/iran-proves-might-change-military-leaders-not-changing-strategy,0.7,0.8391959798994965,0.7556783919597986,3.0227135678391943
1319157179,20260820,IRN,IRN,ELI,,120,120,12,3,-4.0,6,1,6,-6.78391959798993,https://www.foxnews.com/opinion/iran-proves-might-change-military-leaders-not-changing-strategy,0.7,0.8391959798994965,0.7556783919597986,4.534070351758792
1319157180,20260820,IRN,IRN,OPP,,110,110,11,3,-2.0,4,1,4,-6.78391959798993,https://www.foxnews.com/opinion/iran-proves-might-change-military-leaders-not-changing-strategy,0.6,0.8391959798994965,0.6956783919597986,2.7827135678391945
1319157181,20260820,IRN,IRN,USA,USA,60,60,6,2,6.0,8,1,8,-9.41704035874439,https://www.samaa.tv/2087355511-iran-sees-trump-s-economic-d-day-as-diversion-from-us-crisis,0.2,0.9708520179372195,0.5083408071748878,4.066726457399103
1319157182,20260820,IRN,IRN,USA,USA,60,60,6,2,6.0,8,2,8,-8.58692688796756,https://www.samaa.tv/2087355511-iran-sees-trump-s-economic-d-day-as-diversion-from-us-crisis,0.2,0.929346344398378,0.4917385377593512,3.93390830207481
1319157183,20260820,IRN,IRN,USA,USA,100,100,10,3,-5.0,8,8,8,-1.850714387213,https://aninews.in/news/world/asia/tehran-always-prepared-for-talks-us-engages-only-when-it-serves-its-interests-irans-consul-general-dismisses-back-channel-negotiations-reports20260820181137/,0.75,0.59253571936065,0.68701428774426,5.49611430195408
1319157184,20260820,IRNGOVMIL,IRN,,,112,112,11,3,-2.0,2,1,2,-4.72279260780288,https://www.businessinsider.com/new-us-carrier-strike-group-arrives-middle-east-2026-8,0.6,0.736139630390144,0.6544558521560575,1.308911704312115
1319157185,20260820,IRNGOVMIL,IRN,MED,,111,111,11,3,-2.0,2,1,2,-4.72279260780288,https://www.businessinsider.com/new-us-carrier-strike-group-arrives-middle-east-2026-8,0.6,0.736139630390144,0.6544558521560575,1.308911704312115
1319157186,20260820,IRNJUD,IRN,EDU,,130,130,13,3,-4.4,1,1,1,-4.69026548672567,https://www.dw.com/en/in-iran-contact-with-foreigners-could-soon-be-a-crime/a-78443425,0.72,0.7345132743362834,0.7258053097345134,0.7258053097345134
1319157417,20260820,NGOHRI,,IRN,IRN,10,10,1,1,0.0,3,1,3,-4.69026548672567,https://www.dw.com/en/in-iran-contact-with-foreigners-could-soon-be-a-crime/a-78443425,0.5,0.7345132743362834,0.5938053097345134,1.7814159292035403
1319157641,20260820,USA,USA,IRN,IRN,51,51,5,1,3.4,8,1,8,-2.7992277992278,https://www.deccanchronicle.com/world/asia/why-taiwan-south-china-sea-matter-to-us-and-world-1980788,0.32999999999999996,0.6399613899613901,0.453984555984556,3.631876447876448
1319158619,20260820,,,IRN,IRN,190,190,19,4,-10.0,1,1,1,-1.68855534709193,https://foreignpolicy.com/2026/08/19/trump-netanyahu-israel-election-endorsement-gaza-iran/?tpcc=recirc_trending062921,1.0,0.5844277673545965,0.8337711069418385,0.8337711069418385
1319159054,20260820,GOV,,IRN,IRN,13,13,1,1,0.4,1,1,1,-2.52252252252252,https://fpif.org/the-mecca-pact-wasnt-built-to-corner-iran/,0.48,0.626126126126126,0.5384504504504504,0.5384504504504504
1319159141,20260820,IRN,IRN,,,110,110,11,3,-2.0,6,3,6,-7.63888888888889,https://www.thetimes-tribune.com/2026/08/20/iran-trump-economic-threats-middle-east-news/,0.6,0.8819444444444444,0.7127777777777777,4.276666666666666
1319159142,20260820,IRN,IRN,,,110,110,11,3,-2.0,31,15,31,-7.32835660280507,https://www.ksat.com/news/world/2026/08/20/iran-dismisses-us-economic-threats-and-other-developments-in-the-middle-east/,0.6,0.8664178301402534,0.7065671320561013,21.90358109373914
1319159143,20260820,IRN,IRN,,,190,190,19,4,-10.0,1,1,1,-1.68855534709193,https://foreignpolicy.com/2026/08/19/trump-netanyahu-israel-election-endorsement-gaza-iran/?tpcc=recirc_trending062921,1.0,0.5844277673545965,0.8337711069418385,0.8337711069418385
1319159144,20260820,IRN,IRN,BUSBUS,,10,10,1,1,0.0,4,1,4,0.85470085470085,https://www.ibtimes.com/walmarts-results-beat-expectations-hiked-its-outlook-year-its-stock-plunged-anyway-3806601,0.5,0.45726495726495753,0.482905982905983,1.931623931623932
1319159145,20260820,IRN,IRN,GOV,,110,110,11,3,-2.0,31,2,31,-5.69754235933173,https://www.ibtimes.com/us-reportedly-carrying-stealth-missions-carry-oil-through-hormuz-millions-barrels-are-making-3806596,0.6,0.7848771179665865,0.6739508471866347,20.892476262785674
1319159146,20260820,IRN,IRN,GOV,,110,110,11,3,-2.0,4,1,4,-5.51181102362205,https://www.ibtimes.com/us-reportedly-carrying-stealth-missions-carry-oil-through-hormuz-millions-barrels-are-making-3806596,0.6,0.7755905511811025,0.670236220472441,2.680944881889764
1319159147,20260820,IRN,IRN,GOV,,110,110,11,3,-2.0,16,1,16,-5.32361294965879,https://www.ibtimes.com/trump-announces-increased-economic-pressure-against-iran-oil-prices-jump-3806599,0.6,0.7661806474829395,0.6664722589931757,10.663556143890812
1319159148,20260820,IRN,IRN,GOV,,161,161,16,4,-4.0,10,1,10,-2.52252252252252,https://fpif.org/the-mecca-pact-wasnt-built-to-corner-iran/,0.7,0.626126126126126,0.6704504504504504,6.704504504504504
1319159149,20260820,IRN,IRN,GOVMED,,130,130,13,3,-4.4,8,1,8,-2.52252252252252,https://fpif.org/the-mecca-pact-wasnt-built-to-corner-iran/,0.72,0.626126126126126,0.6824504504504504,5.459603603603603
1319159150,20260820,IRN,IRN,ISR,ISR,87,87,8,2,9.0,5,1,5,-3.75,https://defimedia.info/blog-appeal-stop-war-and-negotiate-peace-0,0.05,0.6875,0.30500000000000005,1.5250000000000004
1319159151,20260820,IRN,IRN,MOS,,100,100,10,3,-5.0,5,1,5,-2.4045261669024,https://www.dailymail.com/news/article-16067055/deep-dive-iran-invisible-ayatollah-mojtaba-khamenei.html,0.75,0.62022630834512,0.698090523338048,3.49045261669024
1319159152,20260820,IRN,IRN,PAK,PAK,43,43,4,1,2.8,2,1,2,-2.52252252252252,https://fpif.org/the-mecca-pact-wasnt-built-to-corner-iran/,0.36,0.626126126126126,0.4664504504504504,0.9329009009009008
1319159153,20260820,IRN,IRN,PAK,PAK,43,43,4,1,2.8,8,1,8,-2.52252252252252,https://fpif.org/the-mecca-pact-wasnt-built-to-corner-iran/,0.36,0.626126126126126,0.4664504504504504,3.7316036036036033
1319159154,20260820,IRN,IRN,RUS,RUS,87,87,8,2,9.0,1,1,1,-3.75,https://defimedia.info/blog-appeal-stop-war-and-negotiate-peace-0,0.05,0.6875,0.30500000000000005,0.30500000000000005
1319159155,20260820,IRN,IRN,RUS,RUS,87,87,8,2,9.0,4,1,4,-3.75,https://defimedia.info/blog-appeal-stop-war-and-negotiate-peace-0,0.05,0.6875,0.30500000000000005,1.2200000000000002
1319159156,20260820,IRN,IRN,UKR,UKR,87,87,8,2,9.0,1,1,1,-3.75,https://defimedia.info/blog-appeal-stop-war-and-negotiate-peace-0,0.05,0.6875,0.30500000000000005,0.30500000000000005
1319159157,20260820,IRN,IRN,UKR,UKR,87,87,8,2,9.0,4,1,4,-3.75,https://defimedia.info/blog-appeal-stop-war-and-negotiate-peace-0,0.05,0.6875,0.30500000000000005,1.2200000000000002
1319159158,20260820,IRN,IRN,USA,USA,12,12,1,1,-0.4,2,2,2,-7.65637197501952,https://english.news.cn/20260820/719cc25bfce8444f82a0b14b7e29aa82/c.html,0.52,0.882818598750976,0.6651274395003904,1.3302548790007809
1319159159,20260820,IRN,IRN,USA,USA,57,57,5,1,8.0,2,1,2,-6.61157024793389,https://english.news.cn/20260820/9826b66644934963b57aa975d1ec36b0/c.html,0.1,0.8305785123966946,0.39223140495867787,0.7844628099173557
1319159160,20260820,IRN,IRN,USA,USA,57,57,5,1,8.0,6,1,6,-6.61157024793389,https://english.news.cn/20260820/9826b66644934963b57aa975d1ec36b0/c.html,0.1,0.8305785123966946,0.39223140495867787,2.353388429752067
1319159161,20260820,IRN,IRN,USA,USA,87,87,8,2,9.0,1,1,1,-3.75,https://defimedia.info/blog-appeal-stop-war-and-negotiate-peace-0,0.05,0.6875,0.30500000000000005,0.30500000000000005
1319159162,20260820,IRN,IRN,USA,USA,87,87,8,2,9.0,4,1,4,-3.75,https://defimedia.info/blog-appeal-stop-war-and-negotiate-peace-0,0.05,0.6875,0.30500000000000005,1.2200000000000002
1319159163,20260820,IRN,IRN,USAGOV,USA,110,110,11,3,-2.0,13,2,13,-5.37398671467505,https://www.ibtimes.com/trump-says-us-will-carry-out-economic-d-day-against-iran-countries-dealing-tehran-will-3806597,0.6,0.7686993357337525,0.667479734293501,8.677236545815514
1319159164,20260820,IRN,IRN,USAGOV,USA,110,110,11,3,-2.0,4,1,4,-5.51181102362205,https://www.ibtimes.com/us-reportedly-carrying-stealth-missions-carry-oil-through-hormuz-millions-barrels-are-making-3806596,0.6,0.7755905511811025,0.670236220472441,2.680944881889764
1319159165,20260820,IRN,IRN,USAGOV,USA,110,110,11,3,-2.0,4,1,4,-5.32361294965879,https://www.ibtimes.com/trump-announces-increased-economic-pressure-against-iran-oil-prices-jump-3806599,0.6,0.7661806474829395,0.6664722589931757,2.665889035972703
1319159166,20260820,IRNGOV,IRN,,,13,13,1,1,0.4,2,1,2,-2.52252252252252,https://fpif.org/the-mecca-pact-wasnt-built-to-corner-iran/,0.48,0.626126126126126,0.5384504504504504,1.0769009009009007
1319159167,20260820,IRNGOVMIL,IRN,IRN,IRN,10,10,1,1,0.0,6,1,3,-2.4045261669024,https://www.dailymail.com/news/article-16067055/deep-dive-iran-invisible-ayatollah-mojtaba-khamenei.html,0.5,0.62022630834512,0.548090523338048,3.288543140028288
1319159168,20260820,IRNMED,IRN,GOVMED,,130,130,13,3,-4.4,2,1,2,-2.52252252252252,https://fpif.org/the-mecca-pact-wasnt-built-to-corner-iran/,0.72,0.626126126126126,0.6824504504504504,1.3649009009009008
1319159179,20260820,ISR,ISR,IRN,IRN,190,190,19,4,-10.0,4,1,4,-6.61157024793389,https://english.news.cn/20260820/9826b66644934963b57aa975d1ec36b0/c.html,1.0,0.8305785123966946,0.9322314049586778,3.7289256198347114
1319159180,20260820,ISR,ISR,IRN,IRN,190,190,19,4,-10.0,3,1,3,-6.61157024793389,https://english.news.cn/20260820/9826b66644934963b57aa975d1ec36b0/c.html,1.0,0.8305785123966946,0.9322314049586778,2.7966942148760334
1319159214,20260820,ITA,ITA,IRN,IRN,60,60,6,2,6.0,1,1,1,-3.19829424307036,https://www.mondaq.com:443/unitedstates/export-controls-trade-investment-sanctions/1833450/can-a-us-parent-require-an-eu-subsidiary-to-violate-eu-law,0.2,0.659914712153518,0.3839658848614072,0.3839658848614072
1319159215,20260820,ITA,ITA,IRN,IRN,60,60,6,2,6.0,1,1,1,-3.19829424307036,https://www.mondaq.com:443/unitedstates/export-controls-trade-investment-sanctions/1833450/can-a-us-parent-require-an-eu-subsidiary-to-violate-eu-law,0.2,0.659914712153518,0.3839658848614072,0.3839658848614072
1319159216,20260820,ITA,ITA,IRN,IRN,60,60,6,2,6.0,8,1,8,-3.19829424307036,https://www.mondaq.com:443/unitedstates/export-controls-trade-investment-sanctions/1833450/can-a-us-parent-require-an-eu-subsidiary-to-violate-eu-law,0.2,0.659914712153518,0.3839658848614072,3.0717270788912576
1319159217,20260820,ITA,ITA,IRN,IRN,61,61,6,2,6.4,8,1,8,-3.19829424307036,https://www.mondaq.com:443/unitedstates/export-controls-trade-investment-sanctions/1833450/can-a-us-parent-require-an-eu-subsidiary-to-violate-eu-law,0.18,0.659914712153518,0.3719658848614072,2.9757270788912575
1319159218,20260820,ITA,ITA,IRN,IRN,61,61,6,2,6.4,2,1,2,-3.19829424307036,https://www.mondaq.com:443/unitedstates/export-controls-trade-investment-sanctions/1833450/can-a-us-parent-require-an-eu-subsidiary-to-violate-eu-law,0.18,0.659914712153518,0.3719658848614072,0.7439317697228144
1319159427,20260820,PAK,PAK,IRN,IRN,40,40,4,1,1.0,1,1,1,-2.52252252252252,https://fpif.org/the-mecca-pact-wasnt-built-to-corner-iran/,0.45,0.626126126126126,0.5204504504504504,0.5204504504504504
1319159428,20260820,PAK,PAK,IRN,IRN,42,42,4,1,1.9,8,1,8,-2.52252252252252,https://fpif.org/the-mecca-pact-wasnt-built-to-corner-iran/,0.40499999999999997,0.626126126126126,0.49345045045045033,3.9476036036036026
1319159429,20260820,PAK,PAK,IRN,IRN,42,42,4,1,1.9,2,1,2,-2.52252252252252,https://fpif.org/the-mecca-pact-wasnt-built-to-corner-iran/,0.40499999999999997,0.626126126126126,0.49345045045045033,0.9869009009009007
1319159444,20260820,PRK,PRK,IRN,IRN,36,36,3,1,4.0,1,1,1,-0.61349693251533,https://punchng.com/north-korea-fires-missiles-hours-after-trump-announces-kim-meeting/,0.3,0.5306748466257665,0.39226993865030657,0.39226993865030657
1319159651,20260820,USA,USA,IRN,IRN,57,57,5,1,8.0,2,1,2,-6.61157024793389,https://english.news.cn/20260820/9826b66644934963b57aa975d1ec36b0/c.html,0.1,0.8305785123966946,0.39223140495867787,0.7844628099173557
1319159652,20260820,USA,USA,IRN,IRN,57,57,5,1,8.0,6,1,6,-6.61157024793389,https://english.news.cn/20260820/9826b66644934963b57aa975d1ec36b0/c.html,0.1,0.8305785123966946,0.39223140495867787,2.353388429752067
1319159653,20260820,USA,USA,IRN,IRN,61,61,6,2,6.4,5,1,5,-3.19829424307036,https://www.mondaq.com:443/unitedstates/export-controls-trade-investment-sanctions/1833450/can-a-us-parent-require-an-eu-subsidiary-to-violate-eu-law,0.18,0.659914712153518,0.3719658848614072,1.859829424307036
1319159654,20260820,USA,USA,IRN,IRN,163,163,16,4,-8.0,2,1,2,-3.19829424307036,https://www.mondaq.com:443/unitedstates/export-controls-trade-investment-sanctions/1833450/can-a-us-parent-require-an-eu-subsidiary-to-violate-eu-law,0.9,0.659914712153518,0.8039658848614073,1.6079317697228146
1319159655,20260820,USA,USA,IRN,IRN,190,190,19,4,-10.0,2,1,2,-6.61157024793389,https://english.news.cn/20260820/9826b66644934963b57aa975d1ec36b0/c.html,1.0,0.8305785123966946,0.9322314049586778,1.8644628099173557
1319159656,20260820,USA,USA,IRN,IRN,190,190,19,4,-10.0,1,1,1,-6.61157024793389,https://english.news.cn/20260820/9826b66644934963b57aa975d1ec36b0/c.html,1.0,0.8305785123966946,0.9322314049586778,0.9322314049586778
1319159657,20260820,USA,USA,IRN,IRN,190,190,19,4,-10.0,5,1,5,-6.61157024793389,https://english.news.cn/20260820/9826b66644934963b57aa975d1ec36b0/c.html,1.0,0.8305785123966946,0.9322314049586778,4.661157024793389
1319160943,20260820,,,IRN,IRN,170,170,17,4,-7.0,9,1,9,-9.35251798561151,https://www.khaama.com/iran-executes-afghan-national-over-isfahan-protest-case/,0.85,0.9676258992805755,0.8970503597122302,8.073453237410073
1319160944,20260820,,,IRN,IRN,170,170,17,4,-7.0,1,1,1,-9.35251798561151,https://www.khaama.com/iran-executes-afghan-national-over-isfahan-protest-case/,0.85,0.9676258992805755,0.8970503597122302,0.8970503597122302
1319161108,20260820,CHN,CHN,IRN,IRN,1244,124,12,3,-4.0,2,1,2,-10.2362204724409,https://www.khaama.com/trump-warns-countries-supporting-iran-of-severe-economic-consequences/,0.7,1.0,0.8200000000000001,1.6400000000000001
1319161109,20260820,CHN,CHN,IRN,IRN,1244,124,12,3,-4.0,1,1,1,-10.2362204724409,https://www.khaama.com/trump-warns-countries-supporting-iran-of-severe-economic-consequences/,0.7,1.0,0.8200000000000001,0.8200000000000001
1319161110,20260820,CHN,CHN,IRN,IRN,138,138,13,3,-7.0,2,1,2,-5.88235294117647,https://www.business-standard.com/world-news/china-says-donald-trump-s-economic-warfare-won-t-solve-iran-crisis-126082001037_1.html,0.85,0.7941176470588236,0.8276470588235294,1.6552941176470588
1319161111,20260820,CHN,CHN,IRN,IRN,138,138,13,3,-7.0,3,1,3,-5.88235294117647,https://www.business-standard.com/world-news/china-says-donald-trump-s-economic-warfare-won-t-solve-iran-crisis-126082001037_1.html,0.85,0.7941176470588236,0.8276470588235294,2.482941176470588
1319161473,20260820,IGOEUREEC,EUR,IRN,IRN,10,10,1,1,0.0,2,1,2,0.76923076923077,https://newsmakers.pk/eu-and-uae-accelerate-trade-talks-amid-regional-tensions/,0.5,0.4615384615384615,0.4846153846153846,0.9692307692307692
1319161474,20260820,IGOEUREEC,EUR,IRN,IRN,10,10,1,1,0.0,2,1,2,0.76923076923077,https://newsmakers.pk/eu-and-uae-accelerate-trade-talks-amid-regional-tensions/,0.5,0.4615384615384615,0.4846153846153846,0.9692307692307692
1319161504,20260820,IRN,IRN,AFG,AFG,186,186,18,4,-10.0,2,1,2,-9.35251798561151,https://www.khaama.com/iran-executes-afghan-national-over-isfahan-protest-case/,1.0,0.9676258992805755,0.9870503597122302,1.9741007194244604
1319161505,20260820,IRN,IRN,AFG,AFG,186,186,18,4,-10.0,1,1,1,-9.35251798561151,https://www.khaama.com/iran-executes-afghan-national-over-isfahan-protest-case/,1.0,0.9676258992805755,0.9870503597122302,0.9870503597122302
1319161506,20260820,IRN,IRN,ARE,ARE,112,112,11,3,-2.0,4,1,4,-5.88235294117647,https://www.business-standard.com/world-news/china-says-donald-trump-s-economic-warfare-won-t-solve-iran-crisis-126082001037_1.html,0.6,0.7941176470588236,0.6776470588235295,2.710588235294118
1319161507,20260820,IRN,IRN,ARE,ARE,112,112,11,3,-2.0,1,1,1,-5.88235294117647,https://www.business-standard.com/world-news/china-says-donald-trump-s-economic-warfare-won-t-solve-iran-crisis-126082001037_1.html,0.6,0.7941176470588236,0.6776470588235295,0.6776470588235295
1319161508,20260820,IRN,IRN,EURCVL,EUR,15,15,1,1,0.0,10,1,10,0.76923076923077,https://newsmakers.pk/eu-and-uae-accelerate-trade-talks-amid-regional-tensions/,0.5,0.4615384615384615,0.4846153846153846,4.846153846153846
1319161509,20260820,IRN,IRN,GOV,,12,12,1,1,-0.4,1,1,1,-11.864406779661,https://www.business-standard.com/world-news/iran-says-trump-s-economic-d-day-is-a-diversion-from-us-domestic-problems-126082001027_1.html,0.52,1.0,0.712,0.712
1319161510,20260820,IRN,IRN,GOV,,51,51,5,1,3.4,13,2,13,-1.59904855937528,https://newsmakers.pk/eu-and-uae-accelerate-trade-talks-amid-regional-tensions/,0.32999999999999996,0.579952427968764,0.42998097118750556,5.589752625437573
1319161511,20260820,IRN,IRN,GOV,,120,120,12,3,-4.0,8,1,8,-10.2362204724409,https://www.khaama.com/trump-warns-countries-supporting-iran-of-severe-economic-consequences/,0.7,1.0,0.8200000000000001,6.5600000000000005
1319161512,20260820,IRN,IRN,IRNGOV,IRN,10,10,1,1,0.0,8,3,8,-8.04945785632452,https://www.khaama.com/trump-warns-countries-supporting-iran-of-severe-economic-consequences/,0.5,0.902472892816226,0.6609891571264904,5.287913257011923
1319161513,20260820,IRN,IRN,IRNGOV,IRN,12,12,1,1,-0.4,1,1,1,-11.864406779661,https://www.business-standard.com/world-news/iran-says-trump-s-economic-d-day-is-a-diversion-from-us-domestic-problems-126082001027_1.html,0.52,1.0,0.712,0.712
1319161514,20260820,IRN,IRN,IRNGOV,IRN,120,120,12,3,-4.0,2,1,2,-10.2362204724409,https://www.khaama.com/trump-warns-countries-supporting-iran-of-severe-economic-consequences/,0.7,1.0,0.8200000000000001,1.6400000000000001
1319161515,20260820,IRN,IRN,IRNJUD,IRN,114,114,11,3,-2.0,5,1,5,-9.35251798561151,https://www.khaama.com/iran-executes-afghan-national-over-isfahan-protest-case/,0.6,0.9676258992805755,0.7470503597122302,3.7352517985611513
1319161516,20260820,IRN,IRN,MIL,,190,190,19,4,-10.0,10,1,10,-9.35251798561151,https://www.khaama.com/iran-executes-afghan-national-over-isfahan-protest-case/,1.0,0.9676258992805755,0.9870503597122302,9.870503597122301
1319161517,20260820,IRN,IRN,OMN,OMN,164,164,16,4,-7.0,1,1,1,-1.65745856353591,https://newsmakers.pk/pakistans-role-as-mediator-in-us-iran-conflict-under-scrutiny/,0.85,0.5828729281767955,0.7431491712707182,0.7431491712707182
1319161518,20260820,IRN,IRN,OMN,OMN,164,164,16,4,-7.0,4,1,4,-1.65745856353591,https://newsmakers.pk/pakistans-role-as-mediator-in-us-iran-conflict-under-scrutiny/,0.85,0.5828729281767955,0.7431491712707182,2.972596685082873
1319161519,20260820,IRN,IRN,TKM,TKM,40,40,4,1,1.0,24,2,24,-2.7681660899654,https://www.albawaba.com/news/russia-shipping-weaponry-iran-through-1635455,0.45,0.63840830449827,0.5253633217993081,12.608719723183395
1319161520,20260820,IRN,IRN,TKM,TKM,46,46,4,1,7.0,24,2,24,-2.7681660899654,https://www.albawaba.com/news/russia-shipping-weaponry-iran-through-1635455,0.15,0.63840830449827,0.34536332179930807,8.288719723183394
1319161521,20260820,IRN,IRN,UKR,UKR,60,60,6,2,6.0,1,1,1,0.76923076923077,https://newsmakers.pk/eu-and-uae-accelerate-trade-talks-amid-regional-tensions/,0.2,0.4615384615384615,0.3046153846153846,0.3046153846153846
1319161522,20260820,IRN,IRN,UKR,UKR,60,60,6,2,6.0,1,1,1,0.76923076923077,https://newsmakers.pk/eu-and-uae-accelerate-trade-talks-amid-regional-tensions/,0.2,0.4615384615384615,0.3046153846153846,0.3046153846153846
1319161523,20260820,IRN,IRN,USA,USA,12,12,1,1,-0.4,3,1,3,-11.864406779661,https://www.business-standard.com/world-news/iran-says-trump-s-economic-d-day-is-a-diversion-from-us-domestic-problems-126082001027_1.html,0.52,1.0,0.712,2.136
1319161524,20260820,IRNGOV,IRN,IRN,IRN,1123,112,11,3,-2.0,10,1,10,-9.35251798561151,https://www.khaama.com/iran-executes-afghan-national-over-isfahan-protest-case/,0.6,0.9676258992805755,0.7470503597122302,7.470503597122303
1319161724,20260820,OMN,OMN,IRN,IRN,164,164,16,4,-7.0,1,1,1,-1.65745856353591,https://newsmakers.pk/pakistans-role-as-mediator-in-us-iran-conflict-under-scrutiny/,0.85,0.5828729281767955,0.7431491712707182,0.7431491712707182
1319161725,20260820,OMN,OMN,IRN,IRN,164,164,16,4,-7.0,4,1,4,-1.65745856353591,https://newsmakers.pk/pakistans-role-as-mediator-in-us-iran-conflict-under-scrutiny/,0.85,0.5828729281767955,0.7431491712707182,2.972596685082873
1319161835,20260820,TKM,TKM,IRN,IRN,40,40,4,1,1.0,24,2,24,-2.7681660899654,https://www.albawaba.com/news/russia-shipping-weaponry-iran-through-1635455,0.45,0.63840830449827,0.5253633217993081,12.608719723183395
1319161836,20260820,TKM,TKM,IRN,IRN,46,46,4,1,7.0,24,2,24,-2.7681660899654,https://www.albawaba.com/news/russia-shipping-weaponry-iran-through-1635455,0.15,0.63840830449827,0.34536332179930807,8.288719723183394
1319161870,20260820,UKR,UKR,IRN,IRN,60,60,6,2,6.0,1,1,1,0.76923076923077,https://newsmakers.pk/eu-and-uae-accelerate-trade-talks-amid-regional-tensions/,0.2,0.4615384615384615,0.3046153846153846,0.3046153846153846
1319161871,20260820,UKR,UKR,IRN,IRN,60,60,6,2,6.0,1,1,1,0.76923076923077,https://newsmakers.pk/eu-and-uae-accelerate-trade-talks-amid-regional-tensions/,0.2,0.4615384615384615,0.3046153846153846,0.3046153846153846
1319161982,20260820,USA,USA,IRN,IRN,61,61,6,2,6.4,1,1,1,-5.88235294117647,https://www.business-standard.com/world-news/china-says-donald-trump-s-economic-warfare-won-t-solve-iran-crisis-126082001037_1.html,0.18,0.7941176470588236,0.42564705882352943,0.42564705882352943
1319161983,20260820,USA,USA,IRN,IRN,61,61,6,2,6.4,10,4,10,-5.12671362004682,https://www.business-standard.com/world-news/china-says-donald-trump-s-economic-warfare-won-t-solve-iran-crisis-126082001037_1.html,0.18,0.7563356810023409,0.4105342724009364,4.105342724009364
1319162993,20260820,ARM,ARM,IRN,IRN,12,12,1,1,-0.4,3,1,3,-2.96296296296296,https://en.apa.az/cis-countries/pashinyan-armenia-very-concerned-about-situation-involving-us-iran-521018,0.52,0.648148148148148,0.5712592592592592,1.7137777777777776
1319162994,20260820,ARM,ARM,IRN,IRN,12,12,1,1,-0.4,2,1,2,-2.96296296296296,https://en.apa.az/cis-countries/pashinyan-armenia-very-concerned-about-situation-involving-us-iran-521018,0.52,0.648148148148148,0.5712592592592592,1.1425185185185185
1319162995,20260820,ARM,ARM,IRN,IRN,12,12,1,1,-0.4,2,1,2,-2.96296296296296,https://en.apa.az/cis-countries/pashinyan-armenia-very-concerned-about-situation-involving-us-iran-521018,0.52,0.648148148148148,0.5712592592592592,1.1425185185185185
1319163003,20260820,ARMGOV,ARM,IRN,IRN,12,12,1,1,-0.4,2,1,2,-2.96296296296296,https://en.apa.az/cis-countries/pashinyan-armenia-very-concerned-about-situation-involving-us-iran-521018,0.52,0.648148148148148,0.5712592592592592,1.1425185185185185
1319163004,20260820,ARMGOV,ARM,IRN,IRN,12,12,1,1,-0.4,4,1,4,-2.96296296296296,https://en.apa.az/cis-countries/pashinyan-armenia-very-concerned-about-situation-involving-us-iran-521018,0.52,0.648148148148148,0.5712592592592592,2.285037037037037
1319163551,20260820,GOV,,IRN,IRN,43,43,4,1,2.8,8,2,8,-4.33716408033299,https://www.independent.co.uk/news/world/americas/us-politics/trump-iran-war-bill-o-reilly-loser-b3036264.html,0.36,0.7168582040166495,0.5027432816066598,4.021946252853279
1319163552,20260820,GOV,,IRN,IRN,130,130,13,3,-4.4,8,1,8,-3.76432078559738,https://www.whyisrael.org/jns-org/trump-declares-economic-d-day-for-iran/,0.72,0.6882160392798691,0.7072864157119476,5.658291325695581
1319163553,20260820,GOV,,IRN,IRN,130,130,13,3,-4.4,10,2,10,-3.34201440739723,https://www.whyisrael.org/jns-org/trump-declares-economic-d-day-for-iran/,0.72,0.6671007203698615,0.6988402881479445,6.988402881479445
1319163554,20260820,GOV,,IRN,IRN,180,180,18,4,-9.0,8,1,8,-3.76432078559738,https://www.whyisrael.org/jns-org/trump-declares-economic-d-day-for-iran/,0.95,0.6882160392798691,0.8452864157119475,6.76229132569558
1319163699,20260820,IRN,IRN,ARM,ARM,12,12,1,1,-0.4,1,1,1,-2.96296296296296,https://en.apa.az/cis-countries/pashinyan-armenia-very-concerned-about-situation-involving-us-iran-521018,0.52,0.648148148148148,0.5712592592592592,0.5712592592592592
1319163700,20260820,IRN,IRN,ARM,ARM,12,12,1,1,-0.4,1,1,1,-2.96296296296296,https://en.apa.az/cis-countries/pashinyan-armenia-very-concerned-about-situation-involving-us-iran-521018,0.52,0.648148148148148,0.5712592592592592,0.5712592592592592
1319163701,20260820,IRN,IRN,CANGOV,CAN,36,36,3,1,4.0,1,1,1,-3.22916666666667,https://www.cp24.com/news/canada/2026/08/20/conservative-leader-invites-irans-exiled-crown-prince-to-canada/,0.3,0.6614583333333335,0.4445833333333334,0.4445833333333334
1319163702,20260820,IRN,IRN,GOV,,25,25,2,1,-0.3,2,1,2,-6.16174582798459,https://nypost.com/2026/08/20/us-news/iran-protest-survivor-raheleh-amiri-slams-screaming-mary-sons-bid-to-stay-in-us/,0.515,0.8080872913992294,0.6322349165596918,1.2644698331193835
1319163703,20260820,IRN,IRN,GOV,,25,25,2,1,-0.3,2,1,2,-6.16174582798459,https://nypost.com/2026/08/20/us-news/iran-protest-survivor-raheleh-amiri-slams-screaming-mary-sons-bid-to-stay-in-us/,0.515,0.8080872913992294,0.6322349165596918,1.2644698331193835
1319163704,20260820,IRN,IRN,GOV,,42,42,4,1,1.9,8,2,8,-4.33716408033299,https://www.independent.co.uk/news/world/americas/us-politics/trump-iran-war-bill-o-reilly-loser-b3036264.html,0.40499999999999997,0.7168582040166495,0.5297432816066597,4.237946252853278
1319163705,20260820,IRN,IRN,IRNGOV,IRN,42,42,4,1,1.9,1,1,1,-3.20945945945946,https://www.independent.co.uk/news/world/americas/us-politics/trump-iran-war-bill-o-reilly-loser-b3036264.html,0.40499999999999997,0.660472972972973,0.5071891891891892,0.5071891891891892
1319163706,20260820,IRN,IRN,IRNGOV,IRN,110,110,11,3,-2.0,2,1,2,-9.43877551020411,https://kashmirlife.net/trump-threatens-tougher-economic-measures-against-iran-its-allies-448419/,0.6,0.9719387755102055,0.7487755102040822,1.4975510204081643
1319163707,20260820,IRN,IRN,IRQ,IRQ,46,46,4,1,7.0,2,1,2,-5.52763819095477,https://news.az/news/us-interference-is-source-of-regional-instability-iran-s-qalibaf-t-ells-iraqi-speaker,0.15,0.7763819095477384,0.40055276381909544,0.8011055276381909
1319163708,20260820,IRN,IRN,ISR,ISR,46,46,4,1,7.0,1,1,1,-3.76432078559738,https://www.whyisrael.org/jns-org/trump-declares-economic-d-day-for-iran/,0.15,0.6882160392798691,0.36528641571194764,0.36528641571194764
1319163709,20260820,IRN,IRN,ISR,ISR,46,46,4,1,7.0,1,1,1,-3.76432078559738,https://www.whyisrael.org/jns-org/trump-declares-economic-d-day-for-iran/,0.15,0.6882160392798691,0.36528641571194764,0.36528641571194764
1319163710,20260820,IRN,IRN,ISR,ISR,50,50,5,1,3.5,1,1,1,-3.76432078559738,https://www.whyisrael.org/jns-org/trump-declares-economic-d-day-for-iran/,0.325,0.6882160392798691,0.4702864157119476,0.4702864157119476
1319163711,20260820,IRN,IRN,ISR,ISR,50,50,5,1,3.5,1,1,1,-3.76432078559738,https://www.whyisrael.org/jns-org/trump-declares-economic-d-day-for-iran/,0.325,0.6882160392798691,0.4702864157119476,0.4702864157119476
1319163712,20260820,IRN,IRN,ISR,ISR,51,51,5,1,3.4,2,1,2,-5.52763819095477,https://news.az/news/us-interference-is-source-of-regional-instability-iran-s-qalibaf-t-ells-iraqi-speaker,0.32999999999999996,0.7763819095477384,0.5085527638190954,1.0171055276381908
1319163713,20260820,IRN,IRN,ISR,ISR,111,111,11,3,-2.0,24,4,24,-7.2716707385877,https://www.cp24.com/news/world/2026/08/20/iran-dismisses-us-economic-threats-and-other-developments-in-the-middle-east/,0.6,0.863583536929385,0.705433414771754,16.930401954522097
1319163714,20260820,IRN,IRN,ISR,ISR,111,111,11,3,-2.0,4,3,4,-7.34220657663467,https://www.cp24.com/news/world/2026/08/20/iran-dismisses-us-economic-threats-and-other-developments-in-the-middle-east/,0.6,0.8671103288317334,0.7068441315326934,2.8273765261307737
1319163715,20260820,IRN,IRN,ISR,ISR,120,120,12,3,-4.0,2,1,2,-9.43877551020411,https://kashmirlife.net/trump-threatens-tougher-economic-measures-against-iran-its-allies-448419/,0.7,0.9719387755102055,0.8087755102040821,1.6175510204081642
1319163716,20260820,IRN,IRN,ISR,ISR,120,120,12,3,-4.0,6,1,6,-9.43877551020411,https://kashmirlife.net/trump-threatens-tougher-economic-measures-against-iran-its-allies-448419/,0.7,0.9719387755102055,0.8087755102040821,4.852653061224492
1319163717,20260820,IRN,IRN,ISR,ISR,120,120,12,3,-4.0,2,1,2,-9.43877551020411,https://kashmirlife.net/trump-threatens-tougher-economic-measures-against-iran-its-allies-448419/,0.7,0.9719387755102055,0.8087755102040821,1.6175510204081642
1319163718,20260820,IRN,IRN,ISR,ISR,130,130,13,3,-4.4,2,1,2,-4.21393841166937,https://www.independent.co.uk/news/uk/home-news/russia-putin-iran-threats-uk-europe-defence-b3035532.html,0.72,0.7106969205834686,0.7162787682333874,1.4325575364667749
1319163719,20260820,IRN,IRN,ISR,ISR,130,130,13,3,-4.4,8,1,8,-4.21393841166937,https://www.independent.co.uk/news/uk/home-news/russia-putin-iran-threats-uk-europe-defence-b3035532.html,0.72,0.7106969205834686,0.7162787682333874,5.7302301458670994
1319163720,20260820,IRN,IRN,SAUGOV,SAU,10,10,1,1,0.0,1,1,1,-3.76432078559738,https://www.whyisrael.org/jns-org/trump-declares-economic-d-day-for-iran/,0.5,0.6882160392798691,0.5752864157119476,0.5752864157119476
1319163721,20260820,IRN,IRN,SAUGOV,SAU,10,10,1,1,0.0,1,1,1,-3.76432078559738,https://www.whyisrael.org/jns-org/trump-declares-economic-d-day-for-iran/,0.5,0.6882160392798691,0.5752864157119476,0.5752864157119476
1319163722,20260820,IRN,IRN,SAUGOV,SAU,10,10,1,1,0.0,1,1,1,-3.76432078559738,https://www.whyisrael.org/jns-org/trump-declares-economic-d-day-for-iran/,0.5,0.6882160392798691,0.5752864157119476,0.5752864157119476
1319163723,20260820,IRN,IRN,SAUGOV,SAU,13,13,1,1,0.4,1,1,1,-3.76432078559738,https://www.whyisrael.org/jns-org/trump-declares-economic-d-day-for-iran/,0.48,0.6882160392798691,0.5632864157119476,0.5632864157119476
1319163724,20260820,IRN,IRN,USA,USA,10,10,1,1,0.0,4,1,4,-6.16174582798459,https://nypost.com/2026/08/20/us-news/iran-protest-survivor-raheleh-amiri-slams-screaming-mary-sons-bid-to-stay-in-us/,0.5,0.8080872913992294,0.6232349165596918,2.492939666238767
1319163725,20260820,IRN,IRN,USA,USA,25,25,2,1,-0.3,2,1,2,-6.16174582798459,https://nypost.com/2026/08/20/us-news/iran-protest-survivor-raheleh-amiri-slams-screaming-mary-sons-bid-to-stay-in-us/,0.515,0.8080872913992294,0.6322349165596918,1.2644698331193835
1319163726,20260820,IRN,IRN,USA,USA,25,25,2,1,-0.3,2,1,2,-6.16174582798459,https://nypost.com/2026/08/20/us-news/iran-protest-survivor-raheleh-amiri-slams-screaming-mary-sons-bid-to-stay-in-us/,0.515,0.8080872913992294,0.6322349165596918,1.2644698331193835
1319163727,20260820,IRN,IRN,USA,USA,50,50,5,1,3.5,1,1,1,-3.76432078559738,https://www.whyisrael.org/jns-org/trump-declares-economic-d-day-for-iran/,0.325,0.6882160392798691,0.4702864157119476,0.4702864157119476
1319163728,20260820,IRN,IRN,USA,USA,53,53,5,1,3.8,2,1,2,-5.52763819095477,https://news.az/news/us-interference-is-source-of-regional-instability-iran-s-qalibaf-t-ells-iraqi-speaker,0.31,0.7763819095477384,0.4965527638190954,0.9931055276381908
1319163729,20260820,IRN,IRN,USA,USA,130,130,13,3,-4.4,3,1,3,-4.21393841166937,https://www.independent.co.uk/news/uk/home-news/russia-putin-iran-threats-uk-europe-defence-b3035532.html,0.72,0.7106969205834686,0.7162787682333874,2.148836304700162
1319163730,20260820,IRN,IRN,USA,USA,130,130,13,3,-4.4,2,1,2,-4.21393841166937,https://www.independent.co.uk/news/uk/home-news/russia-putin-iran-threats-uk-europe-defence-b3035532.html,0.72,0.7106969205834686,0.7162787682333874,1.4325575364667749
1319163731,20260820,IRN,IRN,USA,USA,130,130,13,3,-4.4,5,1,5,-4.21393841166937,https://www.independent.co.uk/news/uk/home-news/russia-putin-iran-threats-uk-europe-defence-b3035532.html,0.72,0.7106969205834686,0.7162787682333874,3.5813938411669373
1319163732,20260820,IRN,IRN,USA,USA,181,181,18,4,-9.0,2,1,2,-6.16174582798459,https://nypost.com/2026/08/20/us-news/iran-protest-survivor-raheleh-amiri-slams-screaming-mary-sons-bid-to-stay-in-us/,0.95,0.8080872913992294,0.8932349165596918,1.7864698331193836
1319163733,20260820,IRN,IRN,USA,USA,181,181,18,4,-9.0,2,1,2,-6.16174582798459,https://nypost.com/2026/08/20/us-news/iran-protest-survivor-raheleh-amiri-slams-screaming-mary-sons-bid-to-stay-in-us/,0.95,0.8080872913992294,0.8932349165596918,1.7864698331193836
1319163734,20260820,IRNGOV,IRN,IRN,IRN,43,43,4,1,2.8,1,1,1,-3.20945945945946,https://www.independent.co.uk/news/world/americas/us-politics/trump-iran-war-bill-o-reilly-loser-b3036264.html,0.36,0.660472972972973,0.4801891891891892,0.4801891891891892
1319163735,20260820,IRNGOV,IRN,IRN,IRN,181,181,18,4,-9.0,3,1,3,-6.16174582798459,https://nypost.com/2026/08/20/us-news/iran-protest-survivor-raheleh-amiri-slams-screaming-mary-sons-bid-to-stay-in-us/,0.95,0.8080872913992294,0.8932349165596918,2.6797047496790753
1319163736,20260820,IRNGOV,IRN,IRN,IRN,181,181,18,4,-9.0,3,1,3,-6.16174582798459,https://nypost.com/2026/08/20/us-news/iran-protest-survivor-raheleh-amiri-slams-screaming-mary-sons-bid-to-stay-in-us/,0.95,0.8080872913992294,0.8932349165596918,2.6797047496790753
1319163737,20260820,IRQ,IRQ,IRN,IRN,46,46,4,1,7.0,3,2,3,-2.22865089975873,https://news.az/news/us-interference-is-source-of-regional-instability-iran-s-qalibaf-t-ells-iraqi-speaker,0.15,0.6114325449879365,0.3345730179951746,1.0037190539855239
1319163743,20260820,ISR,ISR,IRN,IRN,46,46,4,1,7.0,1,1,1,-3.76432078559738,https://www.whyisrael.org/jns-org/trump-declares-economic-d-day-for-iran/,0.15,0.6882160392798691,0.36528641571194764,0.36528641571194764
1319163744,20260820,ISR,ISR,IRN,IRN,46,46,4,1,7.0,1,1,1,-3.76432078559738,https://www.whyisrael.org/jns-org/trump-declares-economic-d-day-for-iran/,0.15,0.6882160392798691,0.36528641571194764,0.36528641571194764
1319163745,20260820,ISR,ISR,IRN,IRN,50,50,5,1,3.5,1,1,1,-3.76432078559738,https://www.whyisrael.org/jns-org/trump-declares-economic-d-day-for-iran/,0.325,0.6882160392798691,0.4702864157119476,0.4702864157119476
1319163746,20260820,ISR,ISR,IRN,IRN,50,50,5,1,3.5,1,1,1,-3.76432078559738,https://www.whyisrael.org/jns-org/trump-declares-economic-d-day-for-iran/,0.325,0.6882160392798691,0.4702864157119476,0.4702864157119476
1319163767,20260820,ISRGOV,ISR,IRN,IRN,331,33,3,1,5.2,2,1,2,-3.76432078559738,https://www.whyisrael.org/jns-org/trump-declares-economic-d-day-for-iran/,0.24,0.6882160392798691,0.4192864157119476,0.8385728314238952
1319163768,20260820,ISRGOV,ISR,IRN,IRN,180,180,18,4,-9.0,2,1,2,-3.76432078559738,https://www.whyisrael.org/jns-org/trump-declares-economic-d-day-for-iran/,0.95,0.6882160392798691,0.8452864157119475,1.690572831423895
1319163969,20260820,MIL,,IRN,IRN,16,16,1,1,-2.0,5,1,5,-3.20945945945946,https://www.independent.co.uk/news/world/americas/us-politics/trump-iran-war-bill-o-reilly-loser-b3036264.html,0.6,0.660472972972973,0.6241891891891892,3.120945945945946
1319163970,20260820,MIL,,IRN,IRN,16,16,1,1,-2.0,1,1,1,-3.20945945945946,https://www.independent.co.uk/news/world/americas/us-politics/trump-iran-war-bill-o-reilly-loser-b3036264.html,0.6,0.660472972972973,0.6241891891891892,0.6241891891891892
1319163971,20260820,MIL,,IRN,IRN,16,16,1,1,-2.0,1,1,1,-3.20945945945946,https://www.independent.co.uk/news/world/americas/us-politics/trump-iran-war-bill-o-reilly-loser-b3036264.html,0.6,0.660472972972973,0.6241891891891892,0.6241891891891892
1319164333,20260820,USA,USA,IRN,IRN,50,50,5,1,3.5,1,1,1,-3.76432078559738,https://www.whyisrael.org/jns-org/trump-declares-economic-d-day-for-iran/,0.325,0.6882160392798691,0.4702864157119476,0.4702864157119476
1319164334,20260820,USA,USA,IRN,IRN,110,110,11,3,-2.0,1,1,1,-6.16174582798459,https://nypost.com/2026/08/20/us-news/iran-protest-survivor-raheleh-amiri-slams-screaming-mary-sons-bid-to-stay-in-us/,0.6,0.8080872913992294,0.6832349165596918,0.6832349165596918
1319164335,20260820,USA,USA,IRN,IRN,110,110,11,3,-2.0,1,1,1,-6.16174582798459,https://nypost.com/2026/08/20/us-news/iran-protest-survivor-raheleh-amiri-slams-screaming-mary-sons-bid-to-stay-in-us/,0.6,0.8080872913992294,0.6832349165596918,0.6832349165596918
1319164336,20260820,USA,USA,IRN,IRN,174,174,17,4,-5.0,2,1,2,-6.16174582798459,https://nypost.com/2026/08/20/us-news/iran-protest-survivor-raheleh-amiri-slams-screaming-mary-sons-bid-to-stay-in-us/,0.75,0.8080872913992294,0.7732349165596917,1.5464698331193834
1319164337,20260820,USA,USA,IRN,IRN,174,174,17,4,-5.0,2,1,2,-6.16174582798459,https://nypost.com/2026/08/20/us-news/iran-protest-survivor-raheleh-amiri-slams-screaming-mary-sons-bid-to-stay-in-us/,0.75,0.8080872913992294,0.7732349165596917,1.5464698331193834
1319164338,20260820,USA,USA,IRNGOV,IRN,181,181,18,4,-9.0,3,1,3,-6.16174582798459,https://nypost.com/2026/08/20/us-news/iran-protest-survivor-raheleh-amiri-slams-screaming-mary-sons-bid-to-stay-in-us/,0.95,0.8080872913992294,0.8932349165596918,2.6797047496790753
1319164339,20260820,USA,USA,IRNGOV,IRN,181,181,18,4,-9.0,3,1,3,-6.16174582798459,https://nypost.com/2026/08/20/us-news/iran-protest-survivor-raheleh-amiri-slams-screaming-mary-sons-bid-to-stay-in-us/,0.95,0.8080872913992294,0.8932349165596918,2.6797047496790753
1319165980,20260820,GOV,,IRN,IRN,71,71,7,2,7.4,54,7,54,-1.59778835542019,https://www.winnipegfreepress.com/world/2026/08/20/the-latest-the-us-national-debt-hits-a-record-40-trillion,0.12999999999999998,0.5798894177710096,0.3099557671084038,16.737611423853803
1319165981,20260820,GOV,,IRNGOV,IRN,71,71,7,2,7.4,12,6,12,-1.65868735362402,http://www.bozemandailychronicle.com/wire/politics/the-latest-the-us-national-debt-hits-a-record-40-trillion/article_95924c44-ff27-5e80-bc1d-265563cfe0a5.html,0.12999999999999998,0.582934367681201,0.31117374707248036,3.7340849648697643
1319166087,20260820,IRN,IRN,SAU,SAU,110,110,11,3,-2.0,5,1,5,-1.50943396226415,https://www.express.co.uk/news/world/2240980/yemen-tanker-boarded-and-seized,0.6,0.5754716981132075,0.5901886792452831,2.9509433962264153
1319166088,20260820,IRN,IRN,USA,USA,57,57,5,1,8.0,1,1,1,-0.29761904761904,https://www.newsweek.com/donald-trump-summit-kim-jong-un-12346935,0.1,0.514880952380952,0.26595238095238083,0.26595238095238083
1319166494,20260820,USA,USA,IRN,IRN,12,12,1,1,-0.4,10,5,10,-1.26503622331256,http://www.bozemandailychronicle.com/wire/politics/the-latest-the-us-national-debt-hits-a-record-40-trillion/article_95924c44-ff27-5e80-bc1d-265563cfe0a5.html,0.52,0.563251811165628,0.5373007244662512,5.373007244662512
1319166495,20260820,USA,USA,IRN,IRN,57,57,5,1,8.0,1,1,1,-0.29761904761904,https://www.newsweek.com/donald-trump-summit-kim-jong-un-12346935,0.1,0.514880952380952,0.26595238095238083,0.26595238095238083
1319166496,20260820,USA,USA,IRN,IRN,138,138,13,3,-7.0,2,1,2,-0.10040160642571,https://www.newsweek.com/nuclear-weapons-trump-said-quiet-part-out-loud-north-korea-12347110,0.85,0.5050200803212854,0.7120080321285142,1.4240160642570283
1319166497,20260820,USA,USA,IRN,IRN,138,138,13,3,-7.0,2,1,2,-0.10040160642571,https://www.newsweek.com/nuclear-weapons-trump-said-quiet-part-out-loud-north-korea-12347110,0.85,0.5050200803212854,0.7120080321285142,1.4240160642570283
1319167709,20260820,CHN,CHN,IRN,IRN,138,138,13,3,-7.0,2,1,2,-3.49206349206349,https://udaipurkiran.com/china-criticizes-trumps-economic-campaign-against-iran/,0.85,0.6746031746031745,0.7798412698412698,1.5596825396825396
1319167710,20260820,CHN,CHN,IRN,IRN,138,138,13,3,-7.0,2,1,2,-3.49206349206349,https://udaipurkiran.com/china-criticizes-trumps-economic-campaign-against-iran/,0.85,0.6746031746031745,0.7798412698412698,1.5596825396825396
1319167711,20260820,CHN,CHN,IRN,IRN,163,163,16,4,-8.0,2,1,2,-3.49206349206349,https://udaipurkiran.com/china-criticizes-trumps-economic-campaign-against-iran/,0.9,0.6746031746031745,0.8098412698412698,1.6196825396825396
1319167712,20260820,CHN,CHN,IRN,IRN,163,163,16,4,-8.0,6,1,6,-3.49206349206349,https://udaipurkiran.com/china-criticizes-trumps-economic-campaign-against-iran/,0.9,0.6746031746031745,0.8098412698412698,4.859047619047619
1319167713,20260820,CHN,CHN,IRN,IRN,163,163,16,4,-8.0,2,1,2,-3.49206349206349,https://udaipurkiran.com/china-criticizes-trumps-economic-campaign-against-iran/,0.9,0.6746031746031745,0.8098412698412698,1.6196825396825396
1319167729,20260820,CHNGOV,CHN,IRN,IRN,130,130,13,3,-4.4,1,1,1,-3.49206349206349,https://udaipurkiran.com/china-criticizes-trumps-economic-campaign-against-iran/,0.72,0.6746031746031745,0.7018412698412698,0.7018412698412698
1319168052,20260820,GOV,,IRN,IRN,331,33,3,1,5.2,8,1,8,-3.76068376068376,https://www.ksnblocal4.com/2026/08/20/local4s-four-things-you-need-know-august-20-2026/,0.24,0.688034188034188,0.41921367521367525,3.353709401709402
1319168053,20260820,GOV,,IRN,IRN,130,130,13,3,-4.4,2,1,2,-3.49206349206349,https://udaipurkiran.com/china-criticizes-trumps-economic-campaign-against-iran/,0.72,0.6746031746031745,0.7018412698412698,1.4036825396825396
1319168054,20260820,GOV,,IRN,IRN,130,130,13,3,-4.4,6,1,6,-3.49206349206349,https://udaipurkiran.com/china-criticizes-trumps-economic-campaign-against-iran/,0.72,0.6746031746031745,0.7018412698412698,4.211047619047619
1319168055,20260820,GOV,,IRN,IRN,130,130,13,3,-4.4,18,2,18,-5.46978253033762,https://www.cbc.ca/news/world/iran-rejects-trump-economic-threat-9.7313735,0.72,0.7734891265168811,0.7413956506067525,13.345121710921545
1319168181,20260820,IRN,IRN,,,874,87,8,2,10.0,14,3,14,0.214413522546773,https://finance.yahoo.com/markets/stocks/articles/elmet-elmt-q2-2026-earnings-141459439.html,0.0,0.4892793238726614,0.19571172954906457,2.7399642136869042
1319168182,20260820,IRN,IRN,USA,USA,12,12,1,1,-0.4,2,1,2,-7.49128919860627,https://www.cbc.ca/news/world/iran-rejects-trump-economic-threat-9.7313735,0.52,0.8745644599303135,0.6618257839721254,1.3236515679442509
1319168183,20260820,IRN,IRN,USA,USA,40,40,4,1,1.0,4,2,4,1.27808466376739,https://finance.yahoo.com/markets/stocks/articles/elmet-elmt-q2-2026-earnings-141459439.html,0.45,0.43609576681163054,0.44443830672465223,1.777753226898609
1319168184,20260820,IRNGOV,IRN,IRN,IRN,331,33,3,1,5.2,2,1,2,-3.76068376068376,https://www.ksnblocal4.com/2026/08/20/local4s-four-things-you-need-know-august-20-2026/,0.24,0.688034188034188,0.41921367521367525,0.8384273504273505
1319168185,20260820,IRNGOV,IRN,USA,USA,110,110,11,3,-2.0,2,1,2,-3.76068376068376,https://www.ksnblocal4.com/2026/08/20/local4s-four-things-you-need-know-august-20-2026/,0.6,0.688034188034188,0.6352136752136752,1.2704273504273504
1319168713,20260820,USA,USA,IRN,IRN,40,40,4,1,1.0,4,2,4,1.27808466376739,https://finance.yahoo.com/markets/stocks/articles/elmet-elmt-q2-2026-earnings-141459439.html,0.45,0.43609576681163054,0.44443830672465223,1.777753226898609
1319168714,20260820,USA,USA,IRNGOV,IRN,130,130,13,3,-4.4,2,1,2,-3.76068376068376,https://www.ksnblocal4.com/2026/08/20/local4s-four-things-you-need-know-august-20-2026/,0.72,0.688034188034188,0.7072136752136753,1.4144273504273506
1319169880,20260820,,,IRN,IRN,31,31,3,1,5.2,12,2,12,-7.12948100588549,https://www.upi.com/Top_News/US/2026/08/20/trump-threatens-economic-operation-iran-oil-prices/4971787233729/,0.24,0.8564740502942744,0.4865896201177098,5.839075441412517
1319169881,20260820,,,IRN,IRN,31,31,3,1,5.2,8,2,8,-7.12948100588549,https://www.upi.com/Top_News/US/2026/08/20/trump-threatens-economic-operation-iran-oil-prices/4971787233729/,0.24,0.8564740502942744,0.4865896201177098,3.8927169609416783
1319169882,20260820,,,IRN,IRN,36,36,3,1,4.0,2,1,2,1.63304514889529,https://www.jpost.com/opinion/article-905759,0.3,0.4183477425552355,0.3473390970220942,0.6946781940441884
1319169883,20260820,,,IRN,IRN,36,36,3,1,4.0,8,1,8,1.63304514889529,https://www.jpost.com/opinion/article-905759,0.3,0.4183477425552355,0.3473390970220942,2.7787127761767536
1319170075,20260820,CHN,CHN,IRN,IRN,163,163,16,4,-8.0,2,1,2,-3.7542662116041,https://www.thenews.com.pk/latest/1412933-trumps-economic-d-day-on-iran-draws-response-from-china,0.9,0.687713310580205,0.8150853242320821,1.6301706484641643
1319170076,20260820,CHN,CHN,IRN,IRN,163,163,16,4,-8.0,8,1,8,-3.7542662116041,https://www.thenews.com.pk/latest/1412933-trumps-economic-d-day-on-iran-draws-response-from-china,0.9,0.687713310580205,0.8150853242320821,6.520682593856657
1319170089,20260820,CHNGOV,CHN,IRN,IRN,110,110,11,3,-2.0,5,1,5,-3.7542662116041,https://www.thenews.com.pk/latest/1412933-trumps-economic-d-day-on-iran-draws-response-from-china,0.6,0.687713310580205,0.635085324232082,3.17542662116041
1319170494,20260820,IRN,IRN,,,36,36,3,1,4.0,2,1,2,1.63304514889529,https://www.jpost.com/opinion/article-905759,0.3,0.4183477425552355,0.3473390970220942,0.6946781940441884
1319170495,20260820,IRN,IRN,,,36,36,3,1,4.0,8,1,8,1.63304514889529,https://www.jpost.com/opinion/article-905759,0.3,0.4183477425552355,0.3473390970220942,2.7787127761767536
1319170496,20260820,IRN,IRN,,,871,87,8,2,9.0,10,1,10,-3.7542662116041,https://www.thenews.com.pk/latest/1412933-trumps-economic-d-day-on-iran-draws-response-from-china,0.05,0.687713310580205,0.305085324232082,3.0508532423208203
1319170497,20260820,IRN,IRN,,,874,87,8,2,10.0,2,1,2,1.19771183410797,https://www.fool.com/earnings/call-transcripts/2026/08/20/elmet-elmt-q2-2026-earnings-call-transcript/?source=iedfolrf0000001,0.0,0.44011440829460147,0.1760457633178406,0.3520915266356812
1319170498,20260820,IRN,IRN,ISR,ISR,173,173,17,4,-5.0,16,1,16,-10.0311962134251,https://www.jpost.com/israel-news/crime-in-israel/article-906116,0.75,1.0,0.85,13.6
1319170499,20260820,IRN,IRN,OMN,OMN,46,46,4,1,7.0,8,1,8,-4.72764645426516,https://www.egyptindependent.com/trumps-threats-anger-omanis-leave-observers-puzzled/,0.15,0.736382322713258,0.38455292908530325,3.076423432682426
1319170500,20260820,IRN,IRN,OMN,OMN,46,46,4,1,7.0,2,1,2,-4.72764645426516,https://www.egyptindependent.com/trumps-threats-anger-omanis-leave-observers-puzzled/,0.15,0.736382322713258,0.38455292908530325,0.7691058581706065
1319170513,20260820,ISR,ISR,IRN,IRN,110,110,11,3,-2.0,4,1,4,-10.0311962134251,https://www.jpost.com/israel-news/crime-in-israel/article-906116,0.6,1.0,0.76,3.04
1319170514,20260820,ISR,ISR,IRN,IRN,110,110,11,3,-2.0,16,1,16,-10.0311962134251,https://www.jpost.com/israel-news/crime-in-israel/article-906116,0.6,1.0,0.76,12.16
1319170743,20260820,OMN,OMN,IRN,IRN,10,10,1,1,0.0,1,1,1,-4.72764645426516,https://www.egyptindependent.com/trumps-threats-anger-omanis-leave-observers-puzzled/,0.5,0.736382322713258,0.5945529290853032,0.5945529290853032
1319170744,20260820,OMN,OMN,IRN,IRN,10,10,1,1,0.0,2,1,2,-4.72764645426516,https://www.egyptindependent.com/trumps-threats-anger-omanis-leave-observers-puzzled/,0.5,0.736382322713258,0.5945529290853032,1.1891058581706064
1319170745,20260820,OMN,OMN,IRN,IRN,10,10,1,1,0.0,1,1,1,-4.72764645426516,https://www.egyptindependent.com/trumps-threats-anger-omanis-leave-observers-puzzled/,0.5,0.736382322713258,0.5945529290853032,0.5945529290853032
1319170746,20260820,OMN,OMN,IRN,IRN,10,10,1,1,0.0,2,1,2,-4.72764645426516,https://www.egyptindependent.com/trumps-threats-anger-omanis-leave-observers-puzzled/,0.5,0.736382322713258,0.5945529290853032,1.1891058581706064
1319170747,20260820,OMN,OMN,IRN,IRN,10,10,1,1,0.0,1,1,1,-4.72764645426516,https://www.egyptindependent.com/trumps-threats-anger-omanis-leave-observers-puzzled/,0.5,0.736382322713258,0.5945529290853032,0.5945529290853032
1319170748,20260820,OMN,OMN,IRN,IRN,10,10,1,1,0.0,1,1,1,-4.72764645426516,https://www.egyptindependent.com/trumps-threats-anger-omanis-leave-observers-puzzled/,0.5,0.736382322713258,0.5945529290853032,0.5945529290853032
1319170749,20260820,OMN,OMN,IRN,IRN,46,46,4,1,7.0,2,1,2,-4.72764645426516,https://www.egyptindependent.com/trumps-threats-anger-omanis-leave-observers-puzzled/,0.15,0.736382322713258,0.38455292908530325,0.7691058581706065
1319170750,20260820,OMN,OMN,IRN,IRN,46,46,4,1,7.0,8,1,8,-4.72764645426516,https://www.egyptindependent.com/trumps-threats-anger-omanis-leave-observers-puzzled/,0.15,0.736382322713258,0.38455292908530325,3.076423432682426
1319170751,20260820,OMNGOV,OMN,IRN,IRN,130,130,13,3,-4.4,1,1,1,-4.72764645426516,https://www.egyptindependent.com/trumps-threats-anger-omanis-leave-observers-puzzled/,0.72,0.736382322713258,0.7265529290853032,0.7265529290853032
1319170752,20260820,OMNGOV,OMN,IRN,IRN,130,130,13,3,-4.4,1,1,1,-4.72764645426516,https://www.egyptindependent.com/trumps-threats-anger-omanis-leave-observers-puzzled/,0.72,0.736382322713258,0.7265529290853032,0.7265529290853032
1319170836,20260820,RUS,RUS,IRN,IRN,130,130,13,3,-4.4,10,1,10,-5.61224489795919,https://www.themoscowtimes.com/2026/08/20/german-spy-agency-opens-hotline-for-exiled-russians-a93540,0.72,0.7806122448979596,0.7442448979591838,7.442448979591838
1319171013,20260820,USA,USA,IRN,IRN,14,14,1,1,0.0,6,3,6,3.29592217546175,https://aninews.in/news/world/asia/india-can-help-create-conditions-for-iran-us-agreement-iranian-consul-general-on-ending-west-asia-conflict20260820200245/,0.5,0.3352038912269125,0.43408155649076496,2.60448933894459
1319171014,20260820,USA,USA,IRN,IRN,14,14,1,1,0.0,6,3,6,3.29592217546175,https://aninews.in/news/world/asia/india-can-help-create-conditions-for-iran-us-agreement-iranian-consul-general-on-ending-west-asia-conflict20260820200245/,0.5,0.3352038912269125,0.43408155649076496,2.60448933894459
1319171015,20260820,USA,USA,IRN,IRN,14,14,1,1,0.0,19,4,19,2.23022892441399,https://aninews.in/news/world/asia/india-can-help-create-conditions-for-iran-us-agreement-iranian-consul-general-on-ending-west-asia-conflict20260820200245/,0.5,0.38848855377930047,0.4553954215117202,8.652513008722684
1319171866,20260820,,,IRN,IRN,46,46,4,1,7.0,8,1,8,-1.27478753541076,https://www.islamicinvitationturkey.com/qalibaf-us-source-of-disruption-to-regional-peace-exploiting-of-national-resources/,0.15,0.563739376770538,0.31549575070821523,2.523966005665722
1319171867,20260820,,,IRNGOV,IRN,180,180,18,4,-9.0,6,1,6,-2.67927501970055,https://www.presstv.co.uk/Detail/2026/08/20/774730/Operation-Ajax-1953-documentary-director-speaks-PressTV,0.95,0.6339637509850276,0.8235855003940109,4.941513002364065
1319172314,20260820,GOV,,IRN,IRN,43,43,4,1,2.8,3,1,3,-1.27478753541076,https://www.islamicinvitationturkey.com/qalibaf-us-source-of-disruption-to-regional-peace-exploiting-of-national-resources/,0.36,0.563739376770538,0.44149575070821523,1.3244872521246456
1319172315,20260820,GOV,,IRN,IRN,51,51,5,1,3.4,3,1,3,-1.27478753541076,https://www.islamicinvitationturkey.com/qalibaf-us-source-of-disruption-to-regional-peace-exploiting-of-national-resources/,0.32999999999999996,0.563739376770538,0.4234957507082152,1.2704872521246457
1319172316,20260820,GOV,,IRN,IRN,130,130,13,3,-4.4,10,1,10,-1.53846153846154,https://www.theepochtimes.com/epochtv/trump-announces-economic-warfare-on-iran-missouri-judge-clears-gop-backed-house-map-for-midterms-6077432,0.72,0.576923076923077,0.6627692307692308,6.627692307692308
1319172317,20260820,GOV,,IRNGOV,IRN,841,84,8,2,7.0,10,1,10,-2.35294117647058,https://www.presstv.co.uk/Detail/2026/08/20/774737/France-expels-Iranian-cultural-attach,0.15,0.617647058823529,0.33705882352941163,3.3705882352941163
1319172388,20260820,IRN,IRN,,,46,46,4,1,7.0,8,1,8,-1.27478753541076,https://www.islamicinvitationturkey.com/qalibaf-us-source-of-disruption-to-regional-peace-exploiting-of-national-resources/,0.15,0.563739376770538,0.31549575070821523,2.523966005665722
1319172389,20260820,IRN,IRN,,,120,120,12,3,-4.0,1,1,1,-4.74040632054176,https://www.semissourian.com/opinion/sauer-can-the-fcc-let-us-be-1c5ae0fc,0.7,0.7370203160270881,0.7148081264108352,0.7148081264108352
1319172390,20260820,IRN,IRN,CRM,,10,10,1,1,0.0,2,1,2,-1.27478753541076,https://www.islamicinvitationturkey.com/qalibaf-us-source-of-disruption-to-regional-peace-exploiting-of-national-resources/,0.5,0.563739376770538,0.5254957507082152,1.0509915014164304
1319172391,20260820,IRN,IRN,CRM,,10,10,1,1,0.0,1,1,1,-1.27478753541076,https://www.islamicinvitationturkey.com/qalibaf-us-source-of-disruption-to-regional-peace-exploiting-of-national-resources/,0.5,0.563739376770538,0.5254957507082152,0.5254957507082152
1319172392,20260820,IRN,IRN,GOV,,16,16,1,1,-2.0,2,2,2,-4.9855087420556,https://ianslive.in/irans-irgc-says-more-devastating-weapons-to-be-used-if-new-war-begins--20260820192835,0.6,0.74927543710278,0.659710174841112,1.319420349682224
1319172393,20260820,IRN,IRN,GOV,,16,16,1,1,-2.0,2,2,2,-4.9855087420556,https://ianslive.in/irans-irgc-says-more-devastating-weapons-to-be-used-if-new-war-begins--20260820192835,0.6,0.74927543710278,0.659710174841112,1.319420349682224
1319172394,20260820,IRN,IRN,GOV,,42,42,4,1,1.9,3,1,3,-1.27478753541076,https://www.islamicinvitationturkey.com/qalibaf-us-source-of-disruption-to-regional-peace-exploiting-of-national-resources/,0.40499999999999997,0.563739376770538,0.46849575070821514,1.4054872521246455
1319172395,20260820,IRN,IRN,IRNGOV,IRN,42,42,4,1,1.9,2,1,2,-1.27478753541076,https://www.islamicinvitationturkey.com/qalibaf-us-source-of-disruption-to-regional-peace-exploiting-of-national-resources/,0.40499999999999997,0.563739376770538,0.46849575070821514,0.9369915014164303
1319172396,20260820,IRN,IRN,IRNMIL,IRN,40,40,4,1,1.0,1,1,1,-2.73972602739726,https://www.islamicinvitationturkey.com/iran-warns-of-escalating-weaponry-in-event-of-new-conflict-irgc-official/,0.45,0.636986301369863,0.5247945205479452,0.5247945205479452
1319172397,20260820,IRN,IRN,IRQ,IRQ,17,17,1,1,0.0,4,1,4,-1.27478753541076,https://www.islamicinvitationturkey.com/qalibaf-us-source-of-disruption-to-regional-peace-exploiting-of-national-resources/,0.5,0.563739376770538,0.5254957507082152,2.1019830028328608
1319172398,20260820,IRN,IRN,IRQ,IRQ,17,17,1,1,0.0,6,1,6,-1.27478753541076,https://www.islamicinvitationturkey.com/qalibaf-us-source-of-disruption-to-regional-peace-exploiting-of-national-resources/,0.5,0.563739376770538,0.5254957507082152,3.152974504249291
1319172399,20260820,IRN,IRN,IRQ,IRQ,20,20,2,1,3.0,8,1,8,1.86170212765957,https://www.islamicinvitationturkey.com/iraqi-prime-minister-commends-irans-steadfast-support-in-talks-with-qalibaf/,0.35,0.40691489361702154,0.3727659574468086,2.982127659574469
1319172400,20260820,IRN,IRN,IRQ,IRQ,20,20,2,1,3.0,2,1,2,1.86170212765957,https://www.islamicinvitationturkey.com/iraqi-prime-minister-commends-irans-steadfast-support-in-talks-with-qalibaf/,0.35,0.40691489361702154,0.3727659574468086,0.7455319148936173
1319172401,20260820,IRN,IRN,IRQ,IRQ,40,40,4,1,1.0,2,1,2,1.86170212765957,https://www.islamicinvitationturkey.com/iraqi-prime-minister-commends-irans-steadfast-support-in-talks-with-qalibaf/,0.45,0.40691489361702154,0.4327659574468087,0.8655319148936174
1319172402,20260820,IRN,IRN,IRQ,IRQ,40,40,4,1,1.0,2,2,2,-4.9855087420556,https://ianslive.in/irans-irgc-says-more-devastating-weapons-to-be-used-if-new-war-begins--20260820192835,0.45,0.74927543710278,0.569710174841112,1.139420349682224
1319172403,20260820,IRN,IRN,IRQ,IRQ,40,40,4,1,1.0,2,2,2,-4.9855087420556,https://ianslive.in/irans-irgc-says-more-devastating-weapons-to-be-used-if-new-war-begins--20260820192835,0.45,0.74927543710278,0.569710174841112,1.139420349682224
1319172404,20260820,IRN,IRN,IRQ,IRQ,42,42,4,1,1.9,7,1,7,0.293457296124405,https://www.islamicinvitationturkey.com/qalibaf-us-source-of-disruption-to-regional-peace-exploiting-of-national-resources/,0.40499999999999997,0.48532713519377974,0.43713085407751184,3.059915978542583
1319172405,20260820,IRN,IRN,IRQ,IRQ,42,42,4,1,1.9,1,1,1,-1.27478753541076,https://www.islamicinvitationturkey.com/qalibaf-us-source-of-disruption-to-regional-peace-exploiting-of-national-resources/,0.40499999999999997,0.563739376770538,0.46849575070821514,0.46849575070821514
1319172406,20260820,IRN,IRN,IRQ,IRQ,51,51,5,1,3.4,2,1,2,1.86170212765957,https://www.islamicinvitationturkey.com/iraqi-prime-minister-commends-irans-steadfast-support-in-talks-with-qalibaf/,0.32999999999999996,0.40691489361702154,0.3607659574468086,0.7215319148936172
1319172407,20260820,IRN,IRN,IRQ,IRQ,873,87,8,2,9.0,8,1,8,1.86170212765957,https://www.islamicinvitationturkey.com/iraqi-prime-minister-commends-irans-steadfast-support-in-talks-with-qalibaf/,0.05,0.40691489361702154,0.19276595744680863,1.542127659574469
1319172408,20260820,IRN,IRN,IRQ,IRQ,873,87,8,2,9.0,2,1,2,1.86170212765957,https://www.islamicinvitationturkey.com/iraqi-prime-minister-commends-irans-steadfast-support-in-talks-with-qalibaf/,0.05,0.40691489361702154,0.19276595744680863,0.38553191489361727
1319172409,20260820,IRN,IRN,IRQGOV,IRQ,51,51,5,1,3.4,4,1,4,1.86170212765957,https://www.islamicinvitationturkey.com/iraqi-prime-minister-commends-irans-steadfast-support-in-talks-with-qalibaf/,0.32999999999999996,0.40691489361702154,0.3607659574468086,1.4430638297872345
1319172410,20260820,IRN,IRN,ISR,ISR,42,42,4,1,1.9,2,1,2,-1.27478753541076,https://www.islamicinvitationturkey.com/qalibaf-us-source-of-disruption-to-regional-peace-exploiting-of-national-resources/,0.40499999999999997,0.563739376770538,0.46849575070821514,0.9369915014164303
1319172411,20260820,IRN,IRN,ISR,ISR,43,43,4,1,2.8,5,1,5,-10.1719197707736,https://patriotpost.us/opinion/130110-the-biden-afghanistan-disasters-bitter-legacy-2026-08-20,0.36,1.0,0.616,3.08
1319172412,20260820,IRN,IRN,MED,,16,16,1,1,-2.0,2,2,2,-4.9855087420556,https://ianslive.in/irans-irgc-says-more-devastating-weapons-to-be-used-if-new-war-begins--20260820192835,0.6,0.74927543710278,0.659710174841112,1.319420349682224
1319172413,20260820,IRN,IRN,MED,,16,16,1,1,-2.0,2,2,2,-4.9855087420556,https://ianslive.in/irans-irgc-says-more-devastating-weapons-to-be-used-if-new-war-begins--20260820192835,0.6,0.74927543710278,0.659710174841112,1.319420349682224
1319172414,20260820,IRN,IRN,MED,,40,40,4,1,1.0,4,1,4,-5.46486870120653,https://www.washingtonexaminer.com/in_focus/4675986/isolationists-are-delusional-maximalists-are-blind-china-takes-advantage-restraint/,0.45,0.7732434350603266,0.5792973740241307,2.317189496096523
1319172415,20260820,IRN,IRN,MIL,,40,40,4,1,1.0,4,1,4,-2.73972602739726,https://www.islamicinvitationturkey.com/iran-warns-of-escalating-weaponry-in-event-of-new-conflict-irgc-official/,0.45,0.636986301369863,0.5247945205479452,2.0991780821917807
1319172416,20260820,IRN,IRN,MOS,,110,110,11,3,-2.0,1,1,1,-8.66666666666663,https://www.presstv.co.uk/Detail/2026/08/20/774720/US-economic-war-on-Iran-IRGC,0.6,0.9333333333333315,0.7333333333333326,0.7333333333333326
1319172417,20260820,IRN,IRN,MOS,,110,110,11,3,-2.0,1,1,1,-8.66666666666663,https://www.presstv.co.uk/Detail/2026/08/20/774720/US-economic-war-on-Iran-IRGC,0.6,0.9333333333333315,0.7333333333333326,0.7333333333333326
1319172418,20260820,IRN,IRN,PSEREB,PSE,1821,182,18,4,-9.0,8,1,8,-10.1719197707736,https://patriotpost.us/opinion/130110-the-biden-afghanistan-disasters-bitter-legacy-2026-08-20,0.95,1.0,0.97,7.76
1319172419,20260820,IRN,IRN,USA,USA,112,112,11,3,-2.0,8,1,8,-1.27478753541076,https://www.islamicinvitationturkey.com/qalibaf-us-source-of-disruption-to-regional-peace-exploiting-of-national-resources/,0.6,0.563739376770538,0.5854957507082152,4.683966005665722
1319172420,20260820,IRN,IRN,USA,USA,128,128,12,3,-5.0,10,2,10,-4.9855087420556,https://ianslive.in/irans-irgc-says-more-devastating-weapons-to-be-used-if-new-war-begins--20260820192835,0.75,0.74927543710278,0.7497101748411119,7.497101748411119
1319172421,20260820,IRN,IRN,USA,USA,128,128,12,3,-5.0,2,2,2,-4.9855087420556,https://ianslive.in/irans-irgc-says-more-devastating-weapons-to-be-used-if-new-war-begins--20260820192835,0.75,0.74927543710278,0.7497101748411119,1.4994203496822238
1319172422,20260820,IRN,IRN,USA,USA,128,128,12,3,-5.0,4,2,4,-4.9855087420556,https://ianslive.in/irans-irgc-says-more-devastating-weapons-to-be-used-if-new-war-begins--20260820192835,0.75,0.74927543710278,0.7497101748411119,2.9988406993644476
1319172423,20260820,IRN,IRN,USAGOV,USA,16,16,1,1,-2.0,2,2,2,-4.9855087420556,https://ianslive.in/irans-irgc-says-more-devastating-weapons-to-be-used-if-new-war-begins--20260820192835,0.6,0.74927543710278,0.659710174841112,1.319420349682224
1319172424,20260820,IRN,IRN,USAGOV,USA,16,16,1,1,-2.0,2,2,2,-4.9855087420556,https://ianslive.in/irans-irgc-says-more-devastating-weapons-to-be-used-if-new-war-begins--20260820192835,0.6,0.74927543710278,0.659710174841112,1.319420349682224
1319172425,20260820,IRNGOV,IRN,FRA,FRA,111,111,11,3,-2.0,2,1,2,-2.35294117647058,https://www.presstv.co.uk/Detail/2026/08/20/774737/France-expels-Iranian-cultural-attach,0.6,0.617647058823529,0.6070588235294117,1.2141176470588233
1319172426,20260820,IRNGOV,IRN,FRAGOV,FRA,111,111,11,3,-2.0,6,1,6,-2.35294117647058,https://www.presstv.co.uk/Detail/2026/08/20/774737/France-expels-Iranian-cultural-attach,0.6,0.617647058823529,0.6070588235294117,3.64235294117647
1319172427,20260820,IRNGOV,IRN,GOV,,112,112,11,3,-2.0,10,1,10,-2.35294117647058,https://www.presstv.co.uk/Detail/2026/08/20/774737/France-expels-Iranian-cultural-attach,0.6,0.617647058823529,0.6070588235294117,6.0705882352941165
1319172428,20260820,IRNGOV,IRN,IRN,IRN,43,43,4,1,2.8,2,1,2,-1.27478753541076,https://www.islamicinvitationturkey.com/qalibaf-us-source-of-disruption-to-regional-peace-exploiting-of-national-resources/,0.36,0.563739376770538,0.44149575070821523,0.8829915014164305
1319172429,20260820,IRNGOV,IRN,IRN,IRN,51,51,5,1,3.4,2,1,2,-1.27478753541076,https://www.islamicinvitationturkey.com/qalibaf-us-source-of-disruption-to-regional-peace-exploiting-of-national-resources/,0.32999999999999996,0.563739376770538,0.4234957507082152,0.8469915014164304
1319172430,20260820,IRNGOV,IRN,IRNGOV,IRN,180,180,18,4,-9.0,2,1,2,-2.67927501970055,https://www.presstv.co.uk/Detail/2026/08/20/774730/Operation-Ajax-1953-documentary-director-speaks-PressTV,0.95,0.6339637509850276,0.8235855003940109,1.6471710007880218
1319172431,20260820,IRNGOV,IRN,IRQ,IRQ,40,40,4,1,1.0,4,2,4,-4.9855087420556,https://ianslive.in/irans-irgc-says-more-devastating-weapons-to-be-used-if-new-war-begins--20260820192835,0.45,0.74927543710278,0.569710174841112,2.278840699364448
1319172432,20260820,IRNGOV,IRN,ISR,ISR,111,111,11,3,-2.0,2,1,2,-1.27478753541076,https://www.islamicinvitationturkey.com/qalibaf-us-source-of-disruption-to-regional-peace-exploiting-of-national-resources/,0.6,0.563739376770538,0.5854957507082152,1.1709915014164305
1319172433,20260820,IRNGOV,IRN,MED,,16,16,1,1,-2.0,2,2,2,-4.9855087420556,https://ianslive.in/irans-irgc-says-more-devastating-weapons-to-be-used-if-new-war-begins--20260820192835,0.6,0.74927543710278,0.659710174841112,1.319420349682224
1319172434,20260820,IRNGOV,IRN,MED,,16,16,1,1,-2.0,4,2,4,-4.9855087420556,https://ianslive.in/irans-irgc-says-more-devastating-weapons-to-be-used-if-new-war-begins--20260820192835,0.6,0.74927543710278,0.659710174841112,2.638840699364448
1319172435,20260820,IRNGOV,IRN,MOS,,110,110,11,3,-2.0,2,1,2,-8.66666666666663,https://www.presstv.co.uk/Detail/2026/08/20/774720/US-economic-war-on-Iran-IRGC,0.6,0.9333333333333315,0.7333333333333326,1.4666666666666652
1319172436,20260820,IRNGOV,IRN,MOS,,110,110,11,3,-2.0,6,1,6,-8.66666666666663,https://www.presstv.co.uk/Detail/2026/08/20/774720/US-economic-war-on-Iran-IRGC,0.6,0.9333333333333315,0.7333333333333326,4.399999999999996
1319172437,20260820,IRNGOV,IRN,MOS,,110,110,11,3,-2.0,2,1,2,-8.66666666666663,https://www.presstv.co.uk/Detail/2026/08/20/774720/US-economic-war-on-Iran-IRGC,0.6,0.9333333333333315,0.7333333333333326,1.4666666666666652
1319172438,20260820,IRNLEG,IRN,IRQ,IRQ,40,40,4,1,1.0,2,1,2,1.86170212765957,https://www.islamicinvitationturkey.com/iraqi-prime-minister-commends-irans-steadfast-support-in-talks-with-qalibaf/,0.45,0.40691489361702154,0.4327659574468087,0.8655319148936174
1319172439,20260820,IRNLEG,IRN,IRQLEG,IRQ,40,40,4,1,1.0,6,1,6,1.86170212765957,https://www.islamicinvitationturkey.com/iraqi-prime-minister-commends-irans-steadfast-support-in-talks-with-qalibaf/,0.45,0.40691489361702154,0.4327659574468087,2.596595744680852
1319172440,20260820,IRNMIL,IRN,IRN,IRN,40,40,4,1,1.0,1,1,1,-2.73972602739726,https://www.islamicinvitationturkey.com/iran-warns-of-escalating-weaponry-in-event-of-new-conflict-irgc-official/,0.45,0.636986301369863,0.5247945205479452,0.5247945205479452
1319172448,20260820,IRQ,IRQ,IRN,IRN,40,40,4,1,1.0,2,2,2,-4.9855087420556,https://ianslive.in/irans-irgc-says-more-devastating-weapons-to-be-used-if-new-war-begins--20260820192835,0.45,0.74927543710278,0.569710174841112,1.139420349682224
1319172449,20260820,IRQ,IRQ,IRN,IRN,40,40,4,1,1.0,2,2,2,-4.9855087420556,https://ianslive.in/irans-irgc-says-more-devastating-weapons-to-be-used-if-new-war-begins--20260820192835,0.45,0.74927543710278,0.569710174841112,1.139420349682224
1319172450,20260820,IRQ,IRQ,IRN,IRN,40,40,4,1,1.0,2,1,2,1.86170212765957,https://www.islamicinvitationturkey.com/iraqi-prime-minister-commends-irans-steadfast-support-in-talks-with-qalibaf/,0.45,0.40691489361702154,0.4327659574468087,0.8655319148936174
1319172451,20260820,IRQ,IRQ,IRN,IRN,43,43,4,1,2.8,7,1,7,0.293457296124405,https://www.islamicinvitationturkey.com/qalibaf-us-source-of-disruption-to-regional-peace-exploiting-of-national-resources/,0.36,0.48532713519377974,0.41013085407751193,2.8709159785425835
1319172452,20260820,IRQ,IRQ,IRN,IRN,43,43,4,1,2.8,1,1,1,-1.27478753541076,https://www.islamicinvitationturkey.com/qalibaf-us-source-of-disruption-to-regional-peace-exploiting-of-national-resources/,0.36,0.563739376770538,0.44149575070821523,0.44149575070821523
1319172453,20260820,IRQ,IRQ,IRNGOV,IRN,40,40,4,1,1.0,4,2,4,-4.9855087420556,https://ianslive.in/irans-irgc-says-more-devastating-weapons-to-be-used-if-new-war-begins--20260820192835,0.45,0.74927543710278,0.569710174841112,2.278840699364448
1319172454,20260820,IRQ,IRQ,IRNLEG,IRN,40,40,4,1,1.0,2,1,2,1.86170212765957,https://www.islamicinvitationturkey.com/iraqi-prime-minister-commends-irans-steadfast-support-in-talks-with-qalibaf/,0.45,0.40691489361702154,0.4327659574468087,0.8655319148936174
1319172455,20260820,IRQLEG,IRQ,IRNLEG,IRN,40,40,4,1,1.0,6,1,6,1.86170212765957,https://www.islamicinvitationturkey.com/iraqi-prime-minister-commends-irans-steadfast-support-in-talks-with-qalibaf/,0.45,0.40691489361702154,0.4327659574468087,2.596595744680852
1319172466,20260820,ISR,ISR,IRN,IRN,42,42,4,1,1.9,5,1,5,-10.1719197707736,https://patriotpost.us/opinion/130110-the-biden-afghanistan-disasters-bitter-legacy-2026-08-20,0.40499999999999997,1.0,0.643,3.215
1319172467,20260820,ISR,ISR,IRN,IRN,43,43,4,1,2.8,2,1,2,-1.27478753541076,https://www.islamicinvitationturkey.com/qalibaf-us-source-of-disruption-to-regional-peace-exploiting-of-national-resources/,0.36,0.563739376770538,0.44149575070821523,0.8829915014164305
1319172468,20260820,ISR,ISR,IRN,IRN,51,51,5,1,3.4,2,1,2,-1.27478753541076,https://www.islamicinvitationturkey.com/qalibaf-us-source-of-disruption-to-regional-peace-exploiting-of-national-resources/,0.32999999999999996,0.563739376770538,0.4234957507082152,0.8469915014164304
1319172469,20260820,ISR,ISR,IRN,IRN,111,111,11,3,-2.0,2,1,2,-1.27478753541076,https://www.islamicinvitationturkey.com/qalibaf-us-source-of-disruption-to-regional-peace-exploiting-of-national-resources/,0.6,0.563739376770538,0.5854957507082152,1.1709915014164305
1319172553,20260820,KOR,KOR,IRN,IRN,51,51,5,1,3.4,3,1,3,0.63025210084034,https://www.washingtonexaminer.com/news/4694153/north-korea-launches-10-ballistic-missiles/,0.32999999999999996,0.468487394957983,0.38539495798319323,1.1561848739495797
1319172554,20260820,KOR,KOR,IRN,IRN,51,51,5,1,3.4,1,1,1,0.63025210084034,https://www.washingtonexaminer.com/news/4694153/north-korea-launches-10-ballistic-missiles/,0.32999999999999996,0.468487394957983,0.38539495798319323,0.38539495798319323
1319172555,20260820,KOR,KOR,IRN,IRN,51,51,5,1,3.4,1,1,1,0.63025210084034,https://www.washingtonexaminer.com/news/4694153/north-korea-launches-10-ballistic-missiles/,0.32999999999999996,0.468487394957983,0.38539495798319323,0.38539495798319323
1319172628,20260820,MED,,IRN,IRN,40,40,4,1,1.0,4,1,4,-5.46486870120653,https://www.washingtonexaminer.com/in_focus/4675986/isolationists-are-delusional-maximalists-are-blind-china-takes-advantage-restraint/,0.45,0.7732434350603266,0.5792973740241307,2.317189496096523
1319172652,20260820,MIL,,IRN,IRN,40,40,4,1,1.0,4,1,4,-2.73972602739726,https://www.islamicinvitationturkey.com/iran-warns-of-escalating-weaponry-in-event-of-new-conflict-irgc-official/,0.45,0.636986301369863,0.5247945205479452,2.0991780821917807
1319172674,20260820,MOSSHI200,,IRN,IRN,10,10,1,1,0.0,2,1,2,1.86170212765957,https://www.islamicinvitationturkey.com/iraqi-prime-minister-commends-irans-steadfast-support-in-talks-with-qalibaf/,0.5,0.40691489361702154,0.4627659574468086,0.9255319148936172
1319172675,20260820,MOSSHI200,,IRN,IRN,10,10,1,1,0.0,2,1,2,1.86170212765957,https://www.islamicinvitationturkey.com/iraqi-prime-minister-commends-irans-steadfast-support-in-talks-with-qalibaf/,0.5,0.40691489361702154,0.4627659574468086,0.9255319148936172
1319172676,20260820,MOSSHI200,,IRNLEG,IRN,10,10,1,1,0.0,6,1,6,1.86170212765957,https://www.islamicinvitationturkey.com/iraqi-prime-minister-commends-irans-steadfast-support-in-talks-with-qalibaf/,0.5,0.40691489361702154,0.4627659574468086,2.7765957446808516
1319174174,20260820,CRM,,IRN,IRN,173,173,17,4,-5.0,3,1,3,-9.58333333333333,https://www.rte.ie/news/2026/0820/1588672-mosque-arson-trial/,0.75,0.9791666666666664,0.8416666666666666,2.5249999999999995
1319174415,20260820,GOV,,IRNCRM,IRN,30,30,3,1,4.0,2,1,2,-3.89610389610389,https://www.thehindu.com/newsletter/tamil-nadu-today/here-are-the-big-stories-from-tamil-nadu-today/article71369203.ece,0.3,0.6948051948051945,0.45792207792207784,0.9158441558441557
1319174416,20260820,GOV,,IRNCRM,IRN,190,190,19,4,-10.0,3,1,3,-3.89610389610389,https://www.thehindu.com/newsletter/tamil-nadu-today/here-are-the-big-stories-from-tamil-nadu-today/article71369203.ece,1.0,0.6948051948051945,0.8779220779220778,2.6337662337662335
1319174519,20260820,IND,IND,IRNCRM,IRN,30,30,3,1,4.0,1,1,1,-3.89610389610389,https://www.thehindu.com/newsletter/tamil-nadu-today/here-are-the-big-stories-from-tamil-nadu-today/article71369203.ece,0.3,0.6948051948051945,0.45792207792207784,0.45792207792207784
1319174527,20260820,IRL,IRL,IRN,IRN,173,173,17,4,-5.0,2,1,2,-9.58333333333333,https://www.rte.ie/news/2026/0820/1588672-mosque-arson-trial/,0.75,0.9791666666666664,0.8416666666666666,1.6833333333333331
1319174532,20260820,IRN,IRN,,,70,70,7,2,7.0,1,1,1,-7.2509128847157,https://havanatimes.org/news/international-news-briefs-for-thursday-august-20-2026/,0.15,0.862545644235785,0.435018257694314,0.435018257694314
1319174533,20260820,IRN,IRN,CRM,,173,173,17,4,-5.0,1,1,1,-7.80287474332645,https://capitolhillblue.com/node/103474,0.75,0.8901437371663224,0.8060574948665289,0.8060574948665289
1319174534,20260820,IRN,IRN,GOV,,138,138,13,3,-7.0,8,2,8,-5.52373540856031,https://www.moneycontrol.com/world/houthis-target-saudi-airport-aramco-facility-in-najran-with-drone-attacks-article-14011789.html,0.85,0.7761867704280154,0.8204747081712063,6.56379766536965
1319174535,20260820,IRN,IRN,GOV,,138,138,13,3,-7.0,2,1,2,-5.6,https://www.moneycontrol.com/world/houthis-target-saudi-airport-aramco-facility-in-najran-with-drone-attacks-article-14011789.html,0.85,0.78,0.8220000000000001,1.6440000000000001
1319174536,20260820,IRNGOV,IRN,BUS,,71,71,7,2,7.4,1,1,1,-7.2509128847157,https://havanatimes.org/news/international-news-briefs-for-thursday-august-20-2026/,0.12999999999999998,0.862545644235785,0.423018257694314,0.423018257694314
1319176178,20260820,CAN,CAN,IRN,IRN,40,40,4,1,1.0,2,2,2,-3.54648505902384,https://www.castanetkamloops.net/news/Canada/628600/Poilievre-invites-Iran-s-exiled-crown-prince-Reza-Pahlavi-to-visit-Canada,0.45,0.677324252951192,0.5409297011804768,1.0818594023609536
1319176179,20260820,CAN,CAN,IRN,IRN,40,40,4,1,1.0,4,2,4,-3.54648505902384,https://www.castanetkamloops.net/news/Canada/628600/Poilievre-invites-Iran-s-exiled-crown-prince-Reza-Pahlavi-to-visit-Canada,0.45,0.677324252951192,0.5409297011804768,2.163718804721907
1319176180,20260820,CAN,CAN,IRN,IRN,40,40,4,1,1.0,2,1,2,-3.34448160535117,https://www.castanetkamloops.net/news/Canada/628600/Poilievre-invites-Iran-s-exiled-crown-prince-Reza-Pahlavi-to-visit-Canada,0.45,0.6672240802675585,0.5368896321070235,1.073779264214047
1319176181,20260820,CAN,CAN,IRN,IRN,40,40,4,1,1.0,2,1,2,-3.34448160535117,https://www.castanetkamloops.net/news/Canada/628600/Poilievre-invites-Iran-s-exiled-crown-prince-Reza-Pahlavi-to-visit-Canada,0.45,0.6672240802675585,0.5368896321070235,1.073779264214047
1319176251,20260820,COP,,IRN,IRN,186,186,18,4,-10.0,1,1,1,-11.264367816092,https://thefrontierpost.com/iran-executes-afghan-national-over-2026-protests-rights-group/,1.0,1.0,1.0,1.0
1319176252,20260820,COP,,IRN,IRN,186,186,18,4,-10.0,1,1,1,-11.264367816092,https://thefrontierpost.com/iran-executes-afghan-national-over-2026-protests-rights-group/,1.0,1.0,1.0,1.0
1319176290,20260820,DEU,DEU,IRN,IRN,10,10,1,1,0.0,2,1,2,-5.22388059701493,https://www.techtimes.com/articles/325076/20260820/china-hackers-breached-361-networks-5-days-cisa-sets-3-day-patch-window-enterprise-flaws.htm,0.5,0.7611940298507465,0.6044776119402986,1.2089552238805972
1319176291,20260820,DEU,DEU,IRN,IRN,10,10,1,1,0.0,1,1,1,-5.22388059701493,https://www.techtimes.com/articles/325076/20260820/china-hackers-breached-361-networks-5-days-cisa-sets-3-day-patch-window-enterprise-flaws.htm,0.5,0.7611940298507465,0.6044776119402986,0.6044776119402986
1319176587,20260820,IRN,IRN,CAN,CAN,40,40,4,1,1.0,2,2,2,-3.54648505902384,https://www.castanetkamloops.net/news/Canada/628600/Poilievre-invites-Iran-s-exiled-crown-prince-Reza-Pahlavi-to-visit-Canada,0.45,0.677324252951192,0.5409297011804768,1.0818594023609536
1319176588,20260820,IRN,IRN,CAN,CAN,40,40,4,1,1.0,4,2,4,-3.54648505902384,https://www.castanetkamloops.net/news/Canada/628600/Poilievre-invites-Iran-s-exiled-crown-prince-Reza-Pahlavi-to-visit-Canada,0.45,0.677324252951192,0.5409297011804768,2.163718804721907
1319176589,20260820,IRN,IRN,CAN,CAN,40,40,4,1,1.0,2,1,2,-3.34448160535117,https://www.castanetkamloops.net/news/Canada/628600/Poilievre-invites-Iran-s-exiled-crown-prince-Reza-Pahlavi-to-visit-Canada,0.45,0.6672240802675585,0.5368896321070235,1.073779264214047
1319176590,20260820,IRN,IRN,CAN,CAN,40,40,4,1,1.0,2,1,2,-3.34448160535117,https://www.castanetkamloops.net/news/Canada/628600/Poilievre-invites-Iran-s-exiled-crown-prince-Reza-Pahlavi-to-visit-Canada,0.45,0.6672240802675585,0.5368896321070235,1.073779264214047
1319176591,20260820,IRN,IRN,CAN,CAN,125,125,12,3,-5.0,2,2,2,-3.54648505902384,https://www.castanetkamloops.net/news/Canada/628600/Poilievre-invites-Iran-s-exiled-crown-prince-Reza-Pahlavi-to-visit-Canada,0.75,0.677324252951192,0.7209297011804767,1.4418594023609534
1319176592,20260820,IRN,IRN,CAN,CAN,125,125,12,3,-5.0,4,2,4,-3.54648505902384,https://www.castanetkamloops.net/news/Canada/628600/Poilievre-invites-Iran-s-exiled-crown-prince-Reza-Pahlavi-to-visit-Canada,0.75,0.677324252951192,0.7209297011804767,2.883718804721907
1319176593,20260820,IRN,IRN,CANGOV,CAN,36,36,3,1,4.0,2,1,2,-3.34448160535117,https://www.castanetkamloops.net/news/Canada/628600/Poilievre-invites-Iran-s-exiled-crown-prince-Reza-Pahlavi-to-visit-Canada,0.3,0.6672240802675585,0.4468896321070234,0.8937792642140469
1319176594,20260820,IRN,IRN,CANGOV,CAN,36,36,3,1,4.0,2,1,2,-3.34448160535117,https://www.castanetkamloops.net/news/Canada/628600/Poilievre-invites-Iran-s-exiled-crown-prince-Reza-Pahlavi-to-visit-Canada,0.3,0.6672240802675585,0.4468896321070234,0.8937792642140469
1319176595,20260820,IRN,IRN,GOV,,36,36,3,1,4.0,2,1,2,-3.34448160535117,https://www.castanetkamloops.net/news/Canada/628600/Poilievre-invites-Iran-s-exiled-crown-prince-Reza-Pahlavi-to-visit-Canada,0.3,0.6672240802675585,0.4468896321070234,0.8937792642140469
1319176596,20260820,IRN,IRN,USA,USA,80,80,8,2,5.0,2,1,2,-1.13913751017087,https://ktbb.com/post/?p=1533023,0.25,0.5569568755085436,0.37278275020341745,0.7455655004068349
1319176597,20260820,IRN,IRN,USA,USA,80,80,8,2,5.0,2,1,2,-1.13913751017087,https://ktbb.com/post/?p=1533023,0.25,0.5569568755085436,0.37278275020341745,0.7455655004068349
1319178625,20260820,IRN,IRN,,,13,13,1,1,0.4,4,2,4,-3.49209868580182,https://aninews.in/news/world/asia/irans-consul-general-slams-trumps-false-claims-on-hormuz-says-strait-completely-under-irans-control20260820202501/,0.48,0.674604934290091,0.5578419737160364,2.2313678948641456
1319178626,20260820,IRN,IRN,CYP,CYP,10,10,1,1,0.0,2,1,2,-2.77136258660508,https://cyprus-mail.com/2026/08/20/iran-says-cyprus-safe-if-british-bases-stay-out-of-conflict,0.5,0.638568129330254,0.5554272517321016,1.1108545034642032
1319178627,20260820,IRN,IRN,CYP,CYP,12,12,1,1,-0.4,2,1,2,-2.77136258660508,https://cyprus-mail.com/2026/08/20/iran-says-cyprus-safe-if-british-bases-stay-out-of-conflict,0.52,0.638568129330254,0.5674272517321016,1.1348545034642032
1319178628,20260820,IRN,IRN,CYP,CYP,30,30,3,1,4.0,2,1,2,-2.77136258660508,https://cyprus-mail.com/2026/08/20/iran-says-cyprus-safe-if-british-bases-stay-out-of-conflict,0.3,0.638568129330254,0.4354272517321016,0.8708545034642032
1319178629,20260820,IRN,IRN,IRNGOV,IRN,12,12,1,1,-0.4,1,1,1,-2.77136258660508,https://cyprus-mail.com/2026/08/20/iran-says-cyprus-safe-if-british-bases-stay-out-of-conflict,0.52,0.638568129330254,0.5674272517321016,0.5674272517321016
1319178630,20260820,IRN,IRN,IRNGOV,IRN,12,12,1,1,-0.4,1,1,1,-2.77136258660508,https://cyprus-mail.com/2026/08/20/iran-says-cyprus-safe-if-british-bases-stay-out-of-conflict,0.52,0.638568129330254,0.5674272517321016,0.5674272517321016
1319178631,20260820,IRN,IRN,MIL,,120,120,12,3,-4.0,1,1,1,-5.67703952901598,https://jp.ibtimes.com/iran-fires-back-trumps-economic-d-day-calling-it-cover-us-debt-crisis-103818,0.7,0.783851976450799,0.7335407905803195,0.7335407905803195
1319178632,20260820,IRN,IRN,USA,USA,10,10,1,1,0.0,4,2,4,-3.49209868580182,https://aninews.in/news/world/asia/irans-consul-general-slams-trumps-false-claims-on-hormuz-says-strait-completely-under-irans-control20260820202501/,0.5,0.674604934290091,0.5698419737160364,2.2793678948641456
1319178633,20260820,IRNCOP,IRN,USA,USA,60,60,6,2,6.0,7,1,7,-4.87514863258027,https://www.zerohedge.com/geopolitical/iran-fm-says-trumps-economic-d-day-threat-diversion-which-will-fail-new-carrier,0.2,0.7437574316290135,0.4175029726516054,2.922520808561238
1319178634,20260820,IRNGOV,IRN,CYP,CYP,10,10,1,1,0.0,6,1,6,-2.77136258660508,https://cyprus-mail.com/2026/08/20/iran-says-cyprus-safe-if-british-bases-stay-out-of-conflict,0.5,0.638568129330254,0.5554272517321016,3.3325635103926095
1319178635,20260820,IRNGOV,IRN,CYP,CYP,12,12,1,1,-0.4,6,1,6,-2.77136258660508,https://cyprus-mail.com/2026/08/20/iran-says-cyprus-safe-if-british-bases-stay-out-of-conflict,0.52,0.638568129330254,0.5674272517321016,3.4045635103926095
1319178636,20260820,IRNLEG,IRN,,,85,85,8,2,7.0,6,2,6,-3.49209868580182,https://aninews.in/news/world/asia/irans-consul-general-slams-trumps-false-claims-on-hormuz-says-strait-completely-under-irans-control20260820202501/,0.15,0.674604934290091,0.35984197371603643,2.1590518422962184
1319178637,20260820,IRNLEG,IRN,IRQ,IRQ,42,42,4,1,1.9,2,1,2,-5.67703952901598,https://jp.ibtimes.com/iran-fires-back-trumps-economic-d-day-calling-it-cover-us-debt-crisis-103818,0.40499999999999997,0.783851976450799,0.5565407905803196,1.1130815811606392
1319178638,20260820,IRNLEG,IRN,IRQ,IRQ,42,42,4,1,1.9,1,1,1,-5.67703952901598,https://jp.ibtimes.com/iran-fires-back-trumps-economic-d-day-calling-it-cover-us-debt-crisis-103818,0.40499999999999997,0.783851976450799,0.5565407905803196,0.5565407905803196
1319178639,20260820,IRNLEG,IRN,USA,USA,50,50,5,1,3.5,2,1,2,-5.67703952901598,https://jp.ibtimes.com/iran-fires-back-trumps-economic-d-day-calling-it-cover-us-debt-crisis-103818,0.325,0.783851976450799,0.5085407905803196,1.0170815811606393
1319178640,20260820,IRNLEG,IRN,USA,USA,50,50,5,1,3.5,7,1,7,-5.67703952901598,https://jp.ibtimes.com/iran-fires-back-trumps-economic-d-day-calling-it-cover-us-debt-crisis-103818,0.325,0.783851976450799,0.5085407905803196,3.5597855340622377
1319178641,20260820,IRQ,IRQ,IRNLEG,IRN,43,43,4,1,2.8,2,1,2,-5.67703952901598,https://jp.ibtimes.com/iran-fires-back-trumps-economic-d-day-calling-it-cover-us-debt-crisis-103818,0.36,0.783851976450799,0.5295407905803196,1.059081581160639
1319179061,20260820,USA,USA,IRN,IRN,36,36,3,1,4.0,7,1,7,-4.87514863258027,https://www.zerohedge.com/geopolitical/iran-fm-says-trumps-economic-d-day-threat-diversion-which-will-fail-new-carrier,0.3,0.7437574316290135,0.4775029726516054,3.342520808561238
1319180135,20260820,,,IRNGOV,IRN,130,130,13,3,-4.4,2,1,2,-6.33484162895927,https://www.yahoo.com/news/politics/articles/trump-threatens-economic-d-day-154419252.html,0.72,0.8167420814479636,0.7586968325791854,1.5173936651583708
1319180239,20260820,BRA,BRA,IRN,IRN,40,40,4,1,1.0,1,1,1,7.6555023923445,https://aa.com.tr/en/middle-east/brazilian-pakistani-top-diplomats-discuss-us-iran-mediation-stress-importance-of-dialogue-for-global-peace/4033130,0.45,0.11722488038277498,0.31688995215311,0.31688995215311
1319180240,20260820,BRA,BRA,IRN,IRN,40,40,4,1,1.0,4,1,4,7.6555023923445,https://aa.com.tr/en/middle-east/brazilian-pakistani-top-diplomats-discuss-us-iran-mediation-stress-importance-of-dialogue-for-global-peace/4033130,0.45,0.11722488038277498,0.31688995215311,1.26755980861244
1319180728,20260820,GOV,,IRN,IRN,55,55,5,1,7.0,5,1,5,-2.79898218829516,https://attackofthefanboy.com/news/trump-told-a-long-island-rally-crowd-hell-never-apologize-for-higher-gas-prices-and-the-crowds-reaction-is-going-viral-for-the-wrong-reasons/,0.15,0.639949109414758,0.3459796437659032,1.7298982188295158
1319180871,20260820,IRN,IRN,BRA,BRA,40,40,4,1,1.0,1,1,1,7.6555023923445,https://aa.com.tr/en/middle-east/brazilian-pakistani-top-diplomats-discuss-us-iran-mediation-stress-importance-of-dialogue-for-global-peace/4033130,0.45,0.11722488038277498,0.31688995215311,0.31688995215311
1319180872,20260820,IRN,IRN,BRA,BRA,40,40,4,1,1.0,4,1,4,7.6555023923445,https://aa.com.tr/en/middle-east/brazilian-pakistani-top-diplomats-discuss-us-iran-mediation-stress-importance-of-dialogue-for-global-peace/4033130,0.45,0.11722488038277498,0.31688995215311,1.26755980861244
1319180873,20260820,IRN,IRN,GOV,,130,130,13,3,-4.4,2,1,2,-6.33484162895927,https://www.yahoo.com/news/politics/articles/trump-threatens-economic-d-day-154419252.html,0.72,0.8167420814479636,0.7586968325791854,1.5173936651583708
1319180874,20260820,IRN,IRN,MED,,111,111,11,3,-2.0,4,1,4,-6.33484162895927,https://www.yahoo.com/news/politics/articles/trump-threatens-economic-d-day-154419252.html,0.6,0.8167420814479636,0.6866968325791855,2.746787330316742
1319180875,20260820,IRN,IRN,MIL,,10,10,1,1,0.0,3,1,3,-0.45454545454545,https://aa.com.tr/en/europe/nato-chief-reaffirms-alliance-s-support-for-bulgaria-amid-iran-threat-concerns/4033057,0.5,0.5227272727272725,0.509090909090909,1.5272727272727271
1319180876,20260820,IRN,IRN,MIL,,60,60,6,2,6.0,10,1,10,-2.35294117647059,https://theweek.com/world-news/uae-cuts-iran-trade-threats,0.2,0.6176470588235295,0.3670588235294118,3.6705882352941184
1319180877,20260820,IRN,IRN,MIL,,90,90,9,2,-2.0,1,1,1,-5.92885375494071,https://armenianweekly.com/2026/08/20/the-region-in-brief-180/,0.6,0.7964426877470355,0.6785770750988143,0.6785770750988143
1319180878,20260820,IRN,IRN,PGS,PGS,20,20,2,1,3.0,10,1,10,-2.35294117647059,https://theweek.com/world-news/uae-cuts-iran-trade-threats,0.35,0.6176470588235295,0.45705882352941185,4.570588235294118
1319180879,20260820,IRN,IRN,PGS,PGS,138,138,13,3,-7.0,10,1,10,-2.35294117647059,https://theweek.com/world-news/uae-cuts-iran-trade-threats,0.85,0.6176470588235295,0.7570588235294118,7.570588235294117
1319180880,20260820,IRN,IRN,USA,USA,20,20,2,1,3.0,1,1,1,-7.32538330494038,https://www.military.com/department-of-defense-reveals-number-of-americans-wounded-in-iran-war,0.35,0.866269165247019,0.5565076660988076,0.5565076660988076
1319180881,20260820,IRN,IRN,USA,USA,20,20,2,1,3.0,2,1,2,-7.32538330494038,https://www.military.com/department-of-defense-reveals-number-of-americans-wounded-in-iran-war,0.35,0.866269165247019,0.5565076660988076,1.1130153321976153
1319180882,20260820,IRN,IRN,USA,USA,182,182,18,4,-9.5,5,1,5,-14.2857142857142,https://www.business-standard.com/blueprint-defence-magazine/reports/18-us-troops-killed-so-far-number-of-injured-crosses-750-in-iran-war-126082001301_1.html,0.975,1.0,0.985,4.925
1319180883,20260820,IRNGOV,IRN,MED,,111,111,11,3,-2.0,6,1,6,-6.33484162895927,https://www.yahoo.com/news/politics/articles/trump-threatens-economic-d-day-154419252.html,0.6,0.8167420814479636,0.6866968325791855,4.1201809954751125
1319180884,20260820,IRNGOV,IRN,USAGOV,USA,46,46,4,1,7.0,2,1,2,-7.32538330494038,https://www.military.com/department-of-defense-reveals-number-of-americans-wounded-in-iran-war,0.15,0.866269165247019,0.43650766609880765,0.8730153321976153
1319180885,20260820,IRNMIL,IRN,MIL,,90,90,9,2,-2.0,3,1,3,-5.92885375494071,https://armenianweekly.com/2026/08/20/the-region-in-brief-180/,0.6,0.7964426877470355,0.6785770750988143,2.035731225296443
1319180886,20260820,IRQ,IRQ,IRNLEG,IRN,12,12,1,1,-0.4,4,1,4,-0.96774193548387,https://aa.com.tr/en/us-israel-iran-war/national-charter-bans-groups-that-threaten-neigbors-iraq-tells-iran/4032952,0.52,0.5483870967741935,0.5313548387096774,2.1254193548387095
1319180893,20260820,IRQGOVMIL,IRQ,IRNLEG,IRN,12,12,1,1,-0.4,6,1,6,-0.96774193548387,https://aa.com.tr/en/us-israel-iran-war/national-charter-bans-groups-that-threaten-neigbors-iraq-tells-iran/4032952,0.52,0.5483870967741935,0.5313548387096774,3.188129032258064
1319180911,20260820,ISR,ISR,IRN,IRN,25,25,2,1,-0.3,1,1,1,-3.82862351868733,https://www.jns.org/opinion/micha-danzig/scapegoat-first-facts-never-the-dsas-ignorant-metastasizing-antisemitism,0.515,0.6914311759343665,0.5855724703737466,0.5855724703737466
1319180912,20260820,ISR,ISR,IRN,IRN,25,25,2,1,-0.3,1,1,1,-3.82862351868733,https://www.jns.org/opinion/micha-danzig/scapegoat-first-facts-never-the-dsas-ignorant-metastasizing-antisemitism,0.515,0.6914311759343665,0.5855724703737466,0.5855724703737466
1319181187,20260820,PAK,PAK,IRN,IRN,45,45,4,1,5.0,1,1,1,7.6555023923445,https://aa.com.tr/en/middle-east/brazilian-pakistani-top-diplomats-discuss-us-iran-mediation-stress-importance-of-dialogue-for-global-peace/4033130,0.25,0.11722488038277498,0.19688995215311,0.19688995215311
1319181188,20260820,PAK,PAK,IRN,IRN,45,45,4,1,5.0,1,1,1,7.6555023923445,https://aa.com.tr/en/middle-east/brazilian-pakistani-top-diplomats-discuss-us-iran-mediation-stress-importance-of-dialogue-for-global-peace/4033130,0.25,0.11722488038277498,0.19688995215311,0.19688995215311
1319181628,20260820,USAGOV,USA,IRNGOV,IRN,46,46,4,1,7.0,2,1,2,-7.32538330494038,https://www.military.com/department-of-defense-reveals-number-of-americans-wounded-in-iran-war,0.15,0.866269165247019,0.43650766609880765,0.8730153321976153
1319182528,20260820,,,IRN,IRN,20,20,2,1,3.0,4,1,4,-6.95443645083933,https://www.manilatimes.net/2026/08/21/world/americas-emea/trump-vows-economic-warfare-vs-iran/2409444,0.35,0.8477218225419666,0.5490887290167866,2.1963549160671465
1319182529,20260820,,,IRN,IRN,20,20,2,1,3.0,1,1,1,-6.95443645083933,https://www.manilatimes.net/2026/08/21/world/americas-emea/trump-vows-economic-warfare-vs-iran/2409444,0.35,0.8477218225419666,0.5490887290167866,0.5490887290167866
1319182530,20260820,,,IRN,IRN,874,87,8,2,10.0,2,1,2,-1.91292875989446,https://www.penbaypilot.com:443/blog-entry/two-ken-burns-documentaries/273597,0.0,0.5956464379947229,0.23825857519788918,0.47651715039577835
1319182628,20260820,ARE,ARE,IRN,IRN,111,111,11,3,-2.0,1,1,1,-6.95443645083933,https://www.manilatimes.net/2026/08/21/world/americas-emea/trump-vows-economic-warfare-vs-iran/2409444,0.6,0.8477218225419666,0.6990887290167866,0.6990887290167866
1319182629,20260820,ARE,ARE,IRN,IRN,161,161,16,4,-4.0,2,1,2,-6.95443645083933,https://www.manilatimes.net/2026/08/21/world/americas-emea/trump-vows-economic-warfare-vs-iran/2409444,0.7,0.8477218225419666,0.7590887290167867,1.5181774580335734
1319182653,20260820,BRA,BRA,IRN,IRN,45,45,4,1,5.0,2,1,2,6.57894736842105,https://www.samaa.tv/2087355525-pakistan-brazil-vow-to-bolster-bilateral-relations,0.25,0.17105263157894748,0.218421052631579,0.436842105263158
1319182654,20260820,BRA,BRA,IRN,IRN,45,45,4,1,5.0,2,1,2,6.57894736842105,https://www.samaa.tv/2087355525-pakistan-brazil-vow-to-bolster-bilateral-relations,0.25,0.17105263157894748,0.218421052631579,0.436842105263158
1319182658,20260820,BRAGOV,BRA,IRN,IRN,45,45,4,1,5.0,4,1,4,6.57894736842105,https://www.samaa.tv/2087355525-pakistan-brazil-vow-to-bolster-bilateral-relations,0.25,0.17105263157894748,0.218421052631579,0.873684210526316
1319182659,20260820,BRAGOV,BRA,IRN,IRN,45,45,4,1,5.0,2,1,2,6.57894736842105,https://www.samaa.tv/2087355525-pakistan-brazil-vow-to-bolster-bilateral-relations,0.25,0.17105263157894748,0.218421052631579,0.436842105263158
1319183117,20260820,IGOUNO,,IRN,IRN,43,43,4,1,2.8,10,1,10,-3.37892196299275,https://www.fairobserver.com/politics/how-europes-migration-dilemma-became-the-talibans-leverage/,0.36,0.6689460981496376,0.483578439259855,4.8357843925985495
1319183159,20260820,IRN,IRN,,,141,141,14,3,-6.5,3,1,3,-3.92953929539296,https://www.techradar.com/pro/us-army-is-phasing-out-its-futuristic-drone-and-robot-assault-battalion-as-part-of-a-back-to-basics-approach,0.825,0.696476964769648,0.7735907859078592,2.3207723577235777
1319183160,20260820,IRN,IRN,CHN,CHN,163,163,16,4,-8.0,1,1,1,-6.95443645083933,https://www.manilatimes.net/2026/08/21/world/americas-emea/trump-vows-economic-warfare-vs-iran/2409444,0.9,0.8477218225419666,0.8790887290167867,0.8790887290167867
1319183161,20260820,IRN,IRN,FRAMED,FRA,10,10,1,1,0.0,3,1,3,-6.95443645083933,https://www.manilatimes.net/2026/08/21/world/americas-emea/trump-vows-economic-warfare-vs-iran/2409444,0.5,0.8477218225419666,0.6390887290167866,1.9172661870503598
1319183162,20260820,IRN,IRN,FRAMED,FRA,13,13,1,1,0.4,4,1,4,-6.95443645083933,https://www.manilatimes.net/2026/08/21/world/americas-emea/trump-vows-economic-warfare-vs-iran/2409444,0.48,0.8477218225419666,0.6270887290167866,2.5083549160671463
1319183163,20260820,IRN,IRN,IGOUNO,,20,20,2,1,3.0,10,1,10,-3.37892196299275,https://www.fairobserver.com/politics/how-europes-migration-dilemma-became-the-talibans-leverage/,0.35,0.6689460981496376,0.477578439259855,4.77578439259855
1319183164,20260820,IRN,IRN,IGOUNO,,42,42,4,1,1.9,10,1,10,-3.37892196299275,https://www.fairobserver.com/politics/how-europes-migration-dilemma-became-the-talibans-leverage/,0.40499999999999997,0.6689460981496376,0.510578439259855,5.10578439259855
1319183165,20260820,IRN,IRN,IGOUNO,,60,60,6,2,6.0,10,1,10,-3.37892196299275,https://www.fairobserver.com/politics/how-europes-migration-dilemma-became-the-talibans-leverage/,0.2,0.6689460981496376,0.387578439259855,3.8757843925985505
1319183166,20260820,IRN,IRN,OMN,OMN,46,46,4,1,7.0,1,1,1,-4.97981157469717,https://www.manilatimes.net/2026/08/21/opinion/editorial/fissures-in-us-alliance-with-gulf-states/2409442,0.15,0.7489905787348585,0.3895962314939434,0.3895962314939434
1319183167,20260820,IRN,IRN,OMN,OMN,46,46,4,1,7.0,1,1,1,-4.97981157469717,https://www.manilatimes.net/2026/08/21/opinion/editorial/fissures-in-us-alliance-with-gulf-states/2409442,0.15,0.7489905787348585,0.3895962314939434,0.3895962314939434
1319183168,20260820,IRN,IRN,SAU,SAU,130,130,13,3,-4.4,2,1,2,-6.95443645083933,https://www.manilatimes.net/2026/08/21/world/americas-emea/trump-vows-economic-warfare-vs-iran/2409444,0.72,0.8477218225419666,0.7710887290167867,1.5421774580335734
1319183446,20260820,OMN,OMN,IRN,IRN,46,46,4,1,7.0,1,1,1,-4.97981157469717,https://www.manilatimes.net/2026/08/21/opinion/editorial/fissures-in-us-alliance-with-gulf-states/2409442,0.15,0.7489905787348585,0.3895962314939434,0.3895962314939434
1319183776,20260820,USA,USA,IRN,IRN,30,30,3,1,4.0,6,1,6,-4.97981157469717,https://www.manilatimes.net/2026/08/21/opinion/editorial/fissures-in-us-alliance-with-gulf-states/2409442,0.3,0.7489905787348585,0.4795962314939434,2.8775773889636604
1319183777,20260820,USA,USA,IRN,IRN,30,30,3,1,4.0,2,1,2,-4.97981157469717,https://www.manilatimes.net/2026/08/21/opinion/editorial/fissures-in-us-alliance-with-gulf-states/2409442,0.3,0.7489905787348585,0.4795962314939434,0.9591924629878869
1319184733,20260820,,,IRN,IRN,41,41,4,1,1.0,5,1,5,-4.85651214128035,https://dominicanrepublicpost.com/tremendous-costs-can-trump-stop-other-countries-from-trading-with-iran/,0.45,0.7428256070640175,0.5671302428256071,2.8356512141280357
1319184850,20260820,ARE,ARE,IRN,IRN,42,42,4,1,1.9,1,1,1,-5.34045393858478,https://www.bangkokpost.com/world/3305115/whats-behind-the-uaes-decision-to-cut-iran-trade-ties,0.40499999999999997,0.767022696929239,0.5498090787716956,0.5498090787716956
1319184851,20260820,ARE,ARE,IRN,IRN,42,42,4,1,1.9,1,1,1,-5.70687418936446,https://www.al-monitor.com/originals/2026/08/whats-behind-uaes-decision-cut-iran-trade-ties,0.40499999999999997,0.785343709468223,0.5571374837872892,0.5571374837872892
1319184852,20260820,ARE,ARE,IRN,IRN,42,42,4,1,1.9,1,1,1,-5.70687418936446,https://www.al-monitor.com/originals/2026/08/whats-behind-uaes-decision-cut-iran-trade-ties,0.40499999999999997,0.785343709468223,0.5571374837872892,0.5571374837872892
1319184853,20260820,ARE,ARE,IRN,IRN,130,130,13,3,-4.4,4,1,4,-2.91777188328913,https://www.al-monitor.com/originals/2026/08/factbox-trump-threatens-isolate-iran-who-are-its-trading-partners,0.72,0.6458885941644565,0.6903554376657826,2.7614217506631302
1319184854,20260820,AREBUS,ARE,IRN,IRN,20,20,2,1,3.0,10,2,10,-5.52366406397462,https://www.al-monitor.com/originals/2026/08/whats-behind-uaes-decision-cut-iran-trade-ties,0.35,0.776183203198731,0.5204732812794924,5.204732812794925
1319184863,20260820,AZE,AZE,IRN,IRN,61,61,6,2,6.4,2,1,2,-2.91777188328913,https://www.al-monitor.com/originals/2026/08/factbox-trump-threatens-isolate-iran-who-are-its-trading-partners,0.18,0.6458885941644565,0.3663554376657826,0.7327108753315652
1319184864,20260820,AZE,AZE,IRN,IRN,61,61,6,2,6.4,34,2,18,-3.20776486541138,https://www.al-monitor.com/originals/2026/08/factbox-trump-threatens-isolate-iran-who-are-its-trading-partners,0.18,0.660388243270569,0.3721552973082276,12.653280108479738
1319184865,20260820,AZE,AZE,IRN,IRN,61,61,6,2,6.4,4,2,4,-3.20776486541138,https://www.al-monitor.com/originals/2026/08/factbox-trump-threatens-isolate-iran-who-are-its-trading-partners,0.18,0.660388243270569,0.3721552973082276,1.4886211892329104
1319185015,20260820,CHE,CHE,IRN,IRN,195,195,19,4,-10.0,10,1,10,-2.46305418719212,https://www.thelocal.ch/20260820/unprecedented-price-of-unleaded-fuel-in-switzerland-passes-2-francs-per-litre,1.0,0.6231527093596061,0.8492610837438425,8.492610837438425
1319185027,20260820,CHN,CHN,IRN,IRN,71,71,7,2,7.4,3,3,3,-3.99197300885545,https://dominicanrepublicpost.com/how-china-and-russia-could-hobble-trumps-plans-to-isolate-iran/,0.12999999999999998,0.6995986504427725,0.357839460177109,1.0735183805313269
1319185028,20260820,CHN,CHN,IRN,IRN,71,71,7,2,7.4,3,3,3,-3.99197300885545,https://dominicanrepublicpost.com/how-china-and-russia-could-hobble-trumps-plans-to-isolate-iran/,0.12999999999999998,0.6995986504427725,0.357839460177109,1.0735183805313269
1319185150,20260820,DEU,DEU,IRN,IRN,61,61,6,2,6.4,6,3,6,-4.87483384633693,https://dominicanrepublicpost.com/tremendous-costs-can-trump-stop-other-countries-from-trading-with-iran/,0.18,0.7437416923168465,0.4054966769267386,2.4329800615604316
1319185151,20260820,DEU,DEU,IRN,IRN,61,61,6,2,6.4,18,3,18,-4.87483384633693,https://dominicanrepublicpost.com/tremendous-costs-can-trump-stop-other-countries-from-trading-with-iran/,0.18,0.7437416923168465,0.4054966769267386,7.298940184681294
1319185152,20260820,DEU,DEU,IRN,IRN,61,61,6,2,6.4,6,3,6,-4.87483384633693,https://dominicanrepublicpost.com/tremendous-costs-can-trump-stop-other-countries-from-trading-with-iran/,0.18,0.7437416923168465,0.4054966769267386,2.4329800615604316
1319185463,20260820,IND,IND,IRN,IRN,61,61,6,2,6.4,12,3,12,-4.87483384633693,https://dominicanrepublicpost.com/tremendous-costs-can-trump-stop-other-countries-from-trading-with-iran/,0.18,0.7437416923168465,0.4054966769267386,4.865960123120863
1319185464,20260820,IND,IND,IRN,IRN,61,61,6,2,6.4,6,3,6,-4.87483384633693,https://dominicanrepublicpost.com/tremendous-costs-can-trump-stop-other-countries-from-trading-with-iran/,0.18,0.7437416923168465,0.4054966769267386,2.4329800615604316
1319185465,20260820,IND,IND,IRN,IRN,163,163,16,4,-8.0,12,3,12,-4.87483384633693,https://dominicanrepublicpost.com/tremendous-costs-can-trump-stop-other-countries-from-trading-with-iran/,0.9,0.7437416923168465,0.8374966769267387,10.049960123120865
1319185466,20260820,IND,IND,IRN,IRN,163,163,16,4,-8.0,6,3,6,-4.87483384633693,https://dominicanrepublicpost.com/tremendous-costs-can-trump-stop-other-countries-from-trading-with-iran/,0.9,0.7437416923168465,0.8374966769267387,5.0249800615604325
1319185485,20260820,IRN,IRN,,,41,41,4,1,1.0,25,3,25,-4.87849818734825,https://dominicanrepublicpost.com/tremendous-costs-can-trump-stop-other-countries-from-trading-with-iran/,0.45,0.7439249093674125,0.5675699637469651,14.189249093674128
1319185486,20260820,IRN,IRN,,,61,61,6,2,6.4,6,3,6,-4.87483384633693,https://dominicanrepublicpost.com/tremendous-costs-can-trump-stop-other-countries-from-trading-with-iran/,0.18,0.7437416923168465,0.4054966769267386,2.4329800615604316
1319185487,20260820,IRN,IRN,,,130,130,13,3,-4.4,12,2,12,-3.20776486541138,https://www.al-monitor.com/originals/2026/08/factbox-trump-threatens-isolate-iran-who-are-its-trading-partners,0.72,0.660388243270569,0.6961552973082277,8.353863567698731
1319185488,20260820,IRN,IRN,ARE,ARE,43,43,4,1,2.8,1,1,1,-5.34045393858478,https://www.bangkokpost.com/world/3305115/whats-behind-the-uaes-decision-to-cut-iran-trade-ties,0.36,0.767022696929239,0.5228090787716956,0.5228090787716956
1319185489,20260820,IRN,IRN,ARE,ARE,43,43,4,1,2.8,1,1,1,-5.70687418936446,https://www.al-monitor.com/originals/2026/08/whats-behind-uaes-decision-cut-iran-trade-ties,0.36,0.785343709468223,0.5301374837872892,0.5301374837872892
1319185490,20260820,IRN,IRN,ARE,ARE,43,43,4,1,2.8,1,1,1,-5.70687418936446,https://www.al-monitor.com/originals/2026/08/whats-behind-uaes-decision-cut-iran-trade-ties,0.36,0.785343709468223,0.5301374837872892,0.5301374837872892
1319185491,20260820,IRN,IRN,BUS,,190,190,19,4,-10.0,1,1,1,-5.70687418936446,https://www.al-monitor.com/originals/2026/08/whats-behind-uaes-decision-cut-iran-trade-ties,1.0,0.785343709468223,0.9141374837872892,0.9141374837872892
1319185492,20260820,IRN,IRN,BUS,,190,190,19,4,-10.0,1,1,1,-5.70687418936446,https://www.al-monitor.com/originals/2026/08/whats-behind-uaes-decision-cut-iran-trade-ties,1.0,0.785343709468223,0.9141374837872892,0.9141374837872892
1319185493,20260820,IRN,IRN,CHN,CHN,20,20,2,1,3.0,24,3,24,-4.87483384633693,https://dominicanrepublicpost.com/tremendous-costs-can-trump-stop-other-countries-from-trading-with-iran/,0.35,0.7437416923168465,0.5074966769267386,12.179920246241727
1319185494,20260820,IRN,IRN,CHN,CHN,20,20,2,1,3.0,14,5,14,-4.87767558488346,https://dominicanrepublicpost.com/tremendous-costs-can-trump-stop-other-countries-from-trading-with-iran/,0.35,0.7438837792441729,0.5075535116976692,7.105749163767368
1319185495,20260820,IRN,IRN,DEU,DEU,61,61,6,2,6.4,6,3,6,-4.87483384633693,https://dominicanrepublicpost.com/tremendous-costs-can-trump-stop-other-countries-from-trading-with-iran/,0.18,0.7437416923168465,0.4054966769267386,2.4329800615604316
1319185496,20260820,IRN,IRN,DEU,DEU,61,61,6,2,6.4,18,3,18,-4.87483384633693,https://dominicanrepublicpost.com/tremendous-costs-can-trump-stop-other-countries-from-trading-with-iran/,0.18,0.7437416923168465,0.4054966769267386,7.298940184681294
1319185497,20260820,IRN,IRN,DEU,DEU,61,61,6,2,6.4,6,3,6,-4.87483384633693,https://dominicanrepublicpost.com/tremendous-costs-can-trump-stop-other-countries-from-trading-with-iran/,0.18,0.7437416923168465,0.4054966769267386,2.4329800615604316
1319185498,20260820,IRN,IRN,GOV,,60,60,6,2,6.0,4,1,4,-5.62060889929742,https://www.alternet.org/trump-bessent-hegseth/,0.2,0.781030444964871,0.4324121779859484,1.7296487119437935
1319185499,20260820,IRN,IRN,QATMED,QAT,10,10,1,1,0.0,9,3,9,-4.87483384633693,https://dominicanrepublicpost.com/tremendous-costs-can-trump-stop-other-countries-from-trading-with-iran/,0.5,0.7437416923168465,0.5974966769267386,5.377470092340647
1319185500,20260820,IRN,IRN,QATMED,QAT,13,13,1,1,0.4,15,3,15,-4.87483384633693,https://dominicanrepublicpost.com/tremendous-costs-can-trump-stop-other-countries-from-trading-with-iran/,0.48,0.7437416923168465,0.5854966769267386,8.78245015390108
1319185501,20260820,IRN,IRN,QATMED,QAT,13,13,1,1,0.4,12,3,12,-4.43340342759619,https://dominicanrepublicpost.com/tremendous-costs-can-trump-stop-other-countries-from-trading-with-iran/,0.48,0.7216701713798095,0.5766680685519238,6.920016822623085
1319185502,20260820,IRN,IRN,RUS,RUS,61,61,6,2,6.4,6,3,6,-4.87483384633693,https://dominicanrepublicpost.com/tremendous-costs-can-trump-stop-other-countries-from-trading-with-iran/,0.18,0.7437416923168465,0.4054966769267386,2.4329800615604316
1319185503,20260820,IRN,IRN,RUS,RUS,61,61,6,2,6.4,24,3,24,-4.87483384633693,https://dominicanrepublicpost.com/tremendous-costs-can-trump-stop-other-countries-from-trading-with-iran/,0.18,0.7437416923168465,0.4054966769267386,9.731920246241726
1319185504,20260820,IRN,IRN,TJK,TJK,61,61,6,2,6.4,6,3,3,-4.87483384633693,https://dominicanrepublicpost.com/tremendous-costs-can-trump-stop-other-countries-from-trading-with-iran/,0.18,0.7437416923168465,0.4054966769267386,2.4329800615604316
1319185505,20260820,IRN,IRN,TJK,TJK,61,61,6,2,6.4,3,3,3,-4.87483384633693,https://dominicanrepublicpost.com/tremendous-costs-can-trump-stop-other-countries-from-trading-with-iran/,0.18,0.7437416923168465,0.4054966769267386,1.2164900307802158
1319185506,20260820,IRN,IRN,TJK,TJK,61,61,6,2,6.4,1,1,1,-4.85651214128035,https://dominicanrepublicpost.com/tremendous-costs-can-trump-stop-other-countries-from-trading-with-iran/,0.18,0.7428256070640175,0.405130242825607,0.405130242825607
1319185507,20260820,IRN,IRN,TUR,TUR,57,57,5,1,8.0,13,2,13,-3.20776486541138,https://www.al-monitor.com/originals/2026/08/factbox-trump-threatens-isolate-iran-who-are-its-trading-partners,0.1,0.660388243270569,0.3241552973082276,4.214018865006959
1319185508,20260820,IRN,IRN,TUR,TUR,57,57,5,1,8.0,1,1,1,-2.91777188328913,https://www.al-monitor.com/originals/2026/08/factbox-trump-threatens-isolate-iran-who-are-its-trading-partners,0.1,0.6458885941644565,0.3183554376657826,0.3183554376657826
1319185509,20260820,IRN,IRN,TUR,TUR,57,57,5,1,8.0,1,1,1,-2.91777188328913,https://www.al-monitor.com/originals/2026/08/factbox-trump-threatens-isolate-iran-who-are-its-trading-partners,0.1,0.6458885941644565,0.3183554376657826,0.3183554376657826
1319185510,20260820,IRN,IRN,TUR,TUR,57,57,5,1,8.0,4,2,4,-3.20776486541138,https://www.al-monitor.com/originals/2026/08/factbox-trump-threatens-isolate-iran-who-are-its-trading-partners,0.1,0.660388243270569,0.3241552973082276,1.2966211892329105
1319185511,20260820,IRN,IRN,UKR,UKR,113,113,11,3,-2.0,6,3,6,-4.87483384633693,https://dominicanrepublicpost.com/tremendous-costs-can-trump-stop-other-countries-from-trading-with-iran/,0.6,0.7437416923168465,0.6574966769267385,3.944980061560431
1319185512,20260820,IRN,IRN,UKR,UKR,113,113,11,3,-2.0,24,3,24,-4.87483384633693,https://dominicanrepublicpost.com/tremendous-costs-can-trump-stop-other-countries-from-trading-with-iran/,0.6,0.7437416923168465,0.6574966769267385,15.779920246241725
1319185513,20260820,IRN,IRN,USA,USA,57,57,5,1,8.0,2,1,2,-5.70687418936446,https://www.al-monitor.com/originals/2026/08/whats-behind-uaes-decision-cut-iran-trade-ties,0.1,0.785343709468223,0.3741374837872892,0.7482749675745785
1319185514,20260820,IRNGOV,IRN,,,110,110,11,3,-2.0,3,3,3,-4.87483384633693,https://dominicanrepublicpost.com/tremendous-costs-can-trump-stop-other-countries-from-trading-with-iran/,0.6,0.7437416923168465,0.6574966769267385,1.9724900307802156
1319185515,20260820,IRNGOV,IRN,,,110,110,11,3,-2.0,6,3,6,-4.87483384633693,https://dominicanrepublicpost.com/tremendous-costs-can-trump-stop-other-countries-from-trading-with-iran/,0.6,0.7437416923168465,0.6574966769267385,3.944980061560431
1319185516,20260820,IRNGOVMED,IRN,,,110,110,11,3,-2.0,9,3,9,-4.87483384633693,https://dominicanrepublicpost.com/tremendous-costs-can-trump-stop-other-countries-from-trading-with-iran/,0.6,0.7437416923168465,0.6574966769267385,5.917470092340647
1319185517,20260820,IRNGOVMED,IRN,,,110,110,11,3,-2.0,9,3,9,-4.87483384633693,https://dominicanrepublicpost.com/tremendous-costs-can-trump-stop-other-countries-from-trading-with-iran/,0.6,0.7437416923168465,0.6574966769267385,5.917470092340647
1319185518,20260820,IRNGOVMED,IRN,DOM,DOM,110,110,11,3,-2.0,2,1,2,-4.85651214128035,https://dominicanrepublicpost.com/tremendous-costs-can-trump-stop-other-countries-from-trading-with-iran/,0.6,0.7428256070640175,0.657130242825607,1.314260485651214
1319185519,20260820,IRNGOVMED,IRN,DOM,DOM,110,110,11,3,-2.0,2,1,2,-4.85651214128035,https://dominicanrepublicpost.com/tremendous-costs-can-trump-stop-other-countries-from-trading-with-iran/,0.6,0.7428256070640175,0.657130242825607,1.314260485651214
1319185520,20260820,IRQ,IRQ,IRN,IRN,61,61,6,2,6.4,6,2,6,-3.20776486541138,https://www.al-monitor.com/originals/2026/08/factbox-trump-threatens-isolate-iran-who-are-its-trading-partners,0.18,0.660388243270569,0.3721552973082276,2.2329317838493656
1319185838,20260820,MIL,,IRN,IRN,61,61,6,2,6.4,30,3,30,-4.87483384633693,https://dominicanrepublicpost.com/tremendous-costs-can-trump-stop-other-countries-from-trading-with-iran/,0.18,0.7437416923168465,0.4054966769267386,12.164900307802156
1319185991,20260820,QATMED,QAT,IRN,IRN,20,20,2,1,3.0,18,3,18,-4.87483384633693,https://dominicanrepublicpost.com/tremendous-costs-can-trump-stop-other-countries-from-trading-with-iran/,0.35,0.7437416923168465,0.5074966769267386,9.134940184681295
1319186024,20260820,TJK,TJK,IRN,IRN,61,61,6,2,6.4,6,3,3,-4.87483384633693,https://dominicanrepublicpost.com/tremendous-costs-can-trump-stop-other-countries-from-trading-with-iran/,0.18,0.7437416923168465,0.4054966769267386,2.4329800615604316
1319186025,20260820,TJK,TJK,IRN,IRN,61,61,6,2,6.4,36,3,18,-4.87483384633693,https://dominicanrepublicpost.com/tremendous-costs-can-trump-stop-other-countries-from-trading-with-iran/,0.18,0.7437416923168465,0.4054966769267386,14.597880369362588
1319186026,20260820,TJK,TJK,IRN,IRN,61,61,6,2,6.4,3,3,3,-4.87483384633693,https://dominicanrepublicpost.com/tremendous-costs-can-trump-stop-other-countries-from-trading-with-iran/,0.18,0.7437416923168465,0.4054966769267386,1.2164900307802158
1319186027,20260820,TJK,TJK,IRN,IRN,61,61,6,2,6.4,1,1,1,-4.85651214128035,https://dominicanrepublicpost.com/tremendous-costs-can-trump-stop-other-countries-from-trading-with-iran/,0.18,0.7428256070640175,0.405130242825607,0.405130242825607
1319186028,20260820,TUR,TUR,IRN,IRN,311,31,3,1,5.2,3,2,3,-3.20776486541138,https://www.al-monitor.com/originals/2026/08/factbox-trump-threatens-isolate-iran-who-are-its-trading-partners,0.24,0.660388243270569,0.40815529730822764,1.224465891924683
1319186029,20260820,TUR,TUR,IRN,IRN,311,31,3,1,5.2,1,1,1,-2.91777188328913,https://www.al-monitor.com/originals/2026/08/factbox-trump-threatens-isolate-iran-who-are-its-trading-partners,0.24,0.6458885941644565,0.40235543766578263,0.40235543766578263
1319186030,20260820,TUR,TUR,IRN,IRN,311,31,3,1,5.2,6,2,6,-3.20776486541138,https://www.al-monitor.com/originals/2026/08/factbox-trump-threatens-isolate-iran-who-are-its-trading-partners,0.24,0.660388243270569,0.40815529730822764,2.448931783849366
1319186031,20260820,TUR,TUR,IRN,IRN,50,50,5,1,3.5,2,1,2,-2.91777188328913,https://www.al-monitor.com/originals/2026/08/factbox-trump-threatens-isolate-iran-who-are-its-trading-partners,0.325,0.6458885941644565,0.4533554376657826,0.9067108753315652
1319186032,20260820,TUR,TUR,IRN,IRN,50,50,5,1,3.5,12,2,12,-3.20776486541138,https://www.al-monitor.com/originals/2026/08/factbox-trump-threatens-isolate-iran-who-are-its-trading-partners,0.325,0.660388243270569,0.45915529730822763,5.509863567698732
1319186033,20260820,TUR,TUR,IRN,IRN,50,50,5,1,3.5,4,2,4,-3.20776486541138,https://www.al-monitor.com/originals/2026/08/factbox-trump-threatens-isolate-iran-who-are-its-trading-partners,0.325,0.660388243270569,0.45915529730822763,1.8366211892329105
1319186034,20260820,TUR,TUR,IRN,IRN,57,57,5,1,8.0,1,1,1,-2.91777188328913,https://www.al-monitor.com/originals/2026/08/factbox-trump-threatens-isolate-iran-who-are-its-trading-partners,0.1,0.6458885941644565,0.3183554376657826,0.3183554376657826
1319186035,20260820,TUR,TUR,IRN,IRN,57,57,5,1,8.0,13,2,13,-3.20776486541138,https://www.al-monitor.com/originals/2026/08/factbox-trump-threatens-isolate-iran-who-are-its-trading-partners,0.1,0.660388243270569,0.3241552973082276,4.214018865006959
1319186036,20260820,TUR,TUR,IRN,IRN,57,57,5,1,8.0,1,1,1,-2.91777188328913,https://www.al-monitor.com/originals/2026/08/factbox-trump-threatens-isolate-iran-who-are-its-trading-partners,0.1,0.6458885941644565,0.3183554376657826,0.3183554376657826
1319186037,20260820,TUR,TUR,IRN,IRN,57,57,5,1,8.0,4,2,4,-3.20776486541138,https://www.al-monitor.com/originals/2026/08/factbox-trump-threatens-isolate-iran-who-are-its-trading-partners,0.1,0.660388243270569,0.3241552973082276,1.2966211892329105
1319186038,20260820,TUR,TUR,IRN,IRN,61,61,6,2,6.4,30,3,30,-4.87483384633693,https://dominicanrepublicpost.com/tremendous-costs-can-trump-stop-other-countries-from-trading-with-iran/,0.18,0.7437416923168465,0.4054966769267386,12.164900307802156
1319186039,20260820,TUR,TUR,IRN,IRN,61,61,6,2,6.4,2,1,2,-2.91777188328913,https://www.al-monitor.com/originals/2026/08/factbox-trump-threatens-isolate-iran-who-are-its-trading-partners,0.18,0.6458885941644565,0.3663554376657826,0.7327108753315652
1319186040,20260820,TUR,TUR,IRN,IRN,61,61,6,2,6.4,16,2,16,-3.20776486541138,https://www.al-monitor.com/originals/2026/08/factbox-trump-threatens-isolate-iran-who-are-its-trading-partners,0.18,0.660388243270569,0.3721552973082276,5.954484756931642
1319186258,20260820,USA,USA,IRN,IRN,20,20,2,1,3.0,6,3,6,-4.87483384633693,https://dominicanrepublicpost.com/tremendous-costs-can-trump-stop-other-countries-from-trading-with-iran/,0.35,0.7437416923168465,0.5074966769267386,3.0449800615604317
1319186259,20260820,USA,USA,IRN,IRN,20,20,2,1,3.0,6,3,6,-4.87483384633693,https://dominicanrepublicpost.com/tremendous-costs-can-trump-stop-other-countries-from-trading-with-iran/,0.35,0.7437416923168465,0.5074966769267386,3.0449800615604317
1319186260,20260820,USA,USA,IRN,IRN,57,57,5,1,8.0,2,1,2,-5.70687418936446,https://www.al-monitor.com/originals/2026/08/whats-behind-uaes-decision-cut-iran-trade-ties,0.1,0.785343709468223,0.3741374837872892,0.7482749675745785
1319186261,20260820,USA,USA,IRN,IRN,61,61,6,2,6.4,6,3,6,-4.87483384633693,https://dominicanrepublicpost.com/tremendous-costs-can-trump-stop-other-countries-from-trading-with-iran/,0.18,0.7437416923168465,0.4054966769267386,2.4329800615604316
1319186357,20260820,USAGOV,USA,IRN,IRN,110,110,11,3,-2.0,6,3,6,-3.99197300885545,https://dominicanrepublicpost.com/how-china-and-russia-could-hobble-trumps-plans-to-isolate-iran/,0.6,0.6995986504427725,0.6398394601771089,3.8390367610626535
1319186358,20260820,USAGOV,USA,IRN,IRN,110,110,11,3,-2.0,26,4,26,-4.41901073557591,https://dominicanrepublicpost.com/how-china-and-russia-could-hobble-trumps-plans-to-isolate-iran/,0.6,0.7209505367787955,0.6483802147115182,16.857885582499474
1319187252,20260820,BGD,BGD,IRN,IRN,61,61,6,2,6.4,14,1,14,1.7530065918583,https://www.thehindubusinessline.com/economy/dgft-eases-rupee-trade-rule-for-exporters/article71370150.ece,0.18,0.412349670407085,0.272939868162834,3.8211581542796758
1319187338,20260820,CHN,CHN,IRN,IRN,43,43,4,1,2.8,4,2,4,-4.8180390586301,https://www.freemalaysiatoday.com/category/world/2026/08/20/new-us-carrier-arrives-in-middle-east-to-relieve-long-deployed-ship,0.36,0.740901952931505,0.512360781172602,2.049443124690408
1319187339,20260820,CHN,CHN,IRN,IRN,43,43,4,1,2.8,6,3,6,-5.85801407075335,https://www.freemalaysiatoday.com/category/world/2026/08/20/new-us-carrier-arrives-in-middle-east-to-relieve-long-deployed-ship,0.36,0.7929007035376674,0.533160281415067,3.198961688490402
1319187694,20260820,IRN,IRN,,,20,20,2,1,3.0,2,1,2,-3.08370044052864,https://www.thehindubusinessline.com/markets/commodities/india-open-to-buying-venezuelan-oil-till-us-sanction-exemption-continues-sources/article71369851.ece,0.35,0.654185022026432,0.47167400881057286,0.9433480176211457
1319187695,20260820,IRN,IRN,,,20,20,2,1,3.0,5,1,5,-3.08370044052864,https://www.thehindubusinessline.com/markets/commodities/india-open-to-buying-venezuelan-oil-till-us-sanction-exemption-continues-sources/article71369851.ece,0.35,0.654185022026432,0.47167400881057286,2.3583700440528643
1319187696,20260820,IRN,IRN,,,111,111,11,3,-2.0,6,1,6,-6.42023346303502,https://www.moneycontrol.com/world/iran-condemns-trump-s-new-sanctions-as-crimes-against-humanity-us-warns-allies-and-china-to-get-on-board-article-14011818.html,0.6,0.8210116731517509,0.6884046692607004,4.130428015564203
1319187697,20260820,IRN,IRN,,,111,111,11,3,-2.0,2,1,2,-6.42023346303502,https://www.moneycontrol.com/world/iran-condemns-trump-s-new-sanctions-as-crimes-against-humanity-us-warns-allies-and-china-to-get-on-board-article-14011818.html,0.6,0.8210116731517509,0.6884046692607004,1.3768093385214009
1319187698,20260820,IRN,IRN,CHN,CHN,42,42,4,1,1.9,4,2,4,-4.8180390586301,https://www.freemalaysiatoday.com/category/world/2026/08/20/new-us-carrier-arrives-in-middle-east-to-relieve-long-deployed-ship,0.40499999999999997,0.740901952931505,0.539360781172602,2.157443124690408
1319187699,20260820,IRN,IRN,CHN,CHN,42,42,4,1,1.9,6,3,6,-5.85801407075335,https://www.freemalaysiatoday.com/category/world/2026/08/20/new-us-carrier-arrives-in-middle-east-to-relieve-long-deployed-ship,0.40499999999999997,0.7929007035376674,0.5601602814150669,3.3609616884904012
1319187700,20260820,IRN,IRN,CHN,CHN,190,190,19,4,-10.0,2,1,2,-5.85774058577406,https://www.freemalaysiatoday.com/category/world/2026/08/20/new-us-carrier-arrives-in-middle-east-to-relieve-long-deployed-ship,1.0,0.792887029288703,0.9171548117154812,1.8343096234309624
1319187701,20260820,IRN,IRN,CHN,CHN,190,190,19,4,-10.0,16,2,16,-4.8180390586301,https://www.freemalaysiatoday.com/category/world/2026/08/20/new-us-carrier-arrives-in-middle-east-to-relieve-long-deployed-ship,1.0,0.740901952931505,0.896360781172602,14.341772498761632
1319187702,20260820,IRN,IRN,USA,USA,43,43,4,1,2.8,64,32,64,-1.36071436909718,https://www.local10.com/news/2026/08/20/us-aircraft-carrier-arrives-in-middle-east-relieving-long-deployed-uss-lincoln/,0.36,0.568035718454859,0.4432142873819436,28.36571439244439
1319187817,20260820,LKA,LKA,IRN,IRN,61,61,6,2,6.4,2,1,2,1.26050420168067,https://www.thehindubusinessline.com/economy/dgft-eases-rupee-trade-rule-for-exporters/article71370150.ece,0.18,0.4369747899159665,0.2827899159663866,0.5655798319327732
1319187829,20260820,MDV,MDV,IRN,IRN,61,61,6,2,6.4,2,1,2,1.26050420168067,https://www.thehindubusinessline.com/economy/dgft-eases-rupee-trade-rule-for-exporters/article71370150.ece,0.18,0.4369747899159665,0.2827899159663866,0.5655798319327732
1319187871,20260820,MMR,MMR,IRN,IRN,61,61,6,2,6.4,2,1,2,1.26050420168067,https://www.thehindubusinessline.com/economy/dgft-eases-rupee-trade-rule-for-exporters/article71370150.ece,0.18,0.4369747899159665,0.2827899159663866,0.5655798319327732
1319187963,20260820,PAK,PAK,IRN,IRN,61,61,6,2,6.4,2,1,2,1.26050420168067,https://www.thehindubusinessline.com/economy/dgft-eases-rupee-trade-rule-for-exporters/article71370150.ece,0.18,0.4369747899159665,0.2827899159663866,0.5655798319327732
1319188145,20260820,USA,USA,IRN,IRN,42,42,4,1,1.9,64,32,64,-1.36071436909718,https://www.local10.com/news/2026/08/20/us-aircraft-carrier-arrives-in-middle-east-relieving-long-deployed-uss-lincoln/,0.40499999999999997,0.568035718454859,0.4702142873819436,30.09371439244439
1319189073,20260820,BGD,BGD,IRN,IRN,61,61,6,2,6.4,10,2,10,0.92471884723019,https://www.prokerala.com/news/articles/a1802788.html,0.18,0.4537640576384905,0.2895056230553962,2.895056230553962
1319189164,20260820,CHN,CHN,IRN,IRN,43,43,4,1,2.8,6,3,6,-5.37830209254959,https://www.euronews.com/2026/08/20/new-us-carrier-strike-group-arrives-in-middle-east-to-relieve-long-deployed-uss-abraham-li,0.36,0.7689151046274795,0.5235660418509918,3.1413962511059506
1319189165,20260820,CHN,CHN,IRN,IRN,43,43,4,1,2.8,2,1,2,-4.41860465116279,https://www.euronews.com/2026/08/20/new-us-carrier-strike-group-arrives-in-middle-east-to-relieve-long-deployed-uss-abraham-li,0.36,0.7209302325581395,0.5043720930232558,1.0087441860465116
1319189166,20260820,CHN,CHN,IRN,IRN,138,138,13,3,-7.0,11,3,11,-4.75513675333307,https://www.koreatimes.co.kr/world/20260821/us-warns-allies-china-to-back-economic-war-on-iran,0.85,0.7377568376666535,0.8051027350666614,8.856130085733275
1319189167,20260820,CHN,CHN,IRNGOV,IRN,51,51,5,1,3.4,1,1,1,-5.6865464632455,https://www.koreatimes.co.kr/world/20260821/us-warns-allies-china-to-back-economic-war-on-iran,0.32999999999999996,0.7843273231622749,0.5117309292649099,0.5117309292649099
1319189168,20260820,CHN,CHN,IRNGOV,IRN,51,51,5,1,3.4,2,2,2,-5.96827323162275,https://www.koreatimes.co.kr/world/20260821/us-warns-allies-china-to-back-economic-war-on-iran,0.32999999999999996,0.7984136615811375,0.517365464632455,1.03473092926491
1319189457,20260820,GOV,,IRN,IRN,30,30,3,1,4.0,2,1,2,-6.26151012891344,https://pjmedia.com/catherinesalgado/2026/08/20/trump-declares-economic-d-day-against-iranian-regime-n4956331,0.3,0.813075506445672,0.5052302025782688,1.0104604051565376
1319189458,20260820,GOV,,IRN,IRN,125,125,12,3,-5.0,4,1,4,-6.26151012891344,https://pjmedia.com/catherinesalgado/2026/08/20/trump-declares-economic-d-day-against-iranian-regime-n4956331,0.75,0.813075506445672,0.7752302025782687,3.1009208103130748
1319189459,20260820,GOV,,IRNGOV,IRN,125,125,12,3,-5.0,6,1,6,-6.26151012891344,https://pjmedia.com/catherinesalgado/2026/08/20/trump-declares-economic-d-day-against-iranian-regime-n4956331,0.75,0.813075506445672,0.7752302025782687,4.651381215469613
1319189530,20260820,IGOWSTNAT,WST,IRN,IRN,36,36,3,1,4.0,3,1,3,-3.0557219892151,https://www.novinite.com/articles/240216/No+One+Needs+a+Missile:+What+Iran+Could+Actually+Do+to+Bulgaria,0.3,0.652786099460755,0.44111443978430204,1.323343319352906
1319189601,20260820,IRL,IRL,IRN,IRN,112,112,11,3,-2.0,2,1,2,-9.69267139479901,https://www.irishtimes.com/crime-law/courts/2026/08/20/iranian-man-accused-of-carrying-out-arson-attack-at-dublin-mosque-sent-forward-for-trial/,0.6,0.9846335697399505,0.7538534278959802,1.5077068557919604
1319189602,20260820,IRL,IRL,IRN,IRN,112,112,11,3,-2.0,6,1,6,-9.69267139479901,https://www.irishtimes.com/crime-law/courts/2026/08/20/iranian-man-accused-of-carrying-out-arson-attack-at-dublin-mosque-sent-forward-for-trial/,0.6,0.9846335697399505,0.7538534278959802,4.523120567375881
1319189604,20260820,IRN,IRN,,,16,16,1,1,-2.0,1,1,1,-3.0557219892151,https://www.novinite.com/articles/240216/No+One+Needs+a+Missile:+What+Iran+Could+Actually+Do+to+Bulgaria,0.6,0.652786099460755,0.621114439784302,0.621114439784302
1319189605,20260820,IRN,IRN,,,17,17,1,1,0.0,4,1,4,-0.77071290944123,https://www.mediamatters.org/fox-news/sean-hannity-covers-iran-war-first-time-weeks-complains-trump-isnt-getting-credit-it,0.5,0.5385356454720615,0.5154142581888246,2.0616570327552983
1319189606,20260820,IRN,IRN,,,17,17,1,1,0.0,2,1,2,-0.77071290944123,https://www.mediamatters.org/fox-news/sean-hannity-covers-iran-war-first-time-weeks-complains-trump-isnt-getting-credit-it,0.5,0.5385356454720615,0.5154142581888246,1.0308285163776492
1319189607,20260820,IRN,IRN,,,17,17,1,1,0.0,3,1,3,-0.77071290944123,https://www.mediamatters.org/fox-news/sean-hannity-covers-iran-war-first-time-weeks-complains-trump-isnt-getting-credit-it,0.5,0.5385356454720615,0.5154142581888246,1.5462427745664737
1319189608,20260820,IRN,IRN,,,17,17,1,1,0.0,1,1,1,-0.77071290944123,https://www.mediamatters.org/fox-news/sean-hannity-covers-iran-war-first-time-weeks-complains-trump-isnt-getting-credit-it,0.5,0.5385356454720615,0.5154142581888246,0.5154142581888246
1319189609,20260820,IRN,IRN,,,51,51,5,1,3.4,6,3,6,-4.75513675333307,https://www.koreatimes.co.kr/world/20260821/us-warns-allies-china-to-back-economic-war-on-iran,0.32999999999999996,0.7377568376666535,0.49310273506666136,2.9586164103999684
1319189610,20260820,IRN,IRN,,,51,51,5,1,3.4,4,2,4,-5.96827323162275,https://www.koreatimes.co.kr/world/20260821/us-warns-allies-china-to-back-economic-war-on-iran,0.32999999999999996,0.7984136615811375,0.517365464632455,2.06946185852982
1319189611,20260820,IRN,IRN,,,114,114,11,3,-2.0,3,1,3,-0.77071290944123,https://www.mediamatters.org/fox-news/sean-hannity-covers-iran-war-first-time-weeks-complains-trump-isnt-getting-credit-it,0.6,0.5385356454720615,0.5754142581888246,1.726242774566474
1319189612,20260820,IRN,IRN,BRN,BRN,190,190,19,4,-10.0,2,1,2,-4.41860465116279,https://www.euronews.com/2026/08/20/new-us-carrier-strike-group-arrives-in-middle-east-to-relieve-long-deployed-uss-abraham-li,1.0,0.7209302325581395,0.8883720930232557,1.7767441860465114
1319189613,20260820,IRN,IRN,BRN,BRN,190,190,19,4,-10.0,18,3,18,-5.37830209254959,https://www.euronews.com/2026/08/20/new-us-carrier-strike-group-arrives-in-middle-east-to-relieve-long-deployed-uss-abraham-li,1.0,0.7689151046274795,0.9075660418509918,16.336188753317852
1319189614,20260820,IRN,IRN,CHN,CHN,42,42,4,1,1.9,6,3,6,-5.37830209254959,https://www.euronews.com/2026/08/20/new-us-carrier-strike-group-arrives-in-middle-east-to-relieve-long-deployed-uss-abraham-li,0.40499999999999997,0.7689151046274795,0.5505660418509918,3.3033962511059505
1319189615,20260820,IRN,IRN,CHN,CHN,42,42,4,1,1.9,2,1,2,-4.41860465116279,https://www.euronews.com/2026/08/20/new-us-carrier-strike-group-arrives-in-middle-east-to-relieve-long-deployed-uss-abraham-li,0.40499999999999997,0.7209302325581395,0.5313720930232557,1.0627441860465114
1319189616,20260820,IRN,IRN,CHN,CHN,163,163,16,4,-8.0,21,6,21,-5.48762830273075,https://www.koreatimes.co.kr/world/20260821/us-warns-allies-china-to-back-economic-war-on-iran,0.9,0.7743814151365375,0.849752566054615,17.844803887146917
1319189617,20260820,IRN,IRN,CHN,CHN,190,190,19,4,-10.0,6,3,6,-5.37830209254959,https://www.euronews.com/2026/08/20/new-us-carrier-strike-group-arrives-in-middle-east-to-relieve-long-deployed-uss-abraham-li,1.0,0.7689151046274795,0.9075660418509918,5.445396251105951
1319189618,20260820,IRN,IRN,IRL,IRL,110,110,11,3,-2.0,1,1,1,-9.69267139479901,https://www.irishtimes.com/crime-law/courts/2026/08/20/iranian-man-accused-of-carrying-out-arson-attack-at-dublin-mosque-sent-forward-for-trial/,0.6,0.9846335697399505,0.7538534278959802,0.7538534278959802
1319189619,20260820,IRN,IRN,IRL,IRL,110,110,11,3,-2.0,7,1,7,-9.69267139479901,https://www.irishtimes.com/crime-law/courts/2026/08/20/iranian-man-accused-of-carrying-out-arson-attack-at-dublin-mosque-sent-forward-for-trial/,0.6,0.9846335697399505,0.7538534278959802,5.276973995271861
1319189620,20260820,IRN,IRN,IRNGOV,IRN,186,186,18,4,-10.0,3,1,3,-6.26151012891344,https://pjmedia.com/catherinesalgado/2026/08/20/trump-declares-economic-d-day-against-iranian-regime-n4956331,1.0,0.813075506445672,0.9252302025782688,2.7756906077348065
1319189621,20260820,IRN,IRN,IRNGOV,IRN,186,186,18,4,-10.0,1,1,1,-6.26151012891344,https://pjmedia.com/catherinesalgado/2026/08/20/trump-declares-economic-d-day-against-iranian-regime-n4956331,1.0,0.813075506445672,0.9252302025782688,0.9252302025782688
1319189622,20260820,IRN,IRN,SAU,SAU,13,13,1,1,0.4,1,1,1,-3.78289473684211,https://ejpress.org/trump-declares-economic-d-day-for-iran/,0.48,0.6891447368421055,0.5636578947368422,0.5636578947368422
1319189623,20260820,IRN,IRN,SAU,SAU,13,13,1,1,0.4,1,1,1,-3.78289473684211,https://ejpress.org/trump-declares-economic-d-day-for-iran/,0.48,0.6891447368421055,0.5636578947368422,0.5636578947368422
1319189624,20260820,IRNGOV,IRN,,,186,186,18,4,-10.0,1,1,1,-6.26151012891344,https://pjmedia.com/catherinesalgado/2026/08/20/trump-declares-economic-d-day-against-iranian-regime-n4956331,1.0,0.813075506445672,0.9252302025782688,0.9252302025782688
1319189625,20260820,IRNGOV,IRN,GOV,,130,130,13,3,-4.4,6,1,6,-6.26151012891344,https://pjmedia.com/catherinesalgado/2026/08/20/trump-declares-economic-d-day-against-iranian-regime-n4956331,0.72,0.813075506445672,0.7572302025782688,4.543381215469613
1319189626,20260820,IRNGOV,IRN,IRN,IRN,30,30,3,1,4.0,2,1,2,-6.26151012891344,https://pjmedia.com/catherinesalgado/2026/08/20/trump-declares-economic-d-day-against-iranian-regime-n4956331,0.3,0.813075506445672,0.5052302025782688,1.0104604051565376
1319189627,20260820,IRNGOV,IRN,USA,USA,20,20,2,1,3.0,9,4,9,-4.99138354393413,https://www.koreatimes.co.kr/world/20260821/us-warns-allies-china-to-back-economic-war-on-iran,0.35,0.7495691771967066,0.5098276708786826,4.588449037908144
1319189628,20260820,IRNGOVMIL,IRN,,,20,20,2,1,3.0,1,1,1,-6.26151012891344,https://pjmedia.com/catherinesalgado/2026/08/20/trump-declares-economic-d-day-against-iranian-regime-n4956331,0.35,0.813075506445672,0.5352302025782688,0.5352302025782688
1319189629,20260820,IRNGOVMIL,IRN,,,20,20,2,1,3.0,1,1,1,-6.26151012891344,https://pjmedia.com/catherinesalgado/2026/08/20/trump-declares-economic-d-day-against-iranian-regime-n4956331,0.35,0.813075506445672,0.5352302025782688,0.5352302025782688
1319189767,20260820,MED,,IRN,IRN,10,10,1,1,0.0,5,2,5,-2.70262792047402,https://www.euronews.com/2026/08/20/new-us-carrier-strike-group-arrives-in-middle-east-to-relieve-long-deployed-uss-abraham-li,0.5,0.6351313960237011,0.5540525584094804,2.770262792047402
1319189788,20260820,MIL,,IRN,IRN,72,72,7,2,8.3,2,1,2,-4.41860465116279,https://www.euronews.com/2026/08/20/new-us-carrier-strike-group-arrives-in-middle-east-to-relieve-long-deployed-uss-abraham-li,0.08499999999999996,0.7209302325581395,0.33937209302325577,0.6787441860465115
1319189789,20260820,MIL,,IRN,IRN,72,72,7,2,8.3,2,1,2,-4.41860465116279,https://www.euronews.com/2026/08/20/new-us-carrier-strike-group-arrives-in-middle-east-to-relieve-long-deployed-uss-abraham-li,0.08499999999999996,0.7209302325581395,0.33937209302325577,0.6787441860465115
1319189997,20260820,UAF,,IRN,IRN,30,30,3,1,4.0,2,1,2,-3.0557219892151,https://www.novinite.com/articles/240216/No+One+Needs+a+Missile:+What+Iran+Could+Actually+Do+to+Bulgaria,0.3,0.652786099460755,0.44111443978430204,0.8822288795686041
1319189998,20260820,UAF,,IRN,IRN,30,30,3,1,4.0,8,1,8,-3.0557219892151,https://www.novinite.com/articles/240216/No+One+Needs+a+Missile:+What+Iran+Could+Actually+Do+to+Bulgaria,0.3,0.652786099460755,0.44111443978430204,3.5289155182744163
1319190133,20260820,USA,USA,IRN,IRN,84,84,8,2,7.0,2,1,2,-2.29007633587786,http://www.prnewswire.com/news-releases/egan-jones-examines-a-possible-turning-point-in-the-middle-east-conflict-302851549.html,0.15,0.614503816793893,0.3358015267175572,0.6716030534351144
1319190134,20260820,USA,USA,IRN,IRN,84,84,8,2,7.0,3,1,3,-2.29007633587786,http://www.prnewswire.com/news-releases/egan-jones-examines-a-possible-turning-point-in-the-middle-east-conflict-302851549.html,0.15,0.614503816793893,0.3358015267175572,1.0074045801526716
1319190135,20260820,USA,USA,IRN,IRN,90,90,9,2,-2.0,1,1,1,-2.29007633587786,http://www.prnewswire.com/news-releases/egan-jones-examines-a-possible-turning-point-in-the-middle-east-conflict-302851549.html,0.6,0.614503816793893,0.6058015267175572,0.6058015267175572
1319190136,20260820,USA,USA,IRN,IRN,90,90,9,2,-2.0,4,1,4,-2.29007633587786,http://www.prnewswire.com/news-releases/egan-jones-examines-a-possible-turning-point-in-the-middle-east-conflict-302851549.html,0.6,0.614503816793893,0.6058015267175572,2.4232061068702286
1319191029,20260820,,,IRN,IRN,42,42,4,1,1.9,2,1,2,-1.83823529411765,https://www.yahoo.com/news/politics/articles/o-reilly-trump-endorsement-doesn-144130487.html,0.40499999999999997,0.5919117647058825,0.479764705882353,0.959529411764706
1319191030,20260820,,,IRN,IRN,130,130,13,3,-4.4,10,1,10,-1.83823529411765,https://www.yahoo.com/news/politics/articles/o-reilly-trump-endorsement-doesn-144130487.html,0.72,0.5919117647058825,0.6687647058823529,6.687647058823529
1319191236,20260820,CAN,CAN,IRN,IRN,46,46,4,1,7.0,2,1,2,0.0,https://vancouversun.com:443/news/customers-north-vancouver-apadana-currency-exchange-demand-answers-after-millions-in-funds-frozen,0.15,0.5,0.29000000000000004,0.5800000000000001
1319191237,20260820,CAN,CAN,IRN,IRN,46,46,4,1,7.0,8,1,8,0.0,https://vancouversun.com:443/news/customers-north-vancouver-apadana-currency-exchange-demand-answers-after-millions-in-funds-frozen,0.15,0.5,0.29000000000000004,2.3200000000000003
1319191238,20260820,CAN,CAN,IRN,IRN,46,46,4,1,7.0,4,1,4,0.0,https://vancouversun.com:443/news/customers-north-vancouver-apadana-currency-exchange-demand-answers-after-millions-in-funds-frozen,0.15,0.5,0.29000000000000004,1.1600000000000001
1319191239,20260820,CAN,CAN,IRN,IRN,46,46,4,1,7.0,2,1,2,0.0,https://vancouversun.com:443/news/customers-north-vancouver-apadana-currency-exchange-demand-answers-after-millions-in-funds-frozen,0.15,0.5,0.29000000000000004,0.5800000000000001
1319191240,20260820,CAN,CAN,IRN,IRN,46,46,4,1,7.0,2,1,2,0.0,https://vancouversun.com:443/news/customers-north-vancouver-apadana-currency-exchange-demand-answers-after-millions-in-funds-frozen,0.15,0.5,0.29000000000000004,0.5800000000000001
1319191241,20260820,CAN,CAN,IRN,IRN,46,46,4,1,7.0,2,1,2,0.0,https://vancouversun.com:443/news/customers-north-vancouver-apadana-currency-exchange-demand-answers-after-millions-in-funds-frozen,0.15,0.5,0.29000000000000004,0.5800000000000001
1319191271,20260820,CHN,CHN,IRNGOV,IRN,111,111,11,3,-2.0,4,1,4,-7.87878787878788,https://www.al-monitor.com/originals/2026/08/china-slams-trump-over-economic-war-iran-what-know,0.6,0.8939393939393939,0.7175757575757575,2.87030303030303
1319191564,20260820,GOV,,IRN,IRN,40,40,4,1,1.0,22,11,22,-1.06902591455392,https://www.rferl.org/a/belarus-assault-rifle-iran-vsk-100b/33834995.html,0.45,0.553451295727696,0.4913805182910784,10.810371402403725
1319191565,20260820,GOV,,IRN,IRN,40,40,4,1,1.0,1,1,1,-1.30057803468208,https://www.rferl.org/a/belarus-assault-rifle-iran-vsk-100b/33834995.html,0.45,0.5650289017341039,0.4960115606936416,0.4960115606936416
1319191566,20260820,GOV,,IRN,IRN,40,40,4,1,1.0,4,1,4,-1.30057803468208,https://www.rferl.org/a/belarus-assault-rifle-iran-vsk-100b/33834995.html,0.45,0.5650289017341039,0.4960115606936416,1.9840462427745664
1319191680,20260820,IRN,IRN,,,10,10,1,1,0.0,2,1,2,-1.83823529411765,https://www.yahoo.com/news/politics/articles/o-reilly-trump-endorsement-doesn-144130487.html,0.5,0.5919117647058825,0.536764705882353,1.073529411764706
1319191681,20260820,IRN,IRN,,,16,16,1,1,-2.0,4,1,4,-3.59281437125749,https://timesofindia.indiatimes.com/world/middle-east/iran-rejects-trumps-hormuz-total-control-claim-says-strait-will-reopen-only-on-tehrans-terms/articleshow/133383098.cms,0.6,0.6796407185628744,0.6318562874251498,2.527425149700599
1319191682,20260820,IRN,IRN,,,16,16,1,1,-2.0,2,1,2,-3.59281437125749,https://timesofindia.indiatimes.com/world/middle-east/iran-rejects-trumps-hormuz-total-control-claim-says-strait-will-reopen-only-on-tehrans-terms/articleshow/133383098.cms,0.6,0.6796407185628744,0.6318562874251498,1.2637125748502995
1319191683,20260820,IRN,IRN,,,43,43,4,1,2.8,2,1,2,-1.83823529411765,https://www.yahoo.com/news/politics/articles/o-reilly-trump-endorsement-doesn-144130487.html,0.36,0.5919117647058825,0.45276470588235296,0.9055294117647059
1319191684,20260820,IRN,IRN,CAN,CAN,46,46,4,1,7.0,2,1,2,0.0,https://vancouversun.com:443/news/customers-north-vancouver-apadana-currency-exchange-demand-answers-after-millions-in-funds-frozen,0.15,0.5,0.29000000000000004,0.5800000000000001
1319191685,20260820,IRN,IRN,CAN,CAN,46,46,4,1,7.0,8,1,8,0.0,https://vancouversun.com:443/news/customers-north-vancouver-apadana-currency-exchange-demand-answers-after-millions-in-funds-frozen,0.15,0.5,0.29000000000000004,2.3200000000000003
1319191686,20260820,IRN,IRN,IRNBUS,IRN,61,61,6,2,6.4,8,1,8,-2.01465201465201,https://www.freshplaza.com/north-america/article/9864995/iranian-exporters-brace-for-impact-of-the-emirati-market-closure/,0.18,0.6007326007326006,0.34829304029304026,2.786344322344322
1319191687,20260820,IRN,IRN,IRQ,IRQ,43,43,4,1,2.8,2,1,2,-3.45864661654136,http://www.jpost.com/middle-east/iran-news/article-906131,0.36,0.672932330827068,0.48517293233082726,0.9703458646616545
1319191688,20260820,IRN,IRN,IRQ,IRQ,43,43,4,1,2.8,20,1,20,-3.01075268817204,http://www.jpost.com/middle-east/article-906138,0.36,0.650537634408602,0.47621505376344087,9.524301075268816
1319191689,20260820,IRN,IRN,ISRMED,ISR,13,13,1,1,0.4,2,1,2,-3.45864661654136,http://www.jpost.com/middle-east/iran-news/article-906131,0.48,0.672932330827068,0.5571729323308272,1.1143458646616544
1319191690,20260820,IRN,IRN,ISRMED,ISR,13,13,1,1,0.4,2,1,2,-3.45864661654136,http://www.jpost.com/middle-east/iran-news/article-906131,0.48,0.672932330827068,0.5571729323308272,1.1143458646616544
1319191691,20260820,IRN,IRN,USA,USA,16,16,1,1,-2.0,4,1,4,-3.59281437125749,https://timesofindia.indiatimes.com/world/middle-east/iran-rejects-trumps-hormuz-total-control-claim-says-strait-will-reopen-only-on-tehrans-terms/articleshow/133383098.cms,0.6,0.6796407185628744,0.6318562874251498,2.527425149700599
1319191692,20260820,IRN,IRN,USA,USA,16,16,1,1,-2.0,2,1,1,-3.59281437125749,https://timesofindia.indiatimes.com/world/middle-east/iran-rejects-trumps-hormuz-total-control-claim-says-strait-will-reopen-only-on-tehrans-terms/articleshow/133383098.cms,0.6,0.6796407185628744,0.6318562874251498,1.2637125748502995
1319191693,20260820,IRN,IRN,USA,USA,16,16,1,1,-2.0,1,1,1,-3.59281437125749,https://timesofindia.indiatimes.com/world/middle-east/iran-rejects-trumps-hormuz-total-control-claim-says-strait-will-reopen-only-on-tehrans-terms/articleshow/133383098.cms,0.6,0.6796407185628744,0.6318562874251498,0.6318562874251498
1319191694,20260820,IRN,IRN,USA,USA,16,16,1,1,-2.0,1,1,1,-3.59281437125749,https://timesofindia.indiatimes.com/world/middle-east/iran-rejects-trumps-hormuz-total-control-claim-says-strait-will-reopen-only-on-tehrans-terms/articleshow/133383098.cms,0.6,0.6796407185628744,0.6318562874251498,0.6318562874251498
1319191695,20260820,IRN,IRN,USA,USA,43,43,4,1,2.8,2,1,2,-1.83823529411765,https://www.yahoo.com/news/politics/articles/o-reilly-trump-endorsement-doesn-144130487.html,0.36,0.5919117647058825,0.45276470588235296,0.9055294117647059
1319191696,20260820,IRNLEG,IRN,IRQ,IRQ,42,42,4,1,1.9,2,1,2,-3.45864661654136,http://www.jpost.com/middle-east/iran-news/article-906131,0.40499999999999997,0.672932330827068,0.5121729323308272,1.0243458646616543
1319191697,20260820,IRNLEG,IRN,IRQ,IRQ,42,42,4,1,1.9,4,1,4,-3.01075268817204,http://www.jpost.com/middle-east/article-906138,0.40499999999999997,0.650537634408602,0.5032150537634408,2.012860215053763
1319191698,20260820,IRNLEG,IRN,IRQ,IRQ,42,42,4,1,1.9,4,1,4,-3.01075268817204,http://www.jpost.com/middle-east/article-906138,0.40499999999999997,0.650537634408602,0.5032150537634408,2.012860215053763
1319191700,20260820,IRQ,IRQ,IRN,IRN,42,42,4,1,1.9,18,1,18,-3.01075268817204,http://www.jpost.com/middle-east/article-906138,0.40499999999999997,0.650537634408602,0.5032150537634408,9.057870967741934
1319191701,20260820,IRQ,IRQ,IRN,IRN,42,42,4,1,1.9,2,1,2,-3.45864661654136,http://www.jpost.com/middle-east/iran-news/article-906131,0.40499999999999997,0.672932330827068,0.5121729323308272,1.0243458646616543
1319191702,20260820,IRQ,IRQ,IRN,IRN,42,42,4,1,1.9,2,1,2,-3.01075268817204,http://www.jpost.com/middle-east/article-906138,0.40499999999999997,0.650537634408602,0.5032150537634408,1.0064301075268816
1319191703,20260820,IRQ,IRQ,IRN,IRN,172,172,17,4,-5.0,14,1,14,-3.01075268817204,http://www.jpost.com/middle-east/article-906138,0.75,0.650537634408602,0.7102150537634409,9.943010752688172
1319191704,20260820,IRQ,IRQ,IRN,IRN,172,172,17,4,-5.0,2,1,2,-3.01075268817204,http://www.jpost.com/middle-east/article-906138,0.75,0.650537634408602,0.7102150537634409,1.4204301075268817
1319191705,20260820,IRQ,IRQ,IRNLEG,IRN,43,43,4,1,2.8,10,1,10,-3.01075268817204,http://www.jpost.com/middle-east/article-906138,0.36,0.650537634408602,0.47621505376344087,4.762150537634408
1319191721,20260820,ISR,ISR,IRN,IRN,110,110,11,3,-2.0,3,1,3,-2.66311584553928,http://www.jpost.com/opinion/article-906107,0.6,0.6331557922769641,0.6132623169107856,1.8397869507323568
1319192067,20260820,PAK,PAK,IRNREB,IRN,190,190,19,4,-10.0,4,1,4,-3.82352941176471,http://www.jpost.com/opinion/article-905989,1.0,0.6911764705882355,0.8764705882352941,3.5058823529411764
1319192197,20260820,SYR,SYR,IRN,IRN,110,110,11,3,-2.0,2,1,2,-2.66311584553928,http://www.jpost.com/opinion/article-906107,0.6,0.6331557922769641,0.6132623169107856,1.2265246338215712
1319192391,20260820,USA,USA,IRN,IRN,10,10,1,1,0.0,2,1,2,-1.83823529411765,https://www.yahoo.com/news/politics/articles/o-reilly-trump-endorsement-doesn-144130487.html,0.5,0.5919117647058825,0.536764705882353,1.073529411764706
1319192392,20260820,USA,USA,IRN,IRN,10,10,1,1,0.0,2,1,2,0.0,https://www.wrdw.com/2026/08/20/sc-congressional-delegation-discusses-debt-iran-future/,0.5,0.5,0.5,1.0
1319192393,20260820,USA,USA,IRN,IRN,10,10,1,1,0.0,2,1,2,0.0,https://www.wrdw.com/2026/08/20/sc-congressional-delegation-discusses-debt-iran-future/,0.5,0.5,0.5,1.0
1319192394,20260820,USA,USA,IRN,IRN,42,42,4,1,1.9,1,1,1,-1.83823529411765,https://www.yahoo.com/news/politics/articles/o-reilly-trump-endorsement-doesn-144130487.html,0.40499999999999997,0.5919117647058825,0.479764705882353,0.479764705882353
1319192395,20260820,USA,USA,IRN,IRN,42,42,4,1,1.9,1,1,1,-1.83823529411765,https://www.yahoo.com/news/politics/articles/o-reilly-trump-endorsement-doesn-144130487.html,0.40499999999999997,0.5919117647058825,0.479764705882353,0.479764705882353
1319194005,20260820,GOV,,IRN,IRN,12,12,1,1,-0.4,8,1,8,-9.10746812386161,https://www.foxbusiness.com/technology/siemens-plc-cyber-threat-critical-infrastructure,0.52,0.9553734061930804,0.6941493624772321,5.553194899817857
1319194006,20260820,GOV,,IRN,IRN,15,15,1,1,0.0,4,1,4,-9.10746812386161,https://www.foxbusiness.com/technology/siemens-plc-cyber-threat-critical-infrastructure,0.5,0.9553734061930804,0.6821493624772321,2.7285974499089285
1319194007,20260820,GOV,,IRN,IRN,15,15,1,1,0.0,4,1,4,-9.10746812386161,https://www.foxbusiness.com/technology/siemens-plc-cyber-threat-critical-infrastructure,0.5,0.9553734061930804,0.6821493624772321,2.7285974499089285
1319194008,20260820,GOV,,IRN,IRN,40,40,4,1,1.0,50,10,50,-1.0458707025411,http://www.bignewsnetwork.com/news/279254551/new-belarusian-assault-rifle-production-enabled-by-iran-sources-say,0.45,0.552293535127055,0.490917414050822,24.5458707025411
1319194009,20260820,GOV,,IRN,IRN,112,112,11,3,-2.0,7,1,7,-9.10746812386161,https://www.foxbusiness.com/technology/siemens-plc-cyber-threat-critical-infrastructure,0.6,0.9553734061930804,0.7421493624772322,5.195045537340626
1319194093,20260820,IRN,IRN,,,85,85,8,2,7.0,4,1,4,-4.9093321539142,https://www.aljazeera.com/news/2026/8/20/tremendous-costs-can-trump-stop-other-countries-from-trading-with-iran,0.15,0.7454666076957099,0.388186643078284,1.552746572313136
1319194094,20260820,IRN,IRN,TJK,TJK,61,61,6,2,6.4,2,2,2,-4.88399469886522,https://www.aljazeera.com/news/2026/8/20/tremendous-costs-can-trump-stop-other-countries-from-trading-with-iran,0.18,0.744199734943261,0.40567989397730436,0.8113597879546087
1319194095,20260820,IRN,IRN,USACVL,USA,40,40,4,1,1.0,5,1,5,-9.10746812386161,https://www.foxbusiness.com/technology/siemens-plc-cyber-threat-critical-infrastructure,0.45,0.9553734061930804,0.6521493624772322,3.260746812386161
1319194096,20260820,IRNGOV,IRN,,,111,111,11,3,-2.0,55,8,55,-6.67501302903278,https://www.ynetnews.com/article/byfhdjnpzl,0.6,0.833750651451639,0.6935002605806556,38.142514331936056
1319194097,20260820,IRNGOV,IRN,IRN,IRN,15,15,1,1,0.0,1,1,1,-9.10746812386161,https://www.foxbusiness.com/technology/siemens-plc-cyber-threat-critical-infrastructure,0.5,0.9553734061930804,0.6821493624772321,0.6821493624772321
1319194098,20260820,IRNGOV,IRN,IRN,IRN,15,15,1,1,0.0,1,1,1,-9.10746812386161,https://www.foxbusiness.com/technology/siemens-plc-cyber-threat-critical-infrastructure,0.5,0.9553734061930804,0.6821493624772321,0.6821493624772321
1319194099,20260820,IRNGOV,IRN,IRN,IRN,30,30,3,1,4.0,36,18,36,-7.37949129329927,https://www.reviewjournal.com/news/politics-and-government/bring-more-failures-iran-dismisses-us-economic-threats-3866684/,0.3,0.8689745646649636,0.5275898258659855,18.993233731175476
1319194100,20260820,IRNGOV,IRN,IRN,IRN,112,112,11,3,-2.0,1,1,1,-9.10746812386161,https://www.foxbusiness.com/technology/siemens-plc-cyber-threat-critical-infrastructure,0.6,0.9553734061930804,0.7421493624772322,0.7421493624772322
1319194101,20260820,IRNGOV,IRN,PSE,PSE,42,42,4,1,1.9,2,1,2,-2.57234726688103,https://www.ynetnews.com/article/syahfyedgl,0.40499999999999997,0.6286173633440515,0.49444694533762057,0.9888938906752411
1319194102,20260820,IRNGOVMED,IRN,GRD,GRD,110,110,11,3,-2.0,2,1,2,-4.85865724381625,https://grenadachronicle.com/tremendous-costs-can-trump-stop-other-countries-from-trading-with-iran/,0.6,0.7429328621908124,0.6571731448763249,1.3143462897526499
1319194103,20260820,IRNGOVMED,IRN,GRD,GRD,110,110,11,3,-2.0,2,1,2,-4.85865724381625,https://grenadachronicle.com/tremendous-costs-can-trump-stop-other-countries-from-trading-with-iran/,0.6,0.7429328621908124,0.6571731448763249,1.3143462897526499
1319194104,20260820,IRNGOVMED,IRN,IRN,IRN,110,110,11,3,-2.0,2,1,2,-4.9093321539142,https://www.aljazeera.com/news/2026/8/20/tremendous-costs-can-trump-stop-other-countries-from-trading-with-iran,0.6,0.7454666076957099,0.6581866430782839,1.3163732861565678
1319194105,20260820,IRNGOVMED,IRN,IRN,IRN,110,110,11,3,-2.0,2,1,2,-4.9093321539142,https://www.aljazeera.com/news/2026/8/20/tremendous-costs-can-trump-stop-other-countries-from-trading-with-iran,0.6,0.7454666076957099,0.6581866430782839,1.3163732861565678
1319194350,20260820,MIL,,IRN,IRN,72,72,7,2,8.3,8,1,8,-3.84153661464586,https://www.ynetnews.com/article/byfhdjnpzl,0.08499999999999996,0.6920768307322931,0.32783073229291726,2.622645858343338
1319194351,20260820,MIL,,IRN,IRN,72,72,7,2,8.3,2,1,2,-3.84153661464586,https://www.ynetnews.com/article/byfhdjnpzl,0.08499999999999996,0.6920768307322931,0.32783073229291726,0.6556614645858345
1319194462,20260820,PSE,PSE,IRNGOV,IRN,43,43,4,1,2.8,2,1,2,-2.57234726688103,https://www.ynetnews.com/article/syahfyedgl,0.36,0.6286173633440515,0.46744694533762066,0.9348938906752413
1319194538,20260820,TJK,TJK,IRN,IRN,61,61,6,2,6.4,2,2,2,-4.88399469886522,https://www.aljazeera.com/news/2026/8/20/tremendous-costs-can-trump-stop-other-countries-from-trading-with-iran,0.18,0.744199734943261,0.40567989397730436,0.8113597879546087
1319194720,20260820,USACVL,USA,IRN,IRN,40,40,4,1,1.0,5,1,5,-9.10746812386161,https://www.foxbusiness.com/technology/siemens-plc-cyber-threat-critical-infrastructure,0.45,0.9553734061930804,0.6521493624772322,3.260746812386161
1319195572,20260820,,,IRN,IRN,111,111,11,3,-2.0,1,1,1,-9.23694779116468,https://dunyanews.tv/en/World/968878-iranian-fm-araghchi-hits-back-at-trumps-economic-dday,0.6,0.961847389558234,0.7447389558232936,0.7447389558232936
1319195744,20260820,CAN,CAN,IRN,IRN,40,40,4,1,1.0,4,2,4,-2.97543563746823,https://www.brandonsun.com/local/2026/08/20/poilievre-invites-irans-exiled-crown-prince-reza-pahlavi-to-visit-canada,0.45,0.6487717818734116,0.5295087127493647,2.118034850997459
1319195745,20260820,CAN,CAN,IRN,IRN,40,40,4,1,1.0,2,2,2,-2.97543563746823,https://www.brandonsun.com/local/2026/08/20/poilievre-invites-irans-exiled-crown-prince-reza-pahlavi-to-visit-canada,0.45,0.6487717818734116,0.5295087127493647,1.0590174254987295
1319195746,20260820,CAN,CAN,IRN,IRN,42,42,4,1,1.9,4,2,4,-2.97543563746823,https://www.brandonsun.com/local/2026/08/20/poilievre-invites-irans-exiled-crown-prince-reza-pahlavi-to-visit-canada,0.40499999999999997,0.6487717818734116,0.5025087127493646,2.0100348509974584
1319195747,20260820,CAN,CAN,IRN,IRN,42,42,4,1,1.9,4,2,4,-2.97543563746823,https://www.brandonsun.com/local/2026/08/20/poilievre-invites-irans-exiled-crown-prince-reza-pahlavi-to-visit-canada,0.40499999999999997,0.6487717818734116,0.5025087127493646,2.0100348509974584
1319196097,20260820,IRN,IRN,CAN,CAN,10,10,1,1,0.0,1,1,1,-3.7484885126965,https://cheknews.ca/poilievre-invites-irans-exiled-crown-prince-reza-pahlavi-to-visit-canada-1343060/,0.5,0.687424425634825,0.57496977025393,0.57496977025393
1319196098,20260820,IRN,IRN,CAN,CAN,40,40,4,1,1.0,2,2,2,-2.97543563746823,https://www.brandonsun.com/local/2026/08/20/poilievre-invites-irans-exiled-crown-prince-reza-pahlavi-to-visit-canada,0.45,0.6487717818734116,0.5295087127493647,1.0590174254987295
1319196099,20260820,IRN,IRN,CAN,CAN,40,40,4,1,1.0,4,2,4,-2.97543563746823,https://www.brandonsun.com/local/2026/08/20/poilievre-invites-irans-exiled-crown-prince-reza-pahlavi-to-visit-canada,0.45,0.6487717818734116,0.5295087127493647,2.118034850997459
1319196100,20260820,IRN,IRN,CAN,CAN,43,43,4,1,2.8,4,2,4,-2.97543563746823,https://www.brandonsun.com/local/2026/08/20/poilievre-invites-irans-exiled-crown-prince-reza-pahlavi-to-visit-canada,0.36,0.6487717818734116,0.4755087127493647,1.9020348509974587
1319196101,20260820,IRN,IRN,CAN,CAN,43,43,4,1,2.8,4,2,4,-2.97543563746823,https://www.brandonsun.com/local/2026/08/20/poilievre-invites-irans-exiled-crown-prince-reza-pahlavi-to-visit-canada,0.36,0.6487717818734116,0.4755087127493647,1.9020348509974587
1319196102,20260820,IRN,IRN,CAN,CAN,125,125,12,3,-5.0,2,2,2,-2.97543563746823,https://www.brandonsun.com/local/2026/08/20/poilievre-invites-irans-exiled-crown-prince-reza-pahlavi-to-visit-canada,0.75,0.6487717818734116,0.7095087127493647,1.4190174254987293
1319196103,20260820,IRN,IRN,CAN,CAN,125,125,12,3,-5.0,4,2,4,-2.97543563746823,https://www.brandonsun.com/local/2026/08/20/poilievre-invites-irans-exiled-crown-prince-reza-pahlavi-to-visit-canada,0.75,0.6487717818734116,0.7095087127493647,2.8380348509974587
1319196104,20260820,IRN,IRN,IRNMIL,IRN,72,72,7,2,8.3,36,9,36,-4.43396226415094,http://www.afghanistannews.net/news/279254592/us-vows-toughest-sanctions-in-history-against-iran,0.08499999999999996,0.7216981132075471,0.33967924528301885,12.22845283018868
1319196105,20260820,IRN,IRN,IRNMOS,IRN,173,173,17,4,-5.0,18,9,18,-4.43396226415094,http://www.afghanistannews.net/news/279254592/us-vows-toughest-sanctions-in-history-against-iran,0.75,0.7216981132075471,0.7386792452830189,13.29622641509434
1319196106,20260820,IRN,IRN,IRQ,IRQ,46,46,4,1,7.0,9,9,9,-4.43396226415094,http://www.afghanistannews.net/news/279254592/us-vows-toughest-sanctions-in-history-against-iran,0.15,0.7216981132075471,0.3786792452830189,3.40811320754717
1319196107,20260820,IRN,IRN,MED,,10,10,1,1,0.0,9,9,9,-4.43396226415094,http://www.afghanistannews.net/news/279254592/us-vows-toughest-sanctions-in-history-against-iran,0.5,0.7216981132075471,0.5886792452830188,5.2981132075471695
1319196108,20260820,IRN,IRN,PGS,PGS,105,105,10,3,-5.0,18,9,18,-4.43396226415094,http://www.afghanistannews.net/news/279254592/us-vows-toughest-sanctions-in-history-against-iran,0.75,0.7216981132075471,0.7386792452830189,13.29622641509434
1319196109,20260820,IRN,IRN,PGS,PGS,130,130,13,3,-4.4,18,9,18,-4.43396226415094,http://www.afghanistannews.net/news/279254592/us-vows-toughest-sanctions-in-history-against-iran,0.72,0.7216981132075471,0.7206792452830189,12.97222641509434
1319196110,20260820,IRN,IRN,USA,USA,50,50,5,1,3.5,6,1,6,-9.23694779116468,https://dunyanews.tv/en/World/968878-iranian-fm-araghchi-hits-back-at-trumps-economic-dday,0.325,0.961847389558234,0.5797389558232937,3.4784337349397623
1319196111,20260820,IRN,IRN,USA,USA,127,127,12,3,-5.0,7,1,7,-9.23694779116468,https://dunyanews.tv/en/World/968878-iranian-fm-araghchi-hits-back-at-trumps-economic-dday,0.75,0.961847389558234,0.8347389558232936,5.843172690763055
1319196112,20260820,IRN,IRN,USAMIL,USA,60,60,6,2,6.0,18,9,18,-4.43396226415094,http://www.afghanistannews.net/news/279254592/us-vows-toughest-sanctions-in-history-against-iran,0.2,0.7216981132075471,0.40867924528301885,7.35622641509434
1319196113,20260820,IRN,IRN,USAMIL,USA,70,70,7,2,7.0,18,9,18,-4.43396226415094,http://www.afghanistannews.net/news/279254592/us-vows-toughest-sanctions-in-history-against-iran,0.15,0.7216981132075471,0.3786792452830189,6.81622641509434
1319196114,20260820,IRNLEG,IRN,IRNMIL,IRN,72,72,7,2,8.3,54,9,54,-4.43396226415094,http://www.afghanistannews.net/news/279254592/us-vows-toughest-sanctions-in-history-against-iran,0.08499999999999996,0.7216981132075471,0.33967924528301885,18.34267924528302
1319196115,20260820,IRQ,IRQ,IRN,IRN,46,46,4,1,7.0,9,9,9,-4.43396226415094,http://www.afghanistannews.net/news/279254592/us-vows-toughest-sanctions-in-history-against-iran,0.15,0.7216981132075471,0.3786792452830189,3.40811320754717
1319196122,20260820,ISR,ISR,IRN,IRN,194,194,19,4,-10.0,10,1,10,-7.61750405186385,https://dunyanews.tv/en/World/968885-tremendous-consequences-trump-threatens-economic-punishment-on-any,1.0,0.8808752025931925,0.952350081037277,9.52350081037277
1319196384,20260820,REL,,IRN,IRN,10,10,1,1,0.0,10,1,10,-7.28862973760933,https://www.israelnationalnews.com/news/432010,0.5,0.8644314868804666,0.6457725947521866,6.457725947521866
1319196572,20260820,USA,USA,IRN,IRN,112,112,11,3,-2.0,9,9,9,-4.43396226415094,http://www.afghanistannews.net/news/279254592/us-vows-toughest-sanctions-in-history-against-iran,0.6,0.7216981132075471,0.6486792452830188,5.838113207547169
1319198158,20260820,MOS,,IRN,IRN,100,100,10,3,-5.0,1,1,1,-5.20446096654275,http://www.indiagazette.com/news/279254334/iran-consul-general-slams-trump-tremendous-economic-consequences-threat-to-tehran-partners-calls-it-sign-of-weakness-for-us,0.75,0.7602230483271375,0.754089219330855,0.754089219330855
1319199270,20260820,,,IRN,IRN,42,42,4,1,1.9,2,1,2,-0.19327406262079,https://www.democracynow.org/2026/8/20/afghanistan_taliban_5_years_us_sanctions,0.40499999999999997,0.5096637031310395,0.44686548125241576,0.8937309625048315
1319199820,20260820,IRN,IRN,,,43,43,4,1,2.8,2,1,2,-0.19327406262079,https://www.democracynow.org/2026/8/20/afghanistan_taliban_5_years_us_sanctions,0.36,0.5096637031310395,0.4198654812524158,0.8397309625048316
1319199821,20260820,IRN,IRN,GOV,,13,13,1,1,0.4,8,1,8,-4.07569141193596,https://www.thenation.com/article/world/american-left-ukraine-peace/,0.48,0.703784570596798,0.5695138282387192,4.556110625909754
1319199822,20260820,IRN,IRN,SAU,SAU,130,130,13,3,-4.4,2,1,2,-3.7828947368421,https://gulfnews.com/world/mena/what-uae-residents-need-to-know-tonight-tanker-hijacked-off-yemen-us-aircraft-carrier-deployed-in-middle-east-1.500647004,0.72,0.689144736842105,0.7076578947368419,1.4153157894736839
1319199823,20260820,IRN,IRN,SAU,SAU,130,130,13,3,-4.4,8,1,8,-3.7828947368421,https://gulfnews.com/world/mena/what-uae-residents-need-to-know-tonight-tanker-hijacked-off-yemen-us-aircraft-carrier-deployed-in-middle-east-1.500647004,0.72,0.689144736842105,0.7076578947368419,5.661263157894735
1319199824,20260820,IRN,IRN,USA,USA,43,43,4,1,2.8,5,2,5,-2.21241305510968,https://gulfnews.com/world/mena/ap-us-iran-us-aircraft-carrier-1.500647183,0.36,0.610620652755484,0.46024826110219363,2.301241305510968
1319200293,20260820,USA,USA,IRN,IRN,42,42,4,1,1.9,5,2,5,-2.21241305510968,https://gulfnews.com/world/mena/ap-us-iran-us-aircraft-carrier-1.500647183,0.40499999999999997,0.610620652755484,0.4872482611021936,2.436241305510968
1319201295,20260820,,,IRNGOV,IRN,42,42,4,1,1.9,8,1,8,-10.0346020761245,https://aa.com.tr/en/us-israel-iran-war/iran-condemns-fresh-raft-of-us-sanctions-as-economic-terrorism-/4033198,0.40499999999999997,1.0,0.643,5.144
1319201426,20260820,BUS,,IRN,IRN,170,170,17,4,-7.0,10,1,10,-4.50980392156862,https://gcaptain.com/sanctioned-shadow-fleet-tanker-hijacked-in-gulf-of-aden-and-diverted-toward-somalia/,0.85,0.725490196078431,0.8001960784313724,8.001960784313724
1319201467,20260820,CHN,CHN,IRN,IRN,36,36,3,1,4.0,2,1,2,-2.75510204081633,https://gcaptain.com/maritime-markets-bracing-for-long-term-disruption-in-the-middle-east/,0.3,0.6377551020408164,0.4351020408163266,0.8702040816326532
1319201468,20260820,CHN,CHN,IRN,IRN,36,36,3,1,4.0,2,1,2,-2.75510204081633,https://gcaptain.com/maritime-markets-bracing-for-long-term-disruption-in-the-middle-east/,0.3,0.6377551020408164,0.4351020408163266,0.8702040816326532
1319201635,20260820,EGY,EGY,IRN,IRN,20,20,2,1,3.0,4,1,4,0.54446460980036,https://www.arabnews.com/node/2655350/middle-east,0.35,0.47277676950998193,0.39911070780399277,1.596442831215971
1319201636,20260820,EGY,EGY,IRN,IRN,20,20,2,1,3.0,6,1,6,0.54446460980036,https://www.arabnews.com/node/2655350/middle-east,0.35,0.47277676950998193,0.39911070780399277,2.3946642468239565
1319201637,20260820,EGY,EGY,IRN,IRN,42,42,4,1,1.9,10,1,10,0.54446460980036,https://www.arabnews.com/node/2655350/middle-east,0.40499999999999997,0.47277676950998193,0.43211070780399274,4.321107078039928
1319201780,20260820,GOV,,IRN,IRN,30,30,3,1,4.0,10,2,10,-3.02882107459572,https://aa.com.tr/en/americas/us-issues-new-cuba-related-sanctions/4033237,0.3,0.651441053729786,0.4405764214919144,4.405764214919144
1319201902,20260820,IRN,IRN,,,90,90,9,2,-2.0,4,1,4,-4.03800475059382,https://foreignpolicy.com/live/anton-jager-hyperpolitics-paradox-of-political-outrage/?tpcc=recirc_trending062921,0.6,0.701900237529691,0.6407600950118764,2.5630403800475055
1319201903,20260820,IRN,IRN,,,194,194,19,4,-10.0,10,1,10,-2.75510204081633,https://gcaptain.com/maritime-markets-bracing-for-long-term-disruption-in-the-middle-east/,1.0,0.6377551020408164,0.8551020408163266,8.551020408163266
1319201904,20260820,IRN,IRN,BUS,,130,130,13,3,-4.4,2,1,2,-1.9047619047619,https://www.ibtimes.com/more-150-polymarket-wallets-may-have-traded-us-military-secrets-research-finds-3806617,0.72,0.595238095238095,0.6700952380952381,1.3401904761904762
1319201905,20260820,IRN,IRN,CHN,CHN,36,36,3,1,4.0,2,1,2,-2.75510204081633,https://gcaptain.com/maritime-markets-bracing-for-long-term-disruption-in-the-middle-east/,0.3,0.6377551020408164,0.4351020408163266,0.8702040816326532
1319201906,20260820,IRN,IRN,CHN,CHN,36,36,3,1,4.0,2,1,2,-2.75510204081633,https://gcaptain.com/maritime-markets-bracing-for-long-term-disruption-in-the-middle-east/,0.3,0.6377551020408164,0.4351020408163266,0.8702040816326532
1319201907,20260820,IRN,IRN,EGY,EGY,43,43,4,1,2.8,10,1,10,0.54446460980036,https://www.arabnews.com/node/2655350/middle-east,0.36,0.47277676950998193,0.4051107078039928,4.051107078039927
1319201908,20260820,IRN,IRN,IGOUNOGOV,,20,20,2,1,3.0,10,1,10,-11.1464968152866,https://www.ncr-iran.org/en/ncri-statements/statement-human-rights/irans-regime-executes-21-year-old-uprising-prisoner-ghaem-hosseini/,0.35,1.0,0.61,6.1
1319201909,20260820,IRN,IRN,IRNGOV,IRN,43,43,4,1,2.8,2,1,2,-10.0346020761245,https://aa.com.tr/en/us-israel-iran-war/iran-condemns-fresh-raft-of-us-sanctions-as-economic-terrorism-/4033198,0.36,1.0,0.616,1.232
1319201910,20260820,IRN,IRN,IRQ,IRQ,160,160,16,4,-4.0,1,1,1,-2.4113475177305,https://www.ncr-iran.org/en/news/iran-resistance/the-ghost-of-1953-and-the-unfinished-quest-for-iranian-sovereignty/,0.7,0.620567375886525,0.66822695035461,0.66822695035461
1319201911,20260820,IRN,IRN,IRQ,IRQ,160,160,16,4,-4.0,4,1,4,-2.4113475177305,https://www.ncr-iran.org/en/news/iran-resistance/the-ghost-of-1953-and-the-unfinished-quest-for-iranian-sovereignty/,0.7,0.620567375886525,0.66822695035461,2.67290780141844
1319201912,20260820,IRN,IRN,ISR,ISR,111,111,11,3,-2.0,2,1,2,-7.06006322444678,https://www.deccanchronicle.com/world/iran-dismisses-us-economic-threats-other-key-west-asia-developments-1980859,0.6,0.853003161222339,0.7012012644889356,1.4024025289778712
1319201913,20260820,IRN,IRN,MOS,,80,80,8,2,5.0,1,1,1,-2.83359093250902,"http://www.thejewishstar.com/stories/when-we-see-islams-trojan-horse-for-what-it-is-we-must-respectfully-decline-the-gift,26734",0.25,0.641679546625451,0.4066718186501804,0.4066718186501804
1319201914,20260820,IRN,IRN,NGOHRI,,186,186,18,4,-10.0,10,1,10,-11.1464968152866,https://www.ncr-iran.org/en/ncri-statements/statement-human-rights/irans-regime-executes-21-year-old-uprising-prisoner-ghaem-hosseini/,1.0,1.0,1.0,10.0
1319201915,20260820,IRN,IRN,QAT,QAT,43,43,4,1,2.8,2,1,2,0.54446460980036,https://www.arabnews.com/node/2655350/middle-east,0.36,0.47277676950998193,0.4051107078039928,0.8102214156079856
1319201916,20260820,IRN,IRN,QAT,QAT,43,43,4,1,2.8,8,1,8,0.54446460980036,https://www.arabnews.com/node/2655350/middle-east,0.36,0.47277676950998193,0.4051107078039928,3.240885662431942
1319201917,20260820,IRN,IRN,REB,,173,173,17,4,-5.0,10,1,10,-11.1464968152866,https://www.ncr-iran.org/en/ncri-statements/statement-human-rights/irans-regime-executes-21-year-old-uprising-prisoner-ghaem-hosseini/,0.75,1.0,0.85,8.5
1319201918,20260820,IRN,IRN,USA,USA,40,40,4,1,1.0,1,1,1,0.54446460980036,https://www.arabnews.com/node/2655350/middle-east,0.45,0.47277676950998193,0.45911070780399277,0.45911070780399277
1319201919,20260820,IRN,IRN,USA,USA,80,80,8,2,5.0,20,2,20,2.29888709547594,"http://www.thejewishstar.com/stories/mission-accomplished-great-neckers-have-arrived,26708",0.25,0.38505564522620295,0.3040222580904812,6.0804451618096245
1319201920,20260820,IRN,IRN,USAMED,USA,13,13,1,1,0.4,4,1,4,-1.76056338028169,https://www.independent.co.uk/news/world/americas/us-politics/uss-lincoln-conditions-george-washington-middle-east-b3036561.html,0.48,0.5880281690140845,0.5232112676056337,2.092845070422535
1319201921,20260820,IRNGOV,IRN,,,43,43,4,1,2.8,8,1,8,-10.0346020761245,https://aa.com.tr/en/us-israel-iran-war/iran-condemns-fresh-raft-of-us-sanctions-as-economic-terrorism-/4033198,0.36,1.0,0.616,4.928
1319201922,20260820,IRNGOV,IRN,IRN,IRN,42,42,4,1,1.9,2,1,2,-10.0346020761245,https://aa.com.tr/en/us-israel-iran-war/iran-condemns-fresh-raft-of-us-sanctions-as-economic-terrorism-/4033198,0.40499999999999997,1.0,0.643,1.286
1319201923,20260820,IRNGOV,IRN,IRN,IRN,130,130,13,3,-4.4,2,1,2,-3.44827586206897,https://www.theepochtimes.com/epochtv/ntd-newsroom-full-broadcast-aug-20-post-6077640,0.72,0.6724137931034485,0.7009655172413793,1.4019310344827587
1319202282,20260820,QAT,QAT,IRN,IRN,20,20,2,1,3.0,2,1,2,0.54446460980036,https://www.arabnews.com/node/2655350/middle-east,0.35,0.47277676950998193,0.39911070780399277,0.7982214156079855
1319202283,20260820,QAT,QAT,IRN,IRN,20,20,2,1,3.0,8,1,8,0.54446460980036,https://www.arabnews.com/node/2655350/middle-east,0.35,0.47277676950998193,0.39911070780399277,3.192885662431942
1319202284,20260820,QAT,QAT,IRN,IRN,42,42,4,1,1.9,2,1,2,0.54446460980036,https://www.arabnews.com/node/2655350/middle-east,0.40499999999999997,0.47277676950998193,0.43211070780399274,0.8642214156079855
1319202285,20260820,QAT,QAT,IRN,IRN,42,42,4,1,1.9,8,1,8,0.54446460980036,https://www.arabnews.com/node/2655350/middle-east,0.40499999999999997,0.47277676950998193,0.43211070780399274,3.456885662431942
1319202507,20260820,USA,USA,IRN,IRN,30,30,3,1,4.0,2,2,2,-3.02882107459572,https://aa.com.tr/en/americas/us-issues-new-cuba-related-sanctions/4033237,0.3,0.651441053729786,0.4405764214919144,0.8811528429838288
1319202508,20260820,USA,USA,IRN,IRN,40,40,4,1,1.0,1,1,1,0.54446460980036,https://www.arabnews.com/node/2655350/middle-east,0.45,0.47277676950998193,0.45911070780399277,0.45911070780399277
1319202509,20260820,USA,USA,IRN,IRN,163,163,16,4,-8.0,2,2,2,-3.02882107459572,https://aa.com.tr/en/americas/us-issues-new-cuba-related-sanctions/4033237,0.9,0.651441053729786,0.8005764214919144,1.6011528429838289
1319202616,20260820,USAGOV,USA,IRN,IRN,30,30,3,1,4.0,2,2,2,-3.02882107459572,https://aa.com.tr/en/americas/us-issues-new-cuba-related-sanctions/4033237,0.3,0.651441053729786,0.4405764214919144,0.8811528429838288
1319202617,20260820,USAGOV,USA,IRN,IRN,163,163,16,4,-8.0,2,2,2,-3.02882107459572,https://aa.com.tr/en/americas/us-issues-new-cuba-related-sanctions/4033237,0.9,0.651441053729786,0.8005764214919144,1.6011528429838289
1319202654,20260820,YEM,YEM,IRN,IRN,10,10,1,1,0.0,1,1,1,-2.53164556962025,https://www.business-standard.com/world-news/houthis-say-they-attacked-najran-airport-aramco-facilities-in-saudi-arabia-126082001455_1.html,0.5,0.6265822784810124,0.550632911392405,0.550632911392405
1319202655,20260820,YEM,YEM,IRN,IRN,10,10,1,1,0.0,2,1,2,-2.53164556962025,https://www.business-standard.com/world-news/houthis-say-they-attacked-najran-airport-aramco-facilities-in-saudi-arabia-126082001455_1.html,0.5,0.6265822784810124,0.550632911392405,1.10126582278481
1319203476,20260820,BGR,BGR,IRN,IRN,10,10,1,1,0.0,2,1,2,-0.7905138339921,https://sofiaglobe.com/2026/08/20/bulgarian-pm-speaks-to-nato-chief-after-media-report-of-iran-threat/,0.5,0.539525691699605,0.515810276679842,1.031620553359684
1319203719,20260820,EUR,EUR,IRN,IRN,46,46,4,1,7.0,3,1,3,-0.7905138339921,https://sofiaglobe.com/2026/08/20/bulgarian-pm-speaks-to-nato-chief-after-media-report-of-iran-threat/,0.15,0.539525691699605,0.30581027667984195,0.9174308300395259
1319203900,20260820,IRN,IRN,EUR,EUR,46,46,4,1,7.0,3,1,3,-0.7905138339921,https://sofiaglobe.com/2026/08/20/bulgarian-pm-speaks-to-nato-chief-after-media-report-of-iran-threat/,0.15,0.539525691699605,0.30581027667984195,0.9174308300395259
1319203901,20260820,IRN,IRN,USAGOV,USA,20,20,2,1,3.0,3,2,3,-7.7229928541404,https://morungexpress.com/irans-fm-says-us-economic-terrorism-threatens-global-economy-national-sovereignty,0.35,0.88614964270702,0.564459857082808,1.6933795712484239
1319204460,20260820,USAGOV,USA,IRN,IRN,20,20,2,1,3.0,4,2,4,-7.7229928541404,https://morungexpress.com/irans-fm-says-us-economic-terrorism-threatens-global-economy-national-sovereignty,0.35,0.88614964270702,0.564459857082808,2.257839428331232
1319205512,20260820,DJI,DJI,IRN,IRN,42,42,4,1,1.9,6,1,6,-5.36723163841808,https://www.okaz.com.sa/politics/na/2262169,0.40499999999999997,0.768361581920904,0.5503446327683615,3.302067796610169
1319205513,20260820,DJI,DJI,IRN,IRN,42,42,4,1,1.9,2,1,2,-5.36723163841808,https://www.okaz.com.sa/politics/na/2262169,0.40499999999999997,0.768361581920904,0.5503446327683615,1.100689265536723
1319205830,20260820,IRN,IRN,DJI,DJI,43,43,4,1,2.8,8,1,8,-5.36723163841808,https://www.okaz.com.sa/politics/na/2262169,0.36,0.768361581920904,0.5233446327683616,4.186757062146893
1319205831,20260820,IRN,IRN,GOV,,110,110,11,3,-2.0,4,1,4,-7.25,https://lasvegassun.com/news/2026/aug/20/iran-dismisses-us-economic-threats-and-other-devel/,0.6,0.8625,0.7050000000000001,2.8200000000000003
1319205832,20260820,IRN,IRN,IRNGOV,IRN,110,110,11,3,-2.0,1,1,1,-7.25,https://lasvegassun.com/news/2026/aug/20/iran-dismisses-us-economic-threats-and-other-devel/,0.6,0.8625,0.7050000000000001,0.7050000000000001
1319205833,20260820,IRN,IRN,USA,USA,43,43,4,1,2.8,2,1,2,-5.36723163841808,https://www.okaz.com.sa/politics/na/2262169,0.36,0.768361581920904,0.5233446327683616,1.0466892655367233
1319205834,20260820,IRNGOV,IRN,,,111,111,11,3,-2.0,2,1,2,-10.7438016528926,https://www.afr.com/politics/federal/romania-destroys-drone-near-offshore-gas-project-blames-russia-20260821-p60q8f,0.6,1.0,0.76,1.52
1319205835,20260820,IRNGOV,IRN,IRN,IRN,20,20,2,1,3.0,2,1,2,-3.11939763356041,https://www.dailymail.com/news/article-16064247/uss-abraham-lincoln-sailors-moms-attack-trump.html,0.35,0.6559698816780205,0.47238795267120826,0.9447759053424165
1319205836,20260820,IRNGOV,IRN,IRN,IRN,120,120,12,3,-4.0,2,1,2,-3.11939763356041,https://www.dailymail.com/news/article-16064247/uss-abraham-lincoln-sailors-moms-attack-trump.html,0.7,0.6559698816780205,0.6823879526712082,1.3647759053424164
1319205837,20260820,IRNGOV,IRN,USA,USA,16,16,1,1,-2.0,2,1,2,-3.11939763356041,https://www.dailymail.com/news/article-16064247/uss-abraham-lincoln-sailors-moms-attack-trump.html,0.6,0.6559698816780205,0.6223879526712082,1.2447759053424163
1319205838,20260820,IRNMIL,IRN,GOV,,190,190,19,4,-10.0,1,1,1,-3.11939763356041,https://www.dailymail.com/news/article-16064247/uss-abraham-lincoln-sailors-moms-attack-trump.html,1.0,0.6559698816780205,0.8623879526712082,0.8623879526712082
1319205839,20260820,IRNMIL,IRN,GOV,,190,190,19,4,-10.0,4,1,4,-3.11939763356041,https://www.dailymail.com/news/article-16064247/uss-abraham-lincoln-sailors-moms-attack-trump.html,1.0,0.6559698816780205,0.8623879526712082,3.4495518106848326
1319206492,20260820,USA,USA,IRN,IRN,42,42,4,1,1.9,2,1,2,-5.36723163841808,https://www.okaz.com.sa/politics/na/2262169,0.40499999999999997,0.768361581920904,0.5503446327683615,1.100689265536723
1319207512,20260820,ARE,ARE,IRN,IRN,112,112,11,3,-2.0,2,1,2,-6.66904422253923,https://www.dw.com/en/middle-east-iran-news-august-20/live-78438056,0.6,0.8334522111269616,0.6933808844507846,1.3867617689015692
1319207513,20260820,ARE,ARE,IRN,IRN,160,160,16,4,-4.0,2,1,2,-6.66904422253923,https://www.dw.com/en/middle-east-iran-news-august-20/live-78438056,0.7,0.8334522111269616,0.7533808844507845,1.506761768901569
1319207514,20260820,ARE,ARE,IRN,IRN,160,160,16,4,-4.0,12,2,12,-7.73632798034411,https://www.dw.com/en/middle-east-iran-news-august-20/live-78438056,0.7,0.8868163990172055,0.7747265596068822,9.296718715282587
1319207681,20260820,COP,,IRN,IRN,112,112,11,3,-2.0,2,1,2,-6.66904422253923,https://www.dw.com/en/middle-east-iran-news-august-20/live-78438056,0.6,0.8334522111269616,0.6933808844507846,1.3867617689015692
1319207682,20260820,COP,,IRN,IRN,112,112,11,3,-2.0,2,1,2,-6.66904422253923,https://www.dw.com/en/middle-east-iran-news-august-20/live-78438056,0.6,0.8334522111269616,0.6933808844507846,1.3867617689015692
1319207998,20260820,IRN,IRN,,,141,141,14,3,-6.5,10,1,10,-6.66904422253923,https://www.dw.com/en/middle-east-iran-news-august-20/live-78438056,0.825,0.8334522111269616,0.8283808844507845,8.283808844507845
1319207999,20260820,IRN,IRN,COP,,173,173,17,4,-5.0,2,1,2,-6.66904422253923,https://www.dw.com/en/middle-east-iran-news-august-20/live-78438056,0.75,0.8334522111269616,0.7833808844507846,1.5667617689015692
1319208000,20260820,IRN,IRN,COP,,173,173,17,4,-5.0,8,1,8,-6.66904422253923,https://www.dw.com/en/middle-east-iran-news-august-20/live-78438056,0.75,0.8334522111269616,0.7833808844507846,6.267047075606277
1319208001,20260820,IRN,IRN,IRNGOV,IRN,111,111,11,3,-2.0,1,1,1,-6.66904422253923,https://www.dw.com/en/middle-east-iran-news-august-20/live-78438056,0.6,0.8334522111269616,0.6933808844507846,0.6933808844507846
1319208002,20260820,IRN,IRN,USA,USA,46,46,4,1,7.0,4,1,4,-6.66904422253923,https://www.dw.com/en/middle-east-iran-news-august-20/live-78438056,0.15,0.8334522111269616,0.4233808844507846,1.6935235378031384
1319208003,20260820,IRN,IRN,USA,USA,46,46,4,1,7.0,1,1,1,-6.66904422253923,https://www.dw.com/en/middle-east-iran-news-august-20/live-78438056,0.15,0.8334522111269616,0.4233808844507846,0.4233808844507846
1319208004,20260820,IRNGOV,IRN,,,111,111,11,3,-2.0,15,1,10,-6.66904422253923,https://www.dw.com/en/middle-east-iran-news-august-20/live-78438056,0.6,0.8334522111269616,0.6933808844507846,10.40071326676177
1319208096,20260820,LBN,LBN,IRN,IRN,60,60,6,2,6.0,6,1,6,-6.66904422253923,https://www.dw.com/en/middle-east-iran-news-august-20/live-78438056,0.2,0.8334522111269616,0.4533808844507846,2.7202853067047075
1319208097,20260820,LBN,LBN,IRN,IRN,60,60,6,2,6.0,4,1,4,-6.66904422253923,https://www.dw.com/en/middle-east-iran-news-august-20/live-78438056,0.2,0.8334522111269616,0.4533808844507846,1.8135235378031385
1319208445,20260820,USA,USA,IRN,IRN,46,46,4,1,7.0,4,1,4,-6.66904422253923,https://www.dw.com/en/middle-east-iran-news-august-20/live-78438056,0.15,0.8334522111269616,0.4233808844507846,1.6935235378031384
1319208446,20260820,USA,USA,IRN,IRN,46,46,4,1,7.0,1,1,1,-6.66904422253923,https://www.dw.com/en/middle-east-iran-news-august-20/live-78438056,0.15,0.8334522111269616,0.4233808844507846,0.4233808844507846
1319209492,20260820,DJI,DJI,IRN,IRN,191,191,19,4,-9.5,3,1,3,-6.20567375886525,https://www.middleeasteye.net/news/us-vows-collapse-iran-new-sanctions-energy-prices-spike,0.975,0.8102836879432624,0.9091134751773049,2.7273404255319145
1319209493,20260820,DJI,DJI,IRN,IRN,191,191,19,4,-9.5,1,1,1,-6.20567375886525,https://www.middleeasteye.net/news/us-vows-collapse-iran-new-sanctions-energy-prices-spike,0.975,0.8102836879432624,0.9091134751773049,0.9091134751773049
1319209581,20260820,GBR,GBR,IRNMOS,IRN,51,51,5,1,3.4,7,1,7,-2.65588914549653,https://www.heritagefl.com/story/2026/08/21/news/weekly-roundup-of-world-briefs/23845.html,0.32999999999999996,0.6327944572748265,0.45111778290993065,3.1578244803695146
1319209582,20260820,GBR,GBR,IRNMOS,IRN,51,51,5,1,3.4,1,1,1,-2.65588914549653,https://www.heritagefl.com/story/2026/08/21/news/weekly-roundup-of-world-briefs/23845.html,0.32999999999999996,0.6327944572748265,0.45111778290993065,0.45111778290993065
1319209672,20260820,GOV,,IRN,IRN,173,173,17,4,-5.0,4,1,4,-3.87755102040816,https://www.klif.com/2026/08/20/iranian-american-muslim-warns-of-islamic-fundamentalism-recounts-life-under-irans-regime/,0.75,0.6938775510204079,0.7275510204081632,2.910204081632653
1319209767,20260820,IRN,IRN,,,10,10,1,1,0.0,2,1,2,-3.87755102040816,https://www.klif.com/2026/08/20/iranian-american-muslim-warns-of-islamic-fundamentalism-recounts-life-under-irans-regime/,0.5,0.6938775510204079,0.5775510204081632,1.1551020408163264
1319209768,20260820,IRN,IRN,,,15,15,1,1,0.0,132,33,132,-1.02739726027397,https://www.wxxinews.org/npr-news/2026-08-20/the-iran-war-and-tariffs-are-costing-farmers-will-republicans-pay-in-november,0.5,0.5513698630136985,0.5205479452054794,68.71232876712328
1319209769,20260820,IRN,IRN,,,214,21,2,1,3.4,2,1,2,-6.20567375886525,https://www.middleeasteye.net/news/us-vows-collapse-iran-new-sanctions-energy-prices-spike,0.32999999999999996,0.8102836879432624,0.522113475177305,1.04422695035461
1319209770,20260820,IRN,IRN,,,84,84,8,2,7.0,4,1,4,-3.87755102040816,https://www.klif.com/2026/08/20/iranian-american-muslim-warns-of-islamic-fundamentalism-recounts-life-under-irans-regime/,0.15,0.6938775510204079,0.36755102040816323,1.470204081632653
1319209771,20260820,IRN,IRN,,,130,130,13,3,-4.4,4,1,4,-3.87755102040816,https://www.klif.com/2026/08/20/iranian-american-muslim-warns-of-islamic-fundamentalism-recounts-life-under-irans-regime/,0.72,0.6938775510204079,0.7095510204081632,2.838204081632653
1319209772,20260820,IRN,IRN,,,193,193,19,4,-10.0,2,1,2,-5.41176470588235,https://www.heritagefl.com/story/2026/08/21/news/trying-to-prevent-next-mamdani-say-israeli-vets-slated-to-visit-nyc-campuses/23846.html,1.0,0.7705882352941175,0.908235294117647,1.816470588235294
1319209773,20260820,IRN,IRN,CAN,CAN,100,100,10,3,-5.0,4,1,4,0.89766606822262,https://www.winnipegfreepress.com/breakingnews/2026/08/20/dont-buy-u-s-booze-if-when-its-back-on-liquor-mart-shelves-kinew,0.75,0.455116696588869,0.6320466786355475,2.52818671454219
1319209774,20260820,IRN,IRN,CHR,,173,173,17,4,-5.0,10,1,10,-4.7008547008547,https://www.heritagefl.com/story/2026/08/21/opinions/america-beware-of-the-islamists-in-your-backyard/23825.html,0.75,0.735042735042735,0.744017094017094,7.44017094017094
1319209775,20260820,IRN,IRN,EDU,,51,51,5,1,3.4,5,1,5,-3.87755102040816,https://www.klif.com/2026/08/20/iranian-american-muslim-warns-of-islamic-fundamentalism-recounts-life-under-irans-regime/,0.32999999999999996,0.6938775510204079,0.4755510204081632,2.3777551020408163
1319209776,20260820,IRN,IRN,GBR,GBR,173,173,17,4,-5.0,1,1,1,-8.12807881773399,https://www.express.co.uk/news/uk/2240928/illegal-immigration-asylum-seekers-channel-migrant-crisis-small-boats,0.75,0.9064039408866995,0.8125615763546798,0.8125615763546798
1319209777,20260820,IRN,IRN,GBR,GBR,1821,182,18,4,-9.0,1,1,1,-8.12807881773399,https://www.express.co.uk/news/uk/2240928/illegal-immigration-asylum-seekers-channel-migrant-crisis-small-boats,0.95,0.9064039408866995,0.9325615763546797,0.9325615763546797
1319209778,20260820,IRN,IRN,GOV,,14,14,1,1,0.0,4,1,4,-3.87755102040816,https://www.klif.com/2026/08/20/iranian-american-muslim-warns-of-islamic-fundamentalism-recounts-life-under-irans-regime/,0.5,0.6938775510204079,0.5775510204081632,2.310204081632653
1319209779,20260820,IRN,IRN,IRNMOS,IRN,40,40,4,1,1.0,2,1,2,-3.87755102040816,https://www.klif.com/2026/08/20/iranian-american-muslim-warns-of-islamic-fundamentalism-recounts-life-under-irans-regime/,0.45,0.6938775510204079,0.5475510204081633,1.0951020408163266
1319209780,20260820,IRN,IRN,IRNMOS,IRN,40,40,4,1,1.0,1,1,1,-3.87755102040816,https://www.klif.com/2026/08/20/iranian-american-muslim-warns-of-islamic-fundamentalism-recounts-life-under-irans-regime/,0.45,0.6938775510204079,0.5475510204081633,0.5475510204081633
1319209781,20260820,IRN,IRN,IRNMOS,IRN,40,40,4,1,1.0,1,1,1,-3.87755102040816,https://www.klif.com/2026/08/20/iranian-american-muslim-warns-of-islamic-fundamentalism-recounts-life-under-irans-regime/,0.45,0.6938775510204079,0.5475510204081633,0.5475510204081633
1319209782,20260820,IRN,IRN,MIL,,20,20,2,1,3.0,10,1,10,-3.87755102040816,https://www.klif.com/2026/08/20/iranian-american-muslim-warns-of-islamic-fundamentalism-recounts-life-under-irans-regime/,0.35,0.6938775510204079,0.4875510204081632,4.875510204081632
1319209783,20260820,IRN,IRN,MOS,,71,71,7,2,7.4,1,1,1,-3.87755102040816,https://www.klif.com/2026/08/20/iranian-american-muslim-warns-of-islamic-fundamentalism-recounts-life-under-irans-regime/,0.12999999999999998,0.6938775510204079,0.3555510204081632,0.3555510204081632
1319209784,20260820,IRN,IRN,MOS,,71,71,7,2,7.4,1,1,1,-3.87755102040816,https://www.klif.com/2026/08/20/iranian-american-muslim-warns-of-islamic-fundamentalism-recounts-life-under-irans-regime/,0.12999999999999998,0.6938775510204079,0.3555510204081632,0.3555510204081632
1319209785,20260820,IRN,IRN,SAU,SAU,190,190,19,4,-10.0,4,1,4,-6.20567375886525,https://www.middleeasteye.net/news/us-vows-collapse-iran-new-sanctions-energy-prices-spike,1.0,0.8102836879432624,0.924113475177305,3.69645390070922
1319209786,20260820,IRN,IRN,SAU,SAU,190,190,19,4,-10.0,1,1,1,-6.20567375886525,https://www.middleeasteye.net/news/us-vows-collapse-iran-new-sanctions-energy-prices-spike,1.0,0.8102836879432624,0.924113475177305,0.924113475177305
1319209787,20260820,IRN,IRN,USA,USA,10,10,1,1,0.0,1,1,1,-3.87755102040816,https://www.klif.com/2026/08/20/iranian-american-muslim-warns-of-islamic-fundamentalism-recounts-life-under-irans-regime/,0.5,0.6938775510204079,0.5775510204081632,0.5775510204081632
1319209788,20260820,IRN,IRN,USA,USA,10,10,1,1,0.0,1,1,1,-3.87755102040816,https://www.klif.com/2026/08/20/iranian-american-muslim-warns-of-islamic-fundamentalism-recounts-life-under-irans-regime/,0.5,0.6938775510204079,0.5775510204081632,0.5775510204081632
1319209789,20260820,IRN,IRN,USA,USA,42,42,4,1,1.9,4,1,4,-3.87755102040816,https://www.klif.com/2026/08/20/iranian-american-muslim-warns-of-islamic-fundamentalism-recounts-life-under-irans-regime/,0.40499999999999997,0.6938775510204079,0.5205510204081631,2.0822040816326526
1319209790,20260820,IRN,IRN,USA,USA,42,42,4,1,1.9,6,1,6,-3.87755102040816,https://www.klif.com/2026/08/20/iranian-american-muslim-warns-of-islamic-fundamentalism-recounts-life-under-irans-regime/,0.40499999999999997,0.6938775510204079,0.5205510204081631,3.123306122448979
1319209791,20260820,IRN,IRN,USA,USA,71,71,7,2,7.4,2,1,2,-3.87755102040816,https://www.klif.com/2026/08/20/iranian-american-muslim-warns-of-islamic-fundamentalism-recounts-life-under-irans-regime/,0.12999999999999998,0.6938775510204079,0.3555510204081632,0.7111020408163264
1319209792,20260820,IRN,IRN,USA,USA,71,71,7,2,7.4,2,1,2,-3.87755102040816,https://www.klif.com/2026/08/20/iranian-american-muslim-warns-of-islamic-fundamentalism-recounts-life-under-irans-regime/,0.12999999999999998,0.6938775510204079,0.3555510204081632,0.7111020408163264
1319209793,20260820,IRN,IRN,USA,USA,874,87,8,2,10.0,99,33,99,-1.02739726027397,https://www.wxxinews.org/npr-news/2026-08-20/the-iran-war-and-tariffs-are-costing-farmers-will-republicans-pay-in-november,0.0,0.5513698630136985,0.2205479452054794,21.834246575342462
1319209794,20260820,IRN,IRN,USA,USA,100,100,10,3,-5.0,2,2,2,-2.42220092456872,https://www.klif.com/2026/08/20/iranian-american-muslim-warns-of-islamic-fundamentalism-recounts-life-under-irans-regime/,0.75,0.621110046228436,0.6984440184913744,1.3968880369827488
1319209795,20260820,IRN,IRN,USA,USA,100,100,10,3,-5.0,1,1,1,-3.87755102040816,https://www.klif.com/2026/08/20/iranian-american-muslim-warns-of-islamic-fundamentalism-recounts-life-under-irans-regime/,0.75,0.6938775510204079,0.7275510204081632,0.7275510204081632
1319209796,20260820,IRN,IRN,USA,USA,130,130,13,3,-4.4,108,54,108,-7.11743772241994,https://kfoxtv.com/news/nation-world/president-trump-threats-economic-warfare-in-latest-shift-in-strategy-with-iran-strait-hormuz-europe-us-debt-economic,0.72,0.855871886120997,0.7743487544483988,83.62966548042706
1319209797,20260820,IRN,IRN,USA,USA,190,190,19,4,-10.0,1,1,1,-2.63157894736842,https://www.freepressjournal.in/world/us-aircraft-carrier-arrives-in-middle-east-replaces-uss-lincoln-after-extended-deployment,1.0,0.631578947368421,0.8526315789473684,0.8526315789473684
1319209798,20260820,IRN,IRN,USA,USA,190,190,19,4,-10.0,1,1,1,-2.63157894736842,https://www.freepressjournal.in/world/us-aircraft-carrier-arrives-in-middle-east-replaces-uss-lincoln-after-extended-deployment,1.0,0.631578947368421,0.8526315789473684,0.8526315789473684
1319209799,20260820,IRN,IRN,YEM,YEM,190,190,19,4,-10.0,1,1,1,-6.20567375886525,https://www.middleeasteye.net/news/us-vows-collapse-iran-new-sanctions-energy-prices-spike,1.0,0.8102836879432624,0.924113475177305,0.924113475177305
1319209800,20260820,IRN,IRN,YEM,YEM,190,190,19,4,-10.0,4,1,4,-6.20567375886525,https://www.middleeasteye.net/news/us-vows-collapse-iran-new-sanctions-energy-prices-spike,1.0,0.8102836879432624,0.924113475177305,3.69645390070922
1319209801,20260820,IRNMOS,IRN,IRN,IRN,40,40,4,1,1.0,4,1,4,-3.87755102040816,https://www.klif.com/2026/08/20/iranian-american-muslim-warns-of-islamic-fundamentalism-recounts-life-under-irans-regime/,0.45,0.6938775510204079,0.5475510204081633,2.190204081632653
1319210002,20260820,LEG,,IRN,IRN,163,163,16,4,-8.0,6,1,6,4.35835351089588,https://www.heritagefl.com/story/2026/08/21/news/lindsey-grahams-sister-sen-darline-graham-rep-ralph-norman-advance-to-runoff-for-south-carolina-senate-seat/23835.html,0.9,0.282082324455206,0.6528329297820824,3.916997578692494
1319210003,20260820,LEG,,IRN,IRN,163,163,16,4,-8.0,2,1,2,4.35835351089588,https://www.heritagefl.com/story/2026/08/21/news/lindsey-grahams-sister-sen-darline-graham-rep-ralph-norman-advance-to-runoff-for-south-carolina-senate-seat/23835.html,0.9,0.282082324455206,0.6528329297820824,1.3056658595641648
1319210004,20260820,LEG,,IRN,IRN,163,163,16,4,-8.0,2,1,2,4.35835351089588,https://www.heritagefl.com/story/2026/08/21/news/lindsey-grahams-sister-sen-darline-graham-rep-ralph-norman-advance-to-runoff-for-south-carolina-senate-seat/23835.html,0.9,0.282082324455206,0.6528329297820824,1.3056658595641648
1319210071,20260820,MOS,,IRN,IRN,841,84,8,2,7.0,10,1,10,-4.7008547008547,https://www.heritagefl.com/story/2026/08/21/opinions/america-beware-of-the-islamists-in-your-backyard/23825.html,0.15,0.735042735042735,0.38401709401709405,3.8401709401709407
1319210140,20260820,PRK,PRK,IRN,IRN,10,10,1,1,0.0,4,1,4,-2.03426124197002,https://weeklyblitz.net/2026/08/21/trump-administration-is-scaling-back-the-annual-ulchi-freedom-shield-exercises-with-south-korea/,0.5,0.601713062098501,0.5406852248394004,2.1627408993576016
1319210141,20260820,PRK,PRK,IRN,IRN,10,10,1,1,0.0,1,1,1,-2.03426124197002,https://weeklyblitz.net/2026/08/21/trump-administration-is-scaling-back-the-annual-ulchi-freedom-shield-exercises-with-south-korea/,0.5,0.601713062098501,0.5406852248394004,0.5406852248394004
1319210360,20260820,USA,USA,IRN,IRN,43,43,4,1,2.8,4,1,4,-3.87755102040816,https://www.klif.com/2026/08/20/iranian-american-muslim-warns-of-islamic-fundamentalism-recounts-life-under-irans-regime/,0.36,0.6938775510204079,0.49355102040816323,1.974204081632653
1319210361,20260820,USA,USA,IRN,IRN,43,43,4,1,2.8,6,1,6,-3.87755102040816,https://www.klif.com/2026/08/20/iranian-american-muslim-warns-of-islamic-fundamentalism-recounts-life-under-irans-regime/,0.36,0.6938775510204079,0.49355102040816323,2.9613061224489794
1319210362,20260820,USA,USA,IRN,IRN,163,163,16,4,-8.0,4,1,4,-6.20567375886525,https://www.middleeasteye.net/news/us-vows-collapse-iran-new-sanctions-energy-prices-spike,0.9,0.8102836879432624,0.864113475177305,3.45645390070922
1319210363,20260820,USA,USA,IRN,IRN,190,190,19,4,-10.0,1,1,1,-2.63157894736842,https://www.freepressjournal.in/world/us-aircraft-carrier-arrives-in-middle-east-replaces-uss-lincoln-after-extended-deployment,1.0,0.631578947368421,0.8526315789473684,0.8526315789473684
1319210364,20260820,USA,USA,IRN,IRN,190,190,19,4,-10.0,1,1,1,-2.63157894736842,https://www.freepressjournal.in/world/us-aircraft-carrier-arrives-in-middle-east-replaces-uss-lincoln-after-extended-deployment,1.0,0.631578947368421,0.8526315789473684,0.8526315789473684
1319210494,20260820,USAMIL,USA,IRN,IRN,110,110,11,3,-2.0,1,1,1,-2.03426124197002,https://weeklyblitz.net/2026/08/21/trump-administration-is-scaling-back-the-annual-ulchi-freedom-shield-exercises-with-south-korea/,0.6,0.601713062098501,0.6006852248394003,0.6006852248394003
1319211788,20260820,CAF,CAF,IRN,IRN,42,42,4,1,1.9,27,9,27,-4.32762989240384,https://www.winnipegfreepress.com/world/2026/08/20/us-has-sent-deportees-to-many-african-countries-the-latest-one-being-liberia-heres-why,0.40499999999999997,0.716381494620192,0.5295525978480767,14.297920141898071
1319211835,20260820,CHN,CHN,IRN,IRN,10,10,1,1,0.0,3,1,3,1.4903129657228,https://www.trend.az/azerbaijan/politics/4216691.html,0.5,0.42548435171385995,0.470193740685544,1.4105812220566318
1319211836,20260820,CHN,CHN,IRN,IRN,10,10,1,1,0.0,1,1,1,1.4903129657228,https://www.trend.az/azerbaijan/politics/4216691.html,0.5,0.42548435171385995,0.470193740685544,0.470193740685544
1319211837,20260820,CHN,CHN,IRN,IRN,10,10,1,1,0.0,1,1,1,1.4903129657228,https://www.trend.az/azerbaijan/politics/4216691.html,0.5,0.42548435171385995,0.470193740685544,0.470193740685544
1319211838,20260820,CHN,CHN,IRNGOV,IRN,51,51,5,1,3.4,1,1,1,-6.25,https://www.breitbart.com/news/us-warns-allies-china-to-back-economic-war-on-iran/,0.32999999999999996,0.8125,0.523,0.523
1319212150,20260820,GOV,,IRNCVL,IRN,130,130,13,3,-4.4,6,1,6,-9.98003992015965,https://www.presstv.co.uk/Detail/2026/08/20/774748/Iran--New-US-sanctions-amount-to-,0.72,0.9990019960079823,0.831600798403193,4.989604790419158
1319212258,20260820,IRN,IRN,,,51,51,5,1,3.4,5,1,5,1.50943396226415,https://www.presstv.co.uk/Detail/2024/07/06/728795/Iran-Masoud-Pezeshkian-victorious-presidential-runoff-election-,0.32999999999999996,0.42452830188679247,0.367811320754717,1.8390566037735852
1319212259,20260820,IRN,IRN,,,51,51,5,1,3.4,6,1,6,-5.04201680672269,https://english.aawsat.com/arab-world/5309299-sources-ghalibaf%E2%80%99s-baghdad-visit-fell-short-all-objectives,0.32999999999999996,0.7521008403361344,0.4988403361344538,2.9930420168067227
1319212260,20260820,IRN,IRN,BRN,BRN,190,190,19,4,-10.0,2,1,2,-5.80912863070539,https://www.hindustantimes.com/world-news/new-us-carrier-arrives-in-middle-east-amid-reports-of-relief-to-long-deployed-uss-abraham-lincoln-101787244616858.html,1.0,0.7904564315352696,0.9161825726141078,1.8323651452282157
1319212261,20260820,IRN,IRN,CAF,CAF,43,43,4,1,2.8,27,9,27,-4.32762989240384,https://www.winnipegfreepress.com/world/2026/08/20/us-has-sent-deportees-to-many-african-countries-the-latest-one-being-liberia-heres-why,0.36,0.716381494620192,0.5025525978480768,13.568920141898074
1319212262,20260820,IRN,IRN,GOV,,138,138,13,3,-7.0,8,1,8,-5.44747081712062,https://www.channelnewsasia.com/world/yemen-houthi-rebels-attack-saudi-airport-aramco-6331696,0.85,0.772373540856031,0.8189494163424125,6.5515953307393
1319212263,20260820,IRN,IRN,IRQ,IRQ,40,40,4,1,1.0,1,1,1,1.07033639143731,https://www.presstv.co.uk/Detail/2026/08/20/774755/Qalibaf-Iran-Iraq-US-Israel,0.45,0.4464831804281345,0.44859327217125383,0.44859327217125383
1319212264,20260820,IRN,IRN,IRQ,IRQ,40,40,4,1,1.0,1,1,1,-5.04201680672269,https://english.aawsat.com/arab-world/5309299-sources-ghalibaf%E2%80%99s-baghdad-visit-fell-short-all-objectives,0.45,0.7521008403361344,0.5708403361344538,0.5708403361344538
1319212265,20260820,IRN,IRN,IRQ,IRQ,42,42,4,1,1.9,1,1,1,1.07033639143731,https://www.presstv.co.uk/Detail/2026/08/20/774755/Qalibaf-Iran-Iraq-US-Israel,0.40499999999999997,0.4464831804281345,0.42159327217125375,0.42159327217125375
1319212266,20260820,IRN,IRN,IRQ,IRQ,42,42,4,1,1.9,3,1,3,1.07033639143731,https://www.presstv.co.uk/Detail/2026/08/20/774755/Qalibaf-Iran-Iraq-US-Israel,0.40499999999999997,0.4464831804281345,0.42159327217125375,1.2647798165137614
1319212267,20260820,IRN,IRN,IRQ,IRQ,42,42,4,1,1.9,1,1,1,1.07033639143731,https://www.presstv.co.uk/Detail/2026/08/20/774755/Qalibaf-Iran-Iraq-US-Israel,0.40499999999999997,0.4464831804281345,0.42159327217125375,0.42159327217125375
1319212268,20260820,IRN,IRN,IRQ,IRQ,43,43,4,1,2.8,2,1,2,1.07033639143731,https://www.presstv.co.uk/Detail/2026/08/20/774755/Qalibaf-Iran-Iraq-US-Israel,0.36,0.4464831804281345,0.39459327217125384,0.7891865443425077
1319212269,20260820,IRN,IRN,IRQ,IRQ,43,43,4,1,2.8,2,1,2,1.07033639143731,https://www.presstv.co.uk/Detail/2026/08/20/774755/Qalibaf-Iran-Iraq-US-Israel,0.36,0.4464831804281345,0.39459327217125384,0.7891865443425077
1319212270,20260820,IRN,IRN,IRQ,IRQ,46,46,4,1,7.0,1,1,1,1.07033639143731,https://www.presstv.co.uk/Detail/2026/08/20/774755/Qalibaf-Iran-Iraq-US-Israel,0.15,0.4464831804281345,0.26859327217125384,0.26859327217125384
1319212271,20260820,IRN,IRN,IRQ,IRQ,46,46,4,1,7.0,1,1,1,1.07033639143731,https://www.presstv.co.uk/Detail/2026/08/20/774755/Qalibaf-Iran-Iraq-US-Israel,0.15,0.4464831804281345,0.26859327217125384,0.26859327217125384
1319212272,20260820,IRN,IRN,IRQ,IRQ,120,120,12,3,-4.0,3,1,3,1.07033639143731,https://www.presstv.co.uk/Detail/2026/08/20/774755/Qalibaf-Iran-Iraq-US-Israel,0.7,0.4464831804281345,0.5985932721712538,1.7957798165137615
1319212273,20260820,IRN,IRN,IRQ,IRQ,120,120,12,3,-4.0,1,1,1,1.07033639143731,https://www.presstv.co.uk/Detail/2026/08/20/774755/Qalibaf-Iran-Iraq-US-Israel,0.7,0.4464831804281345,0.5985932721712538,0.5985932721712538
1319212274,20260820,IRN,IRN,IRQ,IRQ,120,120,12,3,-4.0,1,1,1,1.07033639143731,https://www.presstv.co.uk/Detail/2026/08/20/774755/Qalibaf-Iran-Iraq-US-Israel,0.7,0.4464831804281345,0.5985932721712538,0.5985932721712538
1319212275,20260820,IRN,IRN,IRQGOV,IRQ,40,40,4,1,1.0,3,1,3,1.07033639143731,https://www.presstv.co.uk/Detail/2026/08/20/774755/Qalibaf-Iran-Iraq-US-Israel,0.45,0.4464831804281345,0.44859327217125383,1.3457798165137616
1319212276,20260820,IRN,IRN,IRQGOV,IRQ,46,46,4,1,7.0,6,1,6,1.07033639143731,https://www.presstv.co.uk/Detail/2026/08/20/774755/Qalibaf-Iran-Iraq-US-Israel,0.15,0.4464831804281345,0.26859327217125384,1.611559633027523
1319212277,20260820,IRN,IRN,ISR,ISR,190,190,19,4,-10.0,2,1,2,-3.90143737166325,https://english.aawsat.com/arab-world/5309311-israel-moves-gradually-seize-ali-al-taher-after-hezbollah-rejects-evacuation,1.0,0.6950718685831625,0.878028747433265,1.75605749486653
1319212278,20260820,IRN,IRN,ISR,ISR,190,190,19,4,-10.0,2,1,2,-3.90143737166325,https://english.aawsat.com/arab-world/5309311-israel-moves-gradually-seize-ali-al-taher-after-hezbollah-rejects-evacuation,1.0,0.6950718685831625,0.878028747433265,1.75605749486653
1319212279,20260820,IRN,IRN,ISR,ISR,190,190,19,4,-10.0,6,1,6,-3.90143737166325,https://english.aawsat.com/arab-world/5309311-israel-moves-gradually-seize-ali-al-taher-after-hezbollah-rejects-evacuation,1.0,0.6950718685831625,0.878028747433265,5.26817248459959
1319212280,20260820,IRN,IRN,LBN,LBN,120,120,12,3,-4.0,2,1,2,-3.90143737166325,https://english.aawsat.com/arab-world/5309311-israel-moves-gradually-seize-ali-al-taher-after-hezbollah-rejects-evacuation,0.7,0.6950718685831625,0.6980287474332649,1.3960574948665299
1319212281,20260820,IRN,IRN,LBN,LBN,120,120,12,3,-4.0,6,1,6,-3.90143737166325,https://english.aawsat.com/arab-world/5309311-israel-moves-gradually-seize-ali-al-taher-after-hezbollah-rejects-evacuation,0.7,0.6950718685831625,0.6980287474332649,4.18817248459959
1319212282,20260820,IRN,IRN,LBN,LBN,120,120,12,3,-4.0,2,1,2,-3.90143737166325,https://english.aawsat.com/arab-world/5309311-israel-moves-gradually-seize-ali-al-taher-after-hezbollah-rejects-evacuation,0.7,0.6950718685831625,0.6980287474332649,1.3960574948665299
1319212283,20260820,IRN,IRN,LEG,,42,42,4,1,1.9,1,1,1,1.07033639143731,https://www.presstv.co.uk/Detail/2026/08/20/774755/Qalibaf-Iran-Iraq-US-Israel,0.40499999999999997,0.4464831804281345,0.42159327217125375,0.42159327217125375
1319212284,20260820,IRN,IRN,LEG,,42,42,4,1,1.9,1,1,1,1.07033639143731,https://www.presstv.co.uk/Detail/2026/08/20/774755/Qalibaf-Iran-Iraq-US-Israel,0.40499999999999997,0.4464831804281345,0.42159327217125375,0.42159327217125375
1319212285,20260820,IRN,IRN,MAR,MAR,43,43,4,1,2.8,63,9,63,-4.32762989240384,https://www.winnipegfreepress.com/world/2026/08/20/us-has-sent-deportees-to-many-african-countries-the-latest-one-being-liberia-heres-why,0.36,0.716381494620192,0.5025525978480768,31.66081366442884
1319212286,20260820,IRN,IRN,MIL,,190,190,19,4,-10.0,2,1,2,-3.90143737166325,https://english.aawsat.com/arab-world/5309311-israel-moves-gradually-seize-ali-al-taher-after-hezbollah-rejects-evacuation,1.0,0.6950718685831625,0.878028747433265,1.75605749486653
1319212287,20260820,IRN,IRN,MOS,,110,110,11,3,-2.0,6,1,6,-9.42028985507248,https://www.presstv.co.uk/Detail/2026/08/20/774745/Press-TV-s-news-headlines-,0.6,0.9710144927536242,0.7484057971014497,4.490434782608698
1319212288,20260820,IRN,IRN,MOS,,110,110,11,3,-2.0,2,1,2,-9.42028985507248,https://www.presstv.co.uk/Detail/2026/08/20/774745/Press-TV-s-news-headlines-,0.6,0.9710144927536242,0.7484057971014497,1.4968115942028994
1319212289,20260820,IRN,IRN,MOS,,110,110,11,3,-2.0,2,1,2,-9.42028985507248,https://www.presstv.co.uk/Detail/2026/08/20/774745/Press-TV-s-news-headlines-,0.6,0.9710144927536242,0.7484057971014497,1.4968115942028994
1319212290,20260820,IRN,IRN,OMN,OMN,50,50,5,1,3.5,2,1,2,-7.75681341719073,https://tribuneonlineng.com/trump-announces-tougher-economic-measures-against-iran/,0.325,0.8878406708595366,0.5501362683438147,1.1002725366876294
1319212291,20260820,IRN,IRN,USA,USA,10,10,1,1,0.0,1,1,1,-8.5106382978723,https://www.finanzen.ch/nachrichten/aktien/treasuries-show-significant-move-back-to-the-downside-1036480306,0.5,0.9255319148936149,0.6702127659574459,0.6702127659574459
1319212292,20260820,IRN,IRN,USA,USA,50,50,5,1,3.5,2,1,2,-7.75681341719073,https://tribuneonlineng.com/trump-announces-tougher-economic-measures-against-iran/,0.325,0.8878406708595366,0.5501362683438147,1.1002725366876294
1319212293,20260820,IRN,IRN,USA,USA,60,60,6,2,6.0,2,1,2,-7.75681341719073,https://tribuneonlineng.com/trump-announces-tougher-economic-measures-against-iran/,0.2,0.8878406708595366,0.4751362683438146,0.9502725366876292
1319212294,20260820,IRN,IRN,USA,USA,110,110,11,3,-2.0,2,1,2,-7.75681341719073,https://tribuneonlineng.com/trump-announces-tougher-economic-measures-against-iran/,0.6,0.8878406708595366,0.7151362683438146,1.4302725366876292
1319212295,20260820,IRNGOV,IRN,,,43,43,4,1,2.8,6,1,6,-3.21100917431193,https://www.presstv.co.uk/Detail/2026/08/20/774752/Iran-US-efforts-expand-military-dominance-space-arms-race,0.36,0.6605504587155965,0.4802201834862386,2.8813211009174315
1319212296,20260820,IRNLEG,IRN,IRQGOV,IRQ,40,40,4,1,1.0,6,1,6,-5.04201680672269,https://english.aawsat.com/arab-world/5309299-sources-ghalibaf%E2%80%99s-baghdad-visit-fell-short-all-objectives,0.45,0.7521008403361344,0.5708403361344538,3.425042016806723
1319212297,20260820,IRNLEG,IRN,MIL,,190,190,19,4,-10.0,6,1,6,-3.90143737166325,https://english.aawsat.com/arab-world/5309311-israel-moves-gradually-seize-ali-al-taher-after-hezbollah-rejects-evacuation,1.0,0.6950718685831625,0.878028747433265,5.26817248459959
1319212298,20260820,IRNMIL,IRN,MIL,,130,130,13,3,-4.4,1,1,1,-7.75681341719073,https://tribuneonlineng.com/trump-announces-tougher-economic-measures-against-iran/,0.72,0.8878406708595366,0.7871362683438146,0.7871362683438146
1319212299,20260820,IRNMIL,IRN,MIL,,130,130,13,3,-4.4,4,1,4,-7.75681341719073,https://tribuneonlineng.com/trump-announces-tougher-economic-measures-against-iran/,0.72,0.8878406708595366,0.7871362683438146,3.1485450733752582
1319212301,20260820,IRQ,IRQ,IRN,IRN,40,40,4,1,1.0,1,1,1,1.07033639143731,https://www.presstv.co.uk/Detail/2026/08/20/774755/Qalibaf-Iran-Iraq-US-Israel,0.45,0.4464831804281345,0.44859327217125383,0.44859327217125383
1319212302,20260820,IRQ,IRQ,IRN,IRN,40,40,4,1,1.0,2,1,2,-5.04201680672269,https://english.aawsat.com/arab-world/5309299-sources-ghalibaf%E2%80%99s-baghdad-visit-fell-short-all-objectives,0.45,0.7521008403361344,0.5708403361344538,1.1416806722689077
1319212303,20260820,IRQ,IRQ,IRN,IRN,42,42,4,1,1.9,1,1,1,1.07033639143731,https://www.presstv.co.uk/Detail/2026/08/20/774755/Qalibaf-Iran-Iraq-US-Israel,0.40499999999999997,0.4464831804281345,0.42159327217125375,0.42159327217125375
1319212304,20260820,IRQ,IRQ,IRN,IRN,42,42,4,1,1.9,1,1,1,1.07033639143731,https://www.presstv.co.uk/Detail/2026/08/20/774755/Qalibaf-Iran-Iraq-US-Israel,0.40499999999999997,0.4464831804281345,0.42159327217125375,0.42159327217125375
1319212305,20260820,IRQ,IRQ,IRN,IRN,42,42,4,1,1.9,2,1,2,1.07033639143731,https://www.presstv.co.uk/Detail/2026/08/20/774755/Qalibaf-Iran-Iraq-US-Israel,0.40499999999999997,0.4464831804281345,0.42159327217125375,0.8431865443425075
1319212306,20260820,IRQ,IRQ,IRN,IRN,43,43,4,1,2.8,1,1,1,1.07033639143731,https://www.presstv.co.uk/Detail/2026/08/20/774755/Qalibaf-Iran-Iraq-US-Israel,0.36,0.4464831804281345,0.39459327217125384,0.39459327217125384
1319212307,20260820,IRQ,IRQ,IRN,IRN,43,43,4,1,2.8,4,1,4,1.07033639143731,https://www.presstv.co.uk/Detail/2026/08/20/774755/Qalibaf-Iran-Iraq-US-Israel,0.36,0.4464831804281345,0.39459327217125384,1.5783730886850154
1319212308,20260820,IRQ,IRQ,IRN,IRN,46,46,4,1,7.0,1,1,1,1.07033639143731,https://www.presstv.co.uk/Detail/2026/08/20/774755/Qalibaf-Iran-Iraq-US-Israel,0.15,0.4464831804281345,0.26859327217125384,0.26859327217125384
1319212309,20260820,IRQ,IRQ,IRN,IRN,51,51,5,1,3.4,1,1,1,1.07033639143731,https://www.presstv.co.uk/Detail/2026/08/20/774755/Qalibaf-Iran-Iraq-US-Israel,0.32999999999999996,0.4464831804281345,0.3765932721712538,0.3765932721712538
1319212310,20260820,IRQ,IRQ,IRN,IRN,51,51,5,1,3.4,1,1,1,1.07033639143731,https://www.presstv.co.uk/Detail/2026/08/20/774755/Qalibaf-Iran-Iraq-US-Israel,0.32999999999999996,0.4464831804281345,0.3765932721712538,0.3765932721712538
1319212319,20260820,IRQGOV,IRQ,IRN,IRN,40,40,4,1,1.0,3,1,3,1.07033639143731,https://www.presstv.co.uk/Detail/2026/08/20/774755/Qalibaf-Iran-Iraq-US-Israel,0.45,0.4464831804281345,0.44859327217125383,1.3457798165137616
1319212320,20260820,IRQGOV,IRQ,IRN,IRN,46,46,4,1,7.0,6,1,6,1.07033639143731,https://www.presstv.co.uk/Detail/2026/08/20/774755/Qalibaf-Iran-Iraq-US-Israel,0.15,0.4464831804281345,0.26859327217125384,1.611559633027523
1319212321,20260820,IRQGOV,IRQ,IRNLEG,IRN,40,40,4,1,1.0,6,1,6,-5.04201680672269,https://english.aawsat.com/arab-world/5309299-sources-ghalibaf%E2%80%99s-baghdad-visit-fell-short-all-objectives,0.45,0.7521008403361344,0.5708403361344538,3.425042016806723
1319212343,20260820,ISR,ISR,IRN,IRN,60,60,6,2,6.0,1,1,1,-3.21361058601134,https://english.aawsat.com/features/5309320-lockerbie-specter-returns-netflix-drama-who-was-bombmaker-marwan-khreesat,0.2,0.660680529300567,0.3842722117202268,0.3842722117202268
1319212344,20260820,ISR,ISR,IRN,IRN,60,60,6,2,6.0,1,1,1,-3.21361058601134,https://english.aawsat.com/features/5309320-lockerbie-specter-returns-netflix-drama-who-was-bombmaker-marwan-khreesat,0.2,0.660680529300567,0.3842722117202268,0.3842722117202268
1319212345,20260820,ISR,ISR,IRN,IRN,190,190,19,4,-10.0,2,1,2,-3.90143737166325,https://english.aawsat.com/arab-world/5309311-israel-moves-gradually-seize-ali-al-taher-after-hezbollah-rejects-evacuation,1.0,0.6950718685831625,0.878028747433265,1.75605749486653
1319212346,20260820,ISR,ISR,IRN,IRN,190,190,19,4,-10.0,2,1,2,-3.90143737166325,https://english.aawsat.com/arab-world/5309311-israel-moves-gradually-seize-ali-al-taher-after-hezbollah-rejects-evacuation,1.0,0.6950718685831625,0.878028747433265,1.75605749486653
1319212347,20260820,ISR,ISR,IRN,IRN,190,190,19,4,-10.0,8,1,8,-3.92491467576791,https://www.presstv.co.uk/Detail/2026/08/20/774753/Iran-modernizing-its-defense-industry-Ministry,1.0,0.6962457337883955,0.8784982935153582,7.027986348122866
1319212406,20260820,JORELI,JOR,IRN,IRN,10,10,1,1,0.0,4,1,4,-4.296875,https://www.presstv.co.uk/Detail/2026/08/20/774743/Iran-Hezbollah-Lebanon-US-Israel,0.5,0.71484375,0.5859375,2.34375
1319212500,20260820,LBN,LBN,IRN,IRN,10,10,1,1,0.0,1,1,1,-4.296875,https://www.presstv.co.uk/Detail/2026/08/20/774743/Iran-Hezbollah-Lebanon-US-Israel,0.5,0.71484375,0.5859375,0.5859375
1319212527,20260820,LEG,,IRN,IRN,43,43,4,1,2.8,1,1,1,1.07033639143731,https://www.presstv.co.uk/Detail/2026/08/20/774755/Qalibaf-Iran-Iraq-US-Israel,0.36,0.4464831804281345,0.39459327217125384,0.39459327217125384
1319212528,20260820,LEG,,IRN,IRN,43,43,4,1,2.8,1,1,1,1.07033639143731,https://www.presstv.co.uk/Detail/2026/08/20/774755/Qalibaf-Iran-Iraq-US-Israel,0.36,0.4464831804281345,0.39459327217125384,0.39459327217125384
1319212549,20260820,MAR,MAR,IRN,IRN,42,42,4,1,1.9,63,9,63,-4.32762989240384,https://www.winnipegfreepress.com/world/2026/08/20/us-has-sent-deportees-to-many-african-countries-the-latest-one-being-liberia-heres-why,0.40499999999999997,0.716381494620192,0.5295525978480767,33.36181366442884
1319212587,20260820,MIL,,IRN,IRN,72,72,7,2,8.3,2,1,2,-5.80912863070539,https://www.hindustantimes.com/world-news/new-us-carrier-arrives-in-middle-east-amid-reports-of-relief-to-long-deployed-uss-abraham-lincoln-101787244616858.html,0.08499999999999996,0.7904564315352696,0.36718257261410786,0.7343651452282157
1319212588,20260820,MIL,,IRN,IRN,72,72,7,2,8.3,4,2,4,-4.79373308109577,https://www.hindustantimes.com/world-news/new-us-carrier-arrives-in-middle-east-amid-reports-of-relief-to-long-deployed-uss-abraham-lincoln-101787244616858.html,0.08499999999999996,0.7396866540547885,0.3468746616219154,1.3874986464876615
1319212694,20260820,OMN,OMN,IRN,IRN,50,50,5,1,3.5,2,1,2,-7.75681341719073,https://tribuneonlineng.com/trump-announces-tougher-economic-measures-against-iran/,0.325,0.8878406708595366,0.5501362683438147,1.1002725366876294
1319212733,20260820,RUS,RUS,IRN,IRN,10,10,1,1,0.0,1,1,1,1.4903129657228,https://www.trend.az/azerbaijan/politics/4216691.html,0.5,0.42548435171385995,0.470193740685544,0.470193740685544
1319212734,20260820,RUS,RUS,IRN,IRN,10,10,1,1,0.0,3,1,3,1.4903129657228,https://www.trend.az/azerbaijan/politics/4216691.html,0.5,0.42548435171385995,0.470193740685544,1.4105812220566318
1319212735,20260820,RUS,RUS,IRN,IRN,10,10,1,1,0.0,1,1,1,1.4903129657228,https://www.trend.az/azerbaijan/politics/4216691.html,0.5,0.42548435171385995,0.470193740685544,0.470193740685544
1319212790,20260820,UIS,,IRNCVL,IRN,51,51,5,1,3.4,10,1,10,-3.21100917431193,https://www.presstv.co.uk/Detail/2026/08/20/774752/Iran-US-efforts-expand-military-dominance-space-arms-race,0.32999999999999996,0.6605504587155965,0.4622201834862386,4.622201834862386
1319212939,20260820,USA,USA,IRN,IRN,36,36,3,1,4.0,3,1,3,-3.90143737166325,https://english.aawsat.com/arab-world/5309311-israel-moves-gradually-seize-ali-al-taher-after-hezbollah-rejects-evacuation,0.3,0.6950718685831625,0.458028747433265,1.374086242299795
1319212940,20260820,USA,USA,IRN,IRN,50,50,5,1,3.5,2,1,2,-7.75681341719073,https://tribuneonlineng.com/trump-announces-tougher-economic-measures-against-iran/,0.325,0.8878406708595366,0.5501362683438147,1.1002725366876294
1319212941,20260820,USA,USA,IRN,IRN,190,190,19,4,-10.0,8,1,8,-3.92491467576791,https://www.presstv.co.uk/Detail/2026/08/20/774753/Iran-modernizing-its-defense-industry-Ministry,1.0,0.6962457337883955,0.8784982935153582,7.027986348122866
1319212942,20260820,USA,USA,IRNGOV,IRN,130,130,13,3,-4.4,1,1,1,-8.02675585284278,https://www.finanznachrichten.de/nachrichten-2026-08/69368272-treasuries-show-significant-move-back-to-the-downside-020.htm,0.72,0.901337792642139,0.7925351170568555,0.7925351170568555
1319212943,20260820,USA,USA,IRNGOV,IRN,130,130,13,3,-4.4,3,2,3,-8.26869707535754,https://www.finanznachrichten.de/nachrichten-2026-08/69368272-treasuries-show-significant-move-back-to-the-downside-020.htm,0.72,0.913434853767877,0.7973739415071508,2.3921218245214524
1319213147,20260820,,,IRN,IRN,124,124,12,3,-4.0,10,1,10,-6.06531881804044,https://aninews.in/news/world/us/us-forces-redirect-67-vessels-disable-3-board-2-to-enforce-iran-blockade-centcom20260821011325/,0.7,0.803265940902022,0.7413063763608088,7.413063763608088
1319213148,20260820,,,IRN,IRN,124,124,12,3,-4.0,80,10,80,-6.16825923451781,https://aninews.in/news/world/us/us-forces-redirect-67-vessels-disable-3-board-2-to-enforce-iran-blockade-centcom20260821011325/,0.7,0.8084129617258906,0.7433651846903562,59.469214775228494
1319213149,20260820,,,IRNGOV,IRN,20,20,2,1,3.0,1,1,1,-2.32886379675371,https://edmontonsun.com/news/world/u-s-warns-allies-china-to-back-economic-war-on-iran/wcm/f6ef80ba-34d8-4ea2-a120-237610904924,0.35,0.6164431898376855,0.45657727593507424,0.45657727593507424
1319213201,20260820,ARE,ARE,IRN,IRN,160,160,16,4,-4.0,1,1,1,-8.80361173814899,https://morningstaronline.co.uk/article/trump-halts-all-talks-iran-and-ramps-economic-warfare,0.7,0.9401805869074493,0.7960722347629797,0.7960722347629797
1319213320,20260820,CHN,CHN,IRN,IRN,331,33,3,1,5.2,6,3,6,-5.0963664791339,https://edmontonsun.com/news/world/u-s-warns-allies-china-to-back-economic-war-on-iran/wcm/f6ef80ba-34d8-4ea2-a120-237610904924,0.24,0.754818323956695,0.445927329582678,2.675563977496068
1319213321,20260820,CHN,CHN,IRN,IRN,331,33,3,1,5.2,6,3,6,-5.0963664791339,https://edmontonsun.com/news/world/u-s-warns-allies-china-to-back-economic-war-on-iran/wcm/f6ef80ba-34d8-4ea2-a120-237610904924,0.24,0.754818323956695,0.445927329582678,2.675563977496068
1319213322,20260820,CHN,CHN,IRN,IRN,138,138,13,3,-7.0,3,1,3,-2.32886379675371,https://edmontonsun.com/news/world/u-s-warns-allies-china-to-back-economic-war-on-iran/wcm/f6ef80ba-34d8-4ea2-a120-237610904924,0.85,0.6164431898376855,0.7565772759350742,2.2697318278052228
1319213323,20260820,CHN,CHN,IRN,IRN,138,138,13,3,-7.0,5,1,5,-2.32886379675371,https://edmontonsun.com/news/world/u-s-warns-allies-china-to-back-economic-war-on-iran/wcm/f6ef80ba-34d8-4ea2-a120-237610904924,0.85,0.6164431898376855,0.7565772759350742,3.7828863796753707
1319213324,20260820,CHN,CHN,IRN,IRN,138,138,13,3,-7.0,1,1,1,-2.32886379675371,https://edmontonsun.com/news/world/u-s-warns-allies-china-to-back-economic-war-on-iran/wcm/f6ef80ba-34d8-4ea2-a120-237610904924,0.85,0.6164431898376855,0.7565772759350742,0.7565772759350742
1319213325,20260820,CHN,CHN,IRN,IRN,138,138,13,3,-7.0,4,1,4,-2.32886379675371,https://edmontonsun.com/news/world/u-s-warns-allies-china-to-back-economic-war-on-iran/wcm/f6ef80ba-34d8-4ea2-a120-237610904924,0.85,0.6164431898376855,0.7565772759350742,3.0263091037402967
1319213326,20260820,CHN,CHN,IRN,IRN,138,138,13,3,-7.0,1,1,1,-2.32886379675371,https://edmontonsun.com/news/world/u-s-warns-allies-china-to-back-economic-war-on-iran/wcm/f6ef80ba-34d8-4ea2-a120-237610904924,0.85,0.6164431898376855,0.7565772759350742,0.7565772759350742
1319213327,20260820,CHN,CHN,IRN,IRN,138,138,13,3,-7.0,2,1,2,1.82058297426137,https://edmontonsun.com/entertainment/celebrity/brooke-baldwin-craves-more-intimacy-over-one-night-stands,0.85,0.4089708512869315,0.6735883405147727,1.3471766810295454
1319213328,20260820,CHN,CHN,IRN,IRN,138,138,13,3,-7.0,9,1,9,1.27673395511564,https://edmontonsun.com/entertainment/celebrity/brooke-baldwin-craves-more-intimacy-over-one-night-stands,0.85,0.436163302244218,0.6844653208976872,6.160187888079185
1319213329,20260820,CHN,CHN,IRN,IRN,138,138,13,3,-7.0,3,1,3,1.27673395511564,https://edmontonsun.com/entertainment/celebrity/brooke-baldwin-craves-more-intimacy-over-one-night-stands,0.85,0.436163302244218,0.6844653208976872,2.0533959626930613
1319213330,20260820,CHN,CHN,IRN,IRN,138,138,13,3,-7.0,1,1,1,0.18903591682419,https://edmontonsun.com/opinion/columnists/charlebois-canadians-paid-dairy-farmers-for-competition-consumers-never-got/wcm/00bf1ffb-6547-4b96-9951-5e2af1b2fa59,0.85,0.49054820415879047,0.7062192816635162,0.7062192816635162
1319213458,20260820,EUR,EUR,IRN,IRN,51,51,5,1,3.4,2,1,2,-6.12930310663308,https://www.washingtonexaminer.com/in_focus/4694406/iran-peace-deal-expires-conflict-enters-dangerous-phase/,0.32999999999999996,0.8064651553316541,0.5205860621326617,1.0411721242653234
1319213537,20260820,GOV,,IRN,IRN,10,10,1,1,0.0,8,1,8,-6.30252100840336,https://www.theamericanconservative.com/iran-war-day-174-trump-threatens-economic-d-day-for-iran/,0.5,0.8151260504201681,0.6260504201680672,5.008403361344538
1319213538,20260820,GOV,,IRNGOV,IRN,12,12,1,1,-0.4,4,1,4,-6.80272108843538,https://www.theamericanconservative.com/u-s-debt-tops-40-trillion-for-first-time/,0.52,0.840136054421769,0.6480544217687076,2.5922176870748306
1319213578,20260820,IRN,IRN,,,80,80,8,2,5.0,2,1,2,-6.12930310663308,https://www.washingtonexaminer.com/in_focus/4694406/iran-peace-deal-expires-conflict-enters-dangerous-phase/,0.25,0.8064651553316541,0.47258606213266163,0.9451721242653233
1319213579,20260820,IRN,IRN,,,110,110,11,3,-2.0,1,1,1,-8.80361173814899,https://morningstaronline.co.uk/article/trump-halts-all-talks-iran-and-ramps-economic-warfare,0.6,0.9401805869074493,0.7360722347629798,0.7360722347629798
1319213580,20260820,IRN,IRN,,,120,120,12,3,-4.0,1,1,1,-8.80361173814899,https://morningstaronline.co.uk/article/trump-halts-all-talks-iran-and-ramps-economic-warfare,0.7,0.9401805869074493,0.7960722347629797,0.7960722347629797
1319213581,20260820,IRN,IRN,ARE,ARE,194,194,19,4,-10.0,8,1,8,-6.12930310663308,https://www.washingtonexaminer.com/in_focus/4694406/iran-peace-deal-expires-conflict-enters-dangerous-phase/,1.0,0.8064651553316541,0.9225860621326616,7.380688497061293
1319213582,20260820,IRN,IRN,CHN,CHN,110,110,11,3,-2.0,2,1,2,-2.32886379675371,https://edmontonsun.com/news/world/u-s-warns-allies-china-to-back-economic-war-on-iran/wcm/f6ef80ba-34d8-4ea2-a120-237610904924,0.6,0.6164431898376855,0.6065772759350743,1.2131545518701485
1319213583,20260820,IRN,IRN,CHN,CHN,110,110,11,3,-2.0,10,3,10,-5.0963664791339,https://edmontonsun.com/news/world/u-s-warns-allies-china-to-back-economic-war-on-iran/wcm/f6ef80ba-34d8-4ea2-a120-237610904924,0.6,0.754818323956695,0.661927329582678,6.61927329582678
1319213584,20260820,IRN,IRN,IRNGOV,IRN,20,20,2,1,3.0,1,1,1,-2.32886379675371,https://edmontonsun.com/news/world/u-s-warns-allies-china-to-back-economic-war-on-iran/wcm/f6ef80ba-34d8-4ea2-a120-237610904924,0.35,0.6164431898376855,0.45657727593507424,0.45657727593507424
1319213585,20260820,IRN,IRN,USA,USA,46,46,4,1,7.0,2,1,2,-8.80361173814899,https://morningstaronline.co.uk/article/trump-halts-all-talks-iran-and-ramps-economic-warfare,0.15,0.9401805869074493,0.46607223476297976,0.9321444695259595
1319213586,20260820,IRN,IRN,USA,USA,50,50,5,1,3.5,39,17,39,-5.84881005576251,https://aninews.in/news/world/us/us-forces-redirect-67-vessels-disable-3-board-2-to-enforce-iran-blockade-centcom20260821011325/,0.325,0.7924405027881255,0.5119762011152502,19.967071843494757
1319213587,20260820,IRNGOV,IRN,USA,USA,20,20,2,1,3.0,1,1,1,-2.32886379675371,https://edmontonsun.com/news/world/u-s-warns-allies-china-to-back-economic-war-on-iran/wcm/f6ef80ba-34d8-4ea2-a120-237610904924,0.35,0.6164431898376855,0.45657727593507424,0.45657727593507424
1319213588,20260820,IRNGOV,IRN,USA,USA,20,20,2,1,3.0,1,1,1,-2.32886379675371,https://edmontonsun.com/news/world/u-s-warns-allies-china-to-back-economic-war-on-iran/wcm/f6ef80ba-34d8-4ea2-a120-237610904924,0.35,0.6164431898376855,0.45657727593507424,0.45657727593507424
1319213589,20260820,IRNMED,IRN,,,110,110,11,3,-2.0,6,1,6,-8.80361173814899,https://morningstaronline.co.uk/article/trump-halts-all-talks-iran-and-ramps-economic-warfare,0.6,0.9401805869074493,0.7360722347629798,4.416433408577879
1319213590,20260820,IRNMED,IRN,USA,USA,110,110,11,3,-2.0,4,1,4,-8.80361173814899,https://morningstaronline.co.uk/article/trump-halts-all-talks-iran-and-ramps-economic-warfare,0.6,0.9401805869074493,0.7360722347629798,2.944288939051919
1319213601,20260820,ISR,ISR,IRN,IRN,51,51,5,1,3.4,2,1,2,-6.12930310663308,https://www.washingtonexaminer.com/in_focus/4694406/iran-peace-deal-expires-conflict-enters-dangerous-phase/,0.32999999999999996,0.8064651553316541,0.5205860621326617,1.0411721242653234
1319213609,20260820,ISRMED,ISR,IRN,IRN,51,51,5,1,3.4,6,1,6,-6.12930310663308,https://www.washingtonexaminer.com/in_focus/4694406/iran-peace-deal-expires-conflict-enters-dangerous-phase/,0.32999999999999996,0.8064651553316541,0.5205860621326617,3.12351637279597
1319213694,20260820,MED,,IRN,IRN,12,12,1,1,-0.4,2,1,2,-8.80361173814899,https://morningstaronline.co.uk/article/trump-halts-all-talks-iran-and-ramps-economic-warfare,0.52,0.9401805869074493,0.6880722347629797,1.3761444695259595
1319213695,20260820,MED,,IRN,IRN,12,12,1,1,-0.4,2,1,2,-8.80361173814899,https://morningstaronline.co.uk/article/trump-halts-all-talks-iran-and-ramps-economic-warfare,0.52,0.9401805869074493,0.6880722347629797,1.3761444695259595
1319213930,20260820,USA,USA,IRN,IRN,311,31,3,1,5.2,4,1,4,-2.3076923076923,https://www.washingtonexaminer.com/policy/defense/4694438/uss-george-washington-arrives-middle-east-relieve-abraham-lincoln/,0.24,0.615384615384615,0.39015384615384596,1.5606153846153838
1319213931,20260820,USA,USA,IRN,IRN,311,31,3,1,5.2,6,1,6,-2.3076923076923,https://www.washingtonexaminer.com/policy/defense/4694438/uss-george-washington-arrives-middle-east-relieve-abraham-lincoln/,0.24,0.615384615384615,0.39015384615384596,2.340923076923076
1319213932,20260820,USA,USA,IRN,IRN,46,46,4,1,7.0,2,1,2,-8.80361173814899,https://morningstaronline.co.uk/article/trump-halts-all-talks-iran-and-ramps-economic-warfare,0.15,0.9401805869074493,0.46607223476297976,0.9321444695259595
1319213933,20260820,USA,USA,IRN,IRN,130,130,13,3,-4.4,2,1,2,-6.30252100840336,https://www.theamericanconservative.com/iran-war-day-174-trump-threatens-economic-d-day-for-iran/,0.72,0.8151260504201681,0.7580504201680672,1.5161008403361345
1319213934,20260820,USA,USA,IRN,IRN,130,130,13,3,-4.4,2,1,2,-6.30252100840336,https://www.theamericanconservative.com/iran-war-day-174-trump-threatens-economic-d-day-for-iran/,0.72,0.8151260504201681,0.7580504201680672,1.5161008403361345
1319213996,20260820,USAGOV,USA,IRN,IRN,10,10,1,1,0.0,2,1,2,-6.30252100840336,https://www.theamericanconservative.com/iran-war-day-174-trump-threatens-economic-d-day-for-iran/,0.5,0.8151260504201681,0.6260504201680672,1.2521008403361344
1319214025,20260820,USAMED,USA,IRN,IRN,141,141,14,3,-6.5,10,1,10,-3.96039603960396,https://www.thenationalnews.com/news/us/2026/08/20/us-re-designates-hezbollah-as-terrorist-group-and-unveils-new-sanctions/,0.825,0.698019801980198,0.7742079207920791,7.742079207920791
1319214784,20260820,CHN,CHN,IRN,IRN,36,36,3,1,4.0,5,1,5,-4.50450450450451,https://oilprice.com/Latest-Energy-News/World-News/China-Is-Squeezing-India-Out-of-Russias-Oil-Trade.html,0.3,0.7252252252252255,0.4700900900900902,2.3504504504504506
1319215050,20260820,GOVMIL,,IRN,IRN,110,110,11,3,-2.0,76,1,76,-2.11461586405621,https://1190talkradio.iheart.com/content/2026-08-20-uss-abraham-lincoln-relieved-in-the-middle-east/,0.6,0.6057307932028105,0.6022923172811242,45.77421611336544
1319215051,20260820,GOVMIL,,IRN,IRN,110,110,11,3,-2.0,86,2,86,-2.12575590674045,https://1190talkradio.iheart.com/content/2026-08-20-uss-abraham-lincoln-relieved-in-the-middle-east/,0.6,0.6062877953370225,0.602515118134809,51.81630015959357
1319215088,20260820,IRN,IRN,,,10,10,1,1,0.0,2,1,2,-0.96685082872928,https://openthemagazine.com/world/us-iran-hormuz-ping-pong-continues-now-tehran-wants-india-at-the-table,0.5,0.548342541436464,0.5193370165745856,1.0386740331491713
1319215089,20260820,IRN,IRN,,,16,16,1,1,-2.0,2,1,2,-0.96685082872928,https://openthemagazine.com/world/us-iran-hormuz-ping-pong-continues-now-tehran-wants-india-at-the-table,0.6,0.548342541436464,0.5793370165745856,1.1586740331491712
1319215090,20260820,IRN,IRN,,,50,50,5,1,3.5,4,1,4,-0.96685082872928,https://openthemagazine.com/world/us-iran-hormuz-ping-pong-continues-now-tehran-wants-india-at-the-table,0.325,0.548342541436464,0.4143370165745856,1.6573480662983424
1319215091,20260820,IRN,IRN,CHN,CHN,36,36,3,1,4.0,2,1,2,-4.50450450450451,https://oilprice.com/Latest-Energy-News/World-News/China-Is-Squeezing-India-Out-of-Russias-Oil-Trade.html,0.3,0.7252252252252255,0.4700900900900902,0.9401801801801803
1319215092,20260820,IRN,IRN,CHN,CHN,36,36,3,1,4.0,1,1,1,-4.50450450450451,https://oilprice.com/Latest-Energy-News/World-News/China-Is-Squeezing-India-Out-of-Russias-Oil-Trade.html,0.3,0.7252252252252255,0.4700900900900902,0.4700900900900902
1319215093,20260820,IRN,IRN,CHN,CHN,36,36,3,1,4.0,2,1,2,-4.50450450450451,https://oilprice.com/Latest-Energy-News/World-News/China-Is-Squeezing-India-Out-of-Russias-Oil-Trade.html,0.3,0.7252252252252255,0.4700900900900902,0.9401801801801803
1319215094,20260820,IRN,IRN,CHN,CHN,163,163,16,4,-8.0,3,1,3,-5.7001239157373,https://www.abc.net.au/news/2026-08-21/us-economic-warfare-iran-allies-china/107061544,0.9,0.785006195786865,0.8540024783147461,2.5620074349442383
1319215095,20260820,IRN,IRN,GOV,,20,20,2,1,3.0,10,1,10,-6.42317380352645,https://www.americanthinker.com/blog/2026/08/strategy-shift-tehran-is-replacing-nuclear-blackmail-with-the-strait-of-hormuz/,0.35,0.8211586901763225,0.538463476070529,5.38463476070529
1319215096,20260820,IRN,IRN,USA,USA,51,51,5,1,3.4,152,1,152,-2.11461586405621,https://1190talkradio.iheart.com/content/2026-08-20-uss-abraham-lincoln-relieved-in-the-middle-east/,0.32999999999999996,0.6057307932028105,0.44029231728112417,66.92443222673087
1319215097,20260820,IRN,IRN,USA,USA,51,51,5,1,3.4,152,1,152,-2.11461586405621,https://1190talkradio.iheart.com/content/2026-08-20-uss-abraham-lincoln-relieved-in-the-middle-east/,0.32999999999999996,0.6057307932028105,0.44029231728112417,66.92443222673087
1319215098,20260820,IRN,IRN,USA,USA,100,100,10,3,-5.0,1,1,1,-0.96685082872928,https://openthemagazine.com/world/us-iran-hormuz-ping-pong-continues-now-tehran-wants-india-at-the-table,0.75,0.548342541436464,0.6693370165745856,0.6693370165745856
1319215099,20260820,IRN,IRN,USAGOV,USA,110,110,11,3,-2.0,1,1,1,-5.7001239157373,https://www.abc.net.au/news/2026-08-21/us-economic-warfare-iran-allies-china/107061544,0.6,0.785006195786865,0.674002478314746,0.674002478314746
1319215100,20260820,IRNGOV,IRN,USA,USA,20,20,2,1,3.0,1,1,1,-5.7001239157373,https://www.abc.net.au/news/2026-08-21/us-economic-warfare-iran-allies-china/107061544,0.35,0.785006195786865,0.524002478314746,0.524002478314746
1319215101,20260820,IRNGOVMIL,IRN,,,110,110,11,3,-2.0,76,1,76,-2.11461586405621,https://1190talkradio.iheart.com/content/2026-08-20-uss-abraham-lincoln-relieved-in-the-middle-east/,0.6,0.6057307932028105,0.6022923172811242,45.77421611336544
1319215102,20260820,IRNGOVMIL,IRN,,,110,110,11,3,-2.0,76,1,76,-2.11461586405621,https://1190talkradio.iheart.com/content/2026-08-20-uss-abraham-lincoln-relieved-in-the-middle-east/,0.6,0.6057307932028105,0.6022923172811242,45.77421611336544
1319215111,20260820,ISR,ISR,IRN,IRN,13,13,1,1,0.4,8,1,8,-1.42428785607196,https://www.nakedcapitalism.com/2026/08/an-islamic-nato-without-iran-is-symbolic-thats-its-purpose-and-its-problem.html,0.48,0.571214392803598,0.5164857571214392,4.1318860569715135
1319215112,20260820,ISR,ISR,IRN,IRN,13,13,1,1,0.4,2,1,2,-1.42428785607196,https://www.nakedcapitalism.com/2026/08/an-islamic-nato-without-iran-is-symbolic-thats-its-purpose-and-its-problem.html,0.48,0.571214392803598,0.5164857571214392,1.0329715142428784
1319215113,20260820,ISR,ISR,IRN,IRN,120,120,12,3,-4.0,8,1,8,-1.42428785607196,https://www.nakedcapitalism.com/2026/08/an-islamic-nato-without-iran-is-symbolic-thats-its-purpose-and-its-problem.html,0.7,0.571214392803598,0.6484857571214392,5.1878860569715135
1319215271,20260820,MOSEDU,,IRN,IRN,120,120,12,3,-4.0,2,1,2,-1.42428785607196,https://www.nakedcapitalism.com/2026/08/an-islamic-nato-without-iran-is-symbolic-thats-its-purpose-and-its-problem.html,0.7,0.571214392803598,0.6484857571214392,1.2969715142428784
1319215274,20260820,MOSSUN,,IRN,IRN,30,30,3,1,4.0,2,1,2,-1.42428785607196,https://www.nakedcapitalism.com/2026/08/an-islamic-nato-without-iran-is-symbolic-thats-its-purpose-and-its-problem.html,0.3,0.571214392803598,0.4084857571214392,0.8169715142428784
1319215275,20260820,MOSSUN,,IRN,IRN,30,30,3,1,4.0,8,1,8,-1.42428785607196,https://www.nakedcapitalism.com/2026/08/an-islamic-nato-without-iran-is-symbolic-thats-its-purpose-and-its-problem.html,0.3,0.571214392803598,0.4084857571214392,3.2678860569715136
1319215501,20260820,USA,USA,IRNMIL,IRN,12,12,1,1,-0.4,3,1,3,-0.96685082872928,https://openthemagazine.com/world/us-iran-hormuz-ping-pong-continues-now-tehran-wants-india-at-the-table,0.52,0.548342541436464,0.5313370165745857,1.594011049723757
1319215561,20260820,USAGOV,USA,IRN,IRN,190,190,19,4,-10.0,10,1,10,-0.942285041224971,https://finance.yahoo.com/markets/commodities/articles/watson-wednesday-113837313.html,1.0,0.5471142520612485,0.8188457008244994,8.188457008244994
1319215562,20260820,USAGOV,USA,IRNGOV,IRN,110,110,11,3,-2.0,4,1,4,-5.7001239157373,https://www.abc.net.au/news/2026-08-21/us-economic-warfare-iran-allies-china/107061544,0.6,0.785006195786865,0.674002478314746,2.696009913258984
1319216357,20260820,CHN,CHN,IRN,IRN,40,40,4,1,1.0,5,1,5,-1.53846153846154,http://thepeninsulaqatar.com/article/20/08/2026/gcc-china-discuss-iranian-attacks-their-repercussions-on-region,0.45,0.576923076923077,0.5007692307692309,2.5038461538461543
1319216358,20260820,CHN,CHN,IRN,IRN,43,43,4,1,2.8,2,1,2,-3.77833753148614,https://www.dailysabah.com/world/mid-east/new-us-carrier-arrives-in-mideast-to-relieve-long-deployed-uss-lincoln,0.36,0.688916876574307,0.49156675062972277,0.9831335012594455
1319216438,20260820,CVL,,IRN,IRN,10,10,1,1,0.0,2,1,2,-3.9076376554174,https://nypost.com/2026/08/20/opinion/the-us-iran-stalemate-letters/,0.5,0.69538188277087,0.578152753108348,1.156305506216696
1319216439,20260820,CVL,,IRN,IRN,10,10,1,1,0.0,3,1,3,-3.9076376554174,https://nypost.com/2026/08/20/opinion/the-us-iran-stalemate-letters/,0.5,0.69538188277087,0.578152753108348,1.7344582593250442
1319216440,20260820,CVL,,IRN,IRN,120,120,12,3,-4.0,5,1,5,-3.9076376554174,https://nypost.com/2026/08/20/opinion/the-us-iran-stalemate-letters/,0.7,0.69538188277087,0.698152753108348,3.49076376554174
1319216452,20260820,DEU,DEU,IRN,IRN,112,112,11,3,-2.0,4,1,4,-17.016317016317,https://www.dailysabah.com/world/europe/germany-probes-far-right-network-accused-of-inciting-minors-to-kill,0.6,1.0,0.76,3.04
1319216658,20260820,IRN,IRN,,,130,130,13,3,-4.4,2,1,2,-3.49775784753363,https://tribune.com.pk/story/2624957/trump-threatens-to-isolate-iran-who-are-its-trading-partners,0.72,0.6748878923766816,0.7019551569506726,1.4039103139013451
1319216659,20260820,IRN,IRN,CHN,CHN,40,40,4,1,1.0,1,1,1,-1.53846153846154,http://thepeninsulaqatar.com/article/20/08/2026/gcc-china-discuss-iranian-attacks-their-repercussions-on-region,0.45,0.576923076923077,0.5007692307692309,0.5007692307692309
1319216660,20260820,IRN,IRN,CHN,CHN,42,42,4,1,1.9,2,1,2,-3.77833753148614,https://www.dailysabah.com/world/mid-east/new-us-carrier-arrives-in-mideast-to-relieve-long-deployed-uss-lincoln,0.40499999999999997,0.688916876574307,0.5185667506297228,1.0371335012594456
1319216661,20260820,IRN,IRN,CHN,CHN,190,190,19,4,-10.0,2,1,2,-3.77833753148614,https://www.dailysabah.com/world/mid-east/new-us-carrier-arrives-in-mideast-to-relieve-long-deployed-uss-lincoln,1.0,0.688916876574307,0.8755667506297228,1.7511335012594456
1319216662,20260820,IRN,IRN,SAU,SAU,46,46,4,1,7.0,2,1,2,-1.53846153846154,http://thepeninsulaqatar.com/article/20/08/2026/gcc-china-discuss-iranian-attacks-their-repercussions-on-region,0.15,0.576923076923077,0.3207692307692308,0.6415384615384616
1319216663,20260820,IRN,IRN,TUR,TUR,57,57,5,1,8.0,1,1,1,-3.49775784753363,https://tribune.com.pk/story/2624957/trump-threatens-to-isolate-iran-who-are-its-trading-partners,0.1,0.6748878923766816,0.3299551569506726,0.3299551569506726
1319216664,20260820,IRN,IRN,USA,USA,43,43,4,1,2.8,2,1,2,-0.21834061135372,https://www.oann.com/newsroom/uss-george-washington-arrives-in-middle-east-to-relieve-uss-abraham-lincoln-after-lengthy-deployment/,0.36,0.510917030567686,0.4203668122270744,0.8407336244541488
1319216665,20260820,IRN,IRN,USA,USA,43,43,4,1,2.8,2,1,2,-0.21834061135372,https://www.oann.com/newsroom/uss-george-washington-arrives-in-middle-east-to-relieve-uss-abraham-lincoln-after-lengthy-deployment/,0.36,0.510917030567686,0.4203668122270744,0.8407336244541488
1319216666,20260820,IRN,IRN,USA,USA,111,111,11,3,-2.0,2,2,2,-6.480117820324,https://www.justiceinfo.net/en/163588-us-pushes-allies-china-to-back-trumps-economic-war-on-iran.html,0.6,0.8240058910162,0.68960235640648,1.37920471281296
1319216667,20260820,IRNGOV,IRN,USA,USA,110,110,11,3,-2.0,3,1,3,-3.9076376554174,https://nypost.com/2026/08/20/opinion/the-us-iran-stalemate-letters/,0.6,0.69538188277087,0.638152753108348,1.9144582593250439
1319216668,20260820,IRNGOV,IRN,USA,USA,110,110,11,3,-2.0,2,1,2,-3.9076376554174,https://nypost.com/2026/08/20/opinion/the-us-iran-stalemate-letters/,0.6,0.69538188277087,0.638152753108348,1.276305506216696
1319216669,20260820,IRNMOS,IRN,,,51,51,5,1,3.4,10,1,10,-1.84049079754601,https://www.miragenews.com/us-sanctions-smuggling-network-for-qods-1730845/,0.32999999999999996,0.5920245398773005,0.43480981595092016,4.348098159509202
1319216879,20260820,OMN,OMN,IRN,IRN,50,50,5,1,3.5,2,1,2,-3.49775784753363,https://tribune.com.pk/story/2624957/trump-threatens-to-isolate-iran-who-are-its-trading-partners,0.325,0.6748878923766816,0.46495515695067263,0.9299103139013453
1319216944,20260820,SAU,SAU,IRN,IRN,46,46,4,1,7.0,2,1,2,-1.53846153846154,http://thepeninsulaqatar.com/article/20/08/2026/gcc-china-discuss-iranian-attacks-their-repercussions-on-region,0.15,0.576923076923077,0.3207692307692308,0.6415384615384616
1319216988,20260820,TUR,TUR,IRN,IRN,50,50,5,1,3.5,2,1,2,-3.49775784753363,https://tribune.com.pk/story/2624957/trump-threatens-to-isolate-iran-who-are-its-trading-partners,0.325,0.6748878923766816,0.46495515695067263,0.9299103139013453
1319216989,20260820,TUR,TUR,IRN,IRN,57,57,5,1,8.0,1,1,1,-3.49775784753363,https://tribune.com.pk/story/2624957/trump-threatens-to-isolate-iran-who-are-its-trading-partners,0.1,0.6748878923766816,0.3299551569506726,0.3299551569506726
1319216990,20260820,TUR,TUR,IRN,IRN,61,61,6,2,6.4,2,1,2,-3.49775784753363,https://tribune.com.pk/story/2624957/trump-threatens-to-isolate-iran-who-are-its-trading-partners,0.18,0.6748878923766816,0.3779551569506726,0.7559103139013452
1319217152,20260820,USA,USA,IRN,IRN,42,42,4,1,1.9,2,1,2,-0.21834061135372,https://www.oann.com/newsroom/uss-george-washington-arrives-in-middle-east-to-relieve-uss-abraham-lincoln-after-lengthy-deployment/,0.40499999999999997,0.510917030567686,0.4473668122270744,0.8947336244541488
1319217153,20260820,USA,USA,IRN,IRN,42,42,4,1,1.9,2,1,2,-0.21834061135372,https://www.oann.com/newsroom/uss-george-washington-arrives-in-middle-east-to-relieve-uss-abraham-lincoln-after-lengthy-deployment/,0.40499999999999997,0.510917030567686,0.4473668122270744,0.8947336244541488
1319217154,20260820,USA,USA,IRNGOV,IRN,112,112,11,3,-2.0,2,2,2,-6.480117820324,https://www.justiceinfo.net/en/163588-us-pushes-allies-china-to-back-trumps-economic-war-on-iran.html,0.6,0.8240058910162,0.68960235640648,1.37920471281296
1319217223,20260820,USAGOVBUS,USA,IRN,IRN,20,20,2,1,3.0,2,1,2,2.77777777777778,https://www.middleeasteye.net/live-blog/live-blog-update/us-treasury-chief-urges-china-back-proposed-iran-sanctions,0.35,0.361111111111111,0.3544444444444444,0.7088888888888888
1319217224,20260820,USAGOVBUS,USA,IRN,IRN,20,20,2,1,3.0,8,1,8,2.77777777777778,https://www.middleeasteye.net/live-blog/live-blog-update/us-treasury-chief-urges-china-back-proposed-iran-sanctions,0.35,0.361111111111111,0.3544444444444444,2.835555555555555
1319217225,20260820,USAGOVBUS,USA,IRN,IRN,20,20,2,1,3.0,1,1,1,2.77777777777778,https://www.middleeasteye.net/live-blog/live-blog-update/us-treasury-chief-urges-china-back-proposed-iran-sanctions,0.35,0.361111111111111,0.3544444444444444,0.3544444444444444
1319217226,20260820,USAGOVBUS,USA,IRN,IRN,20,20,2,1,3.0,1,1,1,2.77777777777778,https://www.middleeasteye.net/live-blog/live-blog-update/us-treasury-chief-urges-china-back-proposed-iran-sanctions,0.35,0.361111111111111,0.3544444444444444,0.3544444444444444
1319217886,20260820,,,IRN,IRN,130,130,13,3,-4.4,10,1,10,-2.5,http://www.bgnes.com/politics/iran-cyprus-is-safe-as-long-as-british-bases-are-not-used-against-us,0.72,0.625,0.6819999999999999,6.819999999999999
1319218372,20260820,IRN,IRN,,,36,36,3,1,4.0,2,1,2,-2.9350104821803,https://www.jns.org/opinion/column/melanie-phillips/wise-up-america,0.3,0.646750524109015,0.438700209643606,0.877400419287212
1319218373,20260820,IRN,IRN,,,36,36,3,1,4.0,2,1,2,-2.9350104821803,https://www.jns.org/opinion/column/melanie-phillips/wise-up-america,0.3,0.646750524109015,0.438700209643606,0.877400419287212
1319218374,20260820,IRN,IRN,IRQ,IRQ,110,110,11,3,-2.0,8,2,8,-1.70034263024753,https://www.clevelandjewishnews.com/jns/iran-iraq-parliament-speakers-engage-in-gulf-naming-dispute/article_d3e3b483-4d8b-56c0-ae27-af73538d76b7.html,0.6,0.5850171315123764,0.5940068526049506,4.7520548208396045
1319218375,20260820,IRN,IRN,PAK,PAK,42,42,4,1,1.9,2,1,2,0.88408644400786,https://www.arabnews.com/node/2655353/middle-east,0.40499999999999997,0.455795677799607,0.4253182711198428,0.8506365422396855
1319218376,20260820,IRN,IRN,PAK,PAK,42,42,4,1,1.9,2,1,2,0.88408644400786,https://www.arabnews.com/node/2655353/middle-east,0.40499999999999997,0.455795677799607,0.4253182711198428,0.8506365422396855
1319218377,20260820,IRN,IRN,SYR,SYR,10,10,1,1,0.0,8,1,8,0.88408644400786,https://www.arabnews.com/node/2655353/middle-east,0.5,0.455795677799607,0.4823182711198428,3.8585461689587426
1319218378,20260820,IRN,IRN,SYR,SYR,10,10,1,1,0.0,2,1,2,0.88408644400786,https://www.arabnews.com/node/2655353/middle-east,0.5,0.455795677799607,0.4823182711198428,0.9646365422396856
1319218379,20260820,IRN,IRN,SYR,SYR,39,39,3,1,5.0,3,1,3,0.88408644400786,https://www.arabnews.com/node/2655353/middle-east,0.25,0.455795677799607,0.3323182711198428,0.9969548133595284
1319218380,20260820,IRN,IRN,SYR,SYR,39,39,3,1,5.0,2,1,2,0.88408644400786,https://www.arabnews.com/node/2655353/middle-east,0.25,0.455795677799607,0.3323182711198428,0.6646365422396856
1319218381,20260820,IRN,IRN,SYR,SYR,42,42,4,1,1.9,5,1,4,0.88408644400786,https://www.arabnews.com/node/2655353/middle-east,0.40499999999999997,0.455795677799607,0.4253182711198428,2.126591355599214
1319218382,20260820,IRN,IRN,SYR,SYR,42,42,4,1,1.9,2,1,2,0.88408644400786,https://www.arabnews.com/node/2655353/middle-east,0.40499999999999997,0.455795677799607,0.4253182711198428,0.8506365422396855
1319218383,20260820,IRN,IRN,SYR,SYR,45,45,4,1,5.0,3,1,3,0.88408644400786,https://www.arabnews.com/node/2655353/middle-east,0.25,0.455795677799607,0.3323182711198428,0.9969548133595284
1319218384,20260820,IRN,IRN,SYR,SYR,45,45,4,1,5.0,2,1,2,0.88408644400786,https://www.arabnews.com/node/2655353/middle-east,0.25,0.455795677799607,0.3323182711198428,0.6646365422396856
1319218385,20260820,IRN,IRN,USA,USA,43,43,4,1,2.8,2,1,2,-1.40845070422535,https://timesofsandiego.com/military/2026/08/20/aircraft-carrier-relieving-uss-lincoln/,0.36,0.5704225352112675,0.44416901408450704,0.8883380281690141
1319218386,20260820,IRN,IRN,USAGOV,USA,10,10,1,1,0.0,8,2,8,-1.70034263024753,https://www.clevelandjewishnews.com/jns/iran-iraq-parliament-speakers-engage-in-gulf-naming-dispute/article_d3e3b483-4d8b-56c0-ae27-af73538d76b7.html,0.5,0.5850171315123764,0.5340068526049506,4.272054820839605
1319218387,20260820,IRNGOV,IRN,USA,USA,51,51,5,1,3.4,2,1,2,-4.12147505422994,https://www.theguardian.com/us-news/2026/aug/20/california-oil-pipeline-trump-judge-ruling,0.32999999999999996,0.706073752711497,0.4804295010845988,0.9608590021691976
1319218388,20260820,IRNGOV,IRN,USA,USA,51,51,5,1,3.4,2,1,2,-4.12147505422994,https://www.theguardian.com/us-news/2026/aug/20/california-oil-pipeline-trump-judge-ruling,0.32999999999999996,0.706073752711497,0.4804295010845988,0.9608590021691976
1319218389,20260820,IRNLEG,IRN,IRQ,IRQ,110,110,11,3,-2.0,8,2,8,-1.70034263024753,https://www.clevelandjewishnews.com/jns/iran-iraq-parliament-speakers-engage-in-gulf-naming-dispute/article_d3e3b483-4d8b-56c0-ae27-af73538d76b7.html,0.6,0.5850171315123764,0.5940068526049506,4.7520548208396045
1319218390,20260820,IRNLEG,IRN,IRQ,IRQ,110,110,11,3,-2.0,4,2,4,-1.70034263024753,https://www.clevelandjewishnews.com/jns/iran-iraq-parliament-speakers-engage-in-gulf-naming-dispute/article_d3e3b483-4d8b-56c0-ae27-af73538d76b7.html,0.6,0.5850171315123764,0.5940068526049506,2.3760274104198023
1319218391,20260820,IRQ,IRQ,IRN,IRN,110,110,11,3,-2.0,4,2,4,-1.70034263024753,https://www.clevelandjewishnews.com/jns/iran-iraq-parliament-speakers-engage-in-gulf-naming-dispute/article_d3e3b483-4d8b-56c0-ae27-af73538d76b7.html,0.6,0.5850171315123764,0.5940068526049506,2.3760274104198023
1319218392,20260820,IRQ,IRQ,IRN,IRN,110,110,11,3,-2.0,4,2,4,-1.70034263024753,https://www.clevelandjewishnews.com/jns/iran-iraq-parliament-speakers-engage-in-gulf-naming-dispute/article_d3e3b483-4d8b-56c0-ae27-af73538d76b7.html,0.6,0.5850171315123764,0.5940068526049506,2.3760274104198023
1319218393,20260820,IRQ,IRQ,IRNLEG,IRN,110,110,11,3,-2.0,12,2,12,-1.70034263024753,https://www.clevelandjewishnews.com/jns/iran-iraq-parliament-speakers-engage-in-gulf-naming-dispute/article_d3e3b483-4d8b-56c0-ae27-af73538d76b7.html,0.6,0.5850171315123764,0.5940068526049506,7.128082231259407
1319218701,20260820,SYR,SYR,IRN,IRN,43,43,4,1,2.8,5,1,4,0.88408644400786,https://www.arabnews.com/node/2655353/middle-east,0.36,0.455795677799607,0.3983182711198428,1.991591355599214
1319218702,20260820,SYR,SYR,IRN,IRN,43,43,4,1,2.8,2,1,2,0.88408644400786,https://www.arabnews.com/node/2655353/middle-east,0.36,0.455795677799607,0.3983182711198428,0.7966365422396856
1319218854,20260820,USA,USA,IRN,IRN,42,42,4,1,1.9,2,1,2,-1.40845070422535,https://timesofsandiego.com/military/2026/08/20/aircraft-carrier-relieving-uss-lincoln/,0.40499999999999997,0.5704225352112675,0.47116901408450695,0.9423380281690139
1319220059,20260820,,,IRN,IRN,111,111,11,3,-2.0,2,1,2,-3.08988764044944,https://www.adn.com/nation-world/2026/08/20/trump-increasingly-lashing-out-at-allies-as-victory-in-iran-war-proves-elusive/,0.6,0.654494382022472,0.6217977528089889,1.2435955056179777
1319220159,20260820,ARE,ARE,IRN,IRN,42,42,4,1,1.9,2,1,2,-3.08988764044944,https://www.adn.com/nation-world/2026/08/20/trump-increasingly-lashing-out-at-allies-as-victory-in-iran-war-proves-elusive/,0.40499999999999997,0.654494382022472,0.5047977528089888,1.0095955056179775
1319220160,20260820,ARE,ARE,IRN,IRN,42,42,4,1,1.9,6,1,6,-3.08988764044944,https://www.adn.com/nation-world/2026/08/20/trump-increasingly-lashing-out-at-allies-as-victory-in-iran-war-proves-elusive/,0.40499999999999997,0.654494382022472,0.5047977528089888,3.0287865168539323
1319220161,20260820,ARE,ARE,IRN,IRN,42,42,4,1,1.9,2,1,2,-3.08988764044944,https://www.adn.com/nation-world/2026/08/20/trump-increasingly-lashing-out-at-allies-as-victory-in-iran-war-proves-elusive/,0.40499999999999997,0.654494382022472,0.5047977528089888,1.0095955056179775
1319220355,20260820,CVL,,IRN,IRN,51,51,5,1,3.4,2,1,2,2.007299270073,https://www.reformer.com/local-news/bernie-sanders-says-status-quo-ain-t-working/article_d09d59fc-3747-4e5b-8e96-198e28fd9634.html,0.32999999999999996,0.39963503649635,0.35785401459854,0.71570802919708
1319220356,20260820,CVL,,IRN,IRN,51,51,5,1,3.4,4,1,4,2.007299270073,https://www.reformer.com/local-news/bernie-sanders-says-status-quo-ain-t-working/article_d09d59fc-3747-4e5b-8e96-198e28fd9634.html,0.32999999999999996,0.39963503649635,0.35785401459854,1.43141605839416
1319220548,20260820,GOV,,IRN,IRN,173,173,17,4,-5.0,2,1,2,-0.5736137667304,https://www.alternet.org/trump-hiding-2024-secrets/,0.75,0.52868068833652,0.661472275334608,1.322944550669216
1319220549,20260820,GOV,,IRN,IRN,173,173,17,4,-5.0,6,1,6,-0.5736137667304,https://www.alternet.org/trump-hiding-2024-secrets/,0.75,0.52868068833652,0.661472275334608,3.968833652007648
1319220550,20260820,GOV,,IRN,IRN,173,173,17,4,-5.0,2,1,2,-0.5736137667304,https://www.alternet.org/trump-hiding-2024-secrets/,0.75,0.52868068833652,0.661472275334608,1.322944550669216
1319220644,20260820,IRN,IRN,,,51,51,5,1,3.4,1,1,1,-3.08988764044944,https://www.adn.com/nation-world/2026/08/20/trump-increasingly-lashing-out-at-allies-as-victory-in-iran-war-proves-elusive/,0.32999999999999996,0.654494382022472,0.4597977528089888,0.4597977528089888
1319220645,20260820,IRN,IRN,,,110,110,11,3,-2.0,3,1,3,-7.55555555555556,https://www.ironmountaindailynews.com/news/2026/08/iran-dismisses-us-economic-threats-mass-funeral-held-in-gaza/,0.6,0.877777777777778,0.7111111111111112,2.1333333333333337
1319220646,20260820,IRN,IRN,ARE,ARE,43,43,4,1,2.8,6,1,6,-3.08988764044944,https://www.adn.com/nation-world/2026/08/20/trump-increasingly-lashing-out-at-allies-as-victory-in-iran-war-proves-elusive/,0.36,0.654494382022472,0.47779775280898884,2.8667865168539333
1319220647,20260820,IRN,IRN,ARE,ARE,43,43,4,1,2.8,2,1,2,-3.08988764044944,https://www.adn.com/nation-world/2026/08/20/trump-increasingly-lashing-out-at-allies-as-victory-in-iran-war-proves-elusive/,0.36,0.654494382022472,0.47779775280898884,0.9555955056179777
1319220648,20260820,IRN,IRN,ARE,ARE,43,43,4,1,2.8,2,1,2,-3.08988764044944,https://www.adn.com/nation-world/2026/08/20/trump-increasingly-lashing-out-at-allies-as-victory-in-iran-war-proves-elusive/,0.36,0.654494382022472,0.47779775280898884,0.9555955056179777
1319220649,20260820,IRN,IRN,GOV,,110,110,11,3,-2.0,1,1,1,-7.55555555555556,https://www.ironmountaindailynews.com/news/2026/08/iran-dismisses-us-economic-threats-mass-funeral-held-in-gaza/,0.6,0.877777777777778,0.7111111111111112,0.7111111111111112
1319220650,20260820,IRN,IRN,ISR,ISR,110,110,11,3,-2.0,4,1,4,-7.55555555555556,https://www.ironmountaindailynews.com/news/2026/08/iran-dismisses-us-economic-threats-mass-funeral-held-in-gaza/,0.6,0.877777777777778,0.7111111111111112,2.844444444444445
1319220651,20260820,IRN,IRN,ISR,ISR,111,111,11,3,-2.0,1,1,1,-7.55555555555556,https://www.ironmountaindailynews.com/news/2026/08/iran-dismisses-us-economic-threats-mass-funeral-held-in-gaza/,0.6,0.877777777777778,0.7111111111111112,0.7111111111111112
1319220652,20260820,IRN,IRN,MIL,,190,190,19,4,-10.0,6,1,6,-8.50111856823263,https://www.alternet.org/trump-iran-midterms-mess-republicans/,1.0,0.9250559284116315,0.9700223713646526,5.820134228187916
1319220653,20260820,IRN,IRN,PSE,PSE,110,110,11,3,-2.0,3,1,3,-7.55555555555556,https://www.ironmountaindailynews.com/news/2026/08/iran-dismisses-us-economic-threats-mass-funeral-held-in-gaza/,0.6,0.877777777777778,0.7111111111111112,2.1333333333333337
1319220654,20260820,IRN,IRN,USA,USA,112,112,11,3,-2.0,2,1,2,-2.65822784810126,https://freebeacon.com/media/watch-hasan-piker-use-the-n-word-on-his-n-word-slinging-uncles-far-left-youtube-show/,0.6,0.632911392405063,0.6131645569620252,1.2263291139240504
1319220655,20260820,IRN,IRN,USA,USA,112,112,11,3,-2.0,2,1,2,-2.65822784810126,https://freebeacon.com/media/watch-hasan-piker-use-the-n-word-on-his-n-word-slinging-uncles-far-left-youtube-show/,0.6,0.632911392405063,0.6131645569620252,1.2263291139240504
1319220656,20260820,IRN,IRN,USAGOV,USA,10,10,1,1,0.0,8,1,8,-3.25203252032521,https://www.i24news.tv/en/news/international/americas/artc-us-designates-hezbollah-as-an-extension-of-irgc-says-group-is-not-independent-lebanese-movement,0.5,0.6626016260162605,0.5650406504065042,4.520325203252034
1319220657,20260820,IRN,IRN,VNM,VNM,90,90,9,2,-2.0,2,1,2,-8.50111856823263,https://www.alternet.org/trump-iran-midterms-mess-republicans/,0.6,0.9250559284116315,0.7300223713646526,1.4600447427293053
1319220920,20260820,PAK,PAK,IRN,IRN,120,120,12,3,-4.0,10,1,10,1.03806228373702,https://www.middle-east-online.com/en/trends-mecca-agreement-flexible-defence-pact,0.7,0.448096885813149,0.5992387543252595,5.992387543252596
1319221098,20260820,USA,USA,IRN,IRN,10,10,1,1,0.0,2,1,2,-3.25203252032521,https://www.i24news.tv/en/news/international/americas/artc-us-designates-hezbollah-as-an-extension-of-irgc-says-group-is-not-independent-lebanese-movement,0.5,0.6626016260162605,0.5650406504065042,1.1300813008130084
1319222136,20260820,GOV,,IRNMOS,IRN,42,42,4,1,1.9,6,1,6,-3.88127853881278,https://www.theguardian.com/us-news/2026/aug/20/alleged-money-smuggling-sanctions-hezbollah,0.40499999999999997,0.694063926940639,0.5206255707762556,3.123753424657534
1319222232,20260820,IRN,IRN,,,111,111,11,3,-2.0,2,1,2,-5.43478260869565,https://www.pakistantoday.com.pk/2026/08/20/us-says-allies-with-us-or-against-us-on-planned-economic-isolation-of-iran,0.6,0.7717391304347825,0.668695652173913,1.337391304347826
1319222233,20260820,IRN,IRN,,,111,111,11,3,-2.0,8,1,8,-5.43478260869565,https://www.pakistantoday.com.pk/2026/08/20/us-says-allies-with-us-or-against-us-on-planned-economic-isolation-of-iran,0.6,0.7717391304347825,0.668695652173913,5.349565217391304
1319222234,20260820,IRN,IRN,IRNMOS,IRN,42,42,4,1,1.9,4,1,4,-3.88127853881278,https://www.theguardian.com/us-news/2026/aug/20/alleged-money-smuggling-sanctions-hezbollah,0.40499999999999997,0.694063926940639,0.5206255707762556,2.0825022831050224
1319222235,20260820,IRNLEG,IRN,,,40,40,4,1,1.0,2,1,2,-2.17391304347826,https://townhall.com/news/mattvespa/2026/08/20/oh-thats-not-a-good-hot-mic-moment-for-darline-graham-n2681612,0.45,0.608695652173913,0.5134782608695652,1.0269565217391303
1319222236,20260820,IRNLEG,IRN,LBN,LBN,13,13,1,1,0.4,6,1,6,-0.7905138339921,https://aa.com.tr/en/middle-east/beirut-accuses-tehran-of-interfering-in-lebanons-internal-affairs/4033191,0.48,0.539525691699605,0.503810276679842,3.022861660079052
1319222237,20260820,IRNMOS,IRN,GOV,,43,43,4,1,2.8,6,1,6,-3.88127853881278,https://www.theguardian.com/us-news/2026/aug/20/alleged-money-smuggling-sanctions-hezbollah,0.36,0.694063926940639,0.4936255707762556,2.9617534246575334
1319222238,20260820,IRNMOS,IRN,IRN,IRN,43,43,4,1,2.8,4,1,4,-3.88127853881278,https://www.theguardian.com/us-news/2026/aug/20/alleged-money-smuggling-sanctions-hezbollah,0.36,0.694063926940639,0.4936255707762556,1.9745022831050223
1319222354,20260820,LBN,LBN,IRN,IRN,100,100,10,3,-5.0,1,1,1,-0.7905138339921,https://aa.com.tr/en/middle-east/beirut-accuses-tehran-of-interfering-in-lebanons-internal-affairs/4033191,0.75,0.539525691699605,0.6658102766798419,0.6658102766798419
1319222355,20260820,LBN,LBN,IRN,IRN,111,111,11,3,-2.0,2,1,2,-0.7905138339921,https://aa.com.tr/en/middle-east/beirut-accuses-tehran-of-interfering-in-lebanons-internal-affairs/4033191,0.6,0.539525691699605,0.575810276679842,1.151620553359684
1319222356,20260820,LBN,LBN,IRN,IRN,111,111,11,3,-2.0,2,1,2,-0.7905138339921,https://aa.com.tr/en/middle-east/beirut-accuses-tehran-of-interfering-in-lebanons-internal-affairs/4033191,0.6,0.539525691699605,0.575810276679842,1.151620553359684
1319222357,20260820,LBN,LBN,IRN,IRN,112,112,11,3,-2.0,7,1,7,-0.7905138339921,https://aa.com.tr/en/middle-east/beirut-accuses-tehran-of-interfering-in-lebanons-internal-affairs/4033191,0.6,0.539525691699605,0.575810276679842,4.0306719367588935
1319222358,20260820,LBN,LBN,IRN,IRN,112,112,11,3,-2.0,1,1,1,-0.7905138339921,https://aa.com.tr/en/middle-east/beirut-accuses-tehran-of-interfering-in-lebanons-internal-affairs/4033191,0.6,0.539525691699605,0.575810276679842,0.575810276679842
1319222359,20260820,LBN,LBN,IRNGOV,IRN,111,111,11,3,-2.0,1,1,1,-0.7905138339921,https://aa.com.tr/en/middle-east/beirut-accuses-tehran-of-interfering-in-lebanons-internal-affairs/4033191,0.6,0.539525691699605,0.575810276679842,0.575810276679842
1319222360,20260820,LBN,LBN,IRNGOV,IRN,111,111,11,3,-2.0,2,1,2,-0.7905138339921,https://aa.com.tr/en/middle-east/beirut-accuses-tehran-of-interfering-in-lebanons-internal-affairs/4033191,0.6,0.539525691699605,0.575810276679842,1.151620553359684
1319222749,20260820,USA,USA,IRN,IRN,130,130,13,3,-4.4,15,15,15,-4.6481861360912,http://www.bignewsnetwork.com/news/279254844/bessent-warns-iran-of-toughest-sanctions-in-history-urges-china-to-get-with-the-programme,0.72,0.73240930680456,0.724963722721824,10.874455840827359
1319222750,20260820,USA,USA,IRN,IRN,163,163,16,4,-8.0,2,1,2,-3.88127853881278,https://www.theguardian.com/us-news/2026/aug/20/alleged-money-smuggling-sanctions-hezbollah,0.9,0.694063926940639,0.8176255707762556,1.6352511415525113
1319222751,20260820,USA,USA,IRN,IRN,163,163,16,4,-8.0,8,1,8,-3.88127853881278,https://www.theguardian.com/us-news/2026/aug/20/alleged-money-smuggling-sanctions-hezbollah,0.9,0.694063926940639,0.8176255707762556,6.541004566210045
1319222752,20260820,USA,USA,IRN,IRN,190,190,19,4,-10.0,2,1,2,-1.4,https://markets.financialcontent.com/stocks/article/stockstory-2026-8-20-why-norwegian-cruise-line-nclh-shares-are-sliding-today,1.0,0.5700000000000001,0.8280000000000001,1.6560000000000001
1319222846,20260820,USAGOV,USA,IRN,IRN,10,10,1,1,0.0,14,14,14,-4.63258785942492,http://www.bignewsnetwork.com/news/279254844/bessent-warns-iran-of-toughest-sanctions-in-history-urges-china-to-get-with-the-programme,0.5,0.731629392971246,0.5926517571884984,8.297124600638977
1319222859,20260820,USAGOVBUS,USA,IRN,IRN,10,10,1,1,0.0,4,1,4,-5.43478260869565,https://www.pakistantoday.com.pk/2026/08/20/us-says-allies-with-us-or-against-us-on-planned-economic-isolation-of-iran,0.5,0.7717391304347825,0.6086956521739131,2.4347826086956523
1319222860,20260820,USAGOVBUS,USA,IRN,IRN,40,40,4,1,1.0,10,1,10,-5.43478260869565,https://www.pakistantoday.com.pk/2026/08/20/us-says-allies-with-us-or-against-us-on-planned-economic-isolation-of-iran,0.45,0.7717391304347825,0.578695652173913,5.78695652173913
1319222861,20260820,USAGOVBUS,USA,IRN,IRN,190,190,19,4,-10.0,10,1,10,-5.43478260869565,https://www.pakistantoday.com.pk/2026/08/20/us-says-allies-with-us-or-against-us-on-planned-economic-isolation-of-iran,1.0,0.7717391304347825,0.908695652173913,9.08695652173913
1319223104,20260820,CHN,CHN,IRN,IRN,120,120,12,3,-4.0,4,1,4,-7.03703703703704,https://en.tempo.co/read/2117981/iran-calls-trumps-economic-d-day-campaign-economic-terrorism,0.7,0.8518518518518519,0.7607407407407407,3.042962962962963
1319223316,20260820,GOV,,IRN,IRN,13,13,1,1,0.4,8,1,8,-2.91970802919708,https://pjmedia.com/rabbi-michael-barclay/2026/08/20/iran-update-declaring-a-different-kind-of-war-n4956335,0.48,0.6459854014598541,0.5463941605839416,4.371153284671533
1319223355,20260820,GOVMIL,,IRN,IRN,42,42,4,1,1.9,1,1,1,-5.69782330345711,https://www.newsweek.com/donald-trumps-apocalyptic-threats-fall-flat-with-iran-12346940,0.40499999999999997,0.7848911651728555,0.5569564660691422,0.5569564660691422
1319223356,20260820,GOVMIL,,IRN,IRN,42,42,4,1,1.9,1,1,1,-5.69782330345711,https://www.newsweek.com/donald-trumps-apocalyptic-threats-fall-flat-with-iran-12346940,0.40499999999999997,0.7848911651728555,0.5569564660691422,0.5569564660691422
1319223397,20260820,IRN,IRN,CHN,CHN,20,20,2,1,3.0,2,2,2,-4.88193819270326,https://aninews.in/news/world/us/bessent-warns-iran-of-toughest-sanctions-in-history-urges-china-to-get-with-the-programme20260821020551/,0.35,0.744096909635163,0.5076387638540651,1.0152775277081303
1319223398,20260820,IRN,IRN,GOVMIL,,43,43,4,1,2.8,1,1,1,-5.69782330345711,https://www.newsweek.com/donald-trumps-apocalyptic-threats-fall-flat-with-iran-12346940,0.36,0.7848911651728555,0.5299564660691423,0.5299564660691423
1319223399,20260820,IRN,IRN,IRNGOV,IRN,13,13,1,1,0.4,2,1,2,-2.91970802919708,https://pjmedia.com/rabbi-michael-barclay/2026/08/20/iran-update-declaring-a-different-kind-of-war-n4956335,0.48,0.6459854014598541,0.5463941605839416,1.0927883211678833
1319223400,20260820,IRN,IRN,IRNGOV,IRN,17,17,1,1,0.0,6,1,6,-5.69782330345711,https://www.newsweek.com/donald-trumps-apocalyptic-threats-fall-flat-with-iran-12346940,0.5,0.7848911651728555,0.6139564660691422,3.683738796414853
1319223401,20260820,IRN,IRN,IRNGOV,IRN,43,43,4,1,2.8,6,1,6,-5.69782330345711,https://www.newsweek.com/donald-trumps-apocalyptic-threats-fall-flat-with-iran-12346940,0.36,0.7848911651728555,0.5299564660691423,3.1797387964148536
1319223402,20260820,IRN,IRN,IRNGOV,IRN,43,43,4,1,2.8,1,1,1,-5.69782330345711,https://www.newsweek.com/donald-trumps-apocalyptic-threats-fall-flat-with-iran-12346940,0.36,0.7848911651728555,0.5299564660691423,0.5299564660691423
1319223403,20260820,IRN,IRN,IRNGOV,IRN,130,130,13,3,-4.4,2,1,2,-2.91970802919708,https://pjmedia.com/rabbi-michael-barclay/2026/08/20/iran-update-declaring-a-different-kind-of-war-n4956335,0.72,0.6459854014598541,0.6903941605839417,1.3807883211678833
1319223404,20260820,IRN,IRN,JUD,,43,43,4,1,2.8,1,1,1,-5.69782330345711,https://www.newsweek.com/donald-trumps-apocalyptic-threats-fall-flat-with-iran-12346940,0.36,0.7848911651728555,0.5299564660691423,0.5299564660691423
1319223405,20260820,IRN,IRN,MIL,,1723,172,17,4,-5.0,10,1,10,-6.80628272251309,https://en.tempo.co/read/2117980/china-rejects-trumps-economic-pressure-campaign-against-iran,0.75,0.8403141361256544,0.7861256544502617,7.861256544502617
1319223406,20260820,IRN,IRN,MIL,,190,190,19,4,-10.0,2,1,2,-6.80628272251309,https://en.tempo.co/read/2117980/china-rejects-trumps-economic-pressure-campaign-against-iran,1.0,0.8403141361256544,0.9361256544502617,1.8722513089005235
1319223407,20260820,IRN,IRN,MIL,,190,190,19,4,-10.0,8,1,8,-6.80628272251309,https://en.tempo.co/read/2117980/china-rejects-trumps-economic-pressure-campaign-against-iran,1.0,0.8403141361256544,0.9361256544502617,7.489005235602094
1319223408,20260820,IRN,IRN,USAMED,USA,10,10,1,1,0.0,12,2,12,-3.68544581956973,https://finance.yahoo.com/markets/stocks/articles/talos-energy-transocean-highpeak-energy-210715028.html,0.5,0.6842722909784864,0.5737089163913945,6.884506996696734
1319223409,20260820,IRN,IRN,USAMED,USA,13,13,1,1,0.4,4,2,4,-3.68544581956973,https://finance.yahoo.com/markets/stocks/articles/talos-energy-transocean-highpeak-energy-210715028.html,0.48,0.6842722909784864,0.5617089163913945,2.246835665565578
1319223410,20260820,IRNGOV,IRN,IRN,IRN,17,17,1,1,0.0,1,1,1,-5.69782330345711,https://www.newsweek.com/donald-trumps-apocalyptic-threats-fall-flat-with-iran-12346940,0.5,0.7848911651728555,0.6139564660691422,0.6139564660691422
1319223411,20260820,IRNGOV,IRN,IRN,IRN,42,42,4,1,1.9,6,1,6,-5.69782330345711,https://www.newsweek.com/donald-trumps-apocalyptic-threats-fall-flat-with-iran-12346940,0.40499999999999997,0.7848911651728555,0.5569564660691422,3.341738796414853
1319223412,20260820,IRNGOV,IRN,IRN,IRN,42,42,4,1,1.9,1,1,1,-5.69782330345711,https://www.newsweek.com/donald-trumps-apocalyptic-threats-fall-flat-with-iran-12346940,0.40499999999999997,0.7848911651728555,0.5569564660691422,0.5569564660691422
1319223478,20260820,JUD,,IRN,IRN,17,17,1,1,0.0,1,1,1,-5.69782330345711,https://www.newsweek.com/donald-trumps-apocalyptic-threats-fall-flat-with-iran-12346940,0.5,0.7848911651728555,0.6139564660691422,0.6139564660691422
1319223479,20260820,JUD,,IRN,IRN,42,42,4,1,1.9,1,1,1,-5.69782330345711,https://www.newsweek.com/donald-trumps-apocalyptic-threats-fall-flat-with-iran-12346940,0.40499999999999997,0.7848911651728555,0.5569564660691422,0.5569564660691422
1319223679,20260820,TUR,TUR,IRN,IRN,12,12,1,1,-0.4,4,1,4,-2.91970802919708,https://pjmedia.com/rabbi-michael-barclay/2026/08/20/iran-update-declaring-a-different-kind-of-war-n4956335,0.52,0.6459854014598541,0.5703941605839417,2.2815766423357666
1319223680,20260820,TUR,TUR,IRN,IRN,12,12,1,1,-0.4,1,1,1,-2.91970802919708,https://pjmedia.com/rabbi-michael-barclay/2026/08/20/iran-update-declaring-a-different-kind-of-war-n4956335,0.52,0.6459854014598541,0.5703941605839417,0.5703941605839417
1319223825,20260820,USA,USA,IRNGOV,IRN,10,10,1,1,0.0,4,1,4,-7.03703703703704,https://en.tempo.co/read/2117981/iran-calls-trumps-economic-d-day-campaign-economic-terrorism,0.5,0.8518518518518519,0.6407407407407408,2.5629629629629633
1319223826,20260820,USA,USA,IRNGOV,IRN,10,10,1,1,0.0,6,1,6,-7.03703703703704,https://en.tempo.co/read/2117981/iran-calls-trumps-economic-d-day-campaign-economic-terrorism,0.5,0.8518518518518519,0.6407407407407408,3.844444444444445
1319223827,20260820,USA,USA,IRNGOV,IRN,120,120,12,3,-4.0,8,1,8,-7.03703703703704,https://en.tempo.co/read/2117981/iran-calls-trumps-economic-d-day-campaign-economic-terrorism,0.7,0.8518518518518519,0.7607407407407407,6.085925925925926
1319223828,20260820,USA,USA,IRNGOV,IRN,120,120,12,3,-4.0,2,1,2,-7.03703703703704,https://en.tempo.co/read/2117981/iran-calls-trumps-economic-d-day-campaign-economic-terrorism,0.7,0.8518518518518519,0.7607407407407407,1.5214814814814814
1319224720,20260820,GOV,,IRN,IRN,130,130,13,3,-4.4,2,1,2,-7.01754385964912,https://www.trend.az/world/us/4216702.html,0.72,0.850877192982456,0.7723508771929823,1.5447017543859647
1319224721,20260820,GOV,,IRN,IRN,130,130,13,3,-4.4,8,1,8,-7.01754385964912,https://www.trend.az/world/us/4216702.html,0.72,0.850877192982456,0.7723508771929823,6.178807017543859
1319224805,20260820,LBN,LBN,IRN,IRN,51,51,5,1,3.4,20,2,20,-3.8748223169865,https://www.vanguardngr.com/2026/08/us-hits-hezbollah-with-more-sanctions-says-iran-controls-it/,0.32999999999999996,0.693741115849325,0.47549644633973,9.5099289267946
1319225593,20260820,,,IRN,IRN,192,192,19,4,-9.5,3,1,3,-0.98665118978526,https://www.wrvo.org/2026-08-20/president-trump-is-always-talking-about-deals-should-journalists-mimic-his-language,0.975,0.549332559489263,0.8047330237957051,2.4141990713871153
1319226039,20260820,IRN,IRN,,,874,87,8,2,10.0,3,1,3,1.26582278481013,https://www.nrc.nl/nieuws/2026/08/20/the-us-saudi-nuclear-deal-raises-radioactive-questions-a4934465,0.0,0.4367088607594935,0.1746835443037974,0.5240506329113922
1319226040,20260820,IRN,IRN,MIL,,105,105,10,3,-5.0,92,23,92,-1.99370409233998,https://wach.com/news/nation-world/you-always-worry-uss-lincoln-returning-to-families-amid-stress-of-long-deployment,0.75,0.599685204616999,0.6898740818467995,63.468415529905556
1319226041,20260820,IRN,IRN,MILMIL,,13,13,1,1,0.4,92,23,92,-1.99370409233998,https://wach.com/news/nation-world/you-always-worry-uss-lincoln-returning-to-families-amid-stress-of-long-deployment,0.48,0.599685204616999,0.5278740818467996,48.56441552990557
1319226042,20260820,IRN,IRN,MILMIL,,51,51,5,1,3.4,69,23,69,-1.99370409233998,https://wach.com/news/nation-world/you-always-worry-uss-lincoln-returning-to-families-amid-stress-of-long-deployment,0.32999999999999996,0.599685204616999,0.4378740818467996,30.213311647429173
1319226043,20260820,IRN,IRN,TWN,TWN,42,42,4,1,1.9,2,1,2,-1.68634064080945,https://crooksandliars.com/2026/08/lindsey-graham-s-nepo-sis-bombs-taiwan,0.40499999999999997,0.5843170320404725,0.476726812816189,0.953453625632378
1319226044,20260820,IRN,IRN,TWN,TWN,42,42,4,1,1.9,2,1,2,-1.68634064080945,https://crooksandliars.com/2026/08/lindsey-graham-s-nepo-sis-bombs-taiwan,0.40499999999999997,0.5843170320404725,0.476726812816189,0.953453625632378
1319226050,20260820,ISR,ISR,IRN,IRN,192,192,19,4,-9.5,1,1,1,-0.98665118978526,https://www.wrvo.org/2026-08-20/president-trump-is-always-talking-about-deals-should-journalists-mimic-his-language,0.975,0.549332559489263,0.8047330237957051,0.8047330237957051
1319226154,20260820,MED,,IRN,IRN,10,10,1,1,0.0,1,1,1,-0.98665118978526,https://www.wrvo.org/2026-08-20/president-trump-is-always-talking-about-deals-should-journalists-mimic-his-language,0.5,0.549332559489263,0.5197330237957052,0.5197330237957052
1319226180,20260820,MIL,,IRN,IRN,51,51,5,1,3.4,138,23,138,-1.99370409233998,https://wach.com/news/nation-world/you-always-worry-uss-lincoln-returning-to-families-amid-stress-of-long-deployment,0.32999999999999996,0.599685204616999,0.4378740818467996,60.426623294858345
1319226249,20260820,SAUGOV,SAU,IRN,IRN,874,87,8,2,10.0,2,1,2,1.26582278481013,https://www.nrc.nl/nieuws/2026/08/20/the-us-saudi-nuclear-deal-raises-radioactive-questions-a4934465,0.0,0.4367088607594935,0.1746835443037974,0.3493670886075948
1319226250,20260820,SAUGOV,SAU,IRN,IRN,874,87,8,2,10.0,3,1,3,1.26582278481013,https://www.nrc.nl/nieuws/2026/08/20/the-us-saudi-nuclear-deal-raises-radioactive-questions-a4934465,0.0,0.4367088607594935,0.1746835443037974,0.5240506329113922
1319226262,20260820,TWN,TWN,IRN,IRN,43,43,4,1,2.8,2,1,2,-1.68634064080945,https://crooksandliars.com/2026/08/lindsey-graham-s-nepo-sis-bombs-taiwan,0.36,0.5843170320404725,0.449726812816189,0.899453625632378
1319226263,20260820,TWN,TWN,IRN,IRN,43,43,4,1,2.8,2,1,2,-1.68634064080945,https://crooksandliars.com/2026/08/lindsey-graham-s-nepo-sis-bombs-taiwan,0.36,0.5843170320404725,0.449726812816189,0.899453625632378
1319227268,20260820,CHN,CHN,IRN,IRN,110,110,11,3,-2.0,6,1,6,-5.74948665297741,https://www.albawaba.com/news/washington-declares-economic-war-iran-we-1635474,0.6,0.7874743326488705,0.6749897330595482,4.049938398357289
1319227598,20260820,IRN,IRN,,,60,60,6,2,6.0,4,1,4,-5.74948665297741,https://www.albawaba.com/news/washington-declares-economic-war-iran-we-1635474,0.2,0.7874743326488705,0.4349897330595482,1.7399589322381928
1319227599,20260820,IRN,IRN,USA,USA,111,111,11,3,-2.0,4,1,4,-5.74948665297741,https://www.albawaba.com/news/washington-declares-economic-war-iran-we-1635474,0.6,0.7874743326488705,0.6749897330595482,2.699958932238193
1319227600,20260820,IRNGOV,IRN,USA,USA,111,111,11,3,-2.0,12,1,12,-5.74948665297741,https://www.albawaba.com/news/washington-declares-economic-war-iran-we-1635474,0.6,0.7874743326488705,0.6749897330595482,8.099876796714579
1319227715,20260820,MIL,,IRN,IRN,186,186,18,4,-10.0,4,1,4,-2.53671562082777,https://www.latimes.com/entertainment-arts/story/2026-08-20/spiderman-big-hit-in-age-of-cowardly-leaders,1.0,0.6268357810413885,0.8507343124165554,3.4029372496662216
1319227716,20260820,MIL,,IRN,IRN,186,186,18,4,-10.0,1,1,1,-2.53671562082777,https://www.latimes.com/entertainment-arts/story/2026-08-20/spiderman-big-hit-in-age-of-cowardly-leaders,1.0,0.6268357810413885,0.8507343124165554,0.8507343124165554
1319227936,20260820,USA,USA,IRN,IRN,163,163,16,4,-8.0,4,2,4,-4.54193351298864,https://grenadachronicle.com/us-treasury-secretary-says-new-economic-measures-will-collapse-iran/,0.9,0.727096675649432,0.8308386702597729,3.3233546810390915
1319227937,20260820,USA,USA,IRN,IRN,163,163,16,4,-8.0,4,2,4,-4.54193351298864,https://grenadachronicle.com/us-treasury-secretary-says-new-economic-measures-will-collapse-iran/,0.9,0.727096675649432,0.8308386702597729,3.3233546810390915
1319227996,20260820,USAGOVBUS,USA,IRN,IRN,130,130,13,3,-4.4,1,1,1,-4.89731437598736,https://news.webindia123.com/news/Articles/World/20260821/4489101.html,0.72,0.744865718799368,0.7299462875197472,0.7299462875197472
1319227997,20260820,USAGOVBUS,USA,IRN,IRN,130,130,13,3,-4.4,1,1,1,-4.89731437598736,https://news.webindia123.com/news/Articles/World/20260821/4489101.html,0.72,0.744865718799368,0.7299462875197472,0.7299462875197472
1319228828,20260820,IRN,IRN,,,12,12,1,1,-0.4,1,1,1,-7.03703703703704,https://nypost.com/2026/08/20/opinion/beware-irans-most-devious-weapon-a-new-october-surprise/,0.52,0.8518518518518519,0.6527407407407408,0.6527407407407408
1319228829,20260820,IRN,IRN,,,841,84,8,2,7.0,2,1,2,-7.03703703703704,https://nypost.com/2026/08/20/opinion/beware-irans-most-devious-weapon-a-new-october-surprise/,0.15,0.8518518518518519,0.43074074074074076,0.8614814814814815
1319228830,20260820,IRN,IRN,,,190,190,19,4,-10.0,9,3,9,-2.27272727272728,https://www.ocregister.com/2026/08/20/in-house-opinions-congress-members-on-uss-lincoln-deployment/,1.0,0.613636363636364,0.8454545454545456,7.60909090909091
1319228831,20260820,IRN,IRN,,,190,190,19,4,-10.0,6,3,6,-2.27272727272728,https://www.ocregister.com/2026/08/20/in-house-opinions-congress-members-on-uss-lincoln-deployment/,1.0,0.613636363636364,0.8454545454545456,5.072727272727273
1319228832,20260820,IRN,IRN,USA,USA,20,20,2,1,3.0,1,1,1,-7.03703703703704,https://nypost.com/2026/08/20/opinion/beware-irans-most-devious-weapon-a-new-october-surprise/,0.35,0.8518518518518519,0.5507407407407408,0.5507407407407408
1319228833,20260820,IRN,IRN,USA,USA,20,20,2,1,3.0,3,1,3,-7.03703703703704,https://nypost.com/2026/08/20/opinion/beware-irans-most-devious-weapon-a-new-october-surprise/,0.35,0.8518518518518519,0.5507407407407408,1.6522222222222223
1319229125,20260820,USA,USA,IRN,IRN,51,51,5,1,3.4,1,1,1,-7.03703703703704,https://nypost.com/2026/08/20/opinion/beware-irans-most-devious-weapon-a-new-october-surprise/,0.32999999999999996,0.8518518518518519,0.5387407407407407,0.5387407407407407
1319229126,20260820,USA,USA,IRN,IRN,111,111,11,3,-2.0,6,3,6,-2.27272727272728,https://www.ocregister.com/2026/08/20/in-house-opinions-congress-members-on-uss-lincoln-deployment/,0.6,0.613636363636364,0.6054545454545456,3.6327272727272737
1319230095,20260820,GOV,,IRN,IRN,84,84,8,2,7.0,2,1,2,-0.53368912608406,https://foreignpolicy.com/2026/08/20/trump-us-national-security-technology-strategy-china/,0.15,0.526684456304203,0.3006737825216812,0.6013475650433624
1319230096,20260820,GOV,,IRN,IRN,84,84,8,2,7.0,4,1,4,-0.53368912608406,https://foreignpolicy.com/2026/08/20/trump-us-national-security-technology-strategy-china/,0.15,0.526684456304203,0.3006737825216812,1.2026951300867248
1319230097,20260820,GOV,,IRN,IRN,194,194,19,4,-10.0,2,1,2,-5.68549838071249,https://www.endtime.com/prophecy-news/iran-war-escalation-road-to-the-sixth-trumpet/,1.0,0.7842749190356245,0.9137099676142498,1.8274199352284997
1319230098,20260820,GOV,,IRN,IRN,194,194,19,4,-10.0,2,1,2,-5.68549838071249,https://www.endtime.com/prophecy-news/iran-war-escalation-road-to-the-sixth-trumpet/,1.0,0.7842749190356245,0.9137099676142498,1.8274199352284997
1319230159,20260820,IRN,IRN,,,12,12,1,1,-0.4,2,1,2,-0.53368912608406,https://foreignpolicy.com/2026/08/20/trump-us-national-security-technology-strategy-china/,0.52,0.526684456304203,0.5226737825216812,1.0453475650433623
1319230160,20260820,IRN,IRN,USA,USA,10,10,1,1,0.0,2,1,2,-3.32836562344759,https://freerepublic.com/tag/*/index?more=4392531,0.5,0.6664182811723796,0.5665673124689519,1.1331346249379037
1319230161,20260820,IRN,IRN,USA,USA,141,141,14,3,-6.5,1,1,1,-5.68549838071249,https://www.endtime.com/prophecy-news/iran-war-escalation-road-to-the-sixth-trumpet/,0.825,0.7842749190356245,0.8087099676142497,0.8087099676142497
1319230162,20260820,IRN,IRN,USA,USA,141,141,14,3,-6.5,2,1,2,-5.68549838071249,https://www.endtime.com/prophecy-news/iran-war-escalation-road-to-the-sixth-trumpet/,0.825,0.7842749190356245,0.8087099676142497,1.6174199352284995
1319230163,20260820,IRN,IRN,USA,USA,141,141,14,3,-6.5,5,1,5,-5.68549838071249,https://www.endtime.com/prophecy-news/iran-war-escalation-road-to-the-sixth-trumpet/,0.825,0.7842749190356245,0.8087099676142497,4.0435498380712485
1319230164,20260820,IRNGOVBUS,IRN,,,10,10,1,1,0.0,5,1,5,0.709219858156032,https://antonyloewenstein.com/iran-is-allowed-to-examine-its-nuclear-options/,0.5,0.46453900709219836,0.48581560283687936,2.429078014184397
1319230296,20260820,MIL,,IRN,IRN,130,130,13,3,-4.4,12,1,10,-5.68549838071249,https://www.endtime.com/prophecy-news/iran-war-escalation-road-to-the-sixth-trumpet/,0.72,0.7842749190356245,0.7457099676142498,8.948519611370997
1319230538,20260820,USA,USA,IRN,IRN,130,130,13,3,-4.4,2,1,2,-5.68549838071249,https://www.endtime.com/prophecy-news/iran-war-escalation-road-to-the-sixth-trumpet/,0.72,0.7842749190356245,0.7457099676142498,1.4914199352284996
1319230539,20260820,USA,USA,IRNGOV,IRN,130,130,13,3,-4.4,2,1,2,-5.68549838071249,https://www.endtime.com/prophecy-news/iran-war-escalation-road-to-the-sixth-trumpet/,0.72,0.7842749190356245,0.7457099676142498,1.4914199352284996
1319230630,20260820,USAGOV,USA,IRN,IRN,84,84,8,2,7.0,2,1,2,-0.53368912608406,https://foreignpolicy.com/2026/08/20/trump-us-national-security-technology-strategy-china/,0.15,0.526684456304203,0.3006737825216812,0.6013475650433624
1319230631,20260820,USAGOV,USA,IRN,IRN,84,84,8,2,7.0,2,1,2,-0.53368912608406,https://foreignpolicy.com/2026/08/20/trump-us-national-security-technology-strategy-china/,0.15,0.526684456304203,0.3006737825216812,0.6013475650433624
1319231161,20260820,,,IRN,IRN,51,51,5,1,3.4,1,1,1,-6.35451505016723,https://www.algemeiner.com/2026/08/20/democratic-socialists-america-accuses-marco-rubio-genocide-pro-castro-screed/,0.32999999999999996,0.8177257525083614,0.5250903010033445,0.5250903010033445
1319231162,20260820,,,IRN,IRN,51,51,5,1,3.4,1,1,1,-6.35451505016723,https://www.algemeiner.com/2026/08/20/democratic-socialists-america-accuses-marco-rubio-genocide-pro-castro-screed/,0.32999999999999996,0.8177257525083614,0.5250903010033445,0.5250903010033445
1319231436,20260820,CYP,CYP,IRN,IRN,46,46,4,1,7.0,4,1,4,-1.51515151515151,https://athens-times.com/iran-to-cyprus-no-risk-as-long-as-uk-bases-arent-used-against-tehran/,0.15,0.5757575757575755,0.3203030303030302,1.2812121212121208
1319231437,20260820,CYP,CYP,IRN,IRN,46,46,4,1,7.0,1,1,1,-1.51515151515151,https://athens-times.com/iran-to-cyprus-no-risk-as-long-as-uk-bases-arent-used-against-tehran/,0.15,0.5757575757575755,0.3203030303030302,0.3203030303030302
1319231534,20260820,GOV,,IRN,IRN,130,130,13,3,-4.4,1,1,1,-5.79345088161209,https://athens-times.com/reuters-countries-at-risk-from-trumps-iran-economic-d-day-threats/,0.72,0.7896725440806045,0.7478690176322418,0.7478690176322418
1319231535,20260820,GOV,,IRN,IRN,130,130,13,3,-4.4,7,1,7,-5.79345088161209,https://athens-times.com/reuters-countries-at-risk-from-trumps-iran-economic-d-day-threats/,0.72,0.7896725440806045,0.7478690176322418,5.235083123425692
1319231584,20260820,IGOWSTNAT,WST,IRN,IRN,130,130,13,3,-4.4,5,1,5,-4.31472081218275,https://themedialine.org/headlines/former-indian-major-general-warns-of-turkey-pakistan-saudi-pact-urges-stronger-ties-with-iran/,0.72,0.7157360406091374,0.718294416243655,3.5914720812182748
1319231585,20260820,IGOWSTNAT,WST,IRN,IRN,130,130,13,3,-4.4,1,1,1,-4.31472081218275,https://themedialine.org/headlines/former-indian-major-general-warns-of-turkey-pakistan-saudi-pact-urges-stronger-ties-with-iran/,0.72,0.7157360406091374,0.718294416243655,0.718294416243655
1319231598,20260820,IRN,IRN,BRN,BRN,190,190,19,4,-10.0,2,1,2,-5.90717299578059,https://www.rnz.co.nz/news/world/1070030/new-us-carrier-arrives-in-mideast-to-relieve-long-deployed-ship,1.0,0.7953586497890295,0.9181434599156117,1.8362869198312235
1319231599,20260820,IRN,IRN,CYP,CYP,46,46,4,1,7.0,4,1,4,-1.51515151515151,https://athens-times.com/iran-to-cyprus-no-risk-as-long-as-uk-bases-arent-used-against-tehran/,0.15,0.5757575757575755,0.3203030303030302,1.2812121212121208
1319231600,20260820,IRN,IRN,CYP,CYP,46,46,4,1,7.0,1,1,1,-1.51515151515151,https://athens-times.com/iran-to-cyprus-no-risk-as-long-as-uk-bases-arent-used-against-tehran/,0.15,0.5757575757575755,0.3203030303030302,0.3203030303030302
1319231601,20260820,IRN,IRN,IRNMIL,IRN,42,42,4,1,1.9,2,1,2,-1.51515151515151,https://athens-times.com/iran-to-cyprus-no-risk-as-long-as-uk-bases-arent-used-against-tehran/,0.40499999999999997,0.5757575757575755,0.47330303030303017,0.9466060606060603
1319231602,20260820,IRN,IRN,IRQ,IRQ,20,20,2,1,3.0,1,1,1,-2.77777777777778,https://themedialine.org/headlines/irans-ghalibaf-calls-for-new-order-in-iraq-as-tehran-pushes-militias-to-resist-disarmament/,0.35,0.6388888888888891,0.4655555555555556,0.4655555555555556
1319231603,20260820,IRN,IRN,IRQ,IRQ,20,20,2,1,3.0,1,1,1,-2.77777777777778,https://themedialine.org/headlines/irans-ghalibaf-calls-for-new-order-in-iraq-as-tehran-pushes-militias-to-resist-disarmament/,0.35,0.6388888888888891,0.4655555555555556,0.4655555555555556
1319231604,20260820,IRN,IRN,SAU,SAU,43,43,4,1,2.8,5,1,5,2.39852398523985,https://themedialine.org/headlines/syria-mulls-joining-turkey-pakistan-saudi-arabia-defense-pact-not-seeking-iran-ties-fm-al-shaibani-says/,0.36,0.3800738007380075,0.36802952029520297,1.8401476014760147
1319231605,20260820,IRN,IRN,SAU,SAU,43,43,4,1,2.8,1,1,1,2.39852398523985,https://themedialine.org/headlines/syria-mulls-joining-turkey-pakistan-saudi-arabia-defense-pact-not-seeking-iran-ties-fm-al-shaibani-says/,0.36,0.3800738007380075,0.36802952029520297,0.36802952029520297
1319231606,20260820,IRNMIL,IRN,IRN,IRN,43,43,4,1,2.8,2,1,2,-1.51515151515151,https://athens-times.com/iran-to-cyprus-no-risk-as-long-as-uk-bases-arent-used-against-tehran/,0.36,0.5757575757575755,0.4463030303030302,0.8926060606060604
1319231607,20260820,IRQ,IRQ,IRN,IRN,10,10,1,1,0.0,5,1,5,-2.77777777777778,https://themedialine.org/headlines/irans-ghalibaf-calls-for-new-order-in-iraq-as-tehran-pushes-militias-to-resist-disarmament/,0.5,0.6388888888888891,0.5555555555555556,2.7777777777777777
1319231618,20260820,ISR,ISR,IRN,IRN,51,51,5,1,3.4,1,1,1,-6.35451505016723,https://www.algemeiner.com/2026/08/20/democratic-socialists-america-accuses-marco-rubio-genocide-pro-castro-screed/,0.32999999999999996,0.8177257525083614,0.5250903010033445,0.5250903010033445
1319231619,20260820,ISR,ISR,IRN,IRN,51,51,5,1,3.4,4,1,4,-6.35451505016723,https://www.algemeiner.com/2026/08/20/democratic-socialists-america-accuses-marco-rubio-genocide-pro-castro-screed/,0.32999999999999996,0.8177257525083614,0.5250903010033445,2.100361204013378
1319231710,20260820,LEG,,IRN,IRN,139,139,13,3,-7.0,4,1,4,-3.39267676767677,https://newrepublic.com/post/214567/un-trump-plan-drilling-world-heritage-site-new-mexico,0.85,0.6696338383838385,0.7778535353535354,3.1114141414141416
1319231711,20260820,LEG,,IRN,IRN,139,139,13,3,-7.0,4,1,4,-3.39267676767677,https://newrepublic.com/post/214567/un-trump-plan-drilling-world-heritage-site-new-mexico,0.85,0.6696338383838385,0.7778535353535354,3.1114141414141416
1319231736,20260820,MED,,IRN,IRN,110,110,11,3,-2.0,1,1,1,-5.79345088161209,https://athens-times.com/reuters-countries-at-risk-from-trumps-iran-economic-d-day-threats/,0.6,0.7896725440806045,0.6758690176322418,0.6758690176322418
1319231763,20260820,MOSSHI,,IRN,IRN,12,12,1,1,-0.4,4,1,4,-4.31472081218275,https://themedialine.org/headlines/former-indian-major-general-warns-of-turkey-pakistan-saudi-pact-urges-stronger-ties-with-iran/,0.52,0.7157360406091374,0.598294416243655,2.39317766497462
1319231764,20260820,MOSSHI,,IRN,IRN,12,12,1,1,-0.4,6,1,6,-4.31472081218275,https://themedialine.org/headlines/former-indian-major-general-warns-of-turkey-pakistan-saudi-pact-urges-stronger-ties-with-iran/,0.52,0.7157360406091374,0.598294416243655,3.58976649746193
1319231855,20260820,SAU,SAU,IRN,IRN,42,42,4,1,1.9,5,1,5,2.39852398523985,https://themedialine.org/headlines/syria-mulls-joining-turkey-pakistan-saudi-arabia-defense-pact-not-seeking-iran-ties-fm-al-shaibani-says/,0.40499999999999997,0.3800738007380075,0.395029520295203,1.975147601476015
1319231856,20260820,SAU,SAU,IRN,IRN,42,42,4,1,1.9,1,1,1,2.39852398523985,https://themedialine.org/headlines/syria-mulls-joining-turkey-pakistan-saudi-arabia-defense-pact-not-seeking-iran-ties-fm-al-shaibani-says/,0.40499999999999997,0.3800738007380075,0.395029520295203,0.395029520295203
1319231881,20260820,SYR,SYR,IRN,IRN,14,14,1,1,0.0,1,1,1,2.39852398523985,https://themedialine.org/headlines/syria-mulls-joining-turkey-pakistan-saudi-arabia-defense-pact-not-seeking-iran-ties-fm-al-shaibani-says/,0.5,0.3800738007380075,0.452029520295203,0.452029520295203
1319231882,20260820,SYR,SYR,IRN,IRN,14,14,1,1,0.0,4,1,4,2.39852398523985,https://themedialine.org/headlines/syria-mulls-joining-turkey-pakistan-saudi-arabia-defense-pact-not-seeking-iran-ties-fm-al-shaibani-says/,0.5,0.3800738007380075,0.452029520295203,1.808118081180812
1319231894,20260820,TUR,TUR,IRN,IRN,61,61,6,2,6.4,2,1,2,-5.79345088161209,https://athens-times.com/reuters-countries-at-risk-from-trumps-iran-economic-d-day-threats/,0.18,0.7896725440806045,0.42386901763224183,0.8477380352644837
1319231895,20260820,TUR,TUR,IRN,IRN,61,61,6,2,6.4,10,1,7,-5.79345088161209,https://athens-times.com/reuters-countries-at-risk-from-trumps-iran-economic-d-day-threats/,0.18,0.7896725440806045,0.42386901763224183,4.238690176322418
1319231896,20260820,TUR,TUR,IRN,IRN,61,61,6,2,6.4,1,1,1,-5.79345088161209,https://athens-times.com/reuters-countries-at-risk-from-trumps-iran-economic-d-day-threats/,0.18,0.7896725440806045,0.42386901763224183,0.42386901763224183
1319233136,20260820,IRN,IRN,MOS,,43,43,4,1,2.8,3,1,3,-3.33333333333333,https://www.foxnews.com/politics/el-sayed-booked-major-islamic-convention-alongside-clerics-radical-pasts,0.36,0.6666666666666665,0.4826666666666666,1.4479999999999997
1319233137,20260820,IRN,IRN,USA,USA,43,43,4,1,2.8,1,1,1,0.3370786516854,https://www.journalgazette.net/local/grassroots-effort-calls-for-showing-support-for-crew-of-uss-abraham-lincoln/article_ed2e5e89-6dc6-4590-a0e1-5c89b225b84a.html,0.36,0.48314606741572996,0.409258426966292,0.409258426966292
1319233142,20260820,ISR,ISR,IRN,IRN,190,190,19,4,-10.0,4,1,4,2.34375,https://www.opednews.com/populum/page.php?f=Is-the-Mecca-agreement-the-Arab_Arab-Summit_Gulf-Oil-Spill_Gulf-Oil-Spill-Disaster-260820-592.html,1.0,0.3828125,0.753125,3.0125
1319233203,20260820,LBN,LBN,IRN,IRN,163,163,16,4,-8.0,8,1,8,-6.53930933137399,http://www.idahostatejournal.com/news/national/iran-dismisses-us-economic-threats-and-other-developments-in-the-middle-east/article_0f732ded-a1f3-5b3d-af7e-326bdf9eb637.html,0.9,0.8269654665686994,0.8707861866274798,6.966289493019838
1319233204,20260820,LBN,LBN,IRN,IRN,163,163,16,4,-8.0,2,1,2,-6.53930933137399,http://www.idahostatejournal.com/news/national/iran-dismisses-us-economic-threats-and-other-developments-in-the-middle-east/article_0f732ded-a1f3-5b3d-af7e-326bdf9eb637.html,0.9,0.8269654665686994,0.8707861866274798,1.7415723732549595
1319233262,20260820,MOS,,IRN,IRN,20,20,2,1,3.0,3,1,3,-3.33333333333333,https://www.foxnews.com/politics/el-sayed-booked-major-islamic-convention-alongside-clerics-radical-pasts,0.35,0.6666666666666665,0.47666666666666657,1.4299999999999997
1319233263,20260820,MOS,,IRN,IRN,42,42,4,1,1.9,3,1,3,-3.33333333333333,https://www.foxnews.com/politics/el-sayed-booked-major-islamic-convention-alongside-clerics-radical-pasts,0.40499999999999997,0.6666666666666665,0.5096666666666666,1.529
1319233510,20260820,USA,USA,IRN,IRN,10,10,1,1,0.0,1,1,1,-4.43722943722944,https://aninews.in/news/world/us/economic-pressure-a-delicate-dance-against-iran-most-effective-tool-jd-vance20260821034346/,0.5,0.721861471861472,0.5887445887445888,0.5887445887445888
1319233511,20260820,USA,USA,IRN,IRN,42,42,4,1,1.9,1,1,1,0.3370786516854,https://www.journalgazette.net/local/grassroots-effort-calls-for-showing-support-for-crew-of-uss-abraham-lincoln/article_ed2e5e89-6dc6-4590-a0e1-5c89b225b84a.html,0.40499999999999997,0.48314606741572996,0.43625842696629197,0.43625842696629197
1319234112,20260820,,,IRN,IRN,163,163,16,4,-8.0,8,1,8,-7.43099787685775,https://www.channelnewsasia.com/world/iran-us-china-bessent-sanctions-6331921,0.9,0.8715498938428874,0.888619957537155,7.10895966029724
1319234453,20260820,IRN,IRN,IRNGOV,IRN,190,190,19,4,-10.0,2,1,2,-3.96732788798133,https://www.dailymail.com/news/article-16067767/Transgender-Green-activist-elected-female-rep.html,1.0,0.6983663943990666,0.8793465577596267,1.7586931155192533
1319234454,20260820,IRN,IRN,PSE,PSE,841,84,8,2,7.0,4,1,2,-3.96732788798133,https://www.dailymail.com/news/article-16067767/Transgender-Green-activist-elected-female-rep.html,0.15,0.6983663943990666,0.36934655775962666,1.4773862310385066
1319234455,20260820,IRN,IRN,PSE,PSE,841,84,8,2,7.0,10,1,8,-3.96732788798133,https://www.dailymail.com/news/article-16067767/Transgender-Green-activist-elected-female-rep.html,0.15,0.6983663943990666,0.36934655775962666,3.6934655775962666
1319234456,20260820,IRN,IRN,UAF,,10,10,1,1,0.0,10,1,10,-6.59536541889483,https://www.jpost.com/middle-east/article-906172,0.5,0.8297682709447415,0.6319073083778965,6.3190730837789655
1319234457,20260820,IRNGOV,IRN,,,80,80,8,2,5.0,5,1,5,-2.77777777777778,https://www.galvnews.com/opinion/guest_columns/guest-commentary-heres-a-solution-to-ending-war-with-iran/article_e2bc427d-5e31-4fe6-82ce-663a32c7a3b3.html,0.25,0.6388888888888891,0.40555555555555567,2.0277777777777786
1319234458,20260820,IRNGOV,IRN,CVL,,80,80,8,2,5.0,5,1,5,-2.77777777777778,https://www.galvnews.com/opinion/guest_columns/guest-commentary-heres-a-solution-to-ending-war-with-iran/article_e2bc427d-5e31-4fe6-82ce-663a32c7a3b3.html,0.25,0.6388888888888891,0.40555555555555567,2.0277777777777786
1319234799,20260820,USA,USA,IRN,IRN,163,163,16,4,-8.0,2,1,2,-7.43099787685775,https://www.channelnewsasia.com/world/iran-us-china-bessent-sanctions-6331921,0.9,0.8715498938428874,0.888619957537155,1.77723991507431
1319234800,20260820,USA,USA,IRN,IRN,163,163,16,4,-8.0,2,1,2,-7.43099787685775,https://www.channelnewsasia.com/world/iran-us-china-bessent-sanctions-6331921,0.9,0.8715498938428874,0.888619957537155,1.77723991507431
