GLOBALEVENTID,SQLDATE,Actor1Name,Actor1CountryCode,Actor2Name,Actor2CountryCode,EventCode,EventBaseCode,EventRootCode,QuadClass,GoldsteinScale,NumMentions,NumSources,NumArticles,AvgTone,SOURCEURL
1319058348,20260820,,,IRN,IRN,30,30,3,1,4.0,2,1,2,-2.8169014084507,http://www.jpost.com/middle-east/iran-news/article-906049
1319058349,20260820,,,IRN,IRN,36,36,3,1,4.0,284,28,284,-3.44775731889728,https://www.kztv10.com/us-news/iran-war/as-hormuz-blockade-continues-trump-appears-ready-to-wait-for-iran-to-show-interest-in-a-deal
1319058350,20260820,,,IRN,IRN,46,46,4,1,7.0,20,2,20,-3.50109409190372,https://www.kztv10.com/us-news/iran-war/as-hormuz-blockade-continues-trump-appears-ready-to-wait-for-iran-to-show-interest-in-a-deal
1319059317,20260820,GOV,,IRN,IRN,15,15,1,1,0.0,36,9,36,-4.54106280193237,https://www.wmtw.com/article/enriched-uranium-stockpile-trump-iran-essential-denuclearization/73478931
1319059318,20260820,GOV,,IRN,IRN,42,42,4,1,1.9,52,26,52,-3.50109409190372,https://www.kztv10.com/us-news/iran-war/as-hormuz-blockade-continues-trump-appears-ready-to-wait-for-iran-to-show-interest-in-a-deal
1319059319,20260820,GOV,,IRN,IRN,42,42,4,1,1.9,208,26,208,-3.50109409190372,https://www.kztv10.com/us-news/iran-war/as-hormuz-blockade-continues-trump-appears-ready-to-wait-for-iran-to-show-interest-in-a-deal
1319059320,20260820,GOV,,IRN,IRN,46,46,4,1,7.0,282,29,282,-3.48970788455089,https://www.kztv10.com/us-news/iran-war/as-hormuz-blockade-continues-trump-appears-ready-to-wait-for-iran-to-show-interest-in-a-deal
1319059321,20260820,GOV,,IRN,IRN,50,50,5,1,3.5,276,28,276,-3.30574726483553,https://www.kztv10.com/us-news/iran-war/as-hormuz-blockade-continues-trump-appears-ready-to-wait-for-iran-to-show-interest-in-a-deal
1319059322,20260820,GOV,,IRN,IRN,71,71,7,2,7.4,8,1,8,-3.76712328767124,https://www.durangoherald.com/articles/associated-press/the-us-national-debt-now-stands-at-40-trillion/
1319059323,20260820,GOV,,IRN,IRN,71,71,7,2,7.4,416,59,416,-4.15064294025627,https://www.orlandosentinel.com/2026/08/19/us-national-debt-record/
1319059324,20260820,GOV,,IRN,IRN,163,163,16,4,-8.0,12,3,12,-5.35254738306382,https://en.apa.az/america/trump-leaves-open-possibility-of-further-sanctions-on-iran-520948
1319059325,20260820,GOV,,IRN,IRN,163,163,16,4,-8.0,10,3,10,-5.35254738306382,https://en.apa.az/america/trump-leaves-open-possibility-of-further-sanctions-on-iran-520948
1319059326,20260820,GOV,,IRNGOV,IRN,71,71,7,2,7.4,2,1,2,-3.76712328767124,https://www.durangoherald.com/articles/associated-press/the-us-national-debt-now-stands-at-40-trillion/
1319059327,20260820,GOV,,IRNGOV,IRN,71,71,7,2,7.4,89,49,89,-4.1921984692964,https://www.orlandosentinel.com/2026/08/19/us-national-debt-record/
1319059328,20260820,GOV,,IRNGOV,IRN,110,110,11,3,-2.0,6,1,6,-2.8169014084507,http://www.jpost.com/middle-east/iran-news/article-906049
1319059431,20260820,IRN,IRN,,,10,10,1,1,0.0,13,11,13,-4.87312959617141,https://www.wmtw.com/article/enriched-uranium-stockpile-trump-iran-essential-denuclearization/73478931
1319059432,20260820,IRN,IRN,,,10,10,1,1,0.0,633,27,594,-9.35913770940468,https://www.wmtw.com/article/enriched-uranium-stockpile-trump-iran-essential-denuclearization/73478931
1319059433,20260820,IRN,IRN,,,12,12,1,1,-0.4,56,10,56,-8.45509453556472,https://en.apa.az/asia/iran-announces-near-total-halt-in-oil-supplies-to-foreign-markets-520956
1319059434,20260820,IRN,IRN,,,20,20,2,1,3.0,353,43,353,-4.33636236186606,https://www.kztv10.com/us-news/iran-war/as-hormuz-blockade-continues-trump-appears-ready-to-wait-for-iran-to-show-interest-in-a-deal
1319059435,20260820,IRN,IRN,,,30,30,3,1,4.0,19,4,19,-1.93775534991898,https://en.apa.az/asia/iran-announces-near-total-halt-in-oil-supplies-to-foreign-markets-520956
1319059436,20260820,IRN,IRN,,,46,46,4,1,7.0,621,40,621,-3.29135429657642,https://www.kztv10.com/us-news/iran-war/as-hormuz-blockade-continues-trump-appears-ready-to-wait-for-iran-to-show-interest-in-a-deal
1319059437,20260820,IRN,IRN,,,90,90,9,2,-2.0,18,9,18,-4.54106280193237,https://www.wmtw.com/article/enriched-uranium-stockpile-trump-iran-essential-denuclearization/73478931
1319059438,20260820,IRN,IRN,,,90,90,9,2,-2.0,82,10,82,-4.33549453343504,https://www.wmtw.com/article/enriched-uranium-stockpile-trump-iran-essential-denuclearization/73478931
1319059439,20260820,IRN,IRN,,,100,100,10,3,-5.0,260,26,260,-3.50109409190372,https://www.kztv10.com/us-news/iran-war/as-hormuz-blockade-continues-trump-appears-ready-to-wait-for-iran-to-show-interest-in-a-deal
1319059440,20260820,IRN,IRN,,,172,172,17,4,-5.0,18,9,18,-4.54106280193237,https://www.wmtw.com/article/enriched-uranium-stockpile-trump-iran-essential-denuclearization/73478931
1319059441,20260820,IRN,IRN,,,172,172,17,4,-5.0,76,10,76,-4.43989769820972,https://www.wmtw.com/article/enriched-uranium-stockpile-trump-iran-essential-denuclearization/73478931
1319059442,20260820,IRN,IRN,GOV,,43,43,4,1,2.8,260,26,260,-3.50109409190372,https://www.kztv10.com/us-news/iran-war/as-hormuz-blockade-continues-trump-appears-ready-to-wait-for-iran-to-show-interest-in-a-deal
1319059443,20260820,IRN,IRN,GOV,,46,46,4,1,7.0,290,30,290,-3.36181021432512,https://www.kztv10.com/us-news/iran-war/as-hormuz-blockade-continues-trump-appears-ready-to-wait-for-iran-to-show-interest-in-a-deal
1319059444,20260820,IRN,IRN,GOV,,50,50,5,1,3.5,276,28,276,-3.30574726483553,https://www.kztv10.com/us-news/iran-war/as-hormuz-blockade-continues-trump-appears-ready-to-wait-for-iran-to-show-interest-in-a-deal
1319059445,20260820,IRN,IRN,IRNGOV,IRN,110,110,11,3,-2.0,34,25,34,-7.32030518181081,http://www.jpost.com/middle-east/iran-news/article-906049
1319059446,20260820,IRN,IRN,MED,,10,10,1,1,0.0,2,1,2,1.69491525423729,https://en.apa.az/asia/iran-announces-near-total-halt-in-oil-supplies-to-foreign-markets-520956
1319059447,20260820,IRN,IRN,MIL,,20,20,2,1,3.0,14,2,14,-2.97207571887374,https://dominicanrepublicpost.com/uss-lincoln-woes-highlight-us-navy-limits-in-prolonged-iran-war-experts/
1319059448,20260820,IRN,IRN,MIL,,51,51,5,1,3.4,16,3,16,-4.13918595748913,https://dominicanrepublicpost.com/uss-lincoln-woes-highlight-us-navy-limits-in-prolonged-iran-war-experts/
1319059449,20260820,IRN,IRN,PAKMIL,PAK,40,40,4,1,1.0,5,1,5,4.25531914893617,https://en.apa.az/asia/iranian-fm-pakistan-army-chief-discuss-regional-developments-diplomacy-520940
1319059450,20260820,IRN,IRN,PAKMIL,PAK,40,40,4,1,1.0,2,1,2,4.25531914893617,https://en.apa.az/asia/iranian-fm-pakistan-army-chief-discuss-regional-developments-diplomacy-520940
1319059451,20260820,IRN,IRN,PAKMIL,PAK,41,41,4,1,1.0,2,1,2,4.25531914893617,https://en.apa.az/asia/iranian-fm-pakistan-army-chief-discuss-regional-developments-diplomacy-520940
1319059452,20260820,IRN,IRN,USA,USA,13,13,1,1,0.4,10,3,10,-5.90944233419611,http://www.jpost.com/middle-east/iran-news/article-906049
1319059453,20260820,IRN,IRN,USA,USA,32,32,3,1,4.5,12,2,12,-5.54700854700855,https://townhall.com/news/cameron-arcand/2026/08/19/trump-just-announced-the-next-phase-in-the-iran-war-economic-d-day-n2681559
1319059454,20260820,IRN,IRN,USA,USA,32,32,3,1,4.5,8,2,8,-5.54700854700855,https://townhall.com/news/cameron-arcand/2026/08/19/trump-just-announced-the-next-phase-in-the-iran-war-economic-d-day-n2681559
1319059455,20260820,IRN,IRN,USA,USA,33,33,3,1,5.2,2,1,2,-2.8169014084507,http://www.jpost.com/middle-east/iran-news/article-906049
1319059456,20260820,IRN,IRN,USA,USA,43,43,4,1,2.8,2,1,2,-5.37634408602151,http://www.jpost.com/international/article-906048
1319059457,20260820,IRN,IRN,USA,USA,43,43,4,1,2.8,8,1,8,-5.37634408602151,http://www.jpost.com/international/article-906048
1319059458,20260820,IRN,IRN,VEN,VEN,874,87,8,2,10.0,5,1,5,-0.48426150121066,https://www.marketplace.org/story/2026/08/19/us-oil-companies-ink-production-deals-with-venezuela
1319059459,20260820,IRNGOV,IRN,GOV,,15,15,1,1,0.0,18,9,18,-4.54106280193237,https://www.wmtw.com/article/enriched-uranium-stockpile-trump-iran-essential-denuclearization/73478931
1319059460,20260820,IRNGOV,IRN,PAKMIL,PAK,40,40,4,1,1.0,3,1,3,4.25531914893617,https://en.apa.az/asia/iranian-fm-pakistan-army-chief-discuss-regional-developments-diplomacy-520940
1319059461,20260820,IRNGOV,IRN,PAKMIL,PAK,41,41,4,1,1.0,3,1,3,4.25531914893617,https://en.apa.az/asia/iranian-fm-pakistan-army-chief-discuss-regional-developments-diplomacy-520940
1319059462,20260820,IRNGOV,IRN,USA,USA,13,13,1,1,0.4,2,1,2,-2.8169014084507,http://www.jpost.com/middle-east/iran-news/article-906049
1319059463,20260820,IRNLEG,IRN,IRNLEG,IRN,30,30,3,1,4.0,2,1,2,-2.53623188405797,https://www.wfmz.com/news/election/house-speaker-mike-johnson-campaigns-with-congressman-ryan-mackenzie-in-lehigh-county/article_24dcc273-2dcb-4938-84c9-e6278f3cb803.html
1319059464,20260820,IRNLEG,IRN,IRQ,IRQ,40,40,4,1,1.0,2,1,2,1.34529147982063,http://www.iraqsun.com/news/279252172/iraqi-leaders-meet-iranian-parliament-speaker-on-ties-regional-tensions
1319059466,20260820,IRQ,IRQ,IRNLEG,IRN,40,40,4,1,1.0,1,1,1,1.34529147982063,http://www.iraqsun.com/news/279252172/iraqi-leaders-meet-iranian-parliament-speaker-on-ties-regional-tensions
1319059467,20260820,IRQ,IRQ,IRNLEG,IRN,40,40,4,1,1.0,1,1,1,1.34529147982063,http://www.iraqsun.com/news/279252172/iraqi-leaders-meet-iranian-parliament-speaker-on-ties-regional-tensions
1319059633,20260820,KOR,KOR,IRN,IRN,110,110,11,3,-2.0,33,6,33,-1.20891132042576,http://www.japanherald.com/news/279252453/trump-says-he-will-meet-kim-jong-un-this-year
1319059695,20260820,LEG,,IRN,IRN,30,30,3,1,4.0,2,1,2,-2.53623188405797,https://www.wfmz.com/news/election/house-speaker-mike-johnson-campaigns-with-congressman-ryan-mackenzie-in-lehigh-county/article_24dcc273-2dcb-4938-84c9-e6278f3cb803.html
1319059831,20260820,PAKMIL,PAK,IRN,IRN,40,40,4,1,1.0,7,1,7,4.25531914893617,https://en.apa.az/asia/iranian-fm-pakistan-army-chief-discuss-regional-developments-diplomacy-520940
1319059832,20260820,PAKMIL,PAK,IRN,IRN,41,41,4,1,1.0,2,1,2,4.25531914893617,https://en.apa.az/asia/iranian-fm-pakistan-army-chief-discuss-regional-developments-diplomacy-520940
1319059833,20260820,PAKMIL,PAK,IRNGOV,IRN,40,40,4,1,1.0,3,1,3,4.25531914893617,https://en.apa.az/asia/iranian-fm-pakistan-army-chief-discuss-regional-developments-diplomacy-520940
1319059834,20260820,PAKMIL,PAK,IRNGOV,IRN,41,41,4,1,1.0,3,1,3,4.25531914893617,https://en.apa.az/asia/iranian-fm-pakistan-army-chief-discuss-regional-developments-diplomacy-520940
1319059845,20260820,PRK,PRK,IRN,IRN,110,110,11,3,-2.0,6,3,6,-1.04384133611691,http://www.japanherald.com/news/279252453/trump-says-he-will-meet-kim-jong-un-this-year
1319059846,20260820,PRK,PRK,IRN,IRN,110,110,11,3,-2.0,10,5,10,-1.04384133611691,http://www.japanherald.com/news/279252453/trump-says-he-will-meet-kim-jong-un-this-year
1319060324,20260820,USA,USA,IRN,IRN,32,32,3,1,4.5,8,2,8,-5.54700854700855,https://townhall.com/news/cameron-arcand/2026/08/19/trump-just-announced-the-next-phase-in-the-iran-war-economic-d-day-n2681559
1319060325,20260820,USA,USA,IRN,IRN,32,32,3,1,4.5,12,2,12,-5.54700854700855,https://townhall.com/news/cameron-arcand/2026/08/19/trump-just-announced-the-next-phase-in-the-iran-war-economic-d-day-n2681559
1319060326,20260820,USA,USA,IRN,IRN,33,33,3,1,5.2,3,1,3,-2.8169014084507,http://www.jpost.com/middle-east/iran-news/article-906049
1319060327,20260820,USA,USA,IRN,IRN,42,42,4,1,1.9,2,1,2,-5.37634408602151,http://www.jpost.com/international/article-906048
1319060328,20260820,USA,USA,IRN,IRN,42,42,4,1,1.9,8,1,8,-5.37634408602151,http://www.jpost.com/international/article-906048
1319060329,20260820,USA,USA,IRN,IRN,110,110,11,3,-2.0,2,1,2,-4.8050139275766,https://dominicanrepublicpost.com/uss-lincoln-woes-highlight-us-navy-limits-in-prolonged-iran-war-experts/
1319060330,20260820,USA,USA,IRN,IRN,110,110,11,3,-2.0,2,1,2,-4.8050139275766,https://dominicanrepublicpost.com/uss-lincoln-woes-highlight-us-navy-limits-in-prolonged-iran-war-experts/
1319060331,20260820,USA,USA,IRN,IRN,110,110,11,3,-2.0,6,1,6,-4.8050139275766,https://dominicanrepublicpost.com/uss-lincoln-woes-highlight-us-navy-limits-in-prolonged-iran-war-experts/
1319060332,20260820,USA,USA,IRNGOVMIL,IRN,40,40,4,1,1.0,4,2,4,-2.89017341040462,https://989wclz.com/news/074470-sen-king-calls-for-defense-secretary-to-demonstrate-leadership-amid-reports-of-poor-conditions-on-uss-lincoln/
1319060479,20260820,USAGOV,USA,IRN,IRN,163,163,16,4,-8.0,2,1,2,-10.0,https://en.apa.az/america/trump-leaves-open-possibility-of-further-sanctions-on-iran-520948
1319060562,20260820,apa,,IRN,IRN,190,190,19,4,-10.0,530,53,530,-4.24817984959322,https://www.wfmz.com/news/ap/ap-national/army-resumes-apache-helicopter-training-missions-after-texas-crash-that-killed-2/article_87d08454-c3af-5932-8a94-6842c8cc304a.html
1319061002,20260820,,,IRN,IRN,42,42,4,1,1.9,189,66,179,-4.96463557561122,https://reason.com/2026/08/19/ice-handed-over-specific-iranians-at-the-islamic-republics-request/
1319061003,20260820,,,IRN,IRN,46,46,4,1,7.0,10,1,10,-4.24836601307189,https://www.livemint.com/market/oil-holds-four-day-gain-with-iran-stalemate-and-hormuz-in-focus-11787181261190.html
1319061004,20260820,,,IRN,IRN,50,50,5,1,3.5,20,1,20,-2.98757763975155,https://aninews.in/news/world/us/trump-says-us-has-draconian-sanctions-ready-for-iran-claims-hormuz-naval-blockade-100-successful20260820044444/
1319061005,20260820,,,IRN,IRN,63,63,6,2,7.4,23,2,19,-4.20646698849365,https://reason.com/2026/08/19/ice-handed-over-specific-iranians-at-the-islamic-republics-request/
1319061006,20260820,,,IRN,IRN,63,63,6,2,7.4,2,1,2,-4.28432327166504,https://reason.com/2026/08/19/ice-handed-over-specific-iranians-at-the-islamic-republics-request/
1319061126,20260820,AREGOV,ARE,IRN,IRN,160,160,16,4,-4.0,2,1,2,-4.32972522897585,https://foreignpolicy.com/2026/08/19/uae-iran-trade-financial-embargo-missile-strikes-war/?tpcc=recirc_trending062921
1319061127,20260820,AREGOV,ARE,IRNREF,IRN,160,160,16,4,-4.0,3,1,3,-4.32972522897585,https://foreignpolicy.com/2026/08/19/uae-iran-trade-financial-embargo-missile-strikes-war/?tpcc=recirc_trending062921
1319061253,20260820,CANGOV,CAN,IRN,IRN,40,40,4,1,1.0,2,1,2,-2.4,https://www.chinatechnews.com/2026/08/20/127824-geopolitical-risk-needs-to-move-away-from-the-after-dinner-speaker-eurasia-groups-dominic-barton
1319061550,20260820,GOV,,IRN,IRN,40,40,4,1,1.0,2,1,2,-2.4,https://www.chinatechnews.com/2026/08/20/127824-geopolitical-risk-needs-to-move-away-from-the-after-dinner-speaker-eurasia-groups-dominic-barton
1319061551,20260820,GOV,,IRN,IRN,50,50,5,1,3.5,110,23,110,-5.10202787587638,http://usa.chinadaily.com.cn/a/202608/20/WS6a85ead1a3106bc57421c68b.html
1319061552,20260820,GOV,,IRN,IRN,841,84,8,2,7.0,11,1,8,-4.28432327166504,https://reason.com/2026/08/19/ice-handed-over-specific-iranians-at-the-islamic-republics-request/
1319061553,20260820,GOV,,IRN,IRN,130,130,13,3,-4.4,8,1,8,-4.35779816513761,https://www.aol.co.uk/articles/trump-declares-economic-d-day-234607000.html
1319061554,20260820,GOV,,IRN,IRN,130,130,13,3,-4.4,113,14,113,-5.66165307183102,https://reason.com/2026/08/19/ice-handed-over-specific-iranians-at-the-islamic-republics-request/
1319061599,20260820,GOVMIL,,IRN,IRN,20,20,2,1,3.0,5,1,5,-4.87804878048781,https://warontherocks.com/inside-irans-wartime-regime/
1319061600,20260820,GOVMIL,,IRN,IRN,43,43,4,1,2.8,10,1,10,-4.87804878048781,https://warontherocks.com/inside-irans-wartime-regime/
1319061620,20260820,IRN,IRN,,,20,20,2,1,3.0,179,21,171,-3.75697347319098,https://aninews.in/news/world/us/trump-announces-most-crushing-economic-operation-ever-against-iran-warns-countries-aiding-it-of-tremendous-consequences20260820051311/
1319061621,20260820,IRN,IRN,,,20,20,2,1,3.0,50,6,50,-2.08135944659371,https://aninews.in/news/world/us/trump-says-us-has-draconian-sanctions-ready-for-iran-claims-hormuz-naval-blockade-100-successful20260820044444/
1319061622,20260820,IRN,IRN,,,331,33,3,1,5.2,89,11,89,-4.78646303843929,https://aninews.in/news/world/us/trump-announces-most-crushing-economic-operation-ever-against-iran-warns-countries-aiding-it-of-tremendous-consequences20260820051311/
1319061623,20260820,IRN,IRN,,,43,43,4,1,2.8,196,66,186,-4.96463557561122,https://reason.com/2026/08/19/ice-handed-over-specific-iranians-at-the-islamic-republics-request/
1319061624,20260820,IRN,IRN,,,46,46,4,1,7.0,250,68,250,-4.70630901751077,https://www.livemint.com/market/oil-holds-four-day-gain-with-iran-stalemate-and-hormuz-in-focus-11787181261190.html
1319061625,20260820,IRN,IRN,,,50,50,5,1,3.5,428,25,428,-3.65176440131778,https://aninews.in/news/world/us/trump-says-us-has-draconian-sanctions-ready-for-iran-claims-hormuz-naval-blockade-100-successful20260820044444/
1319061626,20260820,IRN,IRN,,,80,80,8,2,5.0,74,10,62,-5.48648280351103,https://reason.com/2026/08/19/ice-handed-over-specific-iranians-at-the-islamic-republics-request/
1319061627,20260820,IRN,IRN,,,130,130,13,3,-4.4,1039,104,1027,-5.1835186874695,https://aninews.in/news/world/us/trump-announces-most-crushing-economic-operation-ever-against-iran-warns-countries-aiding-it-of-tremendous-consequences20260820051311/
1319061628,20260820,IRN,IRN,,,130,130,13,3,-4.4,124,57,124,-0.270184603553538,https://krcrtv.com/news/nation-world/jon-ossoff-natalie-harp-trump-rubio-airforceone-plane-georgia-washington
1319061629,20260820,IRN,IRN,,,130,130,13,3,-4.4,442,56,442,-0.105512726186192,https://krcrtv.com/news/nation-world/jon-ossoff-natalie-harp-trump-rubio-airforceone-plane-georgia-washington
1319061630,20260820,IRN,IRN,,,194,194,19,4,-10.0,59,15,59,-2.92649007418006,https://foreignpolicy.com/2026/08/19/uae-iran-trade-financial-embargo-missile-strikes-war/?tpcc=recirc_trending062921
1319061631,20260820,IRN,IRN,ARE,ARE,10,10,1,1,0.0,4,1,4,-4.32972522897585,https://foreignpolicy.com/2026/08/19/uae-iran-trade-financial-embargo-missile-strikes-war/?tpcc=recirc_trending062921
1319061632,20260820,IRN,IRN,ARE,ARE,16,16,1,1,-2.0,4,1,4,-4.32972522897585,https://foreignpolicy.com/2026/08/19/uae-iran-trade-financial-embargo-missile-strikes-war/?tpcc=recirc_trending062921
1319061633,20260820,IRN,IRN,ARE,ARE,190,190,19,4,-10.0,2,1,2,-4.32972522897585,https://foreignpolicy.com/2026/08/19/uae-iran-trade-financial-embargo-missile-strikes-war/?tpcc=recirc_trending062921
1319061634,20260820,IRN,IRN,AREBUS,ARE,190,190,19,4,-10.0,2,1,2,-4.32972522897585,https://foreignpolicy.com/2026/08/19/uae-iran-trade-financial-embargo-missile-strikes-war/?tpcc=recirc_trending062921
1319061635,20260820,IRN,IRN,CANGOV,CAN,40,40,4,1,1.0,2,1,2,-2.4,https://www.chinatechnews.com/2026/08/20/127824-geopolitical-risk-needs-to-move-away-from-the-after-dinner-speaker-eurasia-groups-dominic-barton
1319061636,20260820,IRN,IRN,GOV,,40,40,4,1,1.0,2,1,2,-2.4,https://www.chinatechnews.com/2026/08/20/127824-geopolitical-risk-needs-to-move-away-from-the-after-dinner-speaker-eurasia-groups-dominic-barton
1319061637,20260820,IRN,IRN,GOV,,50,50,5,1,3.5,95,21,95,-4.9192158148729,http://usa.chinadaily.com.cn/a/202608/20/WS6a85ead1a3106bc57421c68b.html
1319061638,20260820,IRN,IRN,GOV,,130,130,13,3,-4.4,8,1,8,-4.35779816513761,https://www.aol.co.uk/articles/trump-declares-economic-d-day-234607000.html
1319061639,20260820,IRN,IRN,GOVMIL,,42,42,4,1,1.9,10,1,10,-4.87804878048781,https://warontherocks.com/inside-irans-wartime-regime/
1319061640,20260820,IRN,IRN,IRNGOV,IRN,90,90,9,2,-2.0,2,1,2,-4.28432327166504,https://reason.com/2026/08/19/ice-handed-over-specific-iranians-at-the-islamic-republics-request/
1319061641,20260820,IRN,IRN,IRNGOV,IRN,90,90,9,2,-2.0,1,1,1,-4.28432327166504,https://reason.com/2026/08/19/ice-handed-over-specific-iranians-at-the-islamic-republics-request/
1319061642,20260820,IRN,IRN,IRNGOV,IRN,130,130,13,3,-4.4,2,1,2,-4.35779816513761,https://www.aol.co.uk/articles/trump-declares-economic-d-day-234607000.html
1319061643,20260820,IRN,IRN,MIL,,13,13,1,1,0.4,10,2,10,-2.26878854793269,https://aninews.in/news/world/us/trump-says-us-has-draconian-sanctions-ready-for-iran-claims-hormuz-naval-blockade-100-successful20260820044444/
1319061644,20260820,IRN,IRN,MIL,,43,43,4,1,2.8,8,1,8,-4.32972522897585,https://foreignpolicy.com/2026/08/19/uae-iran-trade-financial-embargo-missile-strikes-war/?tpcc=recirc_trending062921
1319061645,20260820,IRN,IRN,MIL,,190,190,19,4,-10.0,42,3,42,-4.48433981406715,http://usa.chinadaily.com.cn/a/202608/20/WS6a85ead1a3106bc57421c68b.html
1319061646,20260820,IRN,IRN,MIL,,194,194,19,4,-10.0,6,1,6,-4.68227424749164,http://usa.chinadaily.com.cn/a/202608/20/WS6a85ead1a3106bc57421c68b.html
1319061647,20260820,IRN,IRN,MIL,,194,194,19,4,-10.0,24,1,24,-4.68227424749164,http://usa.chinadaily.com.cn/a/202608/20/WS6a85ead1a3106bc57421c68b.html
1319061648,20260820,IRN,IRN,MOS,,80,80,8,2,5.0,7,1,7,-4.28432327166504,https://reason.com/2026/08/19/ice-handed-over-specific-iranians-at-the-islamic-republics-request/
1319061649,20260820,IRN,IRN,MOS,,80,80,8,2,5.0,1,1,1,-4.28432327166504,https://reason.com/2026/08/19/ice-handed-over-specific-iranians-at-the-islamic-republics-request/
1319061650,20260820,IRN,IRN,PGS,PGS,80,80,8,2,5.0,3,2,3,-3.26242359009768,https://foreignpolicy.com/2026/08/19/uae-iran-trade-financial-embargo-missile-strikes-war/?tpcc=recirc_trending062921
1319061651,20260820,IRN,IRN,PGS,PGS,173,173,17,4,-5.0,1,1,1,-4.32972522897585,https://foreignpolicy.com/2026/08/19/uae-iran-trade-financial-embargo-missile-strikes-war/?tpcc=recirc_trending062921
1319061652,20260820,IRN,IRN,PGS,PGS,173,173,17,4,-5.0,1,1,1,-4.32972522897585,https://foreignpolicy.com/2026/08/19/uae-iran-trade-financial-embargo-missile-strikes-war/?tpcc=recirc_trending062921
1319061653,20260820,IRN,IRN,USA,USA,190,190,19,4,-10.0,1,1,1,-4.32972522897585,https://foreignpolicy.com/2026/08/19/uae-iran-trade-financial-embargo-missile-strikes-war/?tpcc=recirc_trending062921
1319061654,20260820,IRN,IRN,USA,USA,190,190,19,4,-10.0,2,1,2,-4.32972522897585,https://foreignpolicy.com/2026/08/19/uae-iran-trade-financial-embargo-missile-strikes-war/?tpcc=recirc_trending062921
1319061655,20260820,IRN,IRN,USA,USA,190,190,19,4,-10.0,2,1,2,-4.32972522897585,https://foreignpolicy.com/2026/08/19/uae-iran-trade-financial-embargo-missile-strikes-war/?tpcc=recirc_trending062921
1319061656,20260820,IRN,IRN,USA,USA,190,190,19,4,-10.0,3,1,3,-4.32972522897585,https://foreignpolicy.com/2026/08/19/uae-iran-trade-financial-embargo-missile-strikes-war/?tpcc=recirc_trending062921
1319061657,20260820,IRN,IRN,USA,USA,190,190,19,4,-10.0,2,1,2,-4.32972522897585,https://foreignpolicy.com/2026/08/19/uae-iran-trade-financial-embargo-missile-strikes-war/?tpcc=recirc_trending062921
1319061658,20260820,IRN,IRN,USAMIL,USA,60,60,6,2,6.0,224,11,224,-4.15619614599637,http://usa.chinadaily.com.cn/a/202608/20/WS6a85ead1a3106bc57421c68b.html
1319061659,20260820,IRN,IRN,USAMIL,USA,130,130,13,3,-4.4,12,1,12,-4.68227424749164,http://usa.chinadaily.com.cn/a/202608/20/WS6a85ead1a3106bc57421c68b.html
1319061660,20260820,IRNELI,IRN,CVL,,20,20,2,1,3.0,8,1,8,-1.25348189415041,https://punchng.com/2027-poll-n571bn-campaign-spending-limit-for-presidential-gov-candidates/
1319061661,20260820,IRNELI,IRN,MED,,20,20,2,1,3.0,8,1,8,-1.25348189415041,https://punchng.com/2027-poll-n571bn-campaign-spending-limit-for-presidential-gov-candidates/
1319061662,20260820,IRNGOV,IRN,,,10,10,1,1,0.0,2,1,2,-4.35779816513761,https://www.aol.co.uk/articles/trump-declares-economic-d-day-234607000.html
1319061663,20260820,IRNGOV,IRN,,,10,10,1,1,0.0,2,1,2,-5.06024096385542,https://www.mirror.co.uk/news/world-news/trump-iran-economic-d-day-37571573
1319061664,20260820,IRNGOV,IRN,IRN,IRN,16,16,1,1,-2.0,33,5,33,-4.84927088693116,http://usa.chinadaily.com.cn/a/202608/20/WS6a85ead1a3106bc57421c68b.html
1319061665,20260820,IRNGOV,IRN,IRN,IRN,20,20,2,1,3.0,11,2,11,-4.49327619843924,http://usa.chinadaily.com.cn/a/202608/20/WS6a85ead1a3106bc57421c68b.html
1319061666,20260820,IRNGOV,IRN,IRN,IRN,130,130,13,3,-4.4,2,1,2,-4.35779816513761,https://www.aol.co.uk/articles/trump-declares-economic-d-day-234607000.html
1319061667,20260820,IRNLAB,IRN,IRN,IRN,51,51,5,1,3.4,1,1,1,-2.69179004037685,http://www.southeastasiapost.com/news/279252259/would-erdogan-actually-go-to-war-with-israel
1319061668,20260820,IRNLAB,IRN,IRN,IRN,51,51,5,1,3.4,1,1,1,-2.69179004037685,http://www.southeastasiapost.com/news/279252259/would-erdogan-actually-go-to-war-with-israel
1319061669,20260820,IRNLAB,IRN,ISR,ISR,51,51,5,1,3.4,1,1,1,-2.69179004037685,http://www.southeastasiapost.com/news/279252259/would-erdogan-actually-go-to-war-with-israel
1319061670,20260820,IRNLAB,IRN,ISR,ISR,51,51,5,1,3.4,1,1,1,-2.69179004037685,http://www.southeastasiapost.com/news/279252259/would-erdogan-actually-go-to-war-with-israel
1319061671,20260820,IRNLEG,IRN,USA,USA,50,50,5,1,3.5,75,11,75,-2.64134932132511,https://aninews.in/news/world/us/trump-says-us-has-draconian-sanctions-ready-for-iran-claims-hormuz-naval-blockade-100-successful20260820044444/
1319061672,20260820,IRNLEG,IRN,USA,USA,85,85,8,2,7.0,45,10,45,-2.94958803758801,https://aninews.in/news/world/us/trump-says-us-has-draconian-sanctions-ready-for-iran-claims-hormuz-naval-blockade-100-successful20260820044444/
1319061673,20260820,IRNMIL,IRN,USAMIL,USA,60,60,6,2,6.0,19,2,19,-4.62151876973088,http://usa.chinadaily.com.cn/a/202608/20/WS6a85ead1a3106bc57421c68b.html
1319061674,20260820,IRNMIL,IRN,USAMIL,USA,130,130,13,3,-4.4,19,2,19,-4.62151876973088,http://usa.chinadaily.com.cn/a/202608/20/WS6a85ead1a3106bc57421c68b.html
1319061697,20260820,ISRGOV,ISR,IRN,IRN,80,80,8,2,5.0,2,1,2,-4.28432327166504,https://reason.com/2026/08/19/ice-handed-over-specific-iranians-at-the-islamic-republics-request/
1319061698,20260820,ISRGOV,ISR,IRN,IRN,841,84,8,2,7.0,2,1,2,-4.28432327166504,https://reason.com/2026/08/19/ice-handed-over-specific-iranians-at-the-islamic-republics-request/
1319061699,20260820,ISRGOV,ISR,IRN,IRN,841,84,8,2,7.0,1,1,1,-4.28432327166504,https://reason.com/2026/08/19/ice-handed-over-specific-iranians-at-the-islamic-republics-request/
1319061700,20260820,ISRGOV,ISR,IRN,IRN,130,130,13,3,-4.4,2,1,2,-4.28432327166504,https://reason.com/2026/08/19/ice-handed-over-specific-iranians-at-the-islamic-republics-request/
1319061701,20260820,ISRGOV,ISR,IRN,IRN,130,130,13,3,-4.4,2,1,2,-4.28432327166504,https://reason.com/2026/08/19/ice-handed-over-specific-iranians-at-the-islamic-republics-request/
1319061846,20260820,MIL,,IRN,IRN,42,42,4,1,1.9,8,1,8,-4.32972522897585,https://foreignpolicy.com/2026/08/19/uae-iran-trade-financial-embargo-missile-strikes-war/?tpcc=recirc_trending062921
1319062009,20260820,SYRUAF,SYR,IRNLAB,IRN,51,51,5,1,3.4,6,1,6,-2.69179004037685,http://www.southeastasiapost.com/news/279252259/would-erdogan-actually-go-to-war-with-israel
1319062312,20260820,USA,USA,IRN,IRN,10,10,1,1,0.0,58,14,58,-4.65493669013319,https://aninews.in/news/world/us/trump-says-us-has-draconian-sanctions-ready-for-iran-claims-hormuz-naval-blockade-100-successful20260820044444/
1319062313,20260820,USA,USA,IRN,IRN,10,10,1,1,0.0,6,6,6,-2.08135944659371,https://aninews.in/news/world/us/trump-says-us-has-draconian-sanctions-ready-for-iran-claims-hormuz-naval-blockade-100-successful20260820044444/
1319062431,20260820,USAGOV,USA,IRN,IRN,10,10,1,1,0.0,326,21,326,-4.3800929418263,https://aninews.in/news/world/us/trump-announces-most-crushing-economic-operation-ever-against-iran-warns-countries-aiding-it-of-tremendous-consequences20260820051311/
1319062432,20260820,USAGOV,USA,IRN,IRN,120,120,12,3,-4.0,340,21,340,-4.3800929418263,https://aninews.in/news/world/us/trump-announces-most-crushing-economic-operation-ever-against-iran-warns-countries-aiding-it-of-tremendous-consequences20260820051311/
1319062433,20260820,USAGOV,USA,IRN,IRN,130,130,13,3,-4.4,62,14,62,-3.43195650347531,https://aninews.in/news/world/us/trump-announces-most-crushing-economic-operation-ever-against-iran-warns-countries-aiding-it-of-tremendous-consequences20260820051311/
1319062459,20260820,USAMED,USA,IRN,IRN,84,84,8,2,7.0,20,5,20,-1.64319248826291,https://newsone.com/6869621/trumps-approval-rating-continues-plummet/
1319063187,20260820,,,IRN,IRN,154,154,15,4,-7.2,10,1,10,-2.20994475138121,https://www.wamc.org/news/2026-08-19/update-on-vermont-national-guard-middle-east-deployment
1319063615,20260820,GOV,,IRN,IRN,10,10,1,1,0.0,44,6,44,-4.43801159306553,https://www.okaz.com.sa/politics/na/2262080
1319063616,20260820,GOV,,IRN,IRN,20,20,2,1,3.0,12,2,12,-5.98244436520754,https://www.okaz.com.sa/politics/na/2262080
1319063617,20260820,GOV,,IRN,IRN,71,71,7,2,7.4,16,2,16,-3.72646296087496,https://www.newsday.com/news/nation/treasury-national-debt-limit-c08173
1319063618,20260820,GOV,,IRNGOV,IRN,71,71,7,2,7.4,4,2,4,-3.72646296087496,https://www.newsday.com/news/nation/treasury-national-debt-limit-c08173
1319063709,20260820,IRN,IRN,,,30,30,3,1,4.0,50,5,50,-5.8068840589337,https://www.okaz.com.sa/politics/na/2262080
1319063710,20260820,IRN,IRN,BUS,,138,138,13,3,-7.0,5,1,5,-4.67625899280575,https://www.okaz.com.sa/politics/na/2262080
1319063711,20260820,IRN,IRN,USA,USA,30,30,3,1,4.0,7,4,7,-6.82593926912241,https://www.okaz.com.sa/politics/na/2262080
1319063802,20260820,KOR,KOR,IRN,IRN,30,30,3,1,4.0,1,1,1,1.82648401826484,https://www.koreaherald.com/article/10846206
1319063976,20260820,PRK,PRK,IRN,IRN,30,30,3,1,4.0,2,2,2,1.81821938469803,https://www.koreaherald.com/article/10846206
1319064214,20260820,USA,USA,IRN,IRN,30,30,3,1,4.0,16,5,16,-4.87197383747938,https://www.okaz.com.sa/politics/na/2262080
1319064287,20260820,USAGOV,USA,IRN,IRN,130,130,13,3,-4.4,10,10,10,-2.74725274725274,http://www.bignewsnetwork.com/news/279252674/trump-threatens-iran-with-economic-d-day
1319064288,20260820,USAGOV,USA,IRN,IRN,130,130,13,3,-4.4,10,10,10,-2.74725274725274,http://www.bignewsnetwork.com/news/279252674/trump-threatens-iran-with-economic-d-day
1319065256,20260820,ARE,ARE,IRN,IRN,160,160,16,4,-4.0,5,1,5,-4.41176470588235,https://www.breitbart.com/middle-east/2026/08/19/uae-suspends-all-trade-with-fellow-brics-member-iran-after-latest-missile-attack/
1319065259,20260820,AREMED,ARE,IRN,IRN,41,41,4,1,1.0,4,1,4,-4.41176470588235,https://www.breitbart.com/middle-east/2026/08/19/uae-suspends-all-trade-with-fellow-brics-member-iran-after-latest-missile-attack/
1319065260,20260820,AREMED,ARE,IRNGOVMIL,IRN,40,40,4,1,1.0,2,1,2,-4.41176470588235,https://www.breitbart.com/middle-east/2026/08/19/uae-suspends-all-trade-with-fellow-brics-member-iran-after-latest-missile-attack/
1319065551,20260820,EDU,,IRN,IRN,110,110,11,3,-2.0,2,1,2,-9.40032414910857,https://www.bankinfosecurity.com/us-doj-charges-17-iranians-in-decade-long-hacking-campaign-a-32607
1319065552,20260820,EDU,,IRN,IRN,1246,124,12,3,-4.0,2,1,2,-9.40032414910857,https://www.bankinfosecurity.com/us-doj-charges-17-iranians-in-decade-long-hacking-campaign-a-32607
1319065595,20260820,ESPOPP,ESP,IRN,IRN,173,173,17,4,-5.0,1,1,1,-5.48523206751055,https://www.cubaheadlines.com/articles/338245
1319065611,20260820,FRA,FRA,IRN,IRN,36,36,3,1,4.0,115,22,115,-5.50291299011477,https://www.wgauradio.com/news/world/iran-uae-ties-sour/ECNHEAWJC4YGBBHEWUOEIXU34Q/
1319065612,20260820,FRA,FRA,IRN,IRN,36,36,3,1,4.0,46,22,46,-5.50291299011477,https://www.wgauradio.com/news/world/iran-uae-ties-sour/ECNHEAWJC4YGBBHEWUOEIXU34Q/
1319065613,20260820,FRA,FRA,IRN,IRN,36,36,3,1,4.0,22,21,22,-5.50823925875371,https://www.wgauradio.com/news/world/iran-uae-ties-sour/ECNHEAWJC4YGBBHEWUOEIXU34Q/
1319065614,20260820,FRA,FRA,IRN,IRN,174,174,17,4,-5.0,2,1,2,-5.95854922279793,https://www.wgauradio.com/news/world/iran-uae-ties-sour/ECNHEAWJC4YGBBHEWUOEIXU34Q/
1319065615,20260820,FRA,FRA,IRNGOV,IRN,174,174,17,4,-5.0,6,1,6,-5.95854922279793,https://www.wgauradio.com/news/world/iran-uae-ties-sour/ECNHEAWJC4YGBBHEWUOEIXU34Q/
1319065805,20260820,GOV,,IRN,IRN,194,194,19,4,-10.0,14,2,14,-5.04863154329742,https://www.breitbart.com/middle-east/2026/08/19/uae-suspends-all-trade-with-fellow-brics-member-iran-after-latest-missile-attack/
1319065905,20260820,IRN,IRN,,,190,190,19,4,-10.0,50,6,50,-5.68599971570286,https://www.breitbart.com/middle-east/2026/08/19/iran-demands-compensation-from-ukraine-for-bombing-suspected-weapons-shipment-to-russia/
1319065906,20260820,IRN,IRN,ARE,ARE,61,61,6,2,6.4,16,1,10,-4.41176470588235,https://www.breitbart.com/middle-east/2026/08/19/uae-suspends-all-trade-with-fellow-brics-member-iran-after-latest-missile-attack/
1319065907,20260820,IRN,IRN,ARE,ARE,61,61,6,2,6.4,19,4,19,-5.76350738567309,https://www.breitbart.com/middle-east/2026/08/19/uae-suspends-all-trade-with-fellow-brics-member-iran-after-latest-missile-attack/
1319065908,20260820,IRN,IRN,AREMED,ARE,41,41,4,1,1.0,4,1,4,-4.41176470588235,https://www.breitbart.com/middle-east/2026/08/19/uae-suspends-all-trade-with-fellow-brics-member-iran-after-latest-missile-attack/
1319065909,20260820,IRN,IRN,FRA,FRA,36,36,3,1,4.0,115,22,115,-5.50291299011477,https://www.wgauradio.com/news/world/iran-uae-ties-sour/ECNHEAWJC4YGBBHEWUOEIXU34Q/
1319065910,20260820,IRN,IRN,FRA,FRA,36,36,3,1,4.0,46,22,46,-5.50291299011477,https://www.wgauradio.com/news/world/iran-uae-ties-sour/ECNHEAWJC4YGBBHEWUOEIXU34Q/
1319065911,20260820,IRN,IRN,FRA,FRA,36,36,3,1,4.0,22,21,22,-5.50823925875371,https://www.wgauradio.com/news/world/iran-uae-ties-sour/ECNHEAWJC4YGBBHEWUOEIXU34Q/
1319065912,20260820,IRN,IRN,IRNMED,IRN,194,194,19,4,-10.0,1,1,1,-4.41176470588235,https://www.breitbart.com/middle-east/2026/08/19/uae-suspends-all-trade-with-fellow-brics-member-iran-after-latest-missile-attack/
1319065913,20260820,IRN,IRN,IRQ,IRQ,10,10,1,1,0.0,44,21,44,-5.53365694407378,https://www.wgauradio.com/news/world/iran-uae-ties-sour/ECNHEAWJC4YGBBHEWUOEIXU34Q/
1319065914,20260820,IRN,IRN,IRQ,IRQ,10,10,1,1,0.0,22,21,22,-5.53365694407378,https://www.wgauradio.com/news/world/iran-uae-ties-sour/ECNHEAWJC4YGBBHEWUOEIXU34Q/
1319065915,20260820,IRN,IRN,IRQ,IRQ,10,10,1,1,0.0,76,19,76,-5.53920642969604,https://www.wgauradio.com/news/world/iran-uae-ties-sour/ECNHEAWJC4YGBBHEWUOEIXU34Q/
1319065916,20260820,IRN,IRN,IRQ,IRQ,10,10,1,1,0.0,1,1,1,-5.95854922279793,https://www.wgauradio.com/news/world/iran-uae-ties-sour/ECNHEAWJC4YGBBHEWUOEIXU34Q/
1319065917,20260820,IRN,IRN,IRQ,IRQ,10,10,1,1,0.0,1,1,1,-5.95854922279793,https://www.wgauradio.com/news/world/iran-uae-ties-sour/ECNHEAWJC4YGBBHEWUOEIXU34Q/
1319065918,20260820,IRN,IRN,IRQ,IRQ,40,40,4,1,1.0,41,21,41,-5.53365694407378,https://www.wgauradio.com/news/world/iran-uae-ties-sour/ECNHEAWJC4YGBBHEWUOEIXU34Q/
1319065919,20260820,IRN,IRN,IRQ,IRQ,44,44,4,1,2.5,20,20,20,-5.51783716252434,https://www.wgauradio.com/news/world/iran-uae-ties-sour/ECNHEAWJC4YGBBHEWUOEIXU34Q/
1319065920,20260820,IRN,IRN,IRQ,IRQ,44,44,4,1,2.5,22,21,22,-5.53365694407378,https://www.wgauradio.com/news/world/iran-uae-ties-sour/ECNHEAWJC4YGBBHEWUOEIXU34Q/
1319065921,20260820,IRN,IRN,MEDGOV,,194,194,19,4,-10.0,1,1,1,-4.41176470588235,https://www.breitbart.com/middle-east/2026/08/19/uae-suspends-all-trade-with-fellow-brics-member-iran-after-latest-missile-attack/
1319065922,20260820,IRN,IRN,RUS,RUS,10,10,1,1,0.0,2,1,2,-7.88091068301226,https://www.breitbart.com/middle-east/2026/08/19/iran-demands-compensation-from-ukraine-for-bombing-suspected-weapons-shipment-to-russia/
1319065923,20260820,IRN,IRN,RUS,RUS,10,10,1,1,0.0,2,1,2,-7.88091068301226,https://www.breitbart.com/middle-east/2026/08/19/iran-demands-compensation-from-ukraine-for-bombing-suspected-weapons-shipment-to-russia/
1319065924,20260820,IRN,IRN,UAF,,10,10,1,1,0.0,23,21,23,-5.53365694407378,https://www.wgauradio.com/news/world/iran-uae-ties-sour/ECNHEAWJC4YGBBHEWUOEIXU34Q/
1319065925,20260820,IRN,IRN,UAF,,10,10,1,1,0.0,44,21,44,-5.53365694407378,https://www.wgauradio.com/news/world/iran-uae-ties-sour/ECNHEAWJC4YGBBHEWUOEIXU34Q/
1319065926,20260820,IRN,IRN,UAF,,51,51,5,1,3.4,66,21,66,-5.53365694407378,https://www.wgauradio.com/news/world/iran-uae-ties-sour/ECNHEAWJC4YGBBHEWUOEIXU34Q/
1319065927,20260820,IRN,IRN,UAF,,51,51,5,1,3.4,44,21,44,-5.53365694407378,https://www.wgauradio.com/news/world/iran-uae-ties-sour/ECNHEAWJC4YGBBHEWUOEIXU34Q/
1319065928,20260820,IRN,IRN,UAF,,51,51,5,1,3.4,1,1,1,-5.95854922279793,https://www.wgauradio.com/news/world/iran-uae-ties-sour/ECNHEAWJC4YGBBHEWUOEIXU34Q/
1319065929,20260820,IRN,IRN,UKR,UKR,100,100,10,3,-5.0,4,1,4,-7.88091068301226,https://www.breitbart.com/middle-east/2026/08/19/iran-demands-compensation-from-ukraine-for-bombing-suspected-weapons-shipment-to-russia/
1319065930,20260820,IRN,IRN,UKR,UKR,100,100,10,3,-5.0,4,1,4,-7.88091068301226,https://www.breitbart.com/middle-east/2026/08/19/iran-demands-compensation-from-ukraine-for-bombing-suspected-weapons-shipment-to-russia/
1319065931,20260820,IRN,IRN,UKR,UKR,112,112,11,3,-2.0,4,1,4,-7.88091068301226,https://www.breitbart.com/middle-east/2026/08/19/iran-demands-compensation-from-ukraine-for-bombing-suspected-weapons-shipment-to-russia/
1319065932,20260820,IRN,IRN,UKR,UKR,112,112,11,3,-2.0,8,1,8,-7.88091068301226,https://www.breitbart.com/middle-east/2026/08/19/iran-demands-compensation-from-ukraine-for-bombing-suspected-weapons-shipment-to-russia/
1319065933,20260820,IRN,IRN,UKR,UKR,112,112,11,3,-2.0,8,1,8,-7.88091068301226,https://www.breitbart.com/middle-east/2026/08/19/iran-demands-compensation-from-ukraine-for-bombing-suspected-weapons-shipment-to-russia/
1319065934,20260820,IRN,IRN,UKR,UKR,114,114,11,3,-2.0,8,1,8,-7.88091068301226,https://www.breitbart.com/middle-east/2026/08/19/iran-demands-compensation-from-ukraine-for-bombing-suspected-weapons-shipment-to-russia/
1319065935,20260820,IRN,IRN,USA,USA,40,40,4,1,1.0,14,2,14,-5.01019535408,https://www.dailyexcelsior.com/the-wake-up-call-from-islamic-nato/
1319065936,20260820,IRN,IRN,USA,USA,42,42,4,1,1.9,2,1,2,0.0,https://www.nbcphiladelphia.com/news/politics/speaker-mike-johnson-campaigns-with-ryan-mackenzie-in-lehigh-valley/4450735/
1319065937,20260820,IRN,IRN,USA,USA,128,128,12,3,-5.0,10,1,10,-4.50901803607215,https://www.dailyexcelsior.com/the-wake-up-call-from-islamic-nato/
1319065938,20260820,IRNGOV,IRN,IRN,IRN,10,10,1,1,0.0,28,6,28,-3.76438563051059,https://www.breitbart.com/middle-east/2026/08/19/uae-suspends-all-trade-with-fellow-brics-member-iran-after-latest-missile-attack/
1319065939,20260820,IRNGOV,IRN,IRN,IRN,194,194,19,4,-10.0,2,1,2,-4.41176470588235,https://www.breitbart.com/middle-east/2026/08/19/uae-suspends-all-trade-with-fellow-brics-member-iran-after-latest-missile-attack/
1319065940,20260820,IRNGOV,IRN,MEDGOV,,194,194,19,4,-10.0,6,1,6,-4.41176470588235,https://www.breitbart.com/middle-east/2026/08/19/uae-suspends-all-trade-with-fellow-brics-member-iran-after-latest-missile-attack/
1319065941,20260820,IRNGOV,IRN,UKR,UKR,100,100,10,3,-5.0,12,1,12,-7.88091068301226,https://www.breitbart.com/middle-east/2026/08/19/iran-demands-compensation-from-ukraine-for-bombing-suspected-weapons-shipment-to-russia/
1319065942,20260820,IRNGOV,IRN,UKR,UKR,114,114,11,3,-2.0,8,1,8,-7.88091068301226,https://www.breitbart.com/middle-east/2026/08/19/iran-demands-compensation-from-ukraine-for-bombing-suspected-weapons-shipment-to-russia/
1319065943,20260820,IRNGOV,IRN,UKR,UKR,114,114,11,3,-2.0,4,1,4,-7.88091068301226,https://www.breitbart.com/middle-east/2026/08/19/iran-demands-compensation-from-ukraine-for-bombing-suspected-weapons-shipment-to-russia/
1319065944,20260820,IRNGOVMIL,IRN,AREMED,ARE,40,40,4,1,1.0,2,1,2,-4.41176470588235,https://www.breitbart.com/middle-east/2026/08/19/uae-suspends-all-trade-with-fellow-brics-member-iran-after-latest-missile-attack/
1319065946,20260820,IRQ,IRQ,IRN,IRN,40,40,4,1,1.0,41,21,41,-5.53365694407378,https://www.wgauradio.com/news/world/iran-uae-ties-sour/ECNHEAWJC4YGBBHEWUOEIXU34Q/
1319065947,20260820,IRQ,IRQ,IRN,IRN,44,44,4,1,2.5,20,20,20,-5.51783716252434,https://www.wgauradio.com/news/world/iran-uae-ties-sour/ECNHEAWJC4YGBBHEWUOEIXU34Q/
1319065948,20260820,IRQ,IRQ,IRN,IRN,44,44,4,1,2.5,22,21,22,-5.53365694407378,https://www.wgauradio.com/news/world/iran-uae-ties-sour/ECNHEAWJC4YGBBHEWUOEIXU34Q/
1319066243,20260820,OPP,,IRN,IRN,173,173,17,4,-5.0,1,1,1,-5.48523206751055,https://www.cubaheadlines.com/articles/338245
1319066275,20260820,PRK,PRK,IRN,IRN,110,110,11,3,-2.0,4,2,4,-1.04384133611691,http://www.singaporestar.com/news/279252453/trump-says-he-will-meet-kim-jong-un-this-year
1319066326,20260820,UKR,UKR,IRN,IRN,16,16,1,1,-2.0,8,1,8,-7.88091068301226,https://www.breitbart.com/middle-east/2026/08/19/iran-demands-compensation-from-ukraine-for-bombing-suspected-weapons-shipment-to-russia/
1319066327,20260820,UKR,UKR,IRN,IRN,112,112,11,3,-2.0,4,1,4,-7.88091068301226,https://www.breitbart.com/middle-east/2026/08/19/iran-demands-compensation-from-ukraine-for-bombing-suspected-weapons-shipment-to-russia/
1319066328,20260820,UKR,UKR,IRN,IRN,112,112,11,3,-2.0,4,1,4,-7.88091068301226,https://www.breitbart.com/middle-east/2026/08/19/iran-demands-compensation-from-ukraine-for-bombing-suspected-weapons-shipment-to-russia/
1319066574,20260820,USA,USA,IRN,IRN,43,43,4,1,2.8,2,1,2,0.0,https://www.nbcphiladelphia.com/news/politics/speaker-mike-johnson-campaigns-with-ryan-mackenzie-in-lehigh-valley/4450735/
1319067799,20260820,GOV,,IRN,IRN,40,40,4,1,1.0,72,16,72,-2.10443043744919,https://yalibnan.com/2026/08/20/uae-severs-trade-with-iran-after-reported-missile-strike/
1319067800,20260820,GOV,,IRN,IRN,110,110,11,3,-2.0,52,4,36,-5.82792873468889,https://www.geo.tv/latest/678395-trump-announces-crushing-economic-operation-against-iran-warns-supporters-of-tremendous-costs
1319067801,20260820,GOV,,IRN,IRN,110,110,11,3,-2.0,10,2,10,-6.4722426021032,https://www.geo.tv/latest/678395-trump-announces-crushing-economic-operation-against-iran-warns-supporters-of-tremendous-costs
1319067832,20260820,GOVMIL,,IRN,IRN,194,194,19,4,-10.0,55,6,55,-4.2847331007184,https://yalibnan.com/2026/08/20/uae-severs-trade-with-iran-after-reported-missile-strike/
1319067873,20260820,IRN,IRN,,,60,60,6,2,6.0,10,1,10,-5.07462686567164,https://www.homelandsecuritynewswire.com/dr20260819-17-iranians-charged-in-major-cybercrime-case-in-new-york
1319067874,20260820,IRN,IRN,EUR,EUR,195,195,19,4,-10.0,10,1,10,-5.79710144927536,https://yalibnan.com/2026/08/20/uae-severs-trade-with-iran-after-reported-missile-strike/
1319067875,20260820,IRN,IRN,IRNMED,IRN,16,16,1,1,-2.0,3,2,3,-4.60242851547199,https://yalibnan.com/2026/08/20/uae-severs-trade-with-iran-after-reported-missile-strike/
1319067876,20260820,IRN,IRN,MEDGOV,,16,16,1,1,-2.0,4,2,4,-4.60242851547199,https://yalibnan.com/2026/08/20/uae-severs-trade-with-iran-after-reported-missile-strike/
1319067877,20260820,IRN,IRN,MIL,,12,12,1,1,-0.4,2,1,2,-6.73758865248227,https://www.geo.tv/latest/678395-trump-announces-crushing-economic-operation-against-iran-warns-supporters-of-tremendous-costs
1319067878,20260820,IRN,IRN,MIL,,12,12,1,1,-0.4,2,1,2,-6.73758865248227,https://www.geo.tv/latest/678395-trump-announces-crushing-economic-operation-against-iran-warns-supporters-of-tremendous-costs
1319067879,20260820,IRN,IRN,MIL,,1384,138,13,3,-7.0,20,2,20,-4.48717948717948,https://yalibnan.com/2026/08/20/uae-severs-trade-with-iran-after-reported-missile-strike/
1319067880,20260820,IRN,IRN,USA,USA,20,20,2,1,3.0,13,8,13,-6.51312304662352,https://www.geo.tv/latest/678395-trump-announces-crushing-economic-operation-against-iran-warns-supporters-of-tremendous-costs
1319067881,20260820,IRN,IRN,USA,USA,20,20,2,1,3.0,8,5,8,-6.16739570404,https://www.geo.tv/latest/678395-trump-announces-crushing-economic-operation-against-iran-warns-supporters-of-tremendous-costs
1319067882,20260820,IRN,IRN,USA,USA,51,51,5,1,3.4,5,2,5,-6.06159662386951,https://www.geo.tv/latest/678395-trump-announces-crushing-economic-operation-against-iran-warns-supporters-of-tremendous-costs
1319067883,20260820,IRN,IRN,USA,USA,51,51,5,1,3.4,1,1,1,-6.73758865248227,https://www.geo.tv/latest/678395-trump-announces-crushing-economic-operation-against-iran-warns-supporters-of-tremendous-costs
1319067884,20260820,IRNMIL,IRN,MIL,,12,12,1,1,-0.4,13,3,13,-7.27512813568455,https://www.geo.tv/latest/678395-trump-announces-crushing-economic-operation-against-iran-warns-supporters-of-tremendous-costs
1319069618,20260820,,,IRN,IRN,60,60,6,2,6.0,4,2,4,-5.21366171342478,https://www.rawstory.com/what-do-you-think-he-meant-pentagon-insider-fears-trump-will-drop-a-nuke/
1319069619,20260820,,,IRN,IRN,130,130,13,3,-4.4,10,1,10,-7.75193798449612,https://timesofindia.indiatimes.com/world/us/economic-d-day-trump-says-iran-to-face-unprecedented-economic-warfare/articleshow/133361308.cms
1319069805,20260820,CAN,CAN,IRN,IRN,51,51,5,1,3.4,1,1,1,-5.3030303030303,https://www.antiwar.com/blog/2026/08/19/hey-judy-most-canadians-hate-our-military-serving-usa/
1319069806,20260820,CAN,CAN,IRN,IRN,51,51,5,1,3.4,7,1,7,-5.3030303030303,https://www.antiwar.com/blog/2026/08/19/hey-judy-most-canadians-hate-our-military-serving-usa/
1319069807,20260820,CAN,CAN,IRN,IRN,195,195,19,4,-10.0,2,1,2,-5.3030303030303,https://www.antiwar.com/blog/2026/08/19/hey-judy-most-canadians-hate-our-military-serving-usa/
1319069808,20260820,CAN,CAN,IRN,IRN,195,195,19,4,-10.0,2,1,2,-5.3030303030303,https://www.antiwar.com/blog/2026/08/19/hey-judy-most-canadians-hate-our-military-serving-usa/
1319069820,20260820,CANMIL,CAN,IRN,IRN,195,195,19,4,-10.0,6,1,6,-5.3030303030303,https://www.antiwar.com/blog/2026/08/19/hey-judy-most-canadians-hate-our-military-serving-usa/
1319070095,20260820,GOV,,IRN,IRN,51,51,5,1,3.4,14,2,14,-2.84540025988057,https://oilprice.com/Energy/Crude-Oil/Hope-Fades-Traders-Brace-for-Extended-Oil-LNG-Squeeze.html
1319070096,20260820,GOV,,IRN,IRN,110,110,11,3,-2.0,2,1,2,-6.20689655172414,https://www.aljazeera.com/news/2026/8/19/trump-announces-most-crushing-economic-operation-ever-against-iran
1319070097,20260820,GOV,,IRN,IRN,138,138,13,3,-7.0,8,1,8,-7.75193798449612,https://timesofindia.indiatimes.com/world/us/economic-d-day-trump-says-iran-to-face-unprecedented-economic-warfare/articleshow/133361308.cms
1319070143,20260820,GOVMIL,,IRN,IRN,10,10,1,1,0.0,40,5,40,-3.98225943100701,https://www.yahoo.com/news/politics/articles/trump-threatens-tremendous-economic-consequences-002545163.html
1319070165,20260820,IRN,IRN,,,10,10,1,1,0.0,1,1,1,-4.14201183431953,https://www.rawstory.com/what-do-you-think-he-meant-pentagon-insider-fears-trump-will-drop-a-nuke/
1319070166,20260820,IRN,IRN,,,10,10,1,1,0.0,5,1,5,-7.04800817160368,https://www.theregister.com/security/2026/08/19/not-a-theoretical-risk-feds-warn-as-attackers-use-ai-made-code-to-hack-critical-infrastructure-controllers/5289960
1319070167,20260820,IRN,IRN,,,20,20,2,1,3.0,2,1,2,0.2874314084139,https://www.al-monitor.com/originals/2026/08/barzani-calls-enhanced-air-defense-kurdistan-region-counter-drone-attacks
1319070168,20260820,IRN,IRN,,,20,20,2,1,3.0,4,1,4,0.2874314084139,https://www.al-monitor.com/originals/2026/08/barzani-calls-enhanced-air-defense-kurdistan-region-counter-drone-attacks
1319070169,20260820,IRN,IRN,,,20,20,2,1,3.0,4,1,4,0.2874314084139,https://www.al-monitor.com/originals/2026/08/barzani-calls-enhanced-air-defense-kurdistan-region-counter-drone-attacks
1319070170,20260820,IRN,IRN,,,111,111,11,3,-2.0,2,1,2,0.2874314084139,https://www.al-monitor.com/originals/2026/08/barzani-calls-enhanced-air-defense-kurdistan-region-counter-drone-attacks
1319070171,20260820,IRN,IRN,,,130,130,13,3,-4.4,192,28,182,-5.83621261107357,https://timesofindia.indiatimes.com/world/us/economic-d-day-trump-says-iran-to-face-unprecedented-economic-warfare/articleshow/133361308.cms
1319070172,20260820,IRN,IRN,,,164,164,16,4,-7.0,10,1,10,-3.48101265822785,https://www.realitytea.com/2026/08/19/donald-trump-iran-war-threatens-us-military-europe/
1319070173,20260820,IRN,IRN,,,190,190,19,4,-10.0,1,1,1,-2.22222222222222,https://www.theyeshivaworld.com/news/israel-news/2587554/hormuz-shift-u-s-and-oman-challenge-irans-grip-as-oil-traffic-surges-through-strait.html
1319070174,20260820,IRN,IRN,,,195,195,19,4,-10.0,8,1,8,0.2874314084139,https://www.al-monitor.com/originals/2026/08/barzani-calls-enhanced-air-defense-kurdistan-region-counter-drone-attacks
1319070175,20260820,IRN,IRN,OMN,OMN,50,50,5,1,3.5,10,2,10,-5.46211711583519,https://www.yahoo.com/news/politics/articles/trump-threatens-tremendous-economic-consequences-002545163.html
1319070176,20260820,IRN,IRN,OMN,OMN,50,50,5,1,3.5,16,2,16,-3.39822653627208,https://www.yahoo.com/news/politics/articles/trump-threatens-tremendous-economic-consequences-002545163.html
1319070177,20260820,IRN,IRN,PRK,PRK,80,80,8,2,5.0,2,1,2,-0.62370062370063,https://augustafreepress.com/news/mel-gurtov-trumps-bromance-dream-undermines-relations-with-south-korea/
1319070178,20260820,IRN,IRN,PRK,PRK,80,80,8,2,5.0,8,1,8,-0.62370062370063,https://augustafreepress.com/news/mel-gurtov-trumps-bromance-dream-undermines-relations-with-south-korea/
1319070179,20260820,IRN,IRN,PRK,PRK,120,120,12,3,-4.0,1,1,1,-0.62370062370063,https://augustafreepress.com/news/mel-gurtov-trumps-bromance-dream-undermines-relations-with-south-korea/
1319070180,20260820,IRN,IRN,PRK,PRK,120,120,12,3,-4.0,9,1,9,-0.62370062370063,https://augustafreepress.com/news/mel-gurtov-trumps-bromance-dream-undermines-relations-with-south-korea/
1319070181,20260820,IRN,IRN,USA,USA,10,10,1,1,0.0,1,1,1,-6.25,https://www.rawstory.com/donald-trump-pete-hegseth/
1319070182,20260820,IRN,IRN,USA,USA,10,10,1,1,0.0,3,2,3,-5.2400200016668,https://www.rawstory.com/what-do-you-think-he-meant-pentagon-insider-fears-trump-will-drop-a-nuke/
1319070183,20260820,IRN,IRN,USA,USA,10,10,1,1,0.0,2,2,2,-6.08438384358115,https://www.rawstory.com/what-do-you-think-he-meant-pentagon-insider-fears-trump-will-drop-a-nuke/
1319070184,20260820,IRN,IRN,USA,USA,10,10,1,1,0.0,5,4,5,-6.52893994354067,https://www.rawstory.com/donald-trump-pete-hegseth/
1319070185,20260820,IRN,IRN,USA,USA,30,30,3,1,4.0,2,1,2,-4.14201183431953,https://www.rawstory.com/what-do-you-think-he-meant-pentagon-insider-fears-trump-will-drop-a-nuke/
1319070186,20260820,IRN,IRN,USA,USA,43,43,4,1,2.8,1,1,1,0.2874314084139,https://www.al-monitor.com/originals/2026/08/barzani-calls-enhanced-air-defense-kurdistan-region-counter-drone-attacks
1319070187,20260820,IRN,IRN,USA,USA,43,43,4,1,2.8,8,1,8,0.2874314084139,https://www.al-monitor.com/originals/2026/08/barzani-calls-enhanced-air-defense-kurdistan-region-counter-drone-attacks
1319070188,20260820,IRN,IRN,USA,USA,50,50,5,1,3.5,10,2,10,-5.46211711583519,https://www.yahoo.com/news/politics/articles/trump-threatens-tremendous-economic-consequences-002545163.html
1319070189,20260820,IRN,IRN,USA,USA,50,50,5,1,3.5,16,2,16,-3.39822653627208,https://www.yahoo.com/news/politics/articles/trump-threatens-tremendous-economic-consequences-002545163.html
1319070190,20260820,IRN,IRN,USA,USA,190,190,19,4,-10.0,1,1,1,0.2874314084139,https://www.al-monitor.com/originals/2026/08/barzani-calls-enhanced-air-defense-kurdistan-region-counter-drone-attacks
1319070191,20260820,IRN,IRN,USAMED,USA,110,110,11,3,-2.0,10,1,10,-3.48101265822785,https://www.realitytea.com/2026/08/19/donald-trump-iran-war-threatens-us-military-europe/
1319070192,20260820,IRN,IRN,USAMIL,USA,138,138,13,3,-7.0,10,1,10,-3.48101265822785,https://www.realitytea.com/2026/08/19/donald-trump-iran-war-threatens-us-military-europe/
1319070193,20260820,IRN,IRN,USAMIL,USA,190,190,19,4,-10.0,10,1,10,-3.48101265822785,https://www.realitytea.com/2026/08/19/donald-trump-iran-war-threatens-us-military-europe/
1319070194,20260820,IRNGOV,IRN,,,111,111,11,3,-2.0,10,1,10,0.2874314084139,https://www.al-monitor.com/originals/2026/08/barzani-calls-enhanced-air-defense-kurdistan-region-counter-drone-attacks
1319070195,20260820,IRNGOV,IRN,IRN,IRN,51,51,5,1,3.4,1,1,1,-2.65282583621684,https://oilprice.com/Energy/Crude-Oil/Hope-Fades-Traders-Brace-for-Extended-Oil-LNG-Squeeze.html
1319070196,20260820,IRNGOV,IRN,IRN,IRN,138,138,13,3,-7.0,2,1,2,-7.75193798449612,https://timesofindia.indiatimes.com/world/us/economic-d-day-trump-says-iran-to-face-unprecedented-economic-warfare/articleshow/133361308.cms
1319070197,20260820,IRNGOV,IRN,USAGOV,USA,164,164,16,4,-7.0,1,1,1,-7.75193798449612,https://timesofindia.indiatimes.com/world/us/economic-d-day-trump-says-iran-to-face-unprecedented-economic-warfare/articleshow/133361308.cms
1319070198,20260820,IRNGOVMIL,IRN,MED,,112,112,11,3,-2.0,2,1,2,-4.54545454545454,https://www.aljazeera.com/news/2026/8/20/publisher-of-us-military-newspaper-resigns-over-differences-with-government
1319070321,20260820,KORGOV,KOR,IRN,IRN,20,20,2,1,3.0,8,1,8,-0.62370062370063,https://augustafreepress.com/news/mel-gurtov-trumps-bromance-dream-undermines-relations-with-south-korea/
1319070322,20260820,KORGOV,KOR,IRN,IRN,20,20,2,1,3.0,2,1,2,-0.62370062370063,https://augustafreepress.com/news/mel-gurtov-trumps-bromance-dream-undermines-relations-with-south-korea/
1319070367,20260820,LEG,,IRN,IRN,51,51,5,1,3.4,3,1,3,-6.25,https://www.rawstory.com/donald-trump-pete-hegseth/
1319070392,20260820,MED,,IRN,IRN,110,110,11,3,-2.0,10,1,10,-3.16742081447964,https://www.yahoo.com/news/politics/articles/trump-threatens-tremendous-economic-consequences-002545163.html
1319070459,20260820,OMN,OMN,IRN,IRN,50,50,5,1,3.5,10,2,10,-5.46211711583519,https://www.yahoo.com/news/politics/articles/trump-threatens-tremendous-economic-consequences-002545163.html
1319070460,20260820,OMN,OMN,IRN,IRN,50,50,5,1,3.5,24,3,24,-3.43140364002593,https://www.yahoo.com/news/politics/articles/trump-threatens-tremendous-economic-consequences-002545163.html
1319070690,20260820,USA,USA,IRN,IRN,42,42,4,1,1.9,1,1,1,0.2874314084139,https://www.al-monitor.com/originals/2026/08/barzani-calls-enhanced-air-defense-kurdistan-region-counter-drone-attacks
1319070691,20260820,USA,USA,IRN,IRN,42,42,4,1,1.9,8,1,8,0.2874314084139,https://www.al-monitor.com/originals/2026/08/barzani-calls-enhanced-air-defense-kurdistan-region-counter-drone-attacks
1319070692,20260820,USA,USA,IRN,IRN,50,50,5,1,3.5,10,2,10,-5.46211711583519,https://www.yahoo.com/news/politics/articles/trump-threatens-tremendous-economic-consequences-002545163.html
1319070693,20260820,USA,USA,IRN,IRN,50,50,5,1,3.5,16,2,16,-3.39822653627208,https://www.yahoo.com/news/politics/articles/trump-threatens-tremendous-economic-consequences-002545163.html
1319070694,20260820,USA,USA,IRN,IRN,51,51,5,1,3.4,1,1,1,-6.25,https://www.rawstory.com/donald-trump-pete-hegseth/
1319070695,20260820,USA,USA,IRN,IRN,60,60,6,2,6.0,2,1,2,-4.14201183431953,https://www.rawstory.com/what-do-you-think-he-meant-pentagon-insider-fears-trump-will-drop-a-nuke/
1319070696,20260820,USA,USA,IRN,IRN,60,60,6,2,6.0,4,1,4,-4.14201183431953,https://www.rawstory.com/what-do-you-think-he-meant-pentagon-insider-fears-trump-will-drop-a-nuke/
1319070697,20260820,USA,USA,IRN,IRN,163,163,16,4,-8.0,24,4,24,-5.6368678534411,https://www.aljazeera.com/news/2026/8/19/trump-announces-most-crushing-economic-operation-ever-against-iran
1319071297,20260820,GOV,,IRN,IRN,10,10,1,1,0.0,39,6,39,-3.92041255551183,https://attackofthefanboy.com/news/one-republican-lawmaker-urges-trump-to-say-less-after-contradictory-statements-about-the-us-iran-conflict/
1319071298,20260820,GOV,,IRN,IRN,20,20,2,1,3.0,138,28,138,-3.71528007257915,https://www.krtv.com/us-news/iran-war/trump-says-us-will-begin-punishing-new-economic-sanctions-against-iran
1319071299,20260820,GOV,,IRN,IRN,163,163,16,4,-8.0,216,27,216,-3.72881355932204,https://www.krtv.com/us-news/iran-war/trump-says-us-will-begin-punishing-new-economic-sanctions-against-iran
1319071369,20260820,IRN,IRN,,,10,10,1,1,0.0,340,64,322,-5.07620343638643,https://www.foxnews.com/world/iran-taps-financial-lifeline-russian-arms-trump-escalates-crushing-economic-warfare
1319071370,20260820,IRN,IRN,IRNGOV,IRN,50,50,5,1,3.5,4,2,4,-0.76623851294904,https://attackofthefanboy.com/news/one-republican-lawmaker-urges-trump-to-say-less-after-contradictory-statements-about-the-us-iran-conflict/
1319071371,20260820,IRN,IRN,MED,,110,110,11,3,-2.0,4,1,4,-1.27077223851418,https://talkingpointsmemo.com/where-things-stand/new-report-on-carr-communications-with-white-house-right-wing-media-affirms-what-weve-know-all-along
1319071372,20260820,IRN,IRN,OMN,OMN,50,50,5,1,3.5,2,1,2,-3.62903225806452,https://www.bbc.co.uk/news/articles/c2k7e83ynj4o
1319071373,20260820,IRN,IRN,USA,USA,20,20,2,1,3.0,7,3,7,-3.20457478292988,https://attackofthefanboy.com/news/one-republican-lawmaker-urges-trump-to-say-less-after-contradictory-statements-about-the-us-iran-conflict/
1319071374,20260820,IRNGOV,IRN,IRN,IRN,10,10,1,1,0.0,8,4,8,-4.23334030053786,https://attackofthefanboy.com/news/one-republican-lawmaker-urges-trump-to-say-less-after-contradictory-statements-about-the-us-iran-conflict/
1319071375,20260820,IRNGOV,IRN,IRN,IRN,50,50,5,1,3.5,4,2,4,-0.76623851294904,https://attackofthefanboy.com/news/one-republican-lawmaker-urges-trump-to-say-less-after-contradictory-statements-about-the-us-iran-conflict/
1319071376,20260820,IRNGOV,IRN,IRN,IRN,163,163,16,4,-8.0,55,28,55,-3.83479980975441,https://www.krtv.com/us-news/iran-war/trump-says-us-will-begin-punishing-new-economic-sanctions-against-iran
1319071377,20260820,IRNGOV,IRN,USA,USA,33,33,3,1,5.2,2,1,2,-3.62903225806452,https://www.bbc.co.uk/news/articles/c2k7e83ynj4o
1319071467,20260820,MED,,IRN,IRN,110,110,11,3,-2.0,25,4,25,-5.3412770826851,https://www.bbc.co.uk/news/articles/c2k7e83ynj4o
1319071490,20260820,MOS,,IRN,IRN,10,10,1,1,0.0,15,3,15,-3.68413078527046,https://www.foxnews.com/world/iran-taps-financial-lifeline-russian-arms-trump-escalates-crushing-economic-warfare
1319071491,20260820,MOS,,IRN,IRN,20,20,2,1,3.0,4,2,4,-3.55251196737937,https://www.foxnews.com/world/iran-taps-financial-lifeline-russian-arms-trump-escalates-crushing-economic-warfare
1319071492,20260820,MOS,,IRN,IRN,20,20,2,1,3.0,2,1,2,-3.64880273660205,https://www.foxnews.com/world/iran-taps-financial-lifeline-russian-arms-trump-escalates-crushing-economic-warfare
1319071493,20260820,MOS,,IRN,IRN,20,20,2,1,3.0,2,2,2,-3.55251196737937,https://www.foxnews.com/world/iran-taps-financial-lifeline-russian-arms-trump-escalates-crushing-economic-warfare
1319071494,20260820,MOS,,IRN,IRN,20,20,2,1,3.0,2,2,2,-3.55251196737937,https://www.foxnews.com/world/iran-taps-financial-lifeline-russian-arms-trump-escalates-crushing-economic-warfare
1319071513,20260820,OMN,OMN,IRN,IRN,50,50,5,1,3.5,2,1,2,-3.62903225806452,https://www.bbc.co.uk/news/articles/c2k7e83ynj4o
1319071773,20260820,USA,USA,IRN,IRN,14,14,1,1,0.0,2,2,2,-3.55251196737937,https://www.foxnews.com/world/iran-taps-financial-lifeline-russian-arms-trump-escalates-crushing-economic-warfare
1319071774,20260820,USA,USA,IRN,IRN,14,14,1,1,0.0,3,3,3,-2.69062492116267,https://www.foxnews.com/world/iran-taps-financial-lifeline-russian-arms-trump-escalates-crushing-economic-warfare
1319071775,20260820,USA,USA,IRN,IRN,40,40,4,1,1.0,8,1,8,-3.62903225806452,https://www.bbc.co.uk/news/articles/c2k7e83ynj4o
1319071776,20260820,USA,USA,IRN,IRN,40,40,4,1,1.0,4,2,4,-3.75515539843865,https://www.bbc.co.uk/news/articles/c2k7e83ynj4o
1319071777,20260820,USA,USA,IRN,IRN,50,50,5,1,3.5,12,5,12,-4.64728632974093,https://www.bbc.co.uk/news/articles/c2k7e83ynj4o
1319071778,20260820,USA,USA,IRNGOV,IRN,20,20,2,1,3.0,1,1,1,-1.8796992481203,https://attackofthefanboy.com/news/one-republican-lawmaker-urges-trump-to-say-less-after-contradictory-statements-about-the-us-iran-conflict/
1319072506,20260820,,,IRN,IRN,61,61,6,2,6.4,10,1,10,-3.73961218836565,https://www.mondaq.com:443/unitedstates/government/1833030/ofac-settlement-highlights-iran-sanctions-risks-for-non-us-subsidiaries-of-us-companies
1319072741,20260820,CYP,CYP,IRN,IRN,40,40,4,1,1.0,5,1,5,-2.83018867924528,https://www.novinite.com/view_news.php?id=240189
1319072929,20260820,IRN,IRN,,,61,61,6,2,6.4,10,1,10,-3.73961218836565,https://www.mondaq.com:443/unitedstates/government/1833030/ofac-settlement-highlights-iran-sanctions-risks-for-non-us-subsidiaries-of-us-companies
1319072930,20260820,IRN,IRN,ARE,ARE,16,16,1,1,-2.0,5,1,5,-8.57142857142857,https://www.novinite.com/view_news.php?id=240184
1319072931,20260820,IRN,IRN,CYP,CYP,40,40,4,1,1.0,5,1,5,-2.83018867924528,https://www.novinite.com/view_news.php?id=240189
1319072932,20260820,IRN,IRN,GOV,,130,130,13,3,-4.4,6,1,6,-8.13253012048194,https://www.rawstory.com/trump-iran-2677730684/
1319072933,20260820,IRN,IRN,IRNGOV,IRN,130,130,13,3,-4.4,2,1,2,-8.13253012048194,https://www.rawstory.com/trump-iran-2677730684/
1319072934,20260820,IRN,IRN,IRNMIL,IRN,10,10,1,1,0.0,3,1,3,-3.5650623885918,https://abcnews.com/Politics/trump-appears-dropped-tit-tat-approach-iran-attacks/story?id=135783275
1319072935,20260820,IRN,IRN,MED,,193,193,19,4,-10.0,2,1,2,-3.5650623885918,https://abcnews.com/Politics/trump-appears-dropped-tit-tat-approach-iran-attacks/story?id=135783275
1319072936,20260820,IRN,IRN,MED,,193,193,19,4,-10.0,2,1,2,-3.5650623885918,https://abcnews.com/Politics/trump-appears-dropped-tit-tat-approach-iran-attacks/story?id=135783275
1319072937,20260820,IRN,IRN,MIL,,10,10,1,1,0.0,16,3,16,-4.37558658811984,https://abcnews.com/Politics/trump-appears-dropped-tit-tat-approach-iran-attacks/story?id=135783275
1319072938,20260820,IRN,IRN,MIL,,130,130,13,3,-4.4,5,1,5,-3.5650623885918,https://abcnews.com/Politics/trump-appears-dropped-tit-tat-approach-iran-attacks/story?id=135783275
1319072939,20260820,IRN,IRN,PGS,PGS,10,10,1,1,0.0,10,1,10,-8.57142857142857,https://www.novinite.com/view_news.php?id=240184
1319072940,20260820,IRN,IRN,PGS,PGS,194,194,19,4,-10.0,10,1,10,-8.57142857142857,https://www.novinite.com/view_news.php?id=240184
1319072941,20260820,IRNGOV,IRN,MED,,138,138,13,3,-7.0,2,1,2,-3.11284046692607,https://www.cbc.ca/news/world/trump-economic-attack-iran-9.7313426
1319073080,20260820,MED,,IRN,IRN,193,193,19,4,-10.0,3,1,3,-3.5650623885918,https://abcnews.com/Politics/trump-appears-dropped-tit-tat-approach-iran-attacks/story?id=135783275
1319073081,20260820,MED,,IRN,IRN,193,193,19,4,-10.0,3,1,3,-3.5650623885918,https://abcnews.com/Politics/trump-appears-dropped-tit-tat-approach-iran-attacks/story?id=135783275
1319073152,20260820,PHLGOV,PHL,IRNMIL,IRN,10,10,1,1,0.0,1,1,1,-3.5650623885918,https://abcnews.com/Politics/trump-appears-dropped-tit-tat-approach-iran-attacks/story?id=135783275
1319073395,20260820,USA,USA,IRN,IRN,10,10,1,1,0.0,6,1,6,-3.73961218836565,https://www.mondaq.com:443/unitedstates/government/1833030/ofac-settlement-highlights-iran-sanctions-risks-for-non-us-subsidiaries-of-us-companies
1319073396,20260820,USA,USA,IRN,IRN,71,71,7,2,7.4,86,10,86,-6.22422423701632,https://www.hindustantimes.com/india-news/economic-d-day-donald-trump-threatens-tremendous-consequences-for-any-country-helping-iran-war-strait-of-hormuz-101787187465670.html
1319073397,20260820,USA,USA,IRN,IRN,130,130,13,3,-4.4,19,5,19,-6.06637617448348,https://www.hindustantimes.com/india-news/economic-d-day-donald-trump-threatens-tremendous-consequences-for-any-country-helping-iran-war-strait-of-hormuz-101787187465670.html
1319074055,20260820,,,IRN,IRN,46,46,4,1,7.0,1,1,1,-4.14878397711015,https://www.israelnationalnews.com/news/431958
1319074056,20260820,,,IRN,IRN,63,63,6,2,7.4,3,1,3,-4.94186046511628,https://niacouncil.org/niac-press-release-niac-uncovers-ice-tel-aviv-role-in-iranian-deportations/
1319074152,20260820,ARE,ARE,IRN,IRN,10,10,1,1,0.0,240,11,240,-4.0592513597958,https://peakoil.com/publicpolicy/uae-halts-all-trade-and-financial-dealings-with-iran
1319074229,20260820,BUS,,IRN,IRN,50,50,5,1,3.5,10,1,10,-4.14878397711015,https://www.israelnationalnews.com/news/431958
1319074230,20260820,BUS,,IRN,IRN,163,163,16,4,-8.0,10,1,10,-5.05050505050505,https://dominicanrepublicpost.com/trump-announces-most-crushing-economic-operation-ever-against-iran/
1319074466,20260820,GOV,,IRN,IRN,40,40,4,1,1.0,10,1,10,-9.14512922465213,https://niacouncil.org/niac-press-release-reports-of-possible-u-s-nuclear-use-against-iran-demand-immediate-answers/
1319074467,20260820,GOV,,IRN,IRN,43,43,4,1,2.8,2,1,2,-3.40775558166862,https://peakoil.com/publicpolicy/uae-halts-all-trade-and-financial-dealings-with-iran
1319074468,20260820,GOV,,IRN,IRN,101,101,10,3,-5.0,1,1,1,-4.94186046511628,https://niacouncil.org/niac-press-release-niac-uncovers-ice-tel-aviv-role-in-iranian-deportations/
1319074469,20260820,GOV,,IRN,IRN,101,101,10,3,-5.0,1,1,1,-4.94186046511628,https://niacouncil.org/niac-press-release-niac-uncovers-ice-tel-aviv-role-in-iranian-deportations/
1319074523,20260820,IRN,IRN,,,13,13,1,1,0.4,24,4,24,-4.40511015296602,https://niacouncil.org/iranian-parliament-advances-bill-that-could-sharply-restrict-foreign-contacts/
1319074524,20260820,IRN,IRN,,,46,46,4,1,7.0,13,3,13,-3.0139320324718,https://www.israelnationalnews.com/news/431958
1319074525,20260820,IRN,IRN,,,51,51,5,1,3.4,43,9,43,-4.51936481995921,https://peakoil.com/publicpolicy/uae-halts-all-trade-and-financial-dealings-with-iran
1319074526,20260820,IRN,IRN,,,120,120,12,3,-4.0,10,1,10,-9.14512922465213,https://niacouncil.org/niac-press-release-reports-of-possible-u-s-nuclear-use-against-iran-demand-immediate-answers/
1319074527,20260820,IRN,IRN,GOV,,40,40,4,1,1.0,10,1,10,-9.14512922465213,https://niacouncil.org/niac-press-release-reports-of-possible-u-s-nuclear-use-against-iran-demand-immediate-answers/
1319074528,20260820,IRN,IRN,GOV,,42,42,4,1,1.9,2,1,2,-3.40775558166862,https://peakoil.com/publicpolicy/uae-halts-all-trade-and-financial-dealings-with-iran
1319074529,20260820,IRN,IRN,IRNGOV,IRN,13,13,1,1,0.4,8,1,8,-3.28330206378986,https://niacouncil.org/iranian-parliament-advances-bill-that-could-sharply-restrict-foreign-contacts/
1319074530,20260820,IRN,IRN,LEG,,101,101,10,3,-5.0,10,1,10,-9.14512922465213,https://niacouncil.org/niac-press-release-reports-of-possible-u-s-nuclear-use-against-iran-demand-immediate-answers/
1319074531,20260820,IRN,IRN,OPP,,40,40,4,1,1.0,2,1,2,-4.94186046511628,https://niacouncil.org/niac-press-release-niac-uncovers-ice-tel-aviv-role-in-iranian-deportations/
1319074532,20260820,IRN,IRN,OPP,,40,40,4,1,1.0,8,1,8,-4.94186046511628,https://niacouncil.org/niac-press-release-niac-uncovers-ice-tel-aviv-role-in-iranian-deportations/
1319074533,20260820,IRN,IRN,USA,USA,50,50,5,1,3.5,62,13,62,-3.99435100372813,https://www.israelnationalnews.com/news/431958
1319074534,20260820,IRN,IRN,USA,USA,50,50,5,1,3.5,2,2,2,-3.34754013670323,https://www.israelnationalnews.com/news/431958
1319074535,20260820,IRN,IRN,USA,USA,120,120,12,3,-4.0,4,2,4,-6.25557665754464,https://www.israelnationalnews.com/news/431958
1319074536,20260820,IRN,IRN,USA,USA,120,120,12,3,-4.0,2,1,2,-4.14878397711015,https://www.israelnationalnews.com/news/431958
1319074537,20260820,IRNELI,IRN,BUS,,13,13,1,1,0.4,3,1,3,-3.40775558166862,https://peakoil.com/publicpolicy/uae-halts-all-trade-and-financial-dealings-with-iran
1319074538,20260820,IRNGOV,IRN,USA,USA,20,20,2,1,3.0,2,1,2,-4.14878397711015,https://www.israelnationalnews.com/news/431958
1319074539,20260820,IRNGOV,IRN,USA,USA,120,120,12,3,-4.0,6,1,6,-4.14878397711015,https://www.israelnationalnews.com/news/431958
1319074744,20260820,OPP,,IRN,IRN,40,40,4,1,1.0,2,1,2,-4.94186046511628,https://niacouncil.org/niac-press-release-niac-uncovers-ice-tel-aviv-role-in-iranian-deportations/
1319074745,20260820,OPP,,IRN,IRN,40,40,4,1,1.0,8,1,8,-4.94186046511628,https://niacouncil.org/niac-press-release-niac-uncovers-ice-tel-aviv-role-in-iranian-deportations/
1319074781,20260820,QAT,QAT,IRN,IRN,40,40,4,1,1.0,2,1,2,-4.94186046511628,https://niacouncil.org/niac-press-release-niac-uncovers-ice-tel-aviv-role-in-iranian-deportations/
1319074782,20260820,QAT,QAT,IRN,IRN,40,40,4,1,1.0,2,1,2,-4.94186046511628,https://niacouncil.org/niac-press-release-niac-uncovers-ice-tel-aviv-role-in-iranian-deportations/
1319074783,20260820,QAT,QAT,IRN,IRN,63,63,6,2,7.4,5,1,5,-4.94186046511628,https://niacouncil.org/niac-press-release-niac-uncovers-ice-tel-aviv-role-in-iranian-deportations/
1319074784,20260820,QAT,QAT,IRN,IRN,63,63,6,2,7.4,2,1,2,-4.94186046511628,https://niacouncil.org/niac-press-release-niac-uncovers-ice-tel-aviv-role-in-iranian-deportations/
1319074785,20260820,QAT,QAT,IRNGOV,IRN,40,40,4,1,1.0,3,1,3,-4.94186046511628,https://niacouncil.org/niac-press-release-niac-uncovers-ice-tel-aviv-role-in-iranian-deportations/
1319074996,20260820,USA,USA,IRN,IRN,10,10,1,1,0.0,1,1,1,-4.14878397711015,https://www.israelnationalnews.com/news/431958
1319074997,20260820,USA,USA,IRN,IRN,13,13,1,1,0.4,7,2,7,-2.94832223527875,https://peakoil.com/publicpolicy/uae-halts-all-trade-and-financial-dealings-with-iran
1319074998,20260820,USA,USA,IRN,IRN,13,13,1,1,0.4,4,1,4,-3.40775558166862,https://peakoil.com/publicpolicy/uae-halts-all-trade-and-financial-dealings-with-iran
1319074999,20260820,USA,USA,IRN,IRN,36,36,3,1,4.0,1,1,1,-3.31088664421997,https://niacouncil.org/after-months-of-war-neither-iran-nor-the-u-s-has-broken-the-others-leverage/
1319075000,20260820,USA,USA,IRN,IRN,36,36,3,1,4.0,1,1,1,-3.31088664421997,https://niacouncil.org/after-months-of-war-neither-iran-nor-the-u-s-has-broken-the-others-leverage/
1319075001,20260820,USA,USA,IRN,IRN,50,50,5,1,3.5,1,1,1,-3.31088664421997,https://niacouncil.org/after-months-of-war-neither-iran-nor-the-u-s-has-broken-the-others-leverage/
1319075002,20260820,USA,USA,IRN,IRN,50,50,5,1,3.5,1,1,1,-3.31088664421997,https://niacouncil.org/after-months-of-war-neither-iran-nor-the-u-s-has-broken-the-others-leverage/
1319075003,20260820,USA,USA,IRN,IRN,50,50,5,1,3.5,54,12,54,-3.3863248822057,https://www.israelnationalnews.com/news/431958
1319075004,20260820,USA,USA,IRN,IRN,50,50,5,1,3.5,3,3,3,-3.06132305409845,https://www.israelnationalnews.com/news/431958
1319075005,20260820,USA,USA,IRN,IRN,130,130,13,3,-4.4,3,2,3,-6.49391138497655,https://www.thehindubusinessline.com/news/world/trump-warns-countries-supporting-iran-of-tremendous-economic-consequences/article71367580.ece
1319075006,20260820,USA,USA,IRN,IRN,130,130,13,3,-4.4,21,19,21,-5.31537810073803,https://www.thehindubusinessline.com/news/world/trump-warns-countries-supporting-iran-of-tremendous-economic-consequences/article71367580.ece
1319075007,20260820,USA,USA,IRN,IRN,130,130,13,3,-4.4,22,14,22,-5.85921790604911,https://www.thehindubusinessline.com/news/world/trump-warns-countries-supporting-iran-of-tremendous-economic-consequences/article71367580.ece
1319075970,20260820,IRN,IRN,IRNGOV,IRN,10,10,1,1,0.0,9,2,9,-2.58281100374336,https://yalibnan.com/2026/08/20/irans-ambassador-has-been-declared-persona-non-grata-should-leave-lebanon-when-his-visa-expires-foreign-minister-says/
1319075971,20260820,IRN,IRN,IRNGOV,IRN,10,10,1,1,0.0,1,1,1,-0.59523809523809,https://yalibnan.com/2026/08/20/irans-ambassador-has-been-declared-persona-non-grata-should-leave-lebanon-when-his-visa-expires-foreign-minister-says/
1319075972,20260820,IRN,IRN,USA,USA,20,20,2,1,3.0,2,1,2,-3.66748166259169,https://nypost.com/2026/08/19/us-news/trump-announces-economic-d-day-against-iran-most-crushing-economic-operation-ever-taken/
1319075973,20260820,IRN,IRN,USA,USA,46,46,4,1,7.0,15,3,15,-3.67449959495995,https://nypost.com/2026/08/19/us-news/trump-announces-economic-d-day-against-iran-most-crushing-economic-operation-ever-taken/
1319076358,20260820,USA,USA,IRN,IRN,46,46,4,1,7.0,8,1,8,-3.66748166259169,https://nypost.com/2026/08/19/us-news/trump-announces-economic-d-day-against-iran-most-crushing-economic-operation-ever-taken/
1319076359,20260820,USA,USA,IRN,IRN,46,46,4,1,7.0,7,3,7,-3.67449959495995,https://nypost.com/2026/08/19/us-news/trump-announces-economic-d-day-against-iran-most-crushing-economic-operation-ever-taken/
1319076415,20260820,USAGOV,USA,IRN,IRN,186,186,18,4,-10.0,4,2,4,-9.09874643854677,https://yalibnan.com/2026/08/20/trump-announces-economic-warfare-on-iran-threatens-tremendous-consequences-for-its-backers/
1319076416,20260820,USAGOV,USA,IRNGOV,IRN,186,186,18,4,-10.0,2,1,2,-9.69976905311782,https://yalibnan.com/2026/08/20/trump-announces-economic-warfare-on-iran-threatens-tremendous-consequences-for-its-backers/
1319077283,20260820,GOV,,IRN,IRN,331,33,3,1,5.2,28,4,28,-3.8904236221232,https://timesofindia.indiatimes.com/india/latest-india-world-news-live-updates-today-breaking-news-20-august-2026/liveblog/133361577.cms
1319077284,20260820,GOV,,IRN,IRN,163,163,16,4,-8.0,24,4,24,-1.77070039871487,https://www.prokerala.com/news/articles/a1802437.html
1319077334,20260820,IRN,IRN,AFR,AFR,128,128,12,3,-5.0,10,1,10,-4.45544554455445,https://cajnewsafrica.com/2026/08/20/irans-oil-revenues-defy-war/
1319077335,20260820,IRN,IRN,GOV,,163,163,16,4,-8.0,13,6,13,-4.03857301578493,https://www.prokerala.com/news/articles/a1802437.html
1319077336,20260820,IRN,IRN,GOV,,163,163,16,4,-8.0,8,4,8,-1.77070039871487,https://www.prokerala.com/news/articles/a1802437.html
1319077337,20260820,IRN,IRN,MED,,10,10,1,1,0.0,22,13,22,-4.52577489717414,https://www.al-monitor.com/originals/2026/08/trump-vows-tremendous-economic-costs-iran-partners
1319077338,20260820,IRN,IRN,MED,,10,10,1,1,0.0,20,6,20,-6.11505589544045,https://www.manilatimes.net/2026/08/20/world/americas-emea/trump-vows-tremendous-economic-costs-on-iran-partners/2408880
1319077339,20260820,IRN,IRN,USAGOV,USA,20,20,2,1,3.0,11,4,11,-3.75479788385671,https://www.prokerala.com/news/articles/a1802437.html
1319077340,20260820,IRN,IRN,USAGOV,USA,20,20,2,1,3.0,10,4,10,-2.78268053755113,https://www.prokerala.com/news/articles/a1802437.html
1319077399,20260820,KENGOV,KEN,IRN,IRN,331,33,3,1,5.2,1,1,1,-4.22535211267605,https://timesofindia.indiatimes.com/india/latest-india-world-news-live-updates-today-breaking-news-20-august-2026/liveblog/133361577.cms
1319077672,20260820,USA,USA,IRN,IRN,20,20,2,1,3.0,21,6,21,-2.18568691756234,https://www.prokerala.com/news/articles/a1802437.html
1319077706,20260820,USAGOV,USA,IRN,IRN,20,20,2,1,3.0,8,4,8,-1.77070039871487,https://www.prokerala.com/news/articles/a1802437.html
1319078429,20260820,IRN,IRN,,,16,16,1,1,-2.0,40,4,40,-5.72871899756641,https://news.antiwar.com/2026/08/19/trump-says-hes-launching-the-most-crushing-economic-operation-ever-against-iran/
1319078430,20260820,IRN,IRN,USA,USA,36,36,3,1,4.0,4,1,4,-1.17994100294986,https://www.capeandislands.org/2026-08-19/more-than-1-000-afghan-refugees-have-been-stuck-at-a-camp-in-qatar-since-2021
1319078431,20260820,IRN,IRN,USA,USA,163,163,16,4,-8.0,2,1,2,-6.91964285714285,https://www.upi.com/Top_News/US/2026/08/19/Trump-declares-economic-warfare/5431787187634/
1319078432,20260820,IRN,IRN,USA,USA,163,163,16,4,-8.0,2,1,2,-6.91964285714285,https://www.upi.com/Top_News/US/2026/08/19/Trump-declares-economic-warfare/5431787187634/
1319078433,20260820,IRN,IRN,USAGOV,USA,10,10,1,1,0.0,4,1,4,-6.91964285714285,https://www.upi.com/Top_News/US/2026/08/19/Trump-declares-economic-warfare/5431787187634/
1319078434,20260820,IRN,IRN,USAGOV,USA,42,42,4,1,1.9,4,2,4,-8.44984138865125,https://www.upi.com/Top_News/US/2026/08/19/Trump-declares-economic-warfare/5431787187634/
1319078435,20260820,IRN,IRN,USAGOV,USA,42,42,4,1,1.9,1,1,1,-6.91964285714285,https://www.upi.com/Top_News/US/2026/08/19/Trump-declares-economic-warfare/5431787187634/
1319078436,20260820,IRN,IRN,USAGOV,USA,50,50,5,1,3.5,1,1,1,-6.91964285714285,https://www.upi.com/Top_News/US/2026/08/19/Trump-declares-economic-warfare/5431787187634/
1319078437,20260820,IRN,IRN,USAGOV,USA,50,50,5,1,3.5,1,1,1,-6.91964285714285,https://www.upi.com/Top_News/US/2026/08/19/Trump-declares-economic-warfare/5431787187634/
1319078438,20260820,IRNLEG,IRN,IRQGOV,IRQ,40,40,4,1,1.0,2,1,2,-5.49618320610687,https://www.rte.ie/news/middle-east/2026/0820/1588589-iran-us-trump/
1319078439,20260820,IRQGOV,IRQ,IRNLEG,IRN,40,40,4,1,1.0,2,1,2,-5.49618320610687,https://www.rte.ie/news/middle-east/2026/0820/1588589-iran-us-trump/
1319078689,20260820,USAGOV,USA,IRN,IRN,43,43,4,1,2.8,4,2,4,-8.44984138865125,https://www.upi.com/Top_News/US/2026/08/19/Trump-declares-economic-warfare/5431787187634/
1319078690,20260820,USAGOV,USA,IRN,IRN,43,43,4,1,2.8,1,1,1,-6.91964285714285,https://www.upi.com/Top_News/US/2026/08/19/Trump-declares-economic-warfare/5431787187634/
1319079196,20260820,,,IRN,IRN,62,62,6,2,7.4,2,1,2,-4.82233502538072,https://nationalenquirer.com/ice-quietly-deported-over-100-iranians-to-iran-amid-rising-war-tensions-report-says/
1319079263,20260820,ARE,ARE,IRN,IRN,46,46,4,1,7.0,11,5,11,-4.15445542766015,https://www.straitstimes.com/world/middle-east/trump-warns-of-economic-consequences-for-any-country-that-supports-iran
1319079264,20260820,ARE,ARE,IRN,IRN,46,46,4,1,7.0,7,3,7,-4.31196237360192,https://www.straitstimes.com/world/middle-east/trump-warns-of-economic-consequences-for-any-country-that-supports-iran
1319079265,20260820,ARE,ARE,IRN,IRN,130,130,13,3,-4.4,24,6,24,-4.64637723472134,https://www.straitstimes.com/world/middle-east/trump-warns-of-economic-consequences-for-any-country-that-supports-iran
1319079608,20260820,GOV,,IRN,IRN,40,40,4,1,1.0,24,6,24,-4.14951182188954,https://www.straitstimes.com/world/middle-east/trump-warns-of-economic-consequences-for-any-country-that-supports-iran
1319079609,20260820,GOV,,IRN,IRN,40,40,4,1,1.0,86,11,86,-4.1554764476481,https://www.straitstimes.com/world/middle-east/trump-warns-of-economic-consequences-for-any-country-that-supports-iran
1319079659,20260820,GOVMIL,,IRN,IRN,10,10,1,1,0.0,48,10,48,-4.12382663913851,https://www.straitstimes.com/world/middle-east/trump-warns-of-economic-consequences-for-any-country-that-supports-iran
1319079660,20260820,GOVMIL,,IRN,IRN,190,190,19,4,-10.0,49,10,49,-4.12382663913851,https://www.straitstimes.com/world/middle-east/trump-warns-of-economic-consequences-for-any-country-that-supports-iran
1319079661,20260820,GOVMIL,,IRN,IRN,194,194,19,4,-10.0,49,10,49,-4.12382663913851,https://www.straitstimes.com/world/middle-east/trump-warns-of-economic-consequences-for-any-country-that-supports-iran
1319079695,20260820,IRN,IRN,,,80,80,8,2,5.0,5,1,5,-0.95693779904306,https://hotair.com/john-s-2/2026/08/19/ny-times-us-navy-is-getting-oil-through-the-strait-of-hormuz-n3818166
1319079696,20260820,IRN,IRN,,,111,111,11,3,-2.0,77,11,77,-8.97189945328953,https://www.businesstoday.in/world/story/iran-will-never-have-a-nuclear-weapon-trump-launches-most-severe-economic-campaign-against-tehran-550209-2026-08-20
1319079697,20260820,IRN,IRN,,,160,160,16,4,-4.0,14,3,14,-2.04593780984901,http://www.agri-pulse.com/media/podcasts/21700-agri-pulse-drivetime/play/17546-agri-pulse-drivetime-august-19-2026
1319079698,20260820,IRN,IRN,ARE,ARE,46,46,4,1,7.0,11,5,11,-4.15445542766015,https://www.straitstimes.com/world/middle-east/trump-warns-of-economic-consequences-for-any-country-that-supports-iran
1319079699,20260820,IRN,IRN,ARE,ARE,46,46,4,1,7.0,7,3,7,-4.31196237360192,https://www.straitstimes.com/world/middle-east/trump-warns-of-economic-consequences-for-any-country-that-supports-iran
1319079700,20260820,IRN,IRN,DOM,DOM,163,163,16,4,-8.0,5,1,5,-7.14285714285714,https://dominicanrepublicpost.com/iran-war-live-trump-announces-most-crushing-iran-sanctions/
1319079701,20260820,IRN,IRN,IRNMOS,IRN,46,46,4,1,7.0,36,9,36,-5.30955416295237,https://www.illawarramercury.com.au/story/9333874/trump-vows-crushing-economic-operation-against-iran/
1319079702,20260820,IRN,IRN,IRQGOV,IRQ,46,46,4,1,7.0,1,1,1,3.52941176470588,https://www.iraq-businessnews.com/2026/08/20/iraq-iran-trade-ties-under-discussion/
1319079703,20260820,IRN,IRN,MED,,10,10,1,1,0.0,2,1,2,-6.18374558303887,https://www.straitstimes.com/world/united-states/trump-threatens-economic-punishment-on-any-country-helping-iran
1319079704,20260820,IRN,IRN,MIL,,191,191,19,4,-9.5,16,8,16,-5.42130038137336,https://www.illawarramercury.com.au/story/9333874/trump-vows-crushing-economic-operation-against-iran/
1319079705,20260820,IRN,IRN,OMN,OMN,194,194,19,4,-10.0,2,1,2,-0.95693779904306,https://hotair.com/john-s-2/2026/08/19/ny-times-us-navy-is-getting-oil-through-the-strait-of-hormuz-n3818166
1319079706,20260820,IRN,IRN,OMN,OMN,194,194,19,4,-10.0,8,1,8,-0.95693779904306,https://hotair.com/john-s-2/2026/08/19/ny-times-us-navy-is-getting-oil-through-the-strait-of-hormuz-n3818166
1319079707,20260820,IRN,IRN,USAGOVLEG,USA,10,10,1,1,0.0,32,8,32,-5.42130038137336,https://www.illawarramercury.com.au/story/9333874/trump-vows-crushing-economic-operation-against-iran/
1319079708,20260820,IRNCVL,IRN,IRN,IRN,62,62,6,2,7.4,1,1,1,-4.82233502538072,https://nationalenquirer.com/ice-quietly-deported-over-100-iranians-to-iran-amid-rising-war-tensions-report-says/
1319079709,20260820,IRNCVL,IRN,IRN,IRN,62,62,6,2,7.4,2,1,2,-4.82233502538072,https://nationalenquirer.com/ice-quietly-deported-over-100-iranians-to-iran-amid-rising-war-tensions-report-says/
1319079710,20260820,IRNGOV,IRN,LEG,,10,10,1,1,0.0,4,1,4,-9.60264900662249,https://us.cnn.com/2026/08/19/politics/us-casualties-iran-war-more-than-750
1319079711,20260820,IRNGOV,IRN,LEG,,13,13,1,1,0.4,4,1,4,-9.60264900662249,https://us.cnn.com/2026/08/19/politics/us-casualties-iran-war-more-than-750
1319079712,20260820,IRNMED,IRN,,,110,110,11,3,-2.0,100,9,52,-5.9060275921903,https://www.illawarramercury.com.au/story/9333874/trump-vows-crushing-economic-operation-against-iran/
1319079713,20260820,IRNMED,IRN,IRN,IRN,110,110,11,3,-2.0,64,8,32,-5.42130038137336,https://www.illawarramercury.com.au/story/9333874/trump-vows-crushing-economic-operation-against-iran/
1319079721,20260820,IRQGOV,IRQ,IRN,IRN,46,46,4,1,7.0,1,1,1,3.52941176470588,https://www.iraq-businessnews.com/2026/08/20/iraq-iran-trade-ties-under-discussion/
1319079811,20260820,KOR,KOR,IRN,IRN,30,30,3,1,4.0,4,2,4,1.64094020017812,https://www.koreatimes.co.kr/southkorea/defense/20260820/lee-says-respects-trumps-decision-to-promote-dialogue-with-nk-through-scaled-back-military-exercises
1319079993,20260820,QAT,QAT,IRN,IRN,62,62,6,2,7.4,2,1,2,-4.82233502538072,https://nationalenquirer.com/ice-quietly-deported-over-100-iranians-to-iran-amid-rising-war-tensions-report-says/
1319079994,20260820,QAT,QAT,IRN,IRN,62,62,6,2,7.4,3,1,3,-4.82233502538072,https://nationalenquirer.com/ice-quietly-deported-over-100-iranians-to-iran-amid-rising-war-tensions-report-says/
1319080147,20260820,USA,USA,IRN,IRN,30,30,3,1,4.0,4,3,4,-0.645788449209585,https://www.koreatimes.co.kr/southkorea/defense/20260820/lee-says-respects-trumps-decision-to-promote-dialogue-with-nk-through-scaled-back-military-exercises
1319081072,20260820,IRN,IRN,BUS,,130,130,13,3,-4.4,5,1,5,-1.35135135135135,https://www.livemint.com/news/us-news/trump-announces-crushing-economic-operation-against-iran-warns-consequences-for-countries-doing-business-with-tehran-11787185018696.html
1319081073,20260820,IRN,IRN,DEU,DEU,10,10,1,1,0.0,2,1,2,-4.60147904683649,https://spectator.org/iran-hitler-and-the-lessons-of-munich/
1319081074,20260820,IRNGOV,IRN,DEU,DEU,10,10,1,1,0.0,2,1,2,-4.60147904683649,https://spectator.org/iran-hitler-and-the-lessons-of-munich/
1319081075,20260820,IRNGOV,IRN,FRA,FRA,10,10,1,1,0.0,4,1,4,-4.60147904683649,https://spectator.org/iran-hitler-and-the-lessons-of-munich/
1319081076,20260820,IRNGOV,IRN,FRA,FRA,10,10,1,1,0.0,2,1,2,-4.60147904683649,https://spectator.org/iran-hitler-and-the-lessons-of-munich/
1319081077,20260820,IRNGOV,IRN,GBR,GBR,10,10,1,1,0.0,6,1,6,-4.60147904683649,https://spectator.org/iran-hitler-and-the-lessons-of-munich/
1319081219,20260820,PAK,PAK,IRN,IRN,45,45,4,1,5.0,1,1,1,-4.60147904683649,https://spectator.org/iran-hitler-and-the-lessons-of-munich/
1319081220,20260820,PAK,PAK,IRN,IRN,45,45,4,1,5.0,4,1,4,-4.60147904683649,https://spectator.org/iran-hitler-and-the-lessons-of-munich/
1319081866,20260820,,,IRN,IRN,130,130,13,3,-4.4,6,2,6,-5.39788920940356,https://www.business-standard.com/world-news/trump-declares-economic-d-day-on-iran-warns-those-helping-tehran-will-pa-126082000100_1.html
1319082336,20260820,IRN,IRN,GRD,GRD,163,163,16,4,-8.0,5,1,5,-7.2463768115942,https://grenadachronicle.com/iran-war-live-trump-announces-most-crushing-iran-sanctions/
1319082337,20260820,IRN,IRN,KOR,KOR,160,160,16,4,-4.0,19,5,19,-1.3731513097446,https://www.asiaone.com/asia/north-korea-shrugs-trumps-scaled-back-drills-south-korea-saying-it-changes-nothing
1319082338,20260820,IRN,IRN,MIL,,40,40,4,1,1.0,5,1,5,2.41935483870968,https://dunyanews.tv/en/Pakistan/968781-iranian-fm-pakistani-field-marshal-discuss-regional-developments
1319082339,20260820,IRN,IRN,MIL,,40,40,4,1,1.0,3,1,3,2.41935483870968,https://dunyanews.tv/en/Pakistan/968781-iranian-fm-pakistani-field-marshal-discuss-regional-developments
1319082340,20260820,IRN,IRN,PAK,PAK,40,40,4,1,1.0,1,1,1,2.41935483870968,https://dunyanews.tv/en/Pakistan/968781-iranian-fm-pakistani-field-marshal-discuss-regional-developments
1319082341,20260820,IRN,IRN,PAK,PAK,40,40,4,1,1.0,1,1,1,2.41935483870968,https://dunyanews.tv/en/Pakistan/968781-iranian-fm-pakistani-field-marshal-discuss-regional-developments
1319082342,20260820,IRN,IRN,PAKMIL,PAK,40,40,4,1,1.0,5,1,5,2.41935483870968,https://dunyanews.tv/en/Pakistan/968781-iranian-fm-pakistani-field-marshal-discuss-regional-developments
1319082343,20260820,IRN,IRN,SAU,SAU,190,190,19,4,-10.0,40,4,40,-6.83260023250442,https://economictimes.indiatimes.com/news/international/world-news/iran-goes-on-offensive-as-diplomacy-with-us-stalls/articleshow/133362291.cms
1319082344,20260820,IRN,IRN,SAU,SAU,190,190,19,4,-10.0,6,2,6,-6.64676034348166,https://www.thedailystar.net/news/world/news/iran-goes-offensive-diplomacy-us-stalls-4252231
1319082345,20260820,IRN,IRN,SAU,SAU,190,190,19,4,-10.0,2,1,2,-6.71378091872792,https://economictimes.indiatimes.com/news/international/world-news/iran-goes-on-offensive-as-diplomacy-with-us-stalls/articleshow/133362291.cms
1319082346,20260820,IRN,IRN,USA,USA,190,190,19,4,-10.0,32,3,32,-7.04864198896605,https://www.thedailystar.net/news/world/news/iran-goes-offensive-diplomacy-us-stalls-4252231
1319082347,20260820,IRNMED,IRN,IRNGOV,IRN,112,112,11,3,-2.0,2,1,2,-1.81268882175227,https://www.breitbart.com/clips/2026/08/19/kinzinger-trump-is-not-taking-iran-conflict-seriously/
1319082428,20260820,KOR,KOR,IRN,IRN,20,20,2,1,3.0,18,6,18,-1.41437723492349,http://www.reflector.com/news/national/north-korea-shrugs-off-trumps-scaled-back-drills-with-south-korea-saying-it-changes-nothing/article_f8bd3086-423f-53f6-8c59-458aa0e7f798.html
1319082429,20260820,KOR,KOR,IRN,IRN,30,30,3,1,4.0,19,6,19,-1.41437723492349,http://www.reflector.com/news/national/north-korea-shrugs-off-trumps-scaled-back-drills-with-south-korea-saying-it-changes-nothing/article_f8bd3086-423f-53f6-8c59-458aa0e7f798.html
1319082430,20260820,KOR,KOR,IRN,IRN,51,51,5,1,3.4,19,6,19,-1.41437723492349,http://www.reflector.com/news/national/north-korea-shrugs-off-trumps-scaled-back-drills-with-south-korea-saying-it-changes-nothing/article_f8bd3086-423f-53f6-8c59-458aa0e7f798.html
1319082460,20260820,LEG,,IRN,IRN,10,10,1,1,0.0,19,4,19,-0.793650793650792,https://www.live5news.com/2026/08/20/sc-delegation-talks-debt-iran-political-futures/
1319082500,20260820,MIL,,IRN,IRN,40,40,4,1,1.0,1,1,1,2.41935483870968,https://dunyanews.tv/en/Pakistan/968781-iranian-fm-pakistani-field-marshal-discuss-regional-developments
1319082501,20260820,MIL,,IRN,IRN,40,40,4,1,1.0,7,1,7,2.41935483870968,https://dunyanews.tv/en/Pakistan/968781-iranian-fm-pakistani-field-marshal-discuss-regional-developments
1319082552,20260820,PAK,PAK,IRN,IRN,40,40,4,1,1.0,1,1,1,2.41935483870968,https://dunyanews.tv/en/Pakistan/968781-iranian-fm-pakistani-field-marshal-discuss-regional-developments
1319082553,20260820,PAK,PAK,IRN,IRN,40,40,4,1,1.0,8,2,8,-0.0515838419064198,https://dunyanews.tv/en/Pakistan/968781-iranian-fm-pakistani-field-marshal-discuss-regional-developments
1319082556,20260820,PAKMIL,PAK,IRN,IRN,40,40,4,1,1.0,3,1,3,2.41935483870968,https://dunyanews.tv/en/Pakistan/968781-iranian-fm-pakistani-field-marshal-discuss-regional-developments
1319082557,20260820,PAKMIL,PAK,IRN,IRN,40,40,4,1,1.0,2,1,2,2.41935483870968,https://dunyanews.tv/en/Pakistan/968781-iranian-fm-pakistani-field-marshal-discuss-regional-developments
1319082564,20260820,PRK,PRK,IRN,IRN,30,30,3,1,4.0,3,3,3,-1.37671525434941,http://www.reflector.com/news/national/north-korea-shrugs-off-trumps-scaled-back-drills-with-south-korea-saying-it-changes-nothing/article_f8bd3086-423f-53f6-8c59-458aa0e7f798.html
1319082565,20260820,PRK,PRK,IRN,IRN,30,30,3,1,4.0,3,3,3,-1.37671525434941,http://www.reflector.com/news/national/north-korea-shrugs-off-trumps-scaled-back-drills-with-south-korea-saying-it-changes-nothing/article_f8bd3086-423f-53f6-8c59-458aa0e7f798.html
1319082566,20260820,PRK,PRK,IRN,IRN,51,51,5,1,3.4,2,2,2,-1.45132492735064,http://www.reflector.com/news/national/north-korea-shrugs-off-trumps-scaled-back-drills-with-south-korea-saying-it-changes-nothing/article_f8bd3086-423f-53f6-8c59-458aa0e7f798.html
1319082567,20260820,PRK,PRK,IRN,IRN,51,51,5,1,3.4,2,2,2,-1.45132492735064,http://www.reflector.com/news/national/north-korea-shrugs-off-trumps-scaled-back-drills-with-south-korea-saying-it-changes-nothing/article_f8bd3086-423f-53f6-8c59-458aa0e7f798.html
1319082626,20260820,SAU,SAU,IRN,IRN,190,190,19,4,-10.0,40,4,40,-6.83260023250442,https://economictimes.indiatimes.com/news/international/world-news/iran-goes-on-offensive-as-diplomacy-with-us-stalls/articleshow/133362291.cms
1319082627,20260820,SAU,SAU,IRN,IRN,190,190,19,4,-10.0,6,2,6,-6.64676034348166,https://www.thedailystar.net/news/world/news/iran-goes-offensive-diplomacy-us-stalls-4252231
1319082628,20260820,SAU,SAU,IRN,IRN,190,190,19,4,-10.0,2,1,2,-6.71378091872792,https://economictimes.indiatimes.com/news/international/world-news/iran-goes-on-offensive-as-diplomacy-with-us-stalls/articleshow/133362291.cms
1319082824,20260820,USA,USA,IRN,IRN,10,10,1,1,0.0,4,2,4,0.0,https://www.live5news.com/2026/08/20/sc-delegation-talks-debt-iran-political-futures/
1319082825,20260820,USA,USA,IRN,IRN,10,10,1,1,0.0,33,30,33,-6.3294786657507,https://www.live5news.com/2026/08/20/sc-delegation-talks-debt-iran-political-futures/
1319082826,20260820,USA,USA,IRN,IRN,100,100,10,3,-5.0,49,4,49,-6.89314453532128,https://economictimes.indiatimes.com/news/international/world-news/iran-goes-on-offensive-as-diplomacy-with-us-stalls/articleshow/133362291.cms
1319082827,20260820,USA,USA,IRN,IRN,120,120,12,3,-4.0,101,16,101,-3.98162575478363,https://economictimes.indiatimes.com/news/international/world-news/iran-goes-on-offensive-as-diplomacy-with-us-stalls/articleshow/133362291.cms
1319082828,20260820,USA,USA,IRN,IRN,120,120,12,3,-4.0,38,15,38,-6.41178725326434,https://economictimes.indiatimes.com/news/international/world-news/iran-goes-on-offensive-as-diplomacy-with-us-stalls/articleshow/133362291.cms
1319083660,20260820,IRN,IRN,MIL,,13,13,1,1,0.4,5,1,5,-3.40909090909091,https://gulfnews.com/world/americas/trump-says-us-has-draconian-sanctions-ready-for-iran-claims-hormuz-naval-blockade-100-successful-1.500646225
1319083788,20260820,PRK,PRK,IRN,IRN,30,30,3,1,4.0,1,1,1,-1.1844331641286,http://www.thegazette.com/news/world/north-korea-shrugs-off-trumps-scaled-back-drills-with-south-korea-saying-it-changes-nothing/article_57c4f5ec-14e9-5828-b05e-1050ae58f86e.html
1319083789,20260820,PRK,PRK,IRN,IRN,30,30,3,1,4.0,3,2,3,-1.56023005007776,https://www.hendersondispatch.com/archives/north-korea-shrugs-off-trumps-scaled-back-drills-with-south-korea-saying-it-changes-nothing/article_d9ffb8aa-e219-5288-b74d-fbcca151a707.html
1319083790,20260820,PRK,PRK,IRN,IRN,51,51,5,1,3.4,1,1,1,-1.1844331641286,http://www.thegazette.com/news/world/north-korea-shrugs-off-trumps-scaled-back-drills-with-south-korea-saying-it-changes-nothing/article_57c4f5ec-14e9-5828-b05e-1050ae58f86e.html
1319083791,20260820,PRK,PRK,IRN,IRN,51,51,5,1,3.4,1,1,1,-1.1844331641286,http://www.thegazette.com/news/world/north-korea-shrugs-off-trumps-scaled-back-drills-with-south-korea-saying-it-changes-nothing/article_57c4f5ec-14e9-5828-b05e-1050ae58f86e.html
1319083792,20260820,PRK,PRK,IRN,IRN,160,160,16,4,-4.0,1,1,1,-1.1844331641286,http://www.thegazette.com/news/world/north-korea-shrugs-off-trumps-scaled-back-drills-with-south-korea-saying-it-changes-nothing/article_57c4f5ec-14e9-5828-b05e-1050ae58f86e.html
1319083793,20260820,PRK,PRK,IRN,IRN,160,160,16,4,-4.0,2,2,2,-1.56023005007776,http://www.thegazette.com/news/world/north-korea-shrugs-off-trumps-scaled-back-drills-with-south-korea-saying-it-changes-nothing/article_57c4f5ec-14e9-5828-b05e-1050ae58f86e.html
1319083794,20260820,PRK,PRK,IRN,IRN,160,160,16,4,-4.0,1,1,1,-1.93602693602693,https://www.hendersondispatch.com/archives/north-korea-shrugs-off-trumps-scaled-back-drills-with-south-korea-saying-it-changes-nothing/article_d9ffb8aa-e219-5288-b74d-fbcca151a707.html
1319084720,20260820,GBR,GBR,IRN,IRN,190,190,19,4,-10.0,1,1,1,-7.42496050552923,https://www.cubaheadlines.com/articles/338264
1319084721,20260820,GBR,GBR,IRN,IRN,190,190,19,4,-10.0,1,1,1,-7.42496050552923,https://www.cubaheadlines.com/articles/338264
1319084744,20260820,GBRMED,GBR,IRNGOV,IRN,190,190,19,4,-10.0,1,1,1,-7.42496050552923,https://www.cubaheadlines.com/articles/338264
1319084745,20260820,GBRMED,GBR,IRNGOV,IRN,190,190,19,4,-10.0,2,1,2,-7.42496050552923,https://www.cubaheadlines.com/articles/338264
1319084746,20260820,GBRMED,GBR,IRNGOV,IRN,190,190,19,4,-10.0,2,1,2,-7.42496050552923,https://www.cubaheadlines.com/articles/338264
1319084859,20260820,IRN,IRN,,,10,10,1,1,0.0,6,3,6,-7.80625940758757,https://www.israelnationalnews.com/news/431962
1319084860,20260820,IRN,IRN,,,90,90,9,2,-2.0,48,6,48,-2.62796334576756,https://www.israelnationalnews.com/news/431962
1319084861,20260820,IRN,IRN,BUS,,130,130,13,3,-4.4,36,4,36,-5.87621525703488,https://www.cubaheadlines.com/articles/338264
1319084862,20260820,IRN,IRN,IRNGOV,IRN,16,16,1,1,-2.0,10,3,10,-6.03939231354281,https://www.cubaheadlines.com/articles/338264
1319084863,20260820,IRN,IRN,IRNGOV,IRN,16,16,1,1,-2.0,1,1,1,-7.42496050552923,https://www.cubaheadlines.com/articles/338264
1319084864,20260820,IRN,IRN,IRNGOV,IRN,112,112,11,3,-2.0,442,2,442,-9.37877822673342,https://www.cubaheadlines.com/articles/338264
1319084865,20260820,IRN,IRN,IRNGOV,IRN,112,112,11,3,-2.0,1,1,1,-7.42496050552923,https://www.cubaheadlines.com/articles/338264
1319084866,20260820,IRNGOV,IRN,,,16,16,1,1,-2.0,11,3,11,-5.54737837860134,https://www.cubaheadlines.com/articles/338264
1319084867,20260820,IRNGOV,IRN,,,112,112,11,3,-2.0,9,4,9,-6.26540772112801,https://www.cubaheadlines.com/articles/338264
1319084868,20260820,IRNGOV,IRN,BGRMIL,BGR,111,111,11,3,-2.0,3,1,3,-7.42496050552923,https://www.cubaheadlines.com/articles/338264
1319084869,20260820,IRNGOV,IRN,BGRMIL,BGR,1384,138,13,3,-7.0,3,1,3,-7.42496050552923,https://www.cubaheadlines.com/articles/338264
1319084870,20260820,IRNGOV,IRN,CYP,CYP,111,111,11,3,-2.0,1,1,1,-7.42496050552923,https://www.cubaheadlines.com/articles/338264
1319084871,20260820,IRNGOV,IRN,CYP,CYP,111,111,11,3,-2.0,2,1,2,-7.42496050552923,https://www.cubaheadlines.com/articles/338264
1319084872,20260820,IRNGOV,IRN,CYP,CYP,1384,138,13,3,-7.0,1,1,1,-7.42496050552923,https://www.cubaheadlines.com/articles/338264
1319084873,20260820,IRNGOV,IRN,CYP,CYP,1384,138,13,3,-7.0,2,1,2,-7.42496050552923,https://www.cubaheadlines.com/articles/338264
1319084874,20260820,IRNMIL,IRN,MIL,,12,12,1,1,-0.4,2,1,2,-7.42496050552923,https://www.cubaheadlines.com/articles/338264
1319084875,20260820,IRNMIL,IRN,MIL,,12,12,1,1,-0.4,6,1,6,-7.42496050552923,https://www.cubaheadlines.com/articles/338264
1319085212,20260820,USAGOV,USA,IRN,IRN,193,193,19,4,-10.0,6,1,6,-2.79955207166853,https://www.israelnationalnews.com/news/431962
1319085213,20260820,USAGOV,USA,IRN,IRN,193,193,19,4,-10.0,2,1,2,-2.79955207166853,https://www.israelnationalnews.com/news/431962
1319085659,20260820,,,IRN,IRN,110,110,11,3,-2.0,1,1,1,-3.7514654161782,https://www.ynetnews.com/article/hyp600t7vfg
1319085660,20260820,,,IRN,IRN,112,112,11,3,-2.0,1,1,1,-3.7514654161782,https://www.ynetnews.com/article/hyp600t7vfg
1319085935,20260820,GOV,,IRN,IRN,36,36,3,1,4.0,8,1,8,-3.7514654161782,https://www.ynetnews.com/article/hyp600t7vfg
1319085936,20260820,GOV,,IRN,IRN,130,130,13,3,-4.4,2,1,2,-2.61682242990654,https://mymotherlode.com/news/world/11076274/ai-assisted-tool-helped-secure-satellite-communication-system-after-2022-russian-hacking.html
1319086031,20260820,IRN,IRN,,,111,111,11,3,-2.0,18,5,18,-6.67296347479068,https://www.ynetnews.com/article/hyp600t7vfg
1319086032,20260820,IRN,IRN,,,112,112,11,3,-2.0,2,1,2,-3.7514654161782,https://www.ynetnews.com/article/hyp600t7vfg
1319086033,20260820,IRNGOV,IRN,IRN,IRN,110,110,11,3,-2.0,43,6,40,-6.57852959348297,https://www.ynetnews.com/article/hyp600t7vfg
1319086034,20260820,IRNGOV,IRN,IRN,IRN,110,110,11,3,-2.0,1,1,1,-3.7514654161782,https://www.ynetnews.com/article/hyp600t7vfg
1319086035,20260820,IRNGOV,IRN,USA,USA,12,12,1,1,-0.4,2,1,2,-2.12765957446808,https://krystal93.com/colorado-congressman-demands-answers-on-uss-abraham-lincoln-conditions-after-260-day-deployment/
1319086036,20260820,IRNGOV,IRN,USA,USA,110,110,11,3,-2.0,2,1,2,-2.12765957446808,https://krystal93.com/colorado-congressman-demands-answers-on-uss-abraham-lincoln-conditions-after-260-day-deployment/
1319086186,20260820,QAT,QAT,IRN,IRN,112,112,11,3,-2.0,1,1,1,-3.7514654161782,https://www.ynetnews.com/article/hyp600t7vfg
1319086187,20260820,QAT,QAT,IRN,IRN,112,112,11,3,-2.0,2,1,2,-3.7514654161782,https://www.ynetnews.com/article/hyp600t7vfg
1319086188,20260820,QATGOV,QAT,IRN,IRN,36,36,3,1,4.0,2,1,2,-3.7514654161782,https://www.ynetnews.com/article/hyp600t7vfg
1319086303,20260820,USA,USA,IRN,IRN,101,101,10,3,-5.0,4,1,4,-2.12765957446808,https://krystal93.com/colorado-congressman-demands-answers-on-uss-abraham-lincoln-conditions-after-260-day-deployment/
1319086304,20260820,USA,USA,IRN,IRN,154,154,15,4,-7.2,4,1,4,-2.12765957446808,https://krystal93.com/colorado-congressman-demands-answers-on-uss-abraham-lincoln-conditions-after-260-day-deployment/
1319086327,20260820,USALEG,USA,IRN,IRN,154,154,15,4,-7.2,6,1,6,-2.12765957446808,https://krystal93.com/colorado-congressman-demands-answers-on-uss-abraham-lincoln-conditions-after-260-day-deployment/
1319087251,20260820,GOV,,IRN,IRN,138,138,13,3,-7.0,6,1,6,0.0,https://www.thewrap.com/creative-content/tv-shows/jimmy-fallon-reacts-trump-kim-jong-un-meet-up-plan/
1319087350,20260820,IRN,IRN,,,138,138,13,3,-7.0,1,1,1,-7.29166666666667,http://www.china.org.cn/2026-08/20/content_118656440.shtml
1319087351,20260820,IRN,IRN,GOV,,130,130,13,3,-4.4,12,2,12,-8.21633216332163,https://www.wsws.org/en/articles/2026/08/20/jgvs-a20.html
1319087352,20260820,IRN,IRN,IRQ,IRQ,10,10,1,1,0.0,4,1,4,-2.08333333333333,https://en.apa.az/asia/us-has-not-released-any-of-irans-frozen-funds-central-bank-chief-520962
1319087353,20260820,IRN,IRN,IRQ,IRQ,10,10,1,1,0.0,6,1,6,-2.08333333333333,https://en.apa.az/asia/us-has-not-released-any-of-irans-frozen-funds-central-bank-chief-520962
1319087354,20260820,IRN,IRN,OMN,OMN,130,130,13,3,-4.4,4,2,4,-8.21633216332163,https://www.wsws.org/en/articles/2026/08/20/jgvs-a20.html
1319087355,20260820,IRN,IRN,OMNGOV,OMN,130,130,13,3,-4.4,4,2,4,-8.21633216332163,https://www.wsws.org/en/articles/2026/08/20/jgvs-a20.html
1319087356,20260820,IRN,IRN,USA,USA,42,42,4,1,1.9,96,25,96,-1.9657867123212,https://www.thewrap.com/creative-content/tv-shows/jimmy-fallon-reacts-trump-kim-jong-un-meet-up-plan/
1319087357,20260820,IRN,IRN,USA,USA,42,42,4,1,1.9,2,1,2,0.0,https://www.thewrap.com/creative-content/tv-shows/jimmy-fallon-reacts-trump-kim-jong-un-meet-up-plan/
1319087358,20260820,IRNGOV,IRN,,,10,10,1,1,0.0,1,1,1,-7.29166666666667,http://www.china.org.cn/2026-08/20/content_118656440.shtml
1319087359,20260820,IRNGOV,IRN,,,10,10,1,1,0.0,1,1,1,-7.29166666666667,http://www.china.org.cn/2026-08/20/content_118656440.shtml
1319087583,20260820,PRK,PRK,IRN,IRN,10,10,1,1,0.0,2,1,2,0.0,https://www.thewrap.com/creative-content/tv-shows/jimmy-fallon-reacts-trump-kim-jong-un-meet-up-plan/
1319087584,20260820,PRK,PRK,IRN,IRN,10,10,1,1,0.0,2,1,2,0.0,https://www.thewrap.com/creative-content/tv-shows/jimmy-fallon-reacts-trump-kim-jong-un-meet-up-plan/
1319087748,20260820,USA,USA,IRN,IRN,43,43,4,1,2.8,98,25,98,-1.9657867123212,https://www.thewrap.com/creative-content/tv-shows/jimmy-fallon-reacts-trump-kim-jong-un-meet-up-plan/
1319087749,20260820,USA,USA,IRN,IRN,71,71,7,2,7.4,2,1,2,-2.08333333333333,https://en.apa.az/asia/us-has-not-released-any-of-irans-frozen-funds-central-bank-chief-520962
1319087750,20260820,USA,USA,IRN,IRN,84,84,8,2,7.0,10,1,10,-2.08333333333333,https://en.apa.az/asia/us-has-not-released-any-of-irans-frozen-funds-central-bank-chief-520962
1319087751,20260820,USA,USA,IRN,IRN,100,100,10,3,-5.0,2,2,2,-8.21633216332163,https://www.wsws.org/en/articles/2026/08/20/jgvs-a20.html
1319087752,20260820,USA,USA,IRN,IRN,100,100,10,3,-5.0,2,2,2,-8.21633216332163,https://www.wsws.org/en/articles/2026/08/20/jgvs-a20.html
1319088168,20260820,,,IRNGOV,IRN,46,46,4,1,7.0,372,59,372,-5.11311184543867,https://www.winnipegfreepress.com/world/2026/08/19/a-quiet-channel-between-ice-and-iran-shaped-deportation-flights-newly-released-emails-show
1319088405,20260820,GOV,,IRN,IRN,42,42,4,1,1.9,41,5,41,-6.13904810579571,https://www.winnipegfreepress.com/world/2026/08/19/a-quiet-channel-between-ice-and-iran-shaped-deportation-flights-newly-released-emails-show
1319088440,20260820,IRN,IRN,,,40,40,4,1,1.0,10,1,10,-1.22448979591837,https://www.moonofalabama.org/2026/08/wsj-unveils-iran-secret-trump-talks-with-noko-threat-to-oman.html/comment-page-3
1319088441,20260820,IRN,IRN,,,60,60,6,2,6.0,620,88,620,-7.21643498089752,https://www.shippingtribune.com/news/shipping/Oil+prices+steady+after+Trump+announces+more+economic+sanctions+on+Iran
1319088442,20260820,IRN,IRN,,,180,180,18,4,-9.0,10,1,10,-4.16666666666667,https://freerepublic.com/focus/f-news/4392442/posts
1319088443,20260820,IRN,IRN,GOV,,15,15,1,1,0.0,488,58,488,-5.11914888744749,https://www.winnipegfreepress.com/world/2026/08/19/a-quiet-channel-between-ice-and-iran-shaped-deportation-flights-newly-released-emails-show
1319088444,20260820,IRN,IRN,GOV,,43,43,4,1,2.8,41,5,41,-6.13904810579571,https://www.winnipegfreepress.com/world/2026/08/19/a-quiet-channel-between-ice-and-iran-shaped-deportation-flights-newly-released-emails-show
1319088445,20260820,IRN,IRN,IRNGOV,IRN,26,26,2,1,4.0,630,60,630,-5.12392582445337,https://www.winnipegfreepress.com/world/2026/08/19/a-quiet-channel-between-ice-and-iran-shaped-deportation-flights-newly-released-emails-show
1319088446,20260820,IRN,IRN,IRNGOV,IRN,36,36,3,1,4.0,630,60,630,-5.12392582445337,https://www.winnipegfreepress.com/world/2026/08/19/a-quiet-channel-between-ice-and-iran-shaped-deportation-flights-newly-released-emails-show
1319088447,20260820,IRN,IRN,IRNGOV,IRN,40,40,4,1,1.0,490,61,490,-5.09990132985832,https://www.winnipegfreepress.com/world/2026/08/19/a-quiet-channel-between-ice-and-iran-shaped-deportation-flights-newly-released-emails-show
1319088448,20260820,IRN,IRN,IRNREF,IRN,40,40,4,1,1.0,116,56,116,-5.11434769674795,https://www.winnipegfreepress.com/world/2026/08/19/a-quiet-channel-between-ice-and-iran-shaped-deportation-flights-newly-released-emails-show
1319088449,20260820,IRN,IRN,MEX,MEX,112,112,11,3,-2.0,177,56,177,-5.11434769674795,https://www.winnipegfreepress.com/world/2026/08/19/a-quiet-channel-between-ice-and-iran-shaped-deportation-flights-newly-released-emails-show
1319088450,20260820,IRN,IRN,MEX,MEX,192,192,19,4,-9.5,180,57,180,-5.1081894398505,https://www.winnipegfreepress.com/world/2026/08/19/a-quiet-channel-between-ice-and-iran-shaped-deportation-flights-newly-released-emails-show
1319088451,20260820,IRN,IRN,MIL,,163,163,16,4,-8.0,10,1,10,-7.59493670886076,https://www.shippingtribune.com/news/shipping/Oil+prices+steady+after+Trump+announces+more+economic+sanctions+on+Iran
1319088452,20260820,IRN,IRN,SPY,,20,20,2,1,3.0,10,1,10,-1.22448979591837,https://www.moonofalabama.org/2026/08/wsj-unveils-iran-secret-trump-talks-with-noko-threat-to-oman.html/comment-page-3
1319088453,20260820,IRN,IRN,USA,USA,163,163,16,4,-8.0,8,1,8,-7.59493670886076,https://www.shippingtribune.com/news/shipping/Oil+prices+steady+after+Trump+announces+more+economic+sanctions+on+Iran
1319088454,20260820,IRN,IRN,USA,USA,163,163,16,4,-8.0,1,1,1,-7.59493670886076,https://www.shippingtribune.com/news/shipping/Oil+prices+steady+after+Trump+announces+more+economic+sanctions+on+Iran
1319088455,20260820,IRN,IRN,USA,USA,163,163,16,4,-8.0,1,1,1,-7.59493670886076,https://www.shippingtribune.com/news/shipping/Oil+prices+steady+after+Trump+announces+more+economic+sanctions+on+Iran
1319088456,20260820,IRNGOV,IRN,IRN,IRN,36,36,3,1,4.0,630,60,630,-5.12392582445337,https://www.winnipegfreepress.com/world/2026/08/19/a-quiet-channel-between-ice-and-iran-shaped-deportation-flights-newly-released-emails-show
1319088457,20260820,IRNGOV,IRN,IRN,IRN,40,40,4,1,1.0,492,62,492,-5.0805418727012,https://www.winnipegfreepress.com/world/2026/08/19/a-quiet-channel-between-ice-and-iran-shaped-deportation-flights-newly-released-emails-show
1319088458,20260820,IRNGOV,IRN,IRN,IRN,46,46,4,1,7.0,134,64,134,-5.03992724865243,https://www.winnipegfreepress.com/world/2026/08/19/a-quiet-channel-between-ice-and-iran-shaped-deportation-flights-newly-released-emails-show
1319088459,20260820,IRNGOV,IRN,IRN,IRN,75,75,7,2,7.0,378,60,378,-5.12392582445337,https://www.winnipegfreepress.com/world/2026/08/19/a-quiet-channel-between-ice-and-iran-shaped-deportation-flights-newly-released-emails-show
1319088460,20260820,IRNREF,IRN,IRN,IRN,40,40,4,1,1.0,116,56,116,-5.11434769674795,https://www.winnipegfreepress.com/world/2026/08/19/a-quiet-channel-between-ice-and-iran-shaped-deportation-flights-newly-released-emails-show
1319088461,20260820,IRNREF,IRN,IRN,IRN,173,173,17,4,-5.0,116,56,116,-5.11434769674795,https://www.winnipegfreepress.com/world/2026/08/19/a-quiet-channel-between-ice-and-iran-shaped-deportation-flights-newly-released-emails-show
1319088661,20260820,USA,USA,IRN,IRN,63,63,6,2,7.4,186,59,186,-5.12527133693802,https://www.winnipegfreepress.com/world/2026/08/19/a-quiet-channel-between-ice-and-iran-shaped-deportation-flights-newly-released-emails-show
1319089320,20260820,,,IRN,IRN,40,40,4,1,1.0,10,1,10,-15.6862745098039,https://www.moneycontrol.com/world/us-iran-war-news-live-updates-donald-trump-khamenei-strait-of-hormuz-middle-east-tensions-liveblog-liveblog-14010817.html
1319089378,20260820,ARE,ARE,IRN,IRN,130,130,13,3,-4.4,2,1,2,-4.11985018726591,https://www.al-monitor.com/originals/2026/08/trump-warns-economic-consequences-any-country-supports-iran
1319089555,20260820,FRA,FRA,IRN,IRN,174,174,17,4,-5.0,19,18,19,-5.46759389107118,https://isp.netscape.com:443/news/world/story/0001/20260820/4ad1f8ffc1603cbb5151ab8eebc1ec6a
1319089556,20260820,FRA,FRA,IRN,IRN,174,174,17,4,-5.0,16,16,16,-5.52989518437516,https://isp.netscape.com:443/news/world/story/0001/20260820/4ad1f8ffc1603cbb5151ab8eebc1ec6a
1319089557,20260820,FRA,FRA,IRNGOV,IRN,174,174,17,4,-5.0,102,17,102,-5.50530259036851,https://isp.netscape.com:443/news/world/story/0001/20260820/4ad1f8ffc1603cbb5151ab8eebc1ec6a
1319089741,20260820,IRN,IRN,,,40,40,4,1,1.0,10,1,10,-15.6862745098039,https://www.moneycontrol.com/world/us-iran-war-news-live-updates-donald-trump-khamenei-strait-of-hormuz-middle-east-tensions-liveblog-liveblog-14010817.html
1319089742,20260820,IRN,IRN,GOV,,20,20,2,1,3.0,429,2,429,-10.7839276190669,https://1440wgig.iheart.com/content/2026-08-20-air-force-major-arrested-again-after-protesting-trump/
1319089743,20260820,IRN,IRN,IRQ,IRQ,10,10,1,1,0.0,17,17,17,-5.52356693302168,https://isp.netscape.com:443/news/world/story/0001/20260820/4ad1f8ffc1603cbb5151ab8eebc1ec6a
1319089744,20260820,IRN,IRN,IRQ,IRQ,10,10,1,1,0.0,17,17,17,-5.52356693302168,https://isp.netscape.com:443/news/world/story/0001/20260820/4ad1f8ffc1603cbb5151ab8eebc1ec6a
1319089745,20260820,IRN,IRN,MEX,MEX,112,112,11,3,-2.0,3,1,3,-4.74485228290063,https://economictimes.indiatimes.com/news/international/global-trends/a-us-iran-channel-shaped-deportation-flights-as-tehran-picked-who-was-sent-back/articleshow/133364156.cms
1319089746,20260820,IRN,IRN,MIL,,111,111,11,3,-2.0,428,1,428,-10.8534047376514,https://1440wgig.iheart.com/content/2026-08-20-air-force-major-arrested-again-after-protesting-trump/
1319089747,20260820,IRN,IRN,UAF,,10,10,1,1,0.0,17,17,17,-5.52356693302168,https://isp.netscape.com:443/news/world/story/0001/20260820/4ad1f8ffc1603cbb5151ab8eebc1ec6a
1319089748,20260820,IRN,IRN,UAF,,51,51,5,1,3.4,17,17,17,-5.52356693302168,https://isp.netscape.com:443/news/world/story/0001/20260820/4ad1f8ffc1603cbb5151ab8eebc1ec6a
1319089749,20260820,IRN,IRN,USA,USA,50,50,5,1,3.5,95,29,95,-4.86090168914566,https://www.moneycontrol.com/world/us-quietly-runs-oil-shipping-corridor-through-strait-of-hormuz-amid-iran-war-article-14010913.html
1319089750,20260820,IRN,IRN,USA,USA,90,90,9,2,-2.0,5,1,5,-2.5462962962963,https://www.moneycontrol.com/world/us-quietly-runs-oil-shipping-corridor-through-strait-of-hormuz-amid-iran-war-article-14010913.html
1319089751,20260820,IRNGOV,IRN,,,10,10,1,1,0.0,2,1,2,-4.43349753694581,https://www.express.co.uk/news/world/2240742/trump-economic-d-day-iran
1319089755,20260820,ISR,ISR,IRN,IRN,190,190,19,4,-10.0,40,15,40,-3.57227313714585,https://www.express.co.uk/news/world/2240742/trump-economic-d-day-iran
1319089756,20260820,ISR,ISR,IRN,IRN,190,190,19,4,-10.0,5,3,5,-2.00488740423791,https://www.express.co.uk/news/world/2240742/trump-economic-d-day-iran
1319089806,20260820,JUD,,IRN,IRN,10,10,1,1,0.0,428,1,428,-10.8534047376514,https://1440wgig.iheart.com/content/2026-08-20-air-force-major-arrested-again-after-protesting-trump/
1319089850,20260820,MIL,,IRN,IRN,173,173,17,4,-5.0,214,1,214,-10.8534047376514,https://1440wgig.iheart.com/content/2026-08-20-air-force-major-arrested-again-after-protesting-trump/
1319090054,20260820,USA,USA,IRN,IRN,46,46,4,1,7.0,38,8,38,-4.72972950394974,https://www.moneycontrol.com/world/us-quietly-runs-oil-shipping-corridor-through-strait-of-hormuz-amid-iran-war-article-14010913.html
1319090055,20260820,USA,USA,IRN,IRN,190,190,19,4,-10.0,4,2,4,-4.99009283048137,https://www.al-monitor.com/originals/2026/08/more-confrontational-irans-new-hardline-security-leadership
1319090056,20260820,USA,USA,IRN,IRN,190,190,19,4,-10.0,4,2,4,-4.99009283048137,https://www.al-monitor.com/originals/2026/08/more-confrontational-irans-new-hardline-security-leadership
1319090057,20260820,USA,USA,IRN,IRN,190,190,19,4,-10.0,8,1,8,-4.43349753694581,https://www.express.co.uk/news/world/2240742/trump-economic-d-day-iran
1319090058,20260820,USA,USA,IRN,IRN,190,190,19,4,-10.0,4,2,4,-4.17920610635686,https://www.express.co.uk/news/world/2240742/trump-economic-d-day-iran
1319090560,20260820,,,IRN,IRN,50,50,5,1,3.5,2,1,2,-3.76282782212087,https://www.rediff.com/news/report/trump-announces-economic-d-day-against-iran-warns-countries-helping-tehran/20260820.htm
1319090945,20260820,IRN,IRN,,,20,20,2,1,3.0,2,1,2,-3.76282782212087,https://www.rediff.com/news/report/trump-announces-economic-d-day-against-iran-warns-countries-helping-tehran/20260820.htm
1319090946,20260820,IRN,IRN,,,50,50,5,1,3.5,2,1,2,-3.76282782212087,https://www.rediff.com/news/report/trump-announces-economic-d-day-against-iran-warns-countries-helping-tehran/20260820.htm
1319090947,20260820,IRN,IRN,IRNREF,IRN,40,40,4,1,1.0,2,2,2,-4.94228566844683,https://taylorvilledailynews.com/local-news/srn-us-news/7a8f51bb9744acfa52dbedee584e3ae4
1319090948,20260820,IRN,IRN,USA,USA,20,20,2,1,3.0,1,1,1,-4.55635491606715,https://www.siasat.com/trump-announces-most-crushing-economic-operation-against-iran-3527638/
1319090949,20260820,IRN,IRN,USA,USA,43,43,4,1,2.8,2,1,2,-4.81308411214953,https://www.hngn.com/articles/272831/20260819/trump-declares-economic-d-day-iran-uae-cuts-all-trade-ties-hormuz-attacks-continue.htm
1319090950,20260820,IRN,IRN,USA,USA,43,43,4,1,2.8,16,2,16,-5.24506182058276,https://www.hngn.com/articles/272831/20260819/trump-declares-economic-d-day-iran-uae-cuts-all-trade-ties-hormuz-attacks-continue.htm
1319090951,20260820,IRN,IRN,USA,USA,46,46,4,1,7.0,91,20,91,-3.61015356734758,https://www.siasat.com/trump-announces-most-crushing-economic-operation-against-iran-3527638/
1319090952,20260820,IRNLEG,IRN,IRQ,IRQ,42,42,4,1,1.9,16,2,16,-5.24506182058276,https://www.hngn.com/articles/272831/20260819/trump-declares-economic-d-day-iran-uae-cuts-all-trade-ties-hormuz-attacks-continue.htm
1319090953,20260820,IRNLEG,IRN,IRQ,IRQ,42,42,4,1,1.9,1,1,1,-4.81308411214953,https://www.hngn.com/articles/272831/20260819/trump-declares-economic-d-day-iran-uae-cuts-all-trade-ties-hormuz-attacks-continue.htm
1319090954,20260820,IRNLEG,IRN,USA,USA,50,50,5,1,3.5,2,1,2,-4.81308411214953,https://www.hngn.com/articles/272831/20260819/trump-declares-economic-d-day-iran-uae-cuts-all-trade-ties-hormuz-attacks-continue.htm
1319090955,20260820,IRNLEG,IRN,USA,USA,50,50,5,1,3.5,5,1,5,-4.81308411214953,https://www.hngn.com/articles/272831/20260819/trump-declares-economic-d-day-iran-uae-cuts-all-trade-ties-hormuz-attacks-continue.htm
1319090956,20260820,IRNLEG,IRN,USA,USA,50,50,5,1,3.5,2,1,2,-4.81308411214953,https://www.hngn.com/articles/272831/20260819/trump-declares-economic-d-day-iran-uae-cuts-all-trade-ties-hormuz-attacks-continue.htm
1319090957,20260820,IRNREF,IRN,IRN,IRN,40,40,4,1,1.0,2,2,2,-4.94228566844683,https://taylorvilledailynews.com/local-news/srn-us-news/7a8f51bb9744acfa52dbedee584e3ae4
1319090958,20260820,IRNREF,IRN,IRN,IRN,173,173,17,4,-5.0,2,2,2,-4.94228566844683,https://taylorvilledailynews.com/local-news/srn-us-news/7a8f51bb9744acfa52dbedee584e3ae4
1319090960,20260820,IRQ,IRQ,IRNLEG,IRN,43,43,4,1,2.8,20,3,20,-4.35185421856206,https://www.hngn.com/articles/272831/20260819/trump-declares-economic-d-day-iran-uae-cuts-all-trade-ties-hormuz-attacks-continue.htm
1319091008,20260820,MED,,IRN,IRN,331,33,3,1,5.2,32,29,32,-6.60234945750172,http://www.thejakartapost.com/world/2026/08/20/trump-warns-of-economic-consequences-for-any-country-that-supports-iran
1319091020,20260820,MIL,,IRN,IRN,36,36,3,1,4.0,10,1,10,-4.55635491606715,https://www.siasat.com/trump-announces-most-crushing-economic-operation-against-iran-3527638/
1319091219,20260820,USA,USA,IRN,IRN,42,42,4,1,1.9,2,1,2,-4.81308411214953,https://www.hngn.com/articles/272831/20260819/trump-declares-economic-d-day-iran-uae-cuts-all-trade-ties-hormuz-attacks-continue.htm
1319091220,20260820,USA,USA,IRNLEG,IRN,50,50,5,1,3.5,2,1,2,-4.81308411214953,https://www.hngn.com/articles/272831/20260819/trump-declares-economic-d-day-iran-uae-cuts-all-trade-ties-hormuz-attacks-continue.htm
1319091221,20260820,USA,USA,IRNLEG,IRN,50,50,5,1,3.5,4,2,4,-5.24506182058276,https://www.hngn.com/articles/272831/20260819/trump-declares-economic-d-day-iran-uae-cuts-all-trade-ties-hormuz-attacks-continue.htm
1319091222,20260820,USA,USA,IRNLEG,IRN,50,50,5,1,3.5,6,2,6,-5.24506182058276,https://www.hngn.com/articles/272831/20260819/trump-declares-economic-d-day-iran-uae-cuts-all-trade-ties-hormuz-attacks-continue.htm
1319091223,20260820,USA,USA,IRNLEG,IRN,50,50,5,1,3.5,6,2,6,-5.24506182058276,https://www.hngn.com/articles/272831/20260819/trump-declares-economic-d-day-iran-uae-cuts-all-trade-ties-hormuz-attacks-continue.htm
1319091976,20260820,,,IRN,IRN,43,43,4,1,2.8,41,7,41,-2.97403705989045,https://asianews.network/what-is-really-behind-us-president-trumps-south-korea-drill-cut/
1319092447,20260820,GOV,,IRNBUS,IRN,130,130,13,3,-4.4,12,1,12,-3.57142857142857,https://english.news.cn/northamerica/20260820/baf426e4d6e5467f9d2cee25f5097bbb/c.html
1319092572,20260820,IRN,IRN,,,42,42,4,1,1.9,41,7,41,-2.97403705989045,https://asianews.network/what-is-really-behind-us-president-trumps-south-korea-drill-cut/
1319092573,20260820,IRN,IRN,RUS,RUS,61,61,6,2,6.4,16,2,16,-4.11226764589424,https://economictimes.indiatimes.com/industry/energy/oil-gas/china-boosts-imports-of-russian-crude-stymieing-indias-refiners/articleshow/133364555.cms
1319092574,20260820,IRN,IRN,RUS,RUS,61,61,6,2,6.4,4,2,4,-4.11226764589424,https://economictimes.indiatimes.com/industry/energy/oil-gas/china-boosts-imports-of-russian-crude-stymieing-indias-refiners/articleshow/133364555.cms
1319092575,20260820,IRN,IRN,USA,USA,164,164,16,4,-7.0,6,1,6,-2.27272727272727,https://www.spotlightnepal.com/2026/08/20/trump-claims-control-strait-hormuz/
1319092576,20260820,IRN,IRN,USA,USA,164,164,16,4,-7.0,4,1,4,-2.27272727272727,https://www.spotlightnepal.com/2026/08/20/trump-claims-control-strait-hormuz/
1319092577,20260820,IRN,IRN,USAMED,USA,10,10,1,1,0.0,8,1,8,-3.17725752508361,https://sofokleous10.gr/2026/08/20/oil-brent-hits-a-four-week-high-just-below-92-100-scenarios-return/
1319092578,20260820,IRN,IRN,USAMED,USA,13,13,1,1,0.4,2,1,2,-3.17725752508361,https://sofokleous10.gr/2026/08/20/oil-brent-hits-a-four-week-high-just-below-92-100-scenarios-return/
1319092579,20260820,IRNMIL,IRN,MIL,,12,12,1,1,-0.4,8,1,8,-3.57142857142857,https://english.news.cn/northamerica/20260820/baf426e4d6e5467f9d2cee25f5097bbb/c.html
1319092580,20260820,IRNMIL,IRN,MIL,,12,12,1,1,-0.4,4,1,4,-3.57142857142857,https://english.news.cn/northamerica/20260820/baf426e4d6e5467f9d2cee25f5097bbb/c.html
1319093042,20260820,USA,USA,IRN,IRN,130,130,13,3,-4.4,16,12,16,-5.89094330040199,https://english.news.cn/northamerica/20260820/baf426e4d6e5467f9d2cee25f5097bbb/c.html
1319093043,20260820,USA,USA,IRN,IRN,164,164,16,4,-7.0,2,1,2,-2.27272727272727,https://www.spotlightnepal.com/2026/08/20/trump-claims-control-strait-hormuz/
1319093044,20260820,USA,USA,IRN,IRN,164,164,16,4,-7.0,8,1,8,-2.27272727272727,https://www.spotlightnepal.com/2026/08/20/trump-claims-control-strait-hormuz/
1319093045,20260820,USA,USA,IRN,IRN,180,180,18,4,-9.0,4,2,4,-2.44650606015263,https://theshillongtimes.com/2026/08/20/trump-halts-talks-with-iran/
1319093080,20260820,USAGOV,USA,IRN,IRN,180,180,18,4,-9.0,2,2,2,-2.44650606015263,https://theshillongtimes.com/2026/08/20/trump-halts-talks-with-iran/
1319093846,20260820,FRA,FRA,IRN,IRN,42,42,4,1,1.9,1,1,1,-4.4943820224719,https://voiceofvienna.org/france-to-expel-two-iranian-diplomats-in-tit-for-tat-move/
1319093847,20260820,FRA,FRA,IRN,IRN,42,42,4,1,1.9,2,1,2,-4.4943820224719,https://voiceofvienna.org/france-to-expel-two-iranian-diplomats-in-tit-for-tat-move/
1319093848,20260820,FRA,FRA,IRN,IRN,51,51,5,1,3.4,2,1,2,-4.4943820224719,https://voiceofvienna.org/france-to-expel-two-iranian-diplomats-in-tit-for-tat-move/
1319093849,20260820,FRA,FRA,IRN,IRN,51,51,5,1,3.4,8,1,8,-4.4943820224719,https://voiceofvienna.org/france-to-expel-two-iranian-diplomats-in-tit-for-tat-move/
1319093850,20260820,FRA,FRA,IRN,IRN,172,172,17,4,-5.0,2,1,2,-4.4943820224719,https://voiceofvienna.org/france-to-expel-two-iranian-diplomats-in-tit-for-tat-move/
1319093851,20260820,FRA,FRA,IRN,IRN,174,174,17,4,-5.0,1,1,1,-4.4943820224719,https://voiceofvienna.org/france-to-expel-two-iranian-diplomats-in-tit-for-tat-move/
1319093852,20260820,FRA,FRA,IRN,IRN,174,174,17,4,-5.0,1,1,1,-4.4943820224719,https://voiceofvienna.org/france-to-expel-two-iranian-diplomats-in-tit-for-tat-move/
1319094057,20260820,IRN,IRN,,,16,16,1,1,-2.0,2,2,2,-4.10078815380941,https://www.theguardian.com/world/2026/aug/20/trump-threatens-crush-iran-economy-war-hormuz
1319094058,20260820,IRN,IRN,FRA,FRA,10,10,1,1,0.0,5,1,5,-4.4943820224719,https://voiceofvienna.org/france-to-expel-two-iranian-diplomats-in-tit-for-tat-move/
1319094059,20260820,IRN,IRN,FRA,FRA,10,10,1,1,0.0,2,1,2,-4.4943820224719,https://voiceofvienna.org/france-to-expel-two-iranian-diplomats-in-tit-for-tat-move/
1319094060,20260820,IRN,IRN,FRA,FRA,10,10,1,1,0.0,1,1,1,-4.4943820224719,https://voiceofvienna.org/france-to-expel-two-iranian-diplomats-in-tit-for-tat-move/
1319094061,20260820,IRN,IRN,FRA,FRA,43,43,4,1,2.8,1,1,1,-4.4943820224719,https://voiceofvienna.org/france-to-expel-two-iranian-diplomats-in-tit-for-tat-move/
1319094062,20260820,IRN,IRN,FRA,FRA,43,43,4,1,2.8,2,1,2,-4.4943820224719,https://voiceofvienna.org/france-to-expel-two-iranian-diplomats-in-tit-for-tat-move/
1319094063,20260820,IRN,IRN,FRA,FRA,80,80,8,2,5.0,8,1,8,-4.4943820224719,https://voiceofvienna.org/france-to-expel-two-iranian-diplomats-in-tit-for-tat-move/
1319094064,20260820,IRN,IRN,FRA,FRA,80,80,8,2,5.0,2,1,2,-4.4943820224719,https://voiceofvienna.org/france-to-expel-two-iranian-diplomats-in-tit-for-tat-move/
1319094065,20260820,IRN,IRN,FRA,FRA,120,120,12,3,-4.0,8,1,8,-4.4943820224719,https://voiceofvienna.org/france-to-expel-two-iranian-diplomats-in-tit-for-tat-move/
1319094066,20260820,IRN,IRN,FRA,FRA,120,120,12,3,-4.0,2,1,2,-4.4943820224719,https://voiceofvienna.org/france-to-expel-two-iranian-diplomats-in-tit-for-tat-move/
1319094067,20260820,IRN,IRN,FRAGOV,FRA,112,112,11,3,-2.0,4,1,4,-4.4943820224719,https://voiceofvienna.org/france-to-expel-two-iranian-diplomats-in-tit-for-tat-move/
1319094068,20260820,IRN,IRN,FRAGOV,FRA,112,112,11,3,-2.0,6,1,6,-4.4943820224719,https://voiceofvienna.org/france-to-expel-two-iranian-diplomats-in-tit-for-tat-move/
1319094069,20260820,IRN,IRN,MILMIL,,40,40,4,1,1.0,1,1,1,5.32544378698225,https://en.dailypakistan.com.pk/20-Aug-2026/cdf-munir-iranian-fim-discuss-political-diplomatic-solutions-amid-regional-tensions
1319094070,20260820,IRN,IRN,OMN,OMN,30,30,3,1,4.0,1,1,1,-4.21052631578947,https://nuclear-news.net/2026/08/20/1-b1-delusional-iran-fires-back-at-trumps-make-hormuz-strait-a-territory-of-the-us-ambitions/
1319094071,20260820,IRN,IRN,OMN,OMN,46,46,4,1,7.0,1,1,1,-4.21052631578947,https://nuclear-news.net/2026/08/20/1-b1-delusional-iran-fires-back-at-trumps-make-hormuz-strait-a-territory-of-the-us-ambitions/
1319094072,20260820,IRN,IRN,SAU,SAU,190,190,19,4,-10.0,2,1,2,-7.50893921334923,https://www.livemint.com/news/world/iran-goes-on-offensive-against-us-amid-hormuz-blockade-what-does-it-mean-if-confrontation-becomes-unavoidable-11787200413077.html
1319094073,20260820,IRN,IRN,USA,USA,10,10,1,1,0.0,84,19,84,-3.78200657075236,https://voiceofvienna.org/iran-no-longer-seen-as-weak-says-foreign-minister-araqchi/
1319094074,20260820,IRN,IRN,USA,USA,46,46,4,1,7.0,10,1,10,-2.76752767527675,https://www.theyeshivaworld.com/news/israel-news/2587744/hormuz-breakthrough-u-s-quietly-moves-millions-of-barrels-of-oil-through-strait-under-fighter-jet-protection.html
1319094075,20260820,IRN,IRN,USA,USA,130,130,13,3,-4.4,10,1,10,-4.28571428571429,http://www.businessghana.com/site/news/politics/354458/US-charges-17-Iranians-over-
1319094076,20260820,IRN,IRN,USA,USA,190,190,19,4,-10.0,2,1,2,-2.76752767527675,https://www.theyeshivaworld.com/news/israel-news/2587744/hormuz-breakthrough-u-s-quietly-moves-millions-of-barrels-of-oil-through-strait-under-fighter-jet-protection.html
1319094077,20260820,IRNCOP,IRN,IRN,IRN,10,10,1,1,0.0,3,1,3,-4.21052631578947,https://nuclear-news.net/2026/08/20/1-b1-delusional-iran-fires-back-at-trumps-make-hormuz-strait-a-territory-of-the-us-ambitions/
1319094078,20260820,IRNGOV,IRN,,,16,16,1,1,-2.0,3,1,3,-4.4943820224719,https://voiceofvienna.org/france-to-expel-two-iranian-diplomats-in-tit-for-tat-move/
1319094079,20260820,IRNGOV,IRN,,,16,16,1,1,-2.0,1,1,1,-4.4943820224719,https://voiceofvienna.org/france-to-expel-two-iranian-diplomats-in-tit-for-tat-move/
1319094080,20260820,IRNGOV,IRN,,,16,16,1,1,-2.0,3,1,3,-4.4943820224719,https://voiceofvienna.org/france-to-expel-two-iranian-diplomats-in-tit-for-tat-move/
1319094207,20260820,MILMIL,,IRN,IRN,40,40,4,1,1.0,1,1,1,5.32544378698225,https://en.dailypakistan.com.pk/20-Aug-2026/cdf-munir-iranian-fim-discuss-political-diplomatic-solutions-amid-regional-tensions
1319094208,20260820,MILMIL,,IRN,IRN,90,90,9,2,-2.0,10,1,10,-2.76752767527675,https://www.theyeshivaworld.com/news/israel-news/2587744/hormuz-breakthrough-u-s-quietly-moves-millions-of-barrels-of-oil-through-strait-under-fighter-jet-protection.html
1319094237,20260820,OMN,OMN,IRN,IRN,30,30,3,1,4.0,1,1,1,-4.21052631578947,https://nuclear-news.net/2026/08/20/1-b1-delusional-iran-fires-back-at-trumps-make-hormuz-strait-a-territory-of-the-us-ambitions/
1319094295,20260820,SAU,SAU,IRN,IRN,190,190,19,4,-10.0,2,1,2,-7.50893921334923,https://www.livemint.com/news/world/iran-goes-on-offensive-against-us-amid-hormuz-blockade-what-does-it-mean-if-confrontation-becomes-unavoidable-11787200413077.html
1319094440,20260820,USA,USA,IRN,IRN,10,10,1,1,0.0,25,13,25,-5.9938185891803,https://en.dailypakistan.com.pk/20-Aug-2026/trump-announces-crushing-economic-operation-against-iran-as-tensions-escalate
1319094441,20260820,USA,USA,IRN,IRN,46,46,4,1,7.0,10,1,10,-2.76752767527675,https://www.theyeshivaworld.com/news/israel-news/2587744/hormuz-breakthrough-u-s-quietly-moves-millions-of-barrels-of-oil-through-strait-under-fighter-jet-protection.html
1319094442,20260820,USA,USA,IRN,IRN,141,141,14,3,-6.5,8,1,8,-4.21052631578947,https://nuclear-news.net/2026/08/20/1-b1-delusional-iran-fires-back-at-trumps-make-hormuz-strait-a-territory-of-the-us-ambitions/
1319094443,20260820,USA,USA,IRN,IRN,141,141,14,3,-6.5,2,1,2,-4.21052631578947,https://nuclear-news.net/2026/08/20/1-b1-delusional-iran-fires-back-at-trumps-make-hormuz-strait-a-territory-of-the-us-ambitions/
1319094444,20260820,USA,USA,IRN,IRN,190,190,19,4,-10.0,2,1,2,-2.76752767527675,https://www.theyeshivaworld.com/news/israel-news/2587744/hormuz-breakthrough-u-s-quietly-moves-millions-of-barrels-of-oil-through-strait-under-fighter-jet-protection.html
1319094445,20260820,USA,USA,IRN,IRN,193,193,19,4,-10.0,2,1,2,-2.76752767527675,https://www.theyeshivaworld.com/news/israel-news/2587744/hormuz-breakthrough-u-s-quietly-moves-millions-of-barrels-of-oil-through-strait-under-fighter-jet-protection.html
1319094446,20260820,USA,USA,IRN,IRN,193,193,19,4,-10.0,6,1,6,-2.76752767527675,https://www.theyeshivaworld.com/news/israel-news/2587744/hormuz-breakthrough-u-s-quietly-moves-millions-of-barrels-of-oil-through-strait-under-fighter-jet-protection.html
1319095281,20260820,ARE,ARE,IRN,IRN,112,112,11,3,-2.0,16,2,16,-3.34813691507799,https://www.irishtimes.com/business/markets/2026/08/20/oil-advances-as-trump-takes-aim-at-irans-economy/
1319095282,20260820,ARE,ARE,IRN,IRN,130,130,13,3,-4.4,2,1,2,-7.84313725490196,https://asia.nikkei.com/spotlight/iran-tensions/iran-war/trump-warns-of-economic-consequences-for-any-country-that-supports-iran
1319095649,20260820,IRN,IRN,,,130,130,13,3,-4.4,4,1,4,-7.84313725490196,https://asia.nikkei.com/spotlight/iran-tensions/iran-war/trump-warns-of-economic-consequences-for-any-country-that-supports-iran
1319095650,20260820,IRN,IRN,,,130,130,13,3,-4.4,2,1,2,-7.84313725490196,https://asia.nikkei.com/spotlight/iran-tensions/iran-war/trump-warns-of-economic-consequences-for-any-country-that-supports-iran
1319095651,20260820,IRN,IRN,,,161,161,16,4,-4.0,10,1,10,-6.59630606860159,https://www.freepressjournal.in/business/oil-prices-rise-for-fifth-straight-session-as-trump-unveils-new-economic-measures-against-iran
1319095652,20260820,IRN,IRN,GOV,,111,111,11,3,-2.0,2,1,2,-3.92749244712991,https://www.heraldscotland.com/politics/viewpoint/26478235.books-explain-politics-society-democracy-feel-broken/
1319095653,20260820,IRN,IRN,MED,,190,190,19,4,-10.0,10,1,10,0.88888888888889,https://sputnikglobe.com/20260820/south-korean-president-backs-trumps-north-korea-dialogue-push-1124606169.html
1319095654,20260820,IRN,IRN,MIL,,130,130,13,3,-4.4,1,1,1,-4.44444444444444,https://dailypost.ng/2026/08/20/war-iran-losing-patience-preparing-surprise-for-us-khamayar/
1319095655,20260820,IRN,IRN,MIL,,130,130,13,3,-4.4,1,1,1,-4.44444444444444,https://dailypost.ng/2026/08/20/war-iran-losing-patience-preparing-surprise-for-us-khamayar/
1319095656,20260820,IRN,IRN,MOSUAF,,51,51,5,1,3.4,2,1,2,-6.26780626780627,https://www.thecollegefix.com/fired-northwestern-professor-sues-school-citing-retaliation-for-pro-palestinian-activism/
1319095657,20260820,IRN,IRN,USA,USA,20,20,2,1,3.0,17,5,17,-5.62202177584746,https://www.freepressjournal.in/business/oil-prices-rise-for-fifth-straight-session-as-trump-unveils-new-economic-measures-against-iran
1319095745,20260820,MED,,IRN,IRN,190,190,19,4,-10.0,10,1,10,0.88888888888889,https://sputnikglobe.com/20260820/south-korean-president-backs-trumps-north-korea-dialogue-push-1124606169.html
1319096017,20260820,USA,USA,IRN,IRN,13,13,1,1,0.4,2,1,2,-7.35294117647058,https://dailypost.ng/2026/08/20/trump-announces-most-crushing-economic-operation-ever-against-iran-issues-warning-to-allies/
1319096018,20260820,USA,USA,IRN,IRN,13,13,1,1,0.4,2,1,2,-7.35294117647058,https://dailypost.ng/2026/08/20/trump-announces-most-crushing-economic-operation-ever-against-iran-issues-warning-to-allies/
1319096019,20260820,USA,USA,IRN,IRN,874,87,8,2,10.0,8,1,8,-6.33484162895927,https://www.reviewjournal.com/opinion/letters/letter-trump-the-ultimate-deconstructionist-3866509/
1319096020,20260820,USA,USA,IRN,IRN,874,87,8,2,10.0,2,1,2,-6.33484162895927,https://www.reviewjournal.com/opinion/letters/letter-trump-the-ultimate-deconstructionist-3866509/
1319096073,20260820,USAGOV,USA,IRN,IRN,111,111,11,3,-2.0,10,1,10,-3.92749244712991,https://www.heraldscotland.com/politics/viewpoint/26478235.books-explain-politics-society-democracy-feel-broken/
1319096994,20260820,FRA,FRA,IRN,IRN,174,174,17,4,-5.0,1,1,1,-4.82654600301659,"http://www.sitkasentinel.com/stories/iran-and-uae-ties-sour-and-other-major-developments-in-the-middle-east,164880"
1319096995,20260820,FRA,FRA,IRNGOV,IRN,174,174,17,4,-5.0,6,1,6,-4.82654600301659,"http://www.sitkasentinel.com/stories/iran-and-uae-ties-sour-and-other-major-developments-in-the-middle-east,164880"
1319097101,20260820,GOV,,IRN,IRN,110,110,11,3,-2.0,8,1,8,-1.61030595813204,https://www.thehindubusinessline.com/markets/nifty-snaps-seven-session-losing-streak-it-leads-gains-as-bond-yield-relief-lifts-sentiment/article71367706.ece
1319097231,20260820,IRN,IRN,,,16,16,1,1,-2.0,1,1,1,-4.82654600301659,"http://www.sitkasentinel.com/stories/iran-and-uae-ties-sour-and-other-major-developments-in-the-middle-east,164880"
1319097232,20260820,IRN,IRN,,,16,16,1,1,-2.0,1,1,1,-4.82654600301659,"http://www.sitkasentinel.com/stories/iran-and-uae-ties-sour-and-other-major-developments-in-the-middle-east,164880"
1319097233,20260820,IRN,IRN,ISR,ISR,190,190,19,4,-10.0,2,1,2,-6.83453237410072,https://www.thehindu.com/data/erratic-trump-left-with-few-exits-in-iran-war/article71366473.ece
1319097234,20260820,IRNGOV,IRN,IRN,IRN,110,110,11,3,-2.0,2,1,2,-1.61030595813204,https://www.thehindubusinessline.com/markets/nifty-snaps-seven-session-losing-streak-it-leads-gains-as-bond-yield-relief-lifts-sentiment/article71367706.ece
1319097235,20260820,IRNGOV,IRN,IRN,IRN,130,130,13,3,-4.4,16,4,14,-6.18855806687248,https://www.dw.com/en/middle-east-updates-trump-warns-economic-consequences-for-nations-helping-iran/live-78438056
1319097236,20260820,IRNMIL,IRN,MIL,,12,12,1,1,-0.4,5,1,5,-8.57699805068229,https://www.newsx.com/world/trump-unleashes-economic-d-day-on-iran-as-us-war-toll-reaches-757-wounded-18-dead-262389/
1319097241,20260820,IRQ,IRQ,IRN,IRN,51,51,5,1,3.4,4,2,4,-1.88135810789128,"http://www.sitkasentinel.com/stories/iran-and-uae-ties-sour-and-other-major-developments-in-the-middle-east,164880"
1319097242,20260820,IRQ,IRQ,IRN,IRN,51,51,5,1,3.4,2,1,2,-4.82654600301659,"http://www.sitkasentinel.com/stories/iran-and-uae-ties-sour-and-other-major-developments-in-the-middle-east,164880"
1319097250,20260820,ISR,ISR,IRN,IRN,10,10,1,1,0.0,2,1,2,-6.83453237410072,https://www.thehindu.com/data/erratic-trump-left-with-few-exits-in-iran-war/article71366473.ece
1319097251,20260820,ISR,ISR,IRN,IRN,10,10,1,1,0.0,2,1,2,-6.83453237410072,https://www.thehindu.com/data/erratic-trump-left-with-few-exits-in-iran-war/article71366473.ece
1319097496,20260820,RUS,RUS,IRN,IRN,10,10,1,1,0.0,8,1,8,-6.26118067978533,https://www.thenationalnews.com/news/us/2026/08/19/iran-sanctions-dispute-paralyses-un-security-council-in-record-eight-month-deadlock/
1319097639,20260820,USA,USA,IRN,IRN,20,20,2,1,3.0,25,4,25,-6.31823470091765,https://www.dw.com/en/middle-east-updates-trump-warns-economic-consequences-for-nations-helping-iran/live-78438056
1319097640,20260820,USA,USA,IRN,IRN,51,51,5,1,3.4,13,2,13,-6.16141275205443,https://www.dw.com/en/middle-east-updates-trump-warns-economic-consequences-for-nations-helping-iran/live-78438056
1319098914,20260820,GOV,,IRN,IRN,20,20,2,1,3.0,4,2,4,-7.97439637011827,http://www.reflector.com/opinion/editorials/editorial-trump-decoy-flight-sums-up-war-with-iran/article_862d7490-f7aa-47d3-a5f1-7ce435cd82a9.html
1319098915,20260820,GOV,,IRN,IRN,20,20,2,1,3.0,6,3,6,-7.85249613080347,http://www.reflector.com/opinion/editorials/editorial-trump-decoy-flight-sums-up-war-with-iran/article_862d7490-f7aa-47d3-a5f1-7ce435cd82a9.html
1319098916,20260820,GOV,,IRNGOV,IRN,20,20,2,1,3.0,18,3,18,-7.85249613080347,http://www.reflector.com/opinion/editorials/editorial-trump-decoy-flight-sums-up-war-with-iran/article_862d7490-f7aa-47d3-a5f1-7ce435cd82a9.html
1319099003,20260820,IRN,IRN,,,256,25,2,1,-0.3,10,1,10,-1.73515981735159,https://www.juancole.com/2026/08/mecca-security-about.html
1319099004,20260820,IRN,IRN,,,831,83,8,2,5.0,25,3,25,-7.85249613080347,http://www.reflector.com/opinion/editorials/editorial-trump-decoy-flight-sums-up-war-with-iran/article_862d7490-f7aa-47d3-a5f1-7ce435cd82a9.html
1319099005,20260820,IRN,IRN,COP,,186,186,18,4,-10.0,21,3,21,-7.85249613080347,http://www.reflector.com/opinion/editorials/editorial-trump-decoy-flight-sums-up-war-with-iran/article_862d7490-f7aa-47d3-a5f1-7ce435cd82a9.html
1319099006,20260820,IRN,IRN,COP,,186,186,18,4,-10.0,1,1,1,-8.23529411764706,http://www.reflector.com/opinion/editorials/editorial-trump-decoy-flight-sums-up-war-with-iran/article_862d7490-f7aa-47d3-a5f1-7ce435cd82a9.html
1319099007,20260820,IRN,IRN,GOV,,12,12,1,1,-0.4,28,3,28,-7.85249613080347,http://www.reflector.com/opinion/editorials/editorial-trump-decoy-flight-sums-up-war-with-iran/article_862d7490-f7aa-47d3-a5f1-7ce435cd82a9.html
1319099008,20260820,IRN,IRN,GOV,,181,181,18,4,-9.0,28,3,28,-7.85249613080347,http://www.reflector.com/opinion/editorials/editorial-trump-decoy-flight-sums-up-war-with-iran/article_862d7490-f7aa-47d3-a5f1-7ce435cd82a9.html
1319099009,20260820,IRN,IRN,ISR,ISR,42,42,4,1,1.9,1,1,1,2.53164556962025,https://www.postnewsgroup.com/from-palestine-to-oakland-seeds-for-liberation-examines-shared-struggles-for-freedom/
1319099010,20260820,IRN,IRN,ISR,ISR,42,42,4,1,1.9,1,1,1,2.53164556962025,https://www.postnewsgroup.com/from-palestine-to-oakland-seeds-for-liberation-examines-shared-struggles-for-freedom/
1319099011,20260820,IRN,IRN,MIL,,60,60,6,2,6.0,2,1,2,-4.0650406504065,https://www.presstv.co.uk/Detail/2026/08/20/774701/Iraq-Iran-war-United-States-Israel
1319099012,20260820,IRN,IRN,MIL,,60,60,6,2,6.0,2,1,2,-4.0650406504065,https://www.presstv.co.uk/Detail/2026/08/20/774701/Iraq-Iran-war-United-States-Israel
1319099013,20260820,IRN,IRN,MIL,,186,186,18,4,-10.0,21,3,21,-7.85249613080347,http://www.reflector.com/opinion/editorials/editorial-trump-decoy-flight-sums-up-war-with-iran/article_862d7490-f7aa-47d3-a5f1-7ce435cd82a9.html
1319099014,20260820,IRN,IRN,MIL,,186,186,18,4,-10.0,1,1,1,-8.23529411764706,http://www.reflector.com/opinion/editorials/editorial-trump-decoy-flight-sums-up-war-with-iran/article_862d7490-f7aa-47d3-a5f1-7ce435cd82a9.html
1319099015,20260820,IRN,IRN,PAK,PAK,42,42,4,1,1.9,6,1,6,-1.73515981735159,https://www.juancole.com/2026/08/mecca-security-about.html
1319099016,20260820,IRN,IRN,PAK,PAK,42,42,4,1,1.9,4,1,4,-1.73515981735159,https://www.juancole.com/2026/08/mecca-security-about.html
1319099017,20260820,IRN,IRN,PGS,PGS,130,130,13,3,-4.4,11,2,11,-3.4438106477839,https://www.presstv.co.uk/Detail/2026/08/20/774701/Iraq-Iran-war-United-States-Israel
1319099018,20260820,IRN,IRN,PGS,PGS,130,130,13,3,-4.4,1,1,1,-4.0650406504065,https://www.presstv.co.uk/Detail/2026/08/20/774701/Iraq-Iran-war-United-States-Israel
1319099019,20260820,IRN,IRN,PGS,PGS,130,130,13,3,-4.4,2,1,2,-4.0650406504065,https://www.presstv.co.uk/Detail/2026/08/20/774701/Iraq-Iran-war-United-States-Israel
1319099020,20260820,IRN,IRN,PSE,PSE,42,42,4,1,1.9,1,1,1,2.53164556962025,https://www.postnewsgroup.com/from-palestine-to-oakland-seeds-for-liberation-examines-shared-struggles-for-freedom/
1319099021,20260820,IRN,IRN,PSE,PSE,42,42,4,1,1.9,1,1,1,2.53164556962025,https://www.postnewsgroup.com/from-palestine-to-oakland-seeds-for-liberation-examines-shared-struggles-for-freedom/
1319099022,20260820,IRN,IRN,SAU,SAU,42,42,4,1,1.9,8,1,8,-1.73515981735159,https://www.juancole.com/2026/08/mecca-security-about.html
1319099023,20260820,IRN,IRN,SAU,SAU,42,42,4,1,1.9,2,1,2,-1.73515981735159,https://www.juancole.com/2026/08/mecca-security-about.html
1319099024,20260820,IRN,IRN,TUR,TUR,42,42,4,1,1.9,4,1,4,-1.73515981735159,https://www.juancole.com/2026/08/mecca-security-about.html
1319099025,20260820,IRN,IRN,TUR,TUR,42,42,4,1,1.9,6,1,6,-1.73515981735159,https://www.juancole.com/2026/08/mecca-security-about.html
1319099026,20260820,IRNMIL,IRN,MIL,,60,60,6,2,6.0,6,1,6,-4.0650406504065,https://www.presstv.co.uk/Detail/2026/08/20/774701/Iraq-Iran-war-United-States-Israel
1319099027,20260820,IRNMIL,IRN,PGS,PGS,130,130,13,3,-4.4,6,1,6,-4.0650406504065,https://www.presstv.co.uk/Detail/2026/08/20/774701/Iraq-Iran-war-United-States-Israel
1319099034,20260820,ISR,ISR,IRN,IRN,43,43,4,1,2.8,1,1,1,2.53164556962025,https://www.postnewsgroup.com/from-palestine-to-oakland-seeds-for-liberation-examines-shared-struggles-for-freedom/
1319099035,20260820,ISR,ISR,IRN,IRN,43,43,4,1,2.8,1,1,1,2.53164556962025,https://www.postnewsgroup.com/from-palestine-to-oakland-seeds-for-liberation-examines-shared-struggles-for-freedom/
1319099243,20260820,PAK,PAK,IRN,IRN,43,43,4,1,2.8,6,1,6,-1.73515981735159,https://www.juancole.com/2026/08/mecca-security-about.html
1319099244,20260820,PAK,PAK,IRN,IRN,43,43,4,1,2.8,4,1,4,-1.73515981735159,https://www.juancole.com/2026/08/mecca-security-about.html
1319099284,20260820,PSE,PSE,IRN,IRN,43,43,4,1,2.8,1,1,1,2.53164556962025,https://www.postnewsgroup.com/from-palestine-to-oakland-seeds-for-liberation-examines-shared-struggles-for-freedom/
1319099285,20260820,PSE,PSE,IRN,IRN,43,43,4,1,2.8,1,1,1,2.53164556962025,https://www.postnewsgroup.com/from-palestine-to-oakland-seeds-for-liberation-examines-shared-struggles-for-freedom/
1319099317,20260820,SAU,SAU,IRN,IRN,43,43,4,1,2.8,8,1,8,-1.73515981735159,https://www.juancole.com/2026/08/mecca-security-about.html
1319099318,20260820,SAU,SAU,IRN,IRN,43,43,4,1,2.8,2,1,2,-1.73515981735159,https://www.juancole.com/2026/08/mecca-security-about.html
1319099363,20260820,TUR,TUR,IRN,IRN,43,43,4,1,2.8,4,1,4,-1.73515981735159,https://www.juancole.com/2026/08/mecca-security-about.html
1319099364,20260820,TUR,TUR,IRN,IRN,43,43,4,1,2.8,6,1,6,-1.73515981735159,https://www.juancole.com/2026/08/mecca-security-about.html
1319100270,20260820,,,IRN,IRN,172,172,17,4,-5.0,4,1,4,-5.46932742054693,https://peakoil.com/publicpolicy/has-trump-turned-the-tables-on-iran-or-is-another-round-of-war-coming
1319100463,20260820,CHN,CHN,IRN,IRN,46,46,4,1,7.0,1,1,1,-5.19480519480519,https://cyprus-mail.com/2026/08/20/trump-threatens-to-destroy-countries-that-provide-lifeline-to-iran
1319100464,20260820,CHN,CHN,IRN,IRN,46,46,4,1,7.0,2,1,2,-5.19480519480519,https://cyprus-mail.com/2026/08/20/trump-threatens-to-destroy-countries-that-provide-lifeline-to-iran
1319100719,20260820,GOV,,IRN,IRN,40,40,4,1,1.0,2,1,2,-5.19480519480519,https://cyprus-mail.com/2026/08/20/trump-threatens-to-destroy-countries-that-provide-lifeline-to-iran
1319100764,20260820,GOVMIL,,IRN,IRN,10,10,1,1,0.0,1,1,1,-5.19480519480519,https://cyprus-mail.com/2026/08/20/trump-threatens-to-destroy-countries-that-provide-lifeline-to-iran
1319100815,20260820,IRN,IRN,,,12,12,1,1,-0.4,68,17,63,-4.64601849768493,https://peakoil.com/publicpolicy/has-trump-turned-the-tables-on-iran-or-is-another-round-of-war-coming
1319100816,20260820,IRN,IRN,,,61,61,6,2,6.4,86,7,47,-5.53372768519539,https://peakoil.com/publicpolicy/has-trump-turned-the-tables-on-iran-or-is-another-round-of-war-coming
1319100817,20260820,IRN,IRN,,,172,172,17,4,-5.0,66,5,46,-6.08714787603715,https://peakoil.com/publicpolicy/has-trump-turned-the-tables-on-iran-or-is-another-round-of-war-coming
1319100818,20260820,IRN,IRN,CHN,CHN,46,46,4,1,7.0,1,1,1,-5.19480519480519,https://cyprus-mail.com/2026/08/20/trump-threatens-to-destroy-countries-that-provide-lifeline-to-iran
1319100819,20260820,IRN,IRN,CHN,CHN,46,46,4,1,7.0,2,1,2,-5.19480519480519,https://cyprus-mail.com/2026/08/20/trump-threatens-to-destroy-countries-that-provide-lifeline-to-iran
1319100820,20260820,IRN,IRN,ISR,ISR,81,81,8,2,5.0,16,2,16,-6.65703910553067,http://www.philippinetimes.com/news/279252907/west-bank-israel-backed-settler-violence-drives-displacement
1319100821,20260820,IRN,IRN,ISR,ISR,81,81,8,2,5.0,4,2,4,-6.65703910553067,http://www.philippinetimes.com/news/279252907/west-bank-israel-backed-settler-violence-drives-displacement
1319100822,20260820,IRN,IRN,ISRSET,ISR,100,100,10,3,-5.0,4,2,4,-6.65703910553067,http://www.philippinetimes.com/news/279252907/west-bank-israel-backed-settler-violence-drives-displacement
1319100823,20260820,IRN,IRN,PAK,PAK,42,42,4,1,1.9,6,1,6,-5.46932742054693,https://peakoil.com/publicpolicy/has-trump-turned-the-tables-on-iran-or-is-another-round-of-war-coming
1319100824,20260820,IRN,IRN,PAK,PAK,42,42,4,1,1.9,2,1,2,-5.46932742054693,https://peakoil.com/publicpolicy/has-trump-turned-the-tables-on-iran-or-is-another-round-of-war-coming
1319100825,20260820,IRN,IRN,PAK,PAK,42,42,4,1,1.9,2,1,2,-5.46932742054693,https://peakoil.com/publicpolicy/has-trump-turned-the-tables-on-iran-or-is-another-round-of-war-coming
1319100826,20260820,IRN,IRN,USA,USA,12,12,1,1,-0.4,85,24,85,-5.94820323498942,https://peakoil.com/publicpolicy/has-trump-turned-the-tables-on-iran-or-is-another-round-of-war-coming
1319100827,20260820,IRN,IRN,USA,USA,12,12,1,1,-0.4,4,2,4,-8.33575660644837,https://peakoil.com/publicpolicy/has-trump-turned-the-tables-on-iran-or-is-another-round-of-war-coming
1319100828,20260820,IRN,IRN,USA,USA,12,12,1,1,-0.4,4,2,4,-6.61307041886883,https://peakoil.com/publicpolicy/has-trump-turned-the-tables-on-iran-or-is-another-round-of-war-coming
1319100829,20260820,IRN,IRN,USA,USA,80,80,8,2,5.0,7,5,7,-4.04189768922678,https://peakoil.com/publicpolicy/has-trump-turned-the-tables-on-iran-or-is-another-round-of-war-coming
1319100830,20260820,IRN,IRN,USA,USA,80,80,8,2,5.0,8,1,8,-5.46932742054693,https://peakoil.com/publicpolicy/has-trump-turned-the-tables-on-iran-or-is-another-round-of-war-coming
1319100831,20260820,IRNGOV,IRN,IRN,IRN,871,87,8,2,9.0,1,1,1,-5.46932742054693,https://peakoil.com/publicpolicy/has-trump-turned-the-tables-on-iran-or-is-another-round-of-war-coming
1319100832,20260820,IRNGOV,IRN,IRN,IRN,871,87,8,2,9.0,1,1,1,-5.46932742054693,https://peakoil.com/publicpolicy/has-trump-turned-the-tables-on-iran-or-is-another-round-of-war-coming
1319100833,20260820,IRNGOV,IRN,IRN,IRN,174,174,17,4,-5.0,3,1,3,-5.14440433212997,https://www.thehindu.com/news/international/quiet-channel-between-ice-and-iran-shaped-deportation-flights-newly-released-emails-show/article71367966.ece
1319100834,20260820,IRNGOV,IRN,IRN,IRN,190,190,19,4,-10.0,1,1,1,-5.46932742054693,https://peakoil.com/publicpolicy/has-trump-turned-the-tables-on-iran-or-is-another-round-of-war-coming
1319100835,20260820,IRNGOV,IRN,IRN,IRN,190,190,19,4,-10.0,1,1,1,-5.46932742054693,https://peakoil.com/publicpolicy/has-trump-turned-the-tables-on-iran-or-is-another-round-of-war-coming
1319100842,20260820,ISR,ISR,IRN,IRN,52,52,5,1,3.5,10,1,10,-5.74162679425838,https://www.johnstonsunrise.net/opinion/steer-clear/article_dcf61ecc-2827-4c71-9cce-460ca9c9efdb.html
1319100916,20260820,KOR,KOR,IRN,IRN,120,120,12,3,-4.0,5,1,5,2.21565731166913,https://www.ironmountaindailynews.com/opinion/2026/08/kim-jong-un-is-not-our-friend/
1319101072,20260820,PAK,PAK,IRN,IRN,43,43,4,1,2.8,10,2,10,-2.29262048826954,https://peakoil.com/publicpolicy/has-trump-turned-the-tables-on-iran-or-is-another-round-of-war-coming
1319101073,20260820,PAK,PAK,IRN,IRN,43,43,4,1,2.8,2,1,2,-5.46932742054693,https://peakoil.com/publicpolicy/has-trump-turned-the-tables-on-iran-or-is-another-round-of-war-coming
1319101074,20260820,PAK,PAK,IRN,IRN,43,43,4,1,2.8,2,1,2,-5.46932742054693,https://peakoil.com/publicpolicy/has-trump-turned-the-tables-on-iran-or-is-another-round-of-war-coming
1319101271,20260820,USA,USA,IRN,IRN,90,90,9,2,-2.0,2,1,2,-5.46932742054693,https://peakoil.com/publicpolicy/has-trump-turned-the-tables-on-iran-or-is-another-round-of-war-coming
1319101272,20260820,USA,USA,IRN,IRN,90,90,9,2,-2.0,4,1,4,-5.46932742054693,https://peakoil.com/publicpolicy/has-trump-turned-the-tables-on-iran-or-is-another-round-of-war-coming
1319101273,20260820,USA,USA,IRN,IRN,90,90,9,2,-2.0,4,1,4,-5.46932742054693,https://peakoil.com/publicpolicy/has-trump-turned-the-tables-on-iran-or-is-another-round-of-war-coming
1319101274,20260820,USA,USA,IRN,IRN,120,120,12,3,-4.0,1,1,1,-5.46932742054693,https://peakoil.com/publicpolicy/has-trump-turned-the-tables-on-iran-or-is-another-round-of-war-coming
1319101275,20260820,USA,USA,IRN,IRN,120,120,12,3,-4.0,27,14,27,-5.65198848516367,https://peakoil.com/publicpolicy/has-trump-turned-the-tables-on-iran-or-is-another-round-of-war-coming
1319101276,20260820,USA,USA,IRN,IRN,174,174,17,4,-5.0,6,2,6,-5.19409729026002,https://www.thehindu.com/news/international/quiet-channel-between-ice-and-iran-shaped-deportation-flights-newly-released-emails-show/article71367966.ece
1319102292,20260820,,,IRN,IRN,42,42,4,1,1.9,12,2,12,-4.63640424343941,https://www.middle-east-online.com/en/khamenei%E2%80%99s-security-reshuffle-points-longer-us-standoff
1319102738,20260820,GOV,,IRN,IRN,10,10,1,1,0.0,3,1,3,-4.69798657718121,https://www.i24news.tv/en/news/middle-east/the-gulf/artc-trump-s-iran-squeeze-hinges-on-uae-crackdown-on-dubai-financial-networks-report
1319102811,20260820,IRN,IRN,MIL,,42,42,4,1,1.9,4,1,4,-2.48888888888889,https://www.middle-east-online.com/en/khamenei%E2%80%99s-security-reshuffle-points-longer-us-standoff
1319102812,20260820,IRN,IRN,USA,USA,30,30,3,1,4.0,2,1,2,-2.48888888888889,https://www.middle-east-online.com/en/khamenei%E2%80%99s-security-reshuffle-points-longer-us-standoff
1319102813,20260820,IRN,IRN,USA,USA,30,30,3,1,4.0,2,1,2,-2.48888888888889,https://www.middle-east-online.com/en/khamenei%E2%80%99s-security-reshuffle-points-longer-us-standoff
1319102814,20260820,IRN,IRN,USA,USA,30,30,3,1,4.0,4,1,4,-2.48888888888889,https://www.middle-east-online.com/en/khamenei%E2%80%99s-security-reshuffle-points-longer-us-standoff
1319102815,20260820,IRN,IRN,USA,USA,100,100,10,3,-5.0,11,11,11,-2.87107923709912,https://www.thehindubusinessline.com/news/world/us-opens-secret-oil-shipping-corridor-exporting-about-10-million-barrels-a-day-amid-iran-stalemate-report/article71368005.ece
1319102816,20260820,IRN,IRN,USA,USA,100,100,10,3,-5.0,13,12,13,-3.46803947368457,https://www.thehindubusinessline.com/news/world/us-opens-secret-oil-shipping-corridor-exporting-about-10-million-barrels-a-day-amid-iran-stalemate-report/article71368005.ece
1319102817,20260820,IRN,IRN,USA,USA,111,111,11,3,-2.0,14,2,12,-4.66262073161457,https://www.middle-east-online.com/en/khamenei%E2%80%99s-security-reshuffle-points-longer-us-standoff
1319102818,20260820,IRN,IRN,USA,USA,138,138,13,3,-7.0,1,1,1,-2.48888888888889,https://www.middle-east-online.com/en/khamenei%E2%80%99s-security-reshuffle-points-longer-us-standoff
1319102819,20260820,IRN,IRN,USA,USA,138,138,13,3,-7.0,1,1,1,-2.48888888888889,https://www.middle-east-online.com/en/khamenei%E2%80%99s-security-reshuffle-points-longer-us-standoff
1319102820,20260820,IRNGOV,IRN,IRN,IRN,10,10,1,1,0.0,1,1,1,-4.69798657718121,https://www.i24news.tv/en/news/middle-east/the-gulf/artc-trump-s-iran-squeeze-hinges-on-uae-crackdown-on-dubai-financial-networks-report
1319102821,20260820,IRNGOV,IRN,IRN,IRN,10,10,1,1,0.0,1,1,1,-4.69798657718121,https://www.i24news.tv/en/news/middle-east/the-gulf/artc-trump-s-iran-squeeze-hinges-on-uae-crackdown-on-dubai-financial-networks-report
1319102822,20260820,IRNGOV,IRN,IRN,IRN,20,20,2,1,3.0,1,1,1,-3.34987593052109,https://townhall.com/columnists/derekhunter/2026/08/20/heres-trumps-problem-with-iran-n2681542
1319102891,20260820,KOR,KOR,IRN,IRN,20,20,2,1,3.0,2,2,2,0.021830075445495,https://www.prokerala.com/news/articles/a1802497.html
1319102892,20260820,KOR,KOR,IRN,IRN,30,30,3,1,4.0,1,1,1,1.27931769722815,https://www.prokerala.com/news/articles/a1802497.html
1319102971,20260820,MIL,,IRN,IRN,43,43,4,1,2.8,4,1,4,-2.48888888888889,https://www.middle-east-online.com/en/khamenei%E2%80%99s-security-reshuffle-points-longer-us-standoff
1319103187,20260820,USA,USA,IRN,IRN,13,13,1,1,0.4,1,1,1,-2.48888888888889,https://www.middle-east-online.com/en/khamenei%E2%80%99s-security-reshuffle-points-longer-us-standoff
1319103188,20260820,USA,USA,IRN,IRN,20,20,2,1,3.0,2,1,2,-4.69798657718121,https://www.i24news.tv/en/news/middle-east/the-gulf/artc-trump-s-iran-squeeze-hinges-on-uae-crackdown-on-dubai-financial-networks-report
1319103189,20260820,USA,USA,IRN,IRN,30,30,3,1,4.0,2,1,2,-2.48888888888889,https://www.middle-east-online.com/en/khamenei%E2%80%99s-security-reshuffle-points-longer-us-standoff
1319103190,20260820,USA,USA,IRN,IRN,30,30,3,1,4.0,2,1,2,-2.48888888888889,https://www.middle-east-online.com/en/khamenei%E2%80%99s-security-reshuffle-points-longer-us-standoff
1319103191,20260820,USA,USA,IRN,IRN,30,30,3,1,4.0,4,1,4,-2.48888888888889,https://www.middle-east-online.com/en/khamenei%E2%80%99s-security-reshuffle-points-longer-us-standoff
1319103192,20260820,USA,USA,IRN,IRN,173,173,17,4,-5.0,8,1,8,-0.5524861878453,https://www.olneyenterprise.com/news/state-capital-highlights-37
1319103193,20260820,USA,USA,IRN,IRN,173,173,17,4,-5.0,2,1,2,-0.5524861878453,https://www.olneyenterprise.com/news/state-capital-highlights-37
1319103194,20260820,USA,USA,IRN,IRN,190,190,19,4,-10.0,1,1,1,-2.48888888888889,https://www.middle-east-online.com/en/khamenei%E2%80%99s-security-reshuffle-points-longer-us-standoff
1319103195,20260820,USA,USA,IRN,IRN,190,190,19,4,-10.0,3,1,3,-2.48888888888889,https://www.middle-east-online.com/en/khamenei%E2%80%99s-security-reshuffle-points-longer-us-standoff
1319104015,20260820,BUS,,IRN,IRN,42,42,4,1,1.9,4,1,4,-4.43925233644859,https://english.aawsat.com/world/5309049-nato-prepared-address-iranian-threats-extending-europe
1319104054,20260820,COP,,IRN,IRN,10,10,1,1,0.0,3,1,3,-4.43925233644859,https://english.aawsat.com/world/5309049-nato-prepared-address-iranian-threats-extending-europe
1319104055,20260820,COP,,IRN,IRN,13,13,1,1,0.4,2,1,2,-4.43925233644859,https://english.aawsat.com/world/5309049-nato-prepared-address-iranian-threats-extending-europe
1319104315,20260820,IGOWSTNAT,WST,IRN,IRN,10,10,1,1,0.0,8,1,8,-4.43925233644859,https://english.aawsat.com/world/5309049-nato-prepared-address-iranian-threats-extending-europe
1319104316,20260820,IGOWSTNAT,WST,IRN,IRN,10,10,1,1,0.0,2,1,2,-4.43925233644859,https://english.aawsat.com/world/5309049-nato-prepared-address-iranian-threats-extending-europe
1319104317,20260820,IGOWSTNAT,WST,IRN,IRN,194,194,19,4,-10.0,18,2,18,-2.58458967187393,https://english.aawsat.com/world/5309049-nato-prepared-address-iranian-threats-extending-europe
1319104318,20260820,IGOWSTNAT,WST,IRN,IRN,194,194,19,4,-10.0,2,1,2,-4.43925233644859,https://english.aawsat.com/world/5309049-nato-prepared-address-iranian-threats-extending-europe
1319104327,20260820,IRN,IRN,,,194,194,19,4,-10.0,1,1,1,-4.34322033898305,http://www.albawaba.com/index.php/news/uae-suspends-trade-and-financial-1635318
1319104328,20260820,IRN,IRN,BUS,,43,43,4,1,2.8,4,1,4,-4.43925233644859,https://english.aawsat.com/world/5309049-nato-prepared-address-iranian-threats-extending-europe
1319104329,20260820,IRN,IRN,GOV,,40,40,4,1,1.0,13,2,13,-4.2777458781068,https://pakobserver.net/field-marshal-asim-munir-iranian-fm-discuss-political-solutions-amid-regional-tensions/
1319104330,20260820,IRN,IRN,IRNGOV,IRN,12,12,1,1,-0.4,2,1,2,-4.43925233644859,https://english.aawsat.com/world/5309049-nato-prepared-address-iranian-threats-extending-europe
1319104331,20260820,IRN,IRN,IRNMED,IRN,10,10,1,1,0.0,6,1,6,-6.33802816901408,https://pakobserver.net/trump-warns-countries-helping-iran-of-tremendous-economic-consequences/
1319104332,20260820,IRN,IRN,IRQGOV,IRQ,20,20,2,1,3.0,2,2,2,-3.91644908616188,https://english.aawsat.com/arab-world/5309022-ghalibaf-discusses-iranian-plan-baghdad-%E2%80%98hide%E2%80%99-faction-weapons
1319104333,20260820,IRN,IRN,IRQGOV,IRQ,20,20,2,1,3.0,2,2,2,-3.91644908616188,https://english.aawsat.com/arab-world/5309022-ghalibaf-discusses-iranian-plan-baghdad-%E2%80%98hide%E2%80%99-faction-weapons
1319104334,20260820,IRN,IRN,MED,,10,10,1,1,0.0,2,1,2,-4.43925233644859,https://english.aawsat.com/world/5309049-nato-prepared-address-iranian-threats-extending-europe
1319104335,20260820,IRN,IRN,USA,USA,10,10,1,1,0.0,2,1,2,-6.33802816901408,https://pakobserver.net/trump-warns-countries-helping-iran-of-tremendous-economic-consequences/
1319104336,20260820,IRNGOV,IRN,IRN,IRN,12,12,1,1,-0.4,18,4,18,-6.34617844906625,https://english.aawsat.com/world/5309049-nato-prepared-address-iranian-threats-extending-europe
1319104348,20260820,ISR,ISR,IRN,IRN,143,143,14,3,-6.5,4,1,4,-4.43925233644859,https://english.aawsat.com/world/5309049-nato-prepared-address-iranian-threats-extending-europe
1319104439,20260820,MIL,,IRN,IRN,10,10,1,1,0.0,10,1,10,-4.43925233644859,https://english.aawsat.com/world/5309049-nato-prepared-address-iranian-threats-extending-europe
1319105602,20260820,,,IRNGOV,IRN,50,50,5,1,3.5,10,1,10,-2.95566502463054,https://english.news.cn/20260820/c1a5587452ad49e08f066081dcd3c932/c.html
1319106161,20260820,IRN,IRN,,,331,33,3,1,5.2,10,1,10,-4.93630573248407,https://www.huffingtonpost.co.uk/entry/trumps-economic-d-day-threat-iran_uk_6a86942ce4b0f5925a13db5d
1319106162,20260820,IRN,IRN,,,51,51,5,1,3.4,4,1,4,-4.93630573248407,https://www.huffingtonpost.co.uk/entry/trumps-economic-d-day-threat-iran_uk_6a86942ce4b0f5925a13db5d
1319106163,20260820,IRN,IRN,GOV,,111,111,11,3,-2.0,59,9,59,-4.91584577261017,https://aninews.in/news/world/middle-east/economic-d-day-diversion-from-americas-own-crisis-says-iranian-fm-araghchi20260820122833/
1319106164,20260820,IRN,IRN,IRNGOV,IRN,111,111,11,3,-2.0,28,8,28,-4.67360947927335,https://aninews.in/news/world/middle-east/economic-d-day-diversion-from-americas-own-crisis-says-iranian-fm-araghchi20260820122833/
1319106165,20260820,IRN,IRN,RUS,RUS,51,51,5,1,3.4,1,1,1,-4.93630573248407,https://www.huffingtonpost.co.uk/entry/trumps-economic-d-day-threat-iran_uk_6a86942ce4b0f5925a13db5d
1319106166,20260820,IRN,IRN,RUS,RUS,51,51,5,1,3.4,4,1,4,-4.93630573248407,https://www.huffingtonpost.co.uk/entry/trumps-economic-d-day-threat-iran_uk_6a86942ce4b0f5925a13db5d
1319106167,20260820,IRN,IRN,USA,USA,57,57,5,1,8.0,60,8,45,-4.41873411176198,https://english.news.cn/20260820/c1a5587452ad49e08f066081dcd3c932/c.html
1319106168,20260820,IRN,IRN,USA,USA,57,57,5,1,8.0,16,6,16,-4.10722677107155,https://english.news.cn/20260820/c1a5587452ad49e08f066081dcd3c932/c.html
1319106169,20260820,IRN,IRN,USA,USA,57,57,5,1,8.0,6,1,6,-2.67857142857143,https://www.novinite.com/articles/240199/Gasoline+Supplies+Run+Low+as+Bulgarian+Fuel+Prices+Rise
1319106170,20260820,IRN,IRN,USA,USA,57,57,5,1,8.0,4,1,4,-2.67857142857143,https://www.novinite.com/articles/240199/Gasoline+Supplies+Run+Low+as+Bulgarian+Fuel+Prices+Rise
1319106171,20260820,IRN,IRN,USA,USA,120,120,12,3,-4.0,68,8,68,-3.67118836090241,https://english.news.cn/20260820/c1a5587452ad49e08f066081dcd3c932/c.html
1319106172,20260820,IRN,IRN,USA,USA,190,190,19,4,-10.0,10,1,10,-7.8125,https://www.inewsgr.com/330/Meloni-Thought-She-Had-the-Key-to-Trump--Now-MAGA-Is-Becoming-Romes-Biggest-Headache.htm
1319106173,20260820,IRNGOV,IRN,,,50,50,5,1,3.5,10,1,10,-2.95566502463054,https://english.news.cn/20260820/c1a5587452ad49e08f066081dcd3c932/c.html
1319106174,20260820,IRNGOV,IRN,GOVGOV,,100,100,10,3,-5.0,10,5,10,-3.21123911831301,https://english.news.cn/20260820/c1a5587452ad49e08f066081dcd3c932/c.html
1319106175,20260820,IRNGOV,IRN,USA,USA,10,10,1,1,0.0,2,1,2,1.60642570281125,https://www.foxnews.com/politics/alina-habba-shuts-down-speculation-replace-karoline-leavitt-white-house-press-secretary
1319106741,20260820,USA,USA,IRN,IRN,57,57,5,1,8.0,61,8,46,-4.41873411176198,https://english.news.cn/20260820/c1a5587452ad49e08f066081dcd3c932/c.html
1319106742,20260820,USA,USA,IRN,IRN,57,57,5,1,8.0,18,6,18,-4.59332855841281,https://english.news.cn/20260820/c1a5587452ad49e08f066081dcd3c932/c.html
1319106743,20260820,USA,USA,IRN,IRN,57,57,5,1,8.0,6,1,6,-2.67857142857143,https://www.novinite.com/articles/240199/Gasoline+Supplies+Run+Low+as+Bulgarian+Fuel+Prices+Rise
1319106744,20260820,USA,USA,IRN,IRN,57,57,5,1,8.0,4,1,4,-2.67857142857143,https://www.novinite.com/articles/240199/Gasoline+Supplies+Run+Low+as+Bulgarian+Fuel+Prices+Rise
1319106745,20260820,USA,USA,IRN,IRN,190,190,19,4,-10.0,10,1,10,-7.8125,https://www.inewsgr.com/330/Meloni-Thought-She-Had-the-Key-to-Trump--Now-MAGA-Is-Becoming-Romes-Biggest-Headache.htm
1319107552,20260820,AFG,AFG,IRN,IRN,60,60,6,2,6.0,4,1,4,-4.57516339869281,https://pajhwok.com/2026/08/20/trump-warns-of-economic-consequences-for-countries-assisting-iran/
1319107553,20260820,AFG,AFG,IRN,IRN,130,130,13,3,-4.4,2,1,2,-4.57516339869281,https://pajhwok.com/2026/08/20/trump-warns-of-economic-consequences-for-countries-assisting-iran/
1319107554,20260820,AFG,AFG,IRN,IRN,130,130,13,3,-4.4,2,1,2,-4.57516339869281,https://pajhwok.com/2026/08/20/trump-warns-of-economic-consequences-for-countries-assisting-iran/
1319107555,20260820,AFG,AFG,IRN,IRN,130,130,13,3,-4.4,10,1,10,-4.57516339869281,https://pajhwok.com/2026/08/20/trump-warns-of-economic-consequences-for-countries-assisting-iran/
1319107927,20260820,GOV,,IRN,IRN,331,33,3,1,5.2,1,1,1,-4.93273542600897,https://www.hurriyetdailynews.com/trump-threatens-countries-aiding-iran-with-economic-penalties-225819
1319107928,20260820,GOV,,IRN,IRN,110,110,11,3,-2.0,1,1,1,-4.93273542600897,https://www.hurriyetdailynews.com/trump-threatens-countries-aiding-iran-with-economic-penalties-225819
1319108060,20260820,IRN,IRN,,,10,10,1,1,0.0,5,1,5,-7.5,https://www.newser.com/story/394966/trump-vows-most-crushing-sanctions-in-iran-war.html
1319108061,20260820,IRN,IRN,,,111,111,11,3,-2.0,530,49,530,-7.55304982605658,https://www.euronews.com/my-europe/2026/08/20/nato-30-rebrand-is-lipstick-on-a-pig-says-former-us-ambassador
1319108062,20260820,IRN,IRN,IRNGOV,IRN,16,16,1,1,-2.0,4,1,4,-5.68181818181818,https://www.newser.com/story/394958/united-arab-emirates-suspends-trade-with-iran.html
1319108063,20260820,IRN,IRN,USA,USA,40,40,4,1,1.0,2,1,2,-1.18110236220472,https://www.euronews.com/my-europe/2026/08/20/nato-30-rebrand-is-lipstick-on-a-pig-says-former-us-ambassador
1319108064,20260820,IRNGOV,IRN,IRN,IRN,16,16,1,1,-2.0,6,1,6,-5.68181818181818,https://www.newser.com/story/394958/united-arab-emirates-suspends-trade-with-iran.html
1319108065,20260820,IRNGOV,IRN,IRNCVL,IRN,174,174,17,4,-5.0,3,1,3,-5.79439252336448,https://www.euronews.com/2026/08/20/us-officials-coordinated-deportation-flights-with-iran-emails-reveal
1319108510,20260820,USA,USA,IRN,IRN,40,40,4,1,1.0,2,1,2,-1.18110236220472,https://www.euronews.com/my-europe/2026/08/20/nato-30-rebrand-is-lipstick-on-a-pig-says-former-us-ambassador
1319108511,20260820,USA,USA,IRN,IRN,163,163,16,4,-8.0,5,1,5,-7.5,https://www.newser.com/story/394966/trump-vows-most-crushing-sanctions-in-iran-war.html
1319108512,20260820,USA,USA,IRN,IRN,190,190,19,4,-10.0,2,1,2,-1.18110236220472,https://www.euronews.com/my-europe/2026/08/20/nato-30-rebrand-is-lipstick-on-a-pig-says-former-us-ambassador
1319108513,20260820,USA,USA,IRNMIL,IRN,10,10,1,1,0.0,2,1,2,-4.93273542600897,https://www.hurriyetdailynews.com/trump-threatens-countries-aiding-iran-with-economic-penalties-225819
1319108514,20260820,USA,USA,IRNMIL,IRN,10,10,1,1,0.0,1,1,1,-4.93273542600897,https://www.hurriyetdailynews.com/trump-threatens-countries-aiding-iran-with-economic-penalties-225819
1319108515,20260820,USA,USA,IRNMIL,IRN,10,10,1,1,0.0,1,1,1,-4.93273542600897,https://www.hurriyetdailynews.com/trump-threatens-countries-aiding-iran-with-economic-penalties-225819
1319108551,20260820,USAGOV,USA,IRN,IRN,331,33,3,1,5.2,1,1,1,-4.93273542600897,https://www.hurriyetdailynews.com/trump-threatens-countries-aiding-iran-with-economic-penalties-225819
1319108552,20260820,USAGOV,USA,IRN,IRN,110,110,11,3,-2.0,1,1,1,-4.93273542600897,https://www.hurriyetdailynews.com/trump-threatens-countries-aiding-iran-with-economic-penalties-225819
1319109560,20260820,,,IRN,IRN,10,10,1,1,0.0,3,2,3,-6.52450583089403,https://www.dailypress.net/opinion/local-columns/2026/08/a-foreseeable-and-dire-munitions-crisis/
1319109561,20260820,,,IRN,IRN,30,30,3,1,4.0,1,1,1,-2.21238938053097,https://keralakaumudi.com/en/en/world/america/do-not-help-iran-in-any-way-the-country-that-does-so-will-face-severe-consequences-warns-trump-1794069
1319109562,20260820,,,IRN,IRN,130,130,13,3,-4.4,5,1,5,-7.18562874251497,https://us.cnn.com/2026/08/20/world/live-news/iran-war-trump
1319109622,20260820,AFG,AFG,IRNGOVAGR,IRN,43,43,4,1,2.8,8,1,8,-1.07238605898124,https://www.khaama.com/irans-pezeshkian-orders-expansion-of-trade-and-transit-cooperation-with-afghanistan/
1319109623,20260820,AFG,AFG,IRNGOVAGR,IRN,43,43,4,1,2.8,2,1,2,-1.07238605898124,https://www.khaama.com/irans-pezeshkian-orders-expansion-of-trade-and-transit-cooperation-with-afghanistan/
1319109646,20260820,ARE,ARE,IRN,IRN,871,87,8,2,9.0,440,1,440,-9.39654020601709,https://veropatriot.iheart.com/content/2026-08-20-trump-declares-crushing-economic-operation-against-iran/
1319109647,20260820,ARE,ARE,IRN,IRN,871,87,8,2,9.0,110,1,110,-9.39654020601709,https://veropatriot.iheart.com/content/2026-08-20-trump-declares-crushing-economic-operation-against-iran/
1319109648,20260820,ARE,ARE,IRN,IRN,172,172,17,4,-5.0,2,1,2,-7.74710596616206,https://tradearabia.com:443/News/466749/Trump-threatens-to-punish-countries-doing-business-with-Iran
1319109649,20260820,ARE,ARE,IRN,IRN,172,172,17,4,-5.0,2,1,2,-7.74710596616206,https://tradearabia.com:443/News/466749/Trump-threatens-to-punish-countries-doing-business-with-Iran
1319110042,20260820,GOV,,IRN,IRN,46,46,4,1,7.0,8,1,8,-7.18562874251497,https://us.cnn.com/2026/08/20/world/live-news/iran-war-trump
1319110156,20260820,IRN,IRN,,,12,12,1,1,-0.4,5,1,5,-7.18562874251497,https://us.cnn.com/2026/08/20/world/live-news/iran-war-trump
1319110157,20260820,IRN,IRN,,,30,30,3,1,4.0,1,1,1,-2.21238938053097,https://keralakaumudi.com/en/en/world/america/do-not-help-iran-in-any-way-the-country-that-does-so-will-face-severe-consequences-warns-trump-1794069
1319110158,20260820,IRN,IRN,,,51,51,5,1,3.4,10,1,10,-4.41558441558441,https://www.dailysabah.com/business/economy/trump-proclaims-unprecedented-economic-warfare-against-iran
1319110159,20260820,IRN,IRN,,,130,130,13,3,-4.4,1100,1,1100,-9.39654020601709,https://veropatriot.iheart.com/content/2026-08-20-trump-declares-crushing-economic-operation-against-iran/
1319110160,20260820,IRN,IRN,GOV,,10,10,1,1,0.0,12,2,12,-7.32590244401266,https://www.dailysabah.com/business/economy/trump-proclaims-unprecedented-economic-warfare-against-iran
1319110161,20260820,IRN,IRN,GOV,,46,46,4,1,7.0,40,5,40,-4.13243824850299,https://us.cnn.com/2026/08/20/world/live-news/iran-war-trump
1319110162,20260820,IRN,IRN,IRNGOV,IRN,46,46,4,1,7.0,10,5,10,-4.13243824850299,https://us.cnn.com/2026/08/20/world/live-news/iran-war-trump
1319110163,20260820,IRN,IRN,IRNGOV,IRN,110,110,11,3,-2.0,112,2,112,-9.39692070425301,https://veropatriot.iheart.com/content/2026-08-20-trump-declares-crushing-economic-operation-against-iran/
1319110164,20260820,IRN,IRN,MED,,10,10,1,1,0.0,4,1,4,-6.14657210401891,https://www.nzherald.co.nz/world/us-president-trump-vows-tremendous-economic-costs-on-iran-partners/KPGN3DHRPRHIDPWOWZXG2465UQ/
1319110165,20260820,IRN,IRN,MOSSUN,,71,71,7,2,7.4,2,1,2,-3.97982062780269,https://allafrica.com/stories/202608200113.html
1319110166,20260820,IRN,IRN,MOSSUN,,71,71,7,2,7.4,6,1,6,-3.97982062780269,https://allafrica.com/stories/202608200113.html
1319110167,20260820,IRN,IRN,MOSSUN,,71,71,7,2,7.4,2,1,2,-3.97982062780269,https://allafrica.com/stories/202608200113.html
1319110168,20260820,IRN,IRN,NGA,NGA,20,20,2,1,3.0,4,1,4,-5.96330275229358,https://dailytrust.com/nearly-6-months-into-us-israel-war-iran-decries-humanitarian-toll/
1319110169,20260820,IRN,IRN,PAK,PAK,10,10,1,1,0.0,10,1,10,-4.53333333333333,https://tribune.com.pk/story/2624795/the-cost-of-escalation
1319110170,20260820,IRN,IRN,PAK,PAK,190,190,19,4,-10.0,8,1,8,-3.78578024007387,https://tribune.com.pk/story/2624891/dar-says-six-pakistani-sailors-return-safely-after-houthi-attack-two-bodies-repatriated
1319110171,20260820,IRN,IRN,PAK,PAK,190,190,19,4,-10.0,2,1,2,-3.78578024007387,https://tribune.com.pk/story/2624891/dar-says-six-pakistani-sailors-return-safely-after-houthi-attack-two-bodies-repatriated
1319110172,20260820,IRN,IRN,USA,USA,20,20,2,1,3.0,10,1,10,-4.53333333333333,https://tribune.com.pk/story/2624795/the-cost-of-escalation
1319110173,20260820,IRNGOV,IRN,,,110,110,11,3,-2.0,358,8,358,-9.27948446881903,https://veropatriot.iheart.com/content/2026-08-20-trump-declares-crushing-economic-operation-against-iran/
1319110174,20260820,IRNGOV,IRN,IRN,IRN,20,20,2,1,3.0,6,1,6,-5.96330275229358,https://dailytrust.com/nearly-6-months-into-us-israel-war-iran-decries-humanitarian-toll/
1319110175,20260820,IRNGOV,IRN,USA,USA,12,12,1,1,-0.4,3,1,3,-6.39147802929427,https://www.dailymail.com/news/article-16066131/Trump-announces-crushing-economic-operation-taken-against-country-does-business-Iran.html
1319110176,20260820,IRNGOVAGR,IRN,AFG,AFG,42,42,4,1,1.9,8,1,8,-1.07238605898124,https://www.khaama.com/irans-pezeshkian-orders-expansion-of-trade-and-transit-cooperation-with-afghanistan/
1319110177,20260820,IRNGOVAGR,IRN,AFG,AFG,42,42,4,1,1.9,2,1,2,-1.07238605898124,https://www.khaama.com/irans-pezeshkian-orders-expansion-of-trade-and-transit-cooperation-with-afghanistan/
1319110183,20260820,ISR,ISR,IRN,IRN,194,194,19,4,-10.0,4,2,4,-4.26356589147287,https://jamaica-gleaner.com/article/world-news/20260820/canada-announces-new-aid-lebanon
1319110184,20260820,ISR,ISR,IRN,IRN,194,194,19,4,-10.0,16,2,16,-4.26356589147287,https://jamaica-gleaner.com/article/world-news/20260820/canada-announces-new-aid-lebanon
1319110376,20260820,MIL,,IRN,IRN,194,194,19,4,-10.0,20,1,20,-7.74710596616206,https://tradearabia.com:443/News/466749/Trump-threatens-to-punish-countries-doing-business-with-Iran
1319110728,20260820,USA,USA,IRN,IRN,71,71,7,2,7.4,2,1,2,-6.39147802929427,https://www.dailymail.com/news/article-16066131/Trump-announces-crushing-economic-operation-taken-against-country-does-business-Iran.html
1319110729,20260820,USA,USA,IRN,IRN,71,71,7,2,7.4,12,2,12,-6.88203807794138,https://www.nzherald.co.nz/world/us-president-trump-vows-tremendous-economic-costs-on-iran-partners/KPGN3DHRPRHIDPWOWZXG2465UQ/
1319110730,20260820,USA,USA,IRN,IRN,194,194,19,4,-10.0,2,1,2,-3.87596899224807,https://jamaica-gleaner.com/article/world-news/20260820/canada-announces-new-aid-lebanon
1319110731,20260820,USA,USA,IRN,IRN,194,194,19,4,-10.0,8,1,8,-3.87596899224807,https://jamaica-gleaner.com/article/world-news/20260820/canada-announces-new-aid-lebanon
1319111927,20260820,CVL,,IRN,IRN,36,36,3,1,4.0,10,1,10,-1.93236714975845,https://www.euronews.com/my-europe/2026/08/20/tourism-hit-by-war-fears-seven-eu-countries-seek-brussels-funding-for-frontline-regions
1319111928,20260820,CVL,,IRN,IRN,42,42,4,1,1.9,3,1,3,-1.93236714975845,https://www.euronews.com/my-europe/2026/08/20/tourism-hit-by-war-fears-seven-eu-countries-seek-brussels-funding-for-frontline-regions
1319111929,20260820,CVL,,IRN,IRN,42,42,4,1,1.9,7,1,7,-1.93236714975845,https://www.euronews.com/my-europe/2026/08/20/tourism-hit-by-war-fears-seven-eu-countries-seek-brussels-funding-for-frontline-regions
1319112232,20260820,IRN,IRN,CVL,,36,36,3,1,4.0,10,1,10,-1.93236714975845,https://www.euronews.com/my-europe/2026/08/20/tourism-hit-by-war-fears-seven-eu-countries-seek-brussels-funding-for-frontline-regions
1319112233,20260820,IRN,IRN,CVL,,43,43,4,1,2.8,10,1,10,-1.93236714975845,https://www.euronews.com/my-europe/2026/08/20/tourism-hit-by-war-fears-seven-eu-countries-seek-brussels-funding-for-frontline-regions
1319112234,20260820,IRN,IRN,GOV,,13,13,1,1,0.4,12,2,12,-5.93078974489742,https://www.dailykos.com/stories/2026/8/19/800086861/community/iww-25-day6/
1319112235,20260820,IRN,IRN,MIL,,42,42,4,1,1.9,4,1,4,-3.14343060058669,http://www.jpost.com/middle-east/iran-news/article-906065
1319112236,20260820,IRN,IRN,MIL,,42,42,4,1,1.9,8,1,8,-3.14343060058669,http://www.jpost.com/middle-east/iran-news/article-906065
1319112237,20260820,IRN,IRN,MIL,,42,42,4,1,1.9,4,1,4,-3.14343060058669,http://www.jpost.com/middle-east/iran-news/article-906065
1319112238,20260820,IRN,IRN,MIL,,51,51,5,1,3.4,4,1,4,-3.14343060058669,http://www.jpost.com/middle-east/iran-news/article-906065
1319112239,20260820,IRN,IRN,MIL,,51,51,5,1,3.4,8,1,4,-3.14343060058669,http://www.jpost.com/middle-east/iran-news/article-906065
1319112452,20260820,MIL,,IRN,IRN,43,43,4,1,2.8,4,1,4,-3.14343060058669,http://www.jpost.com/middle-east/iran-news/article-906065
1319112453,20260820,MIL,,IRN,IRN,43,43,4,1,2.8,4,1,4,-3.14343060058669,http://www.jpost.com/middle-east/iran-news/article-906065
1319112454,20260820,MIL,,IRN,IRN,43,43,4,1,2.8,8,1,4,-3.14343060058669,http://www.jpost.com/middle-east/iran-news/article-906065
1319112474,20260820,MOS,,IRN,IRN,138,138,13,3,-7.0,20,1,20,-3.14343060058669,http://www.jpost.com/middle-east/iran-news/article-906065
1319114055,20260820,FRA,FRA,IRN,IRN,174,174,17,4,-5.0,4,1,4,-5.6918547595682,https://www.asiaone.com/asia/israels-military-investigate-gaza-attacks-and-other-major-developments-middle-east
1319114324,20260820,IRN,IRN,IRQ,IRQ,10,10,1,1,0.0,4,2,4,-5.58981486639821,https://www.asiaone.com/asia/israels-military-investigate-gaza-attacks-and-other-major-developments-middle-east
1319114325,20260820,IRN,IRN,IRQ,IRQ,40,40,4,1,1.0,2,1,2,-5.6918547595682,https://www.asiaone.com/asia/israels-military-investigate-gaza-attacks-and-other-major-developments-middle-east
1319114326,20260820,IRN,IRN,IRQ,IRQ,44,44,4,1,2.5,2,1,2,-5.6918547595682,https://www.asiaone.com/asia/israels-military-investigate-gaza-attacks-and-other-major-developments-middle-east
1319114327,20260820,IRN,IRN,UAF,,10,10,1,1,0.0,2,1,2,-5.6918547595682,https://www.asiaone.com/asia/israels-military-investigate-gaza-attacks-and-other-major-developments-middle-east
1319114328,20260820,IRN,IRN,UAF,,51,51,5,1,3.4,2,1,2,-5.6918547595682,https://www.asiaone.com/asia/israels-military-investigate-gaza-attacks-and-other-major-developments-middle-east
1319114329,20260820,IRN,IRN,USA,USA,46,46,4,1,7.0,2,1,2,-3.72285816949849,https://www.clevelandjewishnews.com/jns/trump-declares-economic-d-day-for-iran/article_41298218-0435-559a-ab58-523b02733a5c.html
1319114330,20260820,IRN,IRN,USA,USA,50,50,5,1,3.5,4,1,4,-3.72285816949849,https://www.clevelandjewishnews.com/jns/trump-declares-economic-d-day-for-iran/article_41298218-0435-559a-ab58-523b02733a5c.html
1319114331,20260820,IRN,IRN,USA,USA,75,75,7,2,7.0,6,2,6,-5.11727405210631,https://www.dailyexcelsior.com/quiet-channel-between-ice-and-iran-shaped-deportation-flights-newly-released-emails-show/
1319114332,20260820,IRN,IRN,USA,USA,80,80,8,2,5.0,5,4,5,-3.75641174296275,https://www.clevelandjewishnews.com/jns/trump-declares-economic-d-day-for-iran/article_41298218-0435-559a-ab58-523b02733a5c.html
1319114333,20260820,IRN,IRN,USA,USA,112,112,11,3,-2.0,4,2,4,-5.26078401308392,https://www.dailyexcelsior.com/quiet-channel-between-ice-and-iran-shaped-deportation-flights-newly-released-emails-show/
1319114334,20260820,IRN,IRN,USA,USA,1124,112,11,3,-2.0,13,3,13,-11.0621436850945,https://www.ynetnews.com/article/rkygl7edgx
1319114335,20260820,IRN,IRN,USA,USA,1124,112,11,3,-2.0,3,2,3,-8.41139734582362,https://www.ynetnews.com/article/rkygl7edgx
1319114336,20260820,IRN,IRN,USA,USA,192,192,19,4,-9.5,2,2,2,-5.26078401308392,https://www.dailyexcelsior.com/quiet-channel-between-ice-and-iran-shaped-deportation-flights-newly-released-emails-show/
1319114337,20260820,IRN,IRN,USA,USA,192,192,19,4,-9.5,4,2,4,-5.26078401308392,https://www.dailyexcelsior.com/quiet-channel-between-ice-and-iran-shaped-deportation-flights-newly-released-emails-show/
1319114338,20260820,IRNGOV,IRN,IRN,IRN,120,120,12,3,-4.0,9,1,9,-8.49772382397573,https://www.cnbcafrica.com/2026/trump-announces-economic-warfare-on-iran-threatens-tremendous-consequences-for-its-backers
1319114339,20260820,IRQ,IRQ,IRN,IRN,40,40,4,1,1.0,2,1,2,-5.6918547595682,https://www.asiaone.com/asia/israels-military-investigate-gaza-attacks-and-other-major-developments-middle-east
1319114340,20260820,IRQ,IRQ,IRN,IRN,44,44,4,1,2.5,2,1,2,-5.6918547595682,https://www.asiaone.com/asia/israels-military-investigate-gaza-attacks-and-other-major-developments-middle-east
1319114738,20260820,USA,USA,IRN,IRN,40,40,4,1,1.0,4,2,4,-5.26078401308392,https://www.dailyexcelsior.com/quiet-channel-between-ice-and-iran-shaped-deportation-flights-newly-released-emails-show/
1319114739,20260820,USA,USA,IRN,IRN,50,50,5,1,3.5,2,1,2,-3.72285816949849,https://www.clevelandjewishnews.com/jns/trump-declares-economic-d-day-for-iran/article_41298218-0435-559a-ab58-523b02733a5c.html
1319114740,20260820,USA,USA,IRN,IRN,173,173,17,4,-5.0,4,2,4,-5.26078401308392,https://www.dailyexcelsior.com/quiet-channel-between-ice-and-iran-shaped-deportation-flights-newly-released-emails-show/
1319114759,20260820,USAGOV,USA,IRNGOV,IRN,186,186,18,4,-10.0,2,1,2,-8.49772382397573,https://www.cnbcafrica.com/2026/trump-announces-economic-warfare-on-iran-threatens-tremendous-consequences-for-its-backers
1319115788,20260820,,,IRN,IRN,130,130,13,3,-4.4,1,1,1,-3.83480825958703,https://www.sentinelassam.com/breakingnews/trump-announces-economic-d-day-against-iran-threatens-sanctions-on-countries-backing-tehran
1319115789,20260820,,,IRN,IRN,130,130,13,3,-4.4,3,1,3,-9.44206008583693,https://www.cnn.com/2026/08/20/world/live-news/iran-war-trump
1319115860,20260820,ARE,ARE,IRN,IRN,112,112,11,3,-2.0,2,1,2,-3.75,https://www.thevermilion.com/trump-announces-economic-war-against-iran-it-will-be-like-d-day-the-conflict-is-spreading-to-russia-and-china/article_19557/
1319115861,20260820,ARE,ARE,IRN,IRN,190,190,19,4,-10.0,2,1,2,-3.75,https://www.thevermilion.com/trump-announces-economic-war-against-iran-it-will-be-like-d-day-the-conflict-is-spreading-to-russia-and-china/article_19557/
1319115862,20260820,ARE,ARE,IRN,IRN,190,190,19,4,-10.0,6,1,6,-3.75,https://www.thevermilion.com/trump-announces-economic-war-against-iran-it-will-be-like-d-day-the-conflict-is-spreading-to-russia-and-china/article_19557/
1319115863,20260820,ARE,ARE,IRN,IRN,190,190,19,4,-10.0,2,1,2,-3.75,https://www.thevermilion.com/trump-announces-economic-war-against-iran-it-will-be-like-d-day-the-conflict-is-spreading-to-russia-and-china/article_19557/
1319115963,20260820,CAN,CAN,IRN,IRN,36,36,3,1,4.0,14,6,14,-3.52217915288765,https://www.brandonsun.com/national/2026/08/20/poilievre-invites-irans-exiled-crown-prince-reza-pahlavi-to-visit-canada
1319115964,20260820,CAN,CAN,IRN,IRN,36,36,3,1,4.0,22,8,20,-3.26811903912203,https://www.brandonsun.com/national/2026/08/20/poilievre-invites-irans-exiled-crown-prince-reza-pahlavi-to-visit-canada
1319115965,20260820,CAN,CAN,IRN,IRN,40,40,4,1,1.0,12,10,12,-3.37600890735974,https://www.brandonsun.com/national/2026/08/20/poilievre-invites-irans-exiled-crown-prince-reza-pahlavi-to-visit-canada
1319115966,20260820,CAN,CAN,IRN,IRN,40,40,4,1,1.0,22,11,22,-3.5696401322318,https://www.brandonsun.com/national/2026/08/20/poilievre-invites-irans-exiled-crown-prince-reza-pahlavi-to-visit-canada
1319115967,20260820,CAN,CAN,IRNELI,IRN,36,36,3,1,4.0,12,10,12,-3.32101234428458,https://www.brandonsun.com/national/2026/08/20/poilievre-invites-irans-exiled-crown-prince-reza-pahlavi-to-visit-canada
1319115968,20260820,CAN,CAN,IRNELI,IRN,36,36,3,1,4.0,9,4,9,-3.4258081434787,https://www.brandonsun.com/national/2026/08/20/poilievre-invites-irans-exiled-crown-prince-reza-pahlavi-to-visit-canada
1319116104,20260820,CVL,,IRN,IRN,40,40,4,1,1.0,90,15,90,-3.49391857617446,https://www.brandonsun.com/national/2026/08/20/poilievre-invites-irans-exiled-crown-prince-reza-pahlavi-to-visit-canada
1319116161,20260820,EUR,EUR,IRN,IRN,180,180,18,4,-9.0,2,1,2,-4.10666666666666,https://www.middleeasteye.net/explainers/explainer-have-european-countries-been-involved-us-israeli-war-iran
1319116162,20260820,EUR,EUR,IRN,IRN,180,180,18,4,-9.0,8,1,8,-4.10666666666666,https://www.middleeasteye.net/explainers/explainer-have-european-countries-been-involved-us-israeli-war-iran
1319116173,20260820,FRA,FRA,IRN,IRN,871,87,8,2,9.0,5,1,5,-4.10666666666666,https://www.middleeasteye.net/explainers/explainer-have-european-countries-been-involved-us-israeli-war-iran
1319116174,20260820,FRA,FRA,IRN,IRN,871,87,8,2,9.0,1,1,1,-4.10666666666666,https://www.middleeasteye.net/explainers/explainer-have-european-countries-been-involved-us-israeli-war-iran
1319116250,20260820,GOV,,IRN,IRN,100,100,10,3,-5.0,45,14,45,-3.51485817715919,https://www.brandonsun.com/national/2026/08/20/poilievre-invites-irans-exiled-crown-prince-reza-pahlavi-to-visit-canada
1319116319,20260820,IRN,IRN,,,12,12,1,1,-0.4,4,1,4,-9.44206008583693,https://www.cnn.com/2026/08/20/world/live-news/iran-war-trump
1319116320,20260820,IRN,IRN,,,241,24,2,1,-0.3,60,14,60,-3.51485817715919,https://www.brandonsun.com/national/2026/08/20/poilievre-invites-irans-exiled-crown-prince-reza-pahlavi-to-visit-canada
1319116321,20260820,IRN,IRN,,,872,87,8,2,9.0,8,2,8,-3.24190744105179,https://www.sentinelassam.com/breakingnews/trump-announces-economic-d-day-against-iran-threatens-sanctions-on-countries-backing-tehran
1319116322,20260820,IRN,IRN,,,872,87,8,2,9.0,1,1,1,-3.83480825958703,https://www.sentinelassam.com/breakingnews/trump-announces-economic-d-day-against-iran-threatens-sanctions-on-countries-backing-tehran
1319116323,20260820,IRN,IRN,BGR,BGR,51,51,5,1,3.4,4,1,4,-4.10666666666666,https://www.middleeasteye.net/explainers/explainer-have-european-countries-been-involved-us-israeli-war-iran
1319116324,20260820,IRN,IRN,CAN,CAN,10,10,1,1,0.0,11,10,11,-3.32101234428458,https://www.brandonsun.com/national/2026/08/20/poilievre-invites-irans-exiled-crown-prince-reza-pahlavi-to-visit-canada
1319116325,20260820,IRN,IRN,CAN,CAN,40,40,4,1,1.0,12,10,12,-3.37600890735974,https://www.brandonsun.com/national/2026/08/20/poilievre-invites-irans-exiled-crown-prince-reza-pahlavi-to-visit-canada
1319116326,20260820,IRN,IRN,CAN,CAN,40,40,4,1,1.0,22,11,22,-3.5696401322318,https://www.brandonsun.com/national/2026/08/20/poilievre-invites-irans-exiled-crown-prince-reza-pahlavi-to-visit-canada
1319116327,20260820,IRN,IRN,CAN,CAN,125,125,12,3,-5.0,13,11,13,-3.5696401322318,https://www.brandonsun.com/national/2026/08/20/poilievre-invites-irans-exiled-crown-prince-reza-pahlavi-to-visit-canada
1319116328,20260820,IRN,IRN,CAN,CAN,125,125,12,3,-5.0,22,11,22,-3.5696401322318,https://www.brandonsun.com/national/2026/08/20/poilievre-invites-irans-exiled-crown-prince-reza-pahlavi-to-visit-canada
1319116329,20260820,IRN,IRN,CVL,,40,40,4,1,1.0,90,15,90,-3.49391857617446,https://www.brandonsun.com/national/2026/08/20/poilievre-invites-irans-exiled-crown-prince-reza-pahlavi-to-visit-canada
1319116330,20260820,IRN,IRN,CVL,,125,125,12,3,-5.0,90,15,90,-3.49391857617446,https://www.brandonsun.com/national/2026/08/20/poilievre-invites-irans-exiled-crown-prince-reza-pahlavi-to-visit-canada
1319116331,20260820,IRN,IRN,ESP,ESP,20,20,2,1,3.0,1,1,1,-4.10666666666666,https://www.middleeasteye.net/explainers/explainer-have-european-countries-been-involved-us-israeli-war-iran
1319116332,20260820,IRN,IRN,ESP,ESP,20,20,2,1,3.0,1,1,1,-4.10666666666666,https://www.middleeasteye.net/explainers/explainer-have-european-countries-been-involved-us-israeli-war-iran
1319116333,20260820,IRN,IRN,FRA,FRA,871,87,8,2,9.0,5,1,5,-4.10666666666666,https://www.middleeasteye.net/explainers/explainer-have-european-countries-been-involved-us-israeli-war-iran
1319116334,20260820,IRN,IRN,FRA,FRA,871,87,8,2,9.0,1,1,1,-4.10666666666666,https://www.middleeasteye.net/explainers/explainer-have-european-countries-been-involved-us-israeli-war-iran
1319116335,20260820,IRN,IRN,GOV,,36,36,3,1,4.0,26,9,26,-3.70985024277746,https://www.brandonsun.com/national/2026/08/20/poilievre-invites-irans-exiled-crown-prince-reza-pahlavi-to-visit-canada
1319116336,20260820,IRN,IRN,GOV,,36,36,3,1,4.0,38,8,38,-3.5102833385358,https://www.brandonsun.com/national/2026/08/20/poilievre-invites-irans-exiled-crown-prince-reza-pahlavi-to-visit-canada
1319116337,20260820,IRN,IRN,IRNGOV,IRN,138,138,13,3,-7.0,1,1,1,-12.2065727699531,https://www.middleeasteye.net/live-blog/live-blog-update/irans-araghchi-says-trumps-economic-d-day-diversion-us-domestic-problems
1319116338,20260820,IRN,IRN,IRNGOV,IRN,138,138,13,3,-7.0,1,1,1,-12.2065727699531,https://www.middleeasteye.net/live-blog/live-blog-update/irans-araghchi-says-trumps-economic-d-day-diversion-us-domestic-problems
1319116339,20260820,IRN,IRN,IRQ,IRQ,36,36,3,1,4.0,2,1,2,-6.08052588331963,http://www.hngnews.com/nation_world/ap-news-summary-at-2-20-a-m-edt/article_5661d9b8-846b-532b-84a2-083620f74e49.html
1319116340,20260820,IRN,IRN,IRQ,IRQ,36,36,3,1,4.0,2,1,2,-6.08052588331963,http://www.hngnews.com/nation_world/ap-news-summary-at-2-20-a-m-edt/article_5661d9b8-846b-532b-84a2-083620f74e49.html
1319116341,20260820,IRN,IRN,IRQ,IRQ,42,42,4,1,1.9,2,1,2,-6.08052588331963,http://www.hngnews.com/nation_world/ap-news-summary-at-2-20-a-m-edt/article_5661d9b8-846b-532b-84a2-083620f74e49.html
1319116342,20260820,IRN,IRN,IRQ,IRQ,42,42,4,1,1.9,2,1,2,-6.08052588331963,http://www.hngnews.com/nation_world/ap-news-summary-at-2-20-a-m-edt/article_5661d9b8-846b-532b-84a2-083620f74e49.html
1319116343,20260820,IRN,IRN,ISR,ISR,111,111,11,3,-2.0,185,25,185,-7.25040962264847,https://www.middleeasteye.net/explainers/explainer-have-european-countries-been-involved-us-israeli-war-iran
1319116344,20260820,IRN,IRN,ISR,ISR,111,111,11,3,-2.0,1,1,1,-4.10666666666666,https://www.middleeasteye.net/explainers/explainer-have-european-countries-been-involved-us-israeli-war-iran
1319116345,20260820,IRN,IRN,PAK,PAK,120,120,12,3,-4.0,2,1,2,-4.10666666666666,https://www.middleeasteye.net/explainers/explainer-have-european-countries-been-involved-us-israeli-war-iran
1319116346,20260820,IRN,IRN,PAK,PAK,120,120,12,3,-4.0,5,1,5,-4.10666666666666,https://www.middleeasteye.net/explainers/explainer-have-european-countries-been-involved-us-israeli-war-iran
1319116347,20260820,IRN,IRN,USA,USA,12,12,1,1,-0.4,4,1,4,-9.46240935326329,https://www.cnn.com/2026/08/20/world/live-news/iran-war-trump
1319116348,20260820,IRN,IRN,USA,USA,43,43,4,1,2.8,10,1,10,-0.41666666666667,https://www.iefimerida.gr/english/athens-alert-over-possible-iran-strikes-us-targets-europe
1319116349,20260820,IRN,IRN,USA,USA,90,90,9,2,-2.0,8,1,8,-0.41666666666667,https://www.iefimerida.gr/english/athens-alert-over-possible-iran-strikes-us-targets-europe
1319116350,20260820,IRN,IRN,USA,USA,110,110,11,3,-2.0,4,1,4,-9.46240935326329,https://www.cnn.com/2026/08/20/world/live-news/iran-war-trump
1319116351,20260820,IRN,IRN,USA,USA,190,190,19,4,-10.0,10,1,10,-0.41666666666667,https://www.iefimerida.gr/english/athens-alert-over-possible-iran-strikes-us-targets-europe
1319116352,20260820,IRN,IRN,USAMIL,USA,50,50,5,1,3.5,10,1,10,-3.75,https://www.thevermilion.com/trump-announces-economic-war-against-iran-it-will-be-like-d-day-the-conflict-is-spreading-to-russia-and-china/article_19557/
1319116353,20260820,IRN,IRN,USAMIL,USA,51,51,5,1,3.4,1,1,1,-4.10666666666666,https://www.middleeasteye.net/explainers/explainer-have-european-countries-been-involved-us-israeli-war-iran
1319116354,20260820,IRN,IRN,USAMIL,USA,51,51,5,1,3.4,3,1,3,-4.10666666666666,https://www.middleeasteye.net/explainers/explainer-have-european-countries-been-involved-us-israeli-war-iran
1319116355,20260820,IRN,IRN,USAMIL,USA,51,51,5,1,3.4,1,1,1,-4.10666666666666,https://www.middleeasteye.net/explainers/explainer-have-european-countries-been-involved-us-israeli-war-iran
1319116356,20260820,IRN,IRN,UZB,UZB,33,33,3,1,5.2,10,1,10,3.9568345323741,https://www.trend.az/casia/uzbekistan/4216466.html
1319116357,20260820,IRNGOV,IRN,EUR,EUR,70,70,7,2,7.0,2,1,2,-4.10666666666666,https://www.middleeasteye.net/explainers/explainer-have-european-countries-been-involved-us-israeli-war-iran
1319116358,20260820,IRNGOV,IRN,EUR,EUR,100,100,10,3,-5.0,2,1,2,-4.10666666666666,https://www.middleeasteye.net/explainers/explainer-have-european-countries-been-involved-us-israeli-war-iran
1319116359,20260820,IRNGOV,IRN,GOV,,110,110,11,3,-2.0,9,3,9,-12.1622547046276,https://www.vanguardngr.com/2026/08/iran-slams-trumps-economic-pressure-plan-as-more-failed-policies/
1319116360,20260820,IRNGOV,IRN,GOV,,111,111,11,3,-2.0,6,1,6,-4.85981308411214,https://news.webindia123.com/news/Articles/World/20260820/4488784.html
1319116361,20260820,IRNGOV,IRN,IRN,IRN,44,44,4,1,2.5,6,1,6,-9.46240935326329,https://www.cnn.com/2026/08/20/world/live-news/iran-war-trump
1319116362,20260820,IRNGOV,IRN,IRNGOV,IRN,44,44,4,1,2.5,6,1,6,-9.44206008583693,https://www.cnn.com/2026/08/20/world/live-news/iran-war-trump
1319116363,20260820,IRNLEG,IRN,IRQ,IRQ,36,36,3,1,4.0,6,1,6,-6.08052588331963,http://www.hngnews.com/nation_world/ap-news-summary-at-2-20-a-m-edt/article_5661d9b8-846b-532b-84a2-083620f74e49.html
1319116364,20260820,IRNLEG,IRN,IRQ,IRQ,42,42,4,1,1.9,6,1,6,-6.08052588331963,http://www.hngnews.com/nation_world/ap-news-summary-at-2-20-a-m-edt/article_5661d9b8-846b-532b-84a2-083620f74e49.html
1319116365,20260820,IRQ,IRQ,IRN,IRN,36,36,3,1,4.0,2,1,2,-6.08052588331963,http://www.hngnews.com/nation_world/ap-news-summary-at-2-20-a-m-edt/article_5661d9b8-846b-532b-84a2-083620f74e49.html
1319116366,20260820,IRQ,IRQ,IRN,IRN,36,36,3,1,4.0,2,1,2,-6.08052588331963,http://www.hngnews.com/nation_world/ap-news-summary-at-2-20-a-m-edt/article_5661d9b8-846b-532b-84a2-083620f74e49.html
1319116367,20260820,IRQ,IRQ,IRN,IRN,43,43,4,1,2.8,2,1,2,-6.08052588331963,http://www.hngnews.com/nation_world/ap-news-summary-at-2-20-a-m-edt/article_5661d9b8-846b-532b-84a2-083620f74e49.html
1319116368,20260820,IRQ,IRQ,IRN,IRN,43,43,4,1,2.8,2,1,2,-6.08052588331963,http://www.hngnews.com/nation_world/ap-news-summary-at-2-20-a-m-edt/article_5661d9b8-846b-532b-84a2-083620f74e49.html
1319116369,20260820,IRQ,IRQ,IRNLEG,IRN,36,36,3,1,4.0,6,1,6,-6.08052588331963,http://www.hngnews.com/nation_world/ap-news-summary-at-2-20-a-m-edt/article_5661d9b8-846b-532b-84a2-083620f74e49.html
1319116370,20260820,IRQ,IRQ,IRNLEG,IRN,43,43,4,1,2.8,6,1,6,-6.08052588331963,http://www.hngnews.com/nation_world/ap-news-summary-at-2-20-a-m-edt/article_5661d9b8-846b-532b-84a2-083620f74e49.html
1319116385,20260820,ISR,ISR,IRN,IRN,190,190,19,4,-10.0,29,15,29,-3.74354044960894,https://www.brandonsun.com/national/2026/08/20/poilievre-invites-irans-exiled-crown-prince-reza-pahlavi-to-visit-canada
1319116421,20260820,ITA,ITA,IRN,IRN,874,87,8,2,10.0,1,1,1,-4.10666666666666,https://www.middleeasteye.net/explainers/explainer-have-european-countries-been-involved-us-israeli-war-iran
1319116422,20260820,ITA,ITA,IRN,IRN,874,87,8,2,10.0,1,1,1,-4.10666666666666,https://www.middleeasteye.net/explainers/explainer-have-european-countries-been-involved-us-israeli-war-iran
1319116423,20260820,ITA,ITA,IRN,IRN,131,131,13,3,-5.8,1,1,1,-4.10666666666666,https://www.middleeasteye.net/explainers/explainer-have-european-countries-been-involved-us-israeli-war-iran
1319116424,20260820,ITA,ITA,IRN,IRN,131,131,13,3,-5.8,1,1,1,-4.10666666666666,https://www.middleeasteye.net/explainers/explainer-have-european-countries-been-involved-us-israeli-war-iran
1319116545,20260820,MILCOPMIL,,IRN,IRN,110,110,11,3,-2.0,2,1,2,-1.143583227446,https://ctmirror.org/2026/08/20/the-benefits-of-war/
1319116546,20260820,MILCOPMIL,,IRN,IRN,110,110,11,3,-2.0,8,1,8,-1.143583227446,https://ctmirror.org/2026/08/20/the-benefits-of-war/
1319116697,20260820,SOM,SOM,IRN,IRN,120,120,12,3,-4.0,6,1,6,-6.91927512355848,https://www.cnbc.com/2026/08/20/somali-pirates-return-iran-war.html
1319116698,20260820,SOM,SOM,IRN,IRN,120,120,12,3,-4.0,2,1,2,-6.91927512355848,https://www.cnbc.com/2026/08/20/somali-pirates-return-iran-war.html
1319116820,20260820,USA,USA,IRN,IRN,42,42,4,1,1.9,10,1,10,-0.41666666666667,https://www.iefimerida.gr/english/athens-alert-over-possible-iran-strikes-us-targets-europe
1319118179,20260820,GOV,,IRN,IRN,10,10,1,1,0.0,1,1,1,-4.06654343807764,https://www.israelnationalnews.com/news/431982
1319118180,20260820,GOV,,IRN,IRN,10,10,1,1,0.0,1,1,1,-4.06654343807764,https://www.israelnationalnews.com/news/431982
1319118181,20260820,GOV,,IRN,IRN,20,20,2,1,3.0,2,1,2,-7.60869565217387,https://www.wvgazettemail.com/opinion/editorial/guest-editorial-no-quick-escape-from-consequences-of-iran-war/article_cf966069-9fee-4560-85de-57f3ebaa6db8.html
1319118182,20260820,GOV,,IRN,IRN,42,42,4,1,1.9,2,1,2,-7.60869565217387,https://www.wvgazettemail.com/opinion/editorial/guest-editorial-no-quick-escape-from-consequences-of-iran-war/article_cf966069-9fee-4560-85de-57f3ebaa6db8.html
1319118289,20260820,IRN,IRN,,,80,80,8,2,5.0,2,1,2,-7.60869565217387,https://www.wvgazettemail.com/opinion/editorial/guest-editorial-no-quick-escape-from-consequences-of-iran-war/article_cf966069-9fee-4560-85de-57f3ebaa6db8.html
1319118290,20260820,IRN,IRN,,,80,80,8,2,5.0,2,1,2,-7.60869565217387,https://www.wvgazettemail.com/opinion/editorial/guest-editorial-no-quick-escape-from-consequences-of-iran-war/article_cf966069-9fee-4560-85de-57f3ebaa6db8.html
1319118291,20260820,IRN,IRN,COP,,186,186,18,4,-10.0,2,2,2,-7.66109713738168,https://www.wvgazettemail.com/opinion/editorial/guest-editorial-no-quick-escape-from-consequences-of-iran-war/article_cf966069-9fee-4560-85de-57f3ebaa6db8.html
1319118292,20260820,IRN,IRN,EDU,,93,93,9,2,-2.0,5,1,5,-6.55737704918033,https://www.siasat.com/iran-consul-general-calls-for-probe-into-minab-school-strike-3527839/
1319118293,20260820,IRN,IRN,GOV,,12,12,1,1,-0.4,2,1,2,-7.60869565217387,https://www.wvgazettemail.com/opinion/editorial/guest-editorial-no-quick-escape-from-consequences-of-iran-war/article_cf966069-9fee-4560-85de-57f3ebaa6db8.html
1319118294,20260820,IRN,IRN,GOV,,43,43,4,1,2.8,2,1,2,-7.60869565217387,https://www.wvgazettemail.com/opinion/editorial/guest-editorial-no-quick-escape-from-consequences-of-iran-war/article_cf966069-9fee-4560-85de-57f3ebaa6db8.html
1319118295,20260820,IRN,IRN,GOV,,181,181,18,4,-9.0,2,1,2,-7.60869565217387,https://www.wvgazettemail.com/opinion/editorial/guest-editorial-no-quick-escape-from-consequences-of-iran-war/article_cf966069-9fee-4560-85de-57f3ebaa6db8.html
1319118296,20260820,IRN,IRN,IRNEDU,IRN,93,93,9,2,-2.0,2,1,2,-6.55737704918033,https://www.siasat.com/iran-consul-general-calls-for-probe-into-minab-school-strike-3527839/
1319118297,20260820,IRN,IRN,MIL,,186,186,18,4,-10.0,1,1,1,-7.60869565217387,https://www.wvgazettemail.com/opinion/editorial/guest-editorial-no-quick-escape-from-consequences-of-iran-war/article_cf966069-9fee-4560-85de-57f3ebaa6db8.html
1319118298,20260820,IRN,IRN,PAK,PAK,190,190,19,4,-10.0,42,15,42,-1.63030307481035,http://www.heraldglobe.com/news/279253534/pakistan-summons-us-diplomat-after-trump-envoy-comments
1319118299,20260820,IRN,IRN,PAK,PAK,190,190,19,4,-10.0,105,15,105,-1.63030307481035,http://www.heraldglobe.com/news/279253534/pakistan-summons-us-diplomat-after-trump-envoy-comments
1319118300,20260820,IRN,IRN,PRK,PRK,50,50,5,1,3.5,4,1,4,-0.84745762711864,https://www.hani.co.kr/arti/english_edition/e_international/1273860.html
1319118301,20260820,IRN,IRN,PRK,PRK,50,50,5,1,3.5,16,1,16,-0.84745762711864,https://www.hani.co.kr/arti/english_edition/e_international/1273860.html
1319118302,20260820,IRN,IRN,USA,USA,12,12,1,1,-0.4,4,3,4,-8.83830991412961,https://www.khaama.com/irans-araghchi-calls-trumps-new-economic-pressure-campaign-a-failed-policy/
1319118303,20260820,IRN,IRN,USA,USA,20,20,2,1,3.0,2,2,2,-5.69596337150901,https://www.israelnationalnews.com/news/431982
1319118304,20260820,IRN,IRN,USA,USA,46,46,4,1,7.0,1,1,1,-4.06654343807764,https://www.israelnationalnews.com/news/431982
1319118305,20260820,IRN,IRN,USA,USA,831,83,8,2,5.0,2,1,2,-7.60869565217387,https://www.wvgazettemail.com/opinion/editorial/guest-editorial-no-quick-escape-from-consequences-of-iran-war/article_cf966069-9fee-4560-85de-57f3ebaa6db8.html
1319118306,20260820,IRN,IRN,USA,USA,831,83,8,2,5.0,2,1,2,-7.60869565217387,https://www.wvgazettemail.com/opinion/editorial/guest-editorial-no-quick-escape-from-consequences-of-iran-war/article_cf966069-9fee-4560-85de-57f3ebaa6db8.html
1319118307,20260820,IRNGOV,IRN,,,20,20,2,1,3.0,2,1,2,-6.55737704918033,https://www.siasat.com/iran-consul-general-calls-for-probe-into-minab-school-strike-3527839/
1319118308,20260820,IRNGOV,IRN,,,90,90,9,2,-2.0,2,1,2,-6.55737704918033,https://www.siasat.com/iran-consul-general-calls-for-probe-into-minab-school-strike-3527839/
1319118309,20260820,IRNGOV,IRN,,,110,110,11,3,-2.0,4,2,4,-5.36871397336513,https://www.premiumtimesng.com/news/headlines/904175-trump-announces-most-crushing-economic-sanctions-on-iran.html
1319118310,20260820,IRNGOV,IRN,EDU,,20,20,2,1,3.0,2,1,2,-6.55737704918033,https://www.siasat.com/iran-consul-general-calls-for-probe-into-minab-school-strike-3527839/
1319118311,20260820,IRNGOV,IRN,EDU,,90,90,9,2,-2.0,2,1,2,-6.55737704918033,https://www.siasat.com/iran-consul-general-calls-for-probe-into-minab-school-strike-3527839/
1319118312,20260820,IRNGOV,IRN,IRN,IRN,110,110,11,3,-2.0,3,2,3,-6.83658637873754,https://www.premiumtimesng.com/news/headlines/904175-trump-announces-most-crushing-economic-sanctions-on-iran.html
1319118313,20260820,IRNGOV,IRN,IRNEDU,IRN,20,20,2,1,3.0,6,1,6,-6.55737704918033,https://www.siasat.com/iran-consul-general-calls-for-probe-into-minab-school-strike-3527839/
1319118314,20260820,IRNGOV,IRN,IRNEDU,IRN,90,90,9,2,-2.0,6,1,6,-6.55737704918033,https://www.siasat.com/iran-consul-general-calls-for-probe-into-minab-school-strike-3527839/
1319118702,20260820,USA,USA,IRN,IRN,46,46,4,1,7.0,1,1,1,-4.06654343807764,https://www.israelnationalnews.com/news/431982
1319118703,20260820,USA,USA,IRN,IRN,130,130,13,3,-4.4,2,1,2,-6.97674418604651,https://www.premiumtimesng.com/news/headlines/904175-trump-announces-most-crushing-economic-sanctions-on-iran.html
1319118704,20260820,USA,USA,IRNGOV,IRN,84,84,8,2,7.0,3,1,3,-5.27777777777777,https://www.siasat.com/us-worked-with-iran-to-deport-iranians-emails-show-3527742/
1319119807,20260820,GOV,,IRN,IRN,10,10,1,1,0.0,6,2,6,-3.54917067425655,https://en.apa.az/america/trump-announces-most-crushing-economic-operation-against-iran-520981
1319119882,20260820,IRN,IRN,IRNGOV,IRN,12,12,1,1,-0.4,4,1,4,-11.0,https://en.apa.az/asia/araghchi-us-economic-d-day-threatens-global-economy-and-sovereignty-520985
1319119883,20260820,IRN,IRN,KOR,KOR,110,110,11,3,-2.0,235,132,235,-1.25994985027961,https://www.winnipegfreepress.com/world/2026/08/20/north-korea-fires-an-unidentified-projectile-off-its-east-coast-south-korea-says
1319119884,20260820,IRN,IRN,KOR,KOR,110,110,11,3,-2.0,10,10,10,-1.3838086657311,https://www.winnipegfreepress.com/world/2026/08/20/north-korea-fires-an-unidentified-projectile-off-its-east-coast-south-korea-says
1319119885,20260820,IRN,IRN,VEN,VEN,57,57,5,1,8.0,240,24,240,-11.5384615384615,https://www.wutc.org/2026-08-20/morning-news-brief
1319119886,20260820,IRNGOV,IRN,,,12,12,1,1,-0.4,6,1,6,-11.0,https://en.apa.az/asia/araghchi-us-economic-d-day-threatens-global-economy-and-sovereignty-520985
1319119887,20260820,IRNGOV,IRN,IRN,IRN,10,10,1,1,0.0,1,1,1,-3.26086956521739,https://en.apa.az/america/trump-announces-most-crushing-economic-operation-against-iran-520981
1319119888,20260820,IRNGOV,IRN,IRN,IRN,44,44,4,1,2.5,2,1,2,-9.48275862068964,https://edition.cnn.com/2026/08/20/world/live-news/iran-war-trump
1319119889,20260820,IRNGOV,IRN,IRNGOV,IRN,44,44,4,1,2.5,6,1,6,-9.48275862068964,https://edition.cnn.com/2026/08/20/world/live-news/iran-war-trump
1319119890,20260820,IRNGOV,IRN,USA,USA,10,10,1,1,0.0,12,2,12,-5.05600433044637,https://paktribune.com/trump-warns-irans-partners-of-tremendous-economic-punishment/
1319120252,20260820,USAGOV,USA,IRN,IRN,10,10,1,1,0.0,2,1,2,-3.26086956521739,https://en.apa.az/america/trump-announces-most-crushing-economic-operation-against-iran-520981
1319120253,20260820,USAGOV,USA,IRN,IRN,10,10,1,1,0.0,5,1,5,-3.26086956521739,https://en.apa.az/america/trump-announces-most-crushing-economic-operation-against-iran-520981
1319120263,20260820,VEN,VEN,IRN,IRN,57,57,5,1,8.0,240,24,240,-11.5384615384615,https://www.wutc.org/2026-08-20/morning-news-brief
1319121257,20260820,,,IRN,IRN,61,61,6,2,6.4,10,1,10,2.18281036834925,https://www.trend.az/casia/4216080.html
1319121329,20260820,ARE,ARE,IRN,IRN,1123,112,11,3,-2.0,30,3,30,-3.54185514661459,https://www.aljazeera.com/news/2026/8/20/are-hormuz-ships-more-willing-to-defy-iran-or-the-us-what-data-shows
1319121340,20260820,AUS,AUS,IRN,IRN,120,120,12,3,-4.0,3,1,3,-3.52,https://www.aljazeera.com/economy/2026/8/20/oil-flows-nearly-tripled-before-us-iran-mou-expired
1319121341,20260820,AUS,AUS,IRN,IRN,120,120,12,3,-4.0,2,1,2,-3.52,https://www.aljazeera.com/economy/2026/8/20/oil-flows-nearly-tripled-before-us-iran-mou-expired
1319121385,20260820,AZEGOV,AZE,IRN,IRN,41,41,4,1,1.0,1,1,1,2.27272727272727,https://www.trend.az/azerbaijan/politics/4216106.html
1319121386,20260820,AZEGOV,AZE,IRN,IRN,41,41,4,1,1.0,1,1,1,2.27272727272727,https://www.trend.az/azerbaijan/politics/4216106.html
1319121417,20260820,BUS,,IRN,IRN,130,130,13,3,-4.4,13,2,13,-7.07582991841796,http://www.econotimes.com/Trump-Threatens-Crushing-Iran-Sanctions-as-Hormuz-Standoff-Deepens-1749977
1319121439,20260820,CHN,CHN,IRN,IRN,61,61,6,2,6.4,10,1,10,-6.70553935860059,http://www.econotimes.com/Trump-Threatens-Economic-Penalties-on-Countries-Supporting-Iran-1749979
1319121553,20260820,FRA,FRA,IRN,IRN,36,36,3,1,4.0,1,1,1,-5.38573508005822,https://www.durangoherald.com/articles/associated-press/israels-military-to-investigate-gaza-attacks-and-other-major-developments-in-the-middle-east/
1319121554,20260820,FRA,FRA,IRN,IRN,174,174,17,4,-5.0,1,1,1,-5.38573508005822,https://www.durangoherald.com/articles/associated-press/israels-military-to-investigate-gaza-attacks-and-other-major-developments-in-the-middle-east/
1319121555,20260820,FRA,FRA,IRN,IRN,174,174,17,4,-5.0,1,1,1,-5.38573508005822,https://www.durangoherald.com/articles/associated-press/israels-military-to-investigate-gaza-attacks-and-other-major-developments-in-the-middle-east/
1319121556,20260820,FRA,FRA,IRNGOV,IRN,174,174,17,4,-5.0,2,1,2,-5.38573508005822,https://www.durangoherald.com/articles/associated-press/israels-military-to-investigate-gaza-attacks-and-other-major-developments-in-the-middle-east/
1319121557,20260820,FRA,FRA,IRNGOV,IRN,174,174,17,4,-5.0,4,1,4,-5.38573508005822,https://www.durangoherald.com/articles/associated-press/israels-military-to-investigate-gaza-attacks-and-other-major-developments-in-the-middle-east/
1319121673,20260820,GOVCOP,,IRN,IRN,40,40,4,1,1.0,6,1,6,2.18281036834925,https://www.trend.az/casia/4216080.html
1319121735,20260820,IRN,IRN,,,163,163,16,4,-8.0,10,1,10,-8.40579710144932,http://www.econotimes.com/Oil-Prices-Rise-as-Trump-Threatens-Tougher-Iran-Economic-Measures-1749973
1319121736,20260820,IRN,IRN,,,191,191,19,4,-9.5,10,1,10,-2.97029702970297,https://www.trend.az/iran/politics/4216255.html
1319121737,20260820,IRN,IRN,AZEGOV,AZE,41,41,4,1,1.0,1,1,1,2.27272727272727,https://www.trend.az/azerbaijan/politics/4216106.html
1319121738,20260820,IRN,IRN,AZEGOV,AZE,41,41,4,1,1.0,1,1,1,2.27272727272727,https://www.trend.az/azerbaijan/politics/4216106.html
1319121739,20260820,IRN,IRN,FRA,FRA,36,36,3,1,4.0,1,1,1,-5.38573508005822,https://www.durangoherald.com/articles/associated-press/israels-military-to-investigate-gaza-attacks-and-other-major-developments-in-the-middle-east/
1319121740,20260820,IRN,IRN,FRA,FRA,172,172,17,4,-5.0,4,1,4,-2.97029702970297,https://www.trend.az/iran/politics/4216255.html
1319121741,20260820,IRN,IRN,FRAGOV,FRA,172,172,17,4,-5.0,6,1,6,-2.97029702970297,https://www.trend.az/iran/politics/4216255.html
1319121742,20260820,IRN,IRN,GOVCOP,,40,40,4,1,1.0,6,1,6,2.18281036834925,https://www.trend.az/casia/4216080.html
1319121743,20260820,IRN,IRN,IRNCOP,IRN,40,40,4,1,1.0,1,1,1,2.18281036834925,https://www.trend.az/casia/4216080.html
1319121744,20260820,IRN,IRN,IRNMIL,IRN,190,190,19,4,-10.0,2,1,2,-5.38573508005822,https://www.durangoherald.com/articles/associated-press/israels-military-to-investigate-gaza-attacks-and-other-major-developments-in-the-middle-east/
1319121745,20260820,IRN,IRN,IRQ,IRQ,10,10,1,1,0.0,1,1,1,-5.38573508005822,https://www.durangoherald.com/articles/associated-press/israels-military-to-investigate-gaza-attacks-and-other-major-developments-in-the-middle-east/
1319121746,20260820,IRN,IRN,IRQ,IRQ,10,10,1,1,0.0,1,1,1,-5.38573508005822,https://www.durangoherald.com/articles/associated-press/israels-military-to-investigate-gaza-attacks-and-other-major-developments-in-the-middle-east/
1319121747,20260820,IRN,IRN,IRQ,IRQ,10,10,1,1,0.0,2,1,2,-5.38573508005822,https://www.durangoherald.com/articles/associated-press/israels-military-to-investigate-gaza-attacks-and-other-major-developments-in-the-middle-east/
1319121748,20260820,IRN,IRN,IRQ,IRQ,40,40,4,1,1.0,2,2,2,-2.15769934431045,https://www.durangoherald.com/articles/associated-press/israels-military-to-investigate-gaza-attacks-and-other-major-developments-in-the-middle-east/
1319121749,20260820,IRN,IRN,IRQ,IRQ,42,42,4,1,1.9,9,3,9,-1.86339540801056,https://www.durangoherald.com/articles/associated-press/israels-military-to-investigate-gaza-attacks-and-other-major-developments-in-the-middle-east/
1319121750,20260820,IRN,IRN,KAZ,KAZ,40,40,4,1,1.0,8,1,8,2.18281036834925,https://www.trend.az/casia/4216080.html
1319121751,20260820,IRN,IRN,KAZ,KAZ,40,40,4,1,1.0,2,1,2,2.18281036834925,https://www.trend.az/casia/4216080.html
1319121752,20260820,IRN,IRN,KAZ,KAZ,50,50,5,1,3.5,8,1,8,2.18281036834925,https://www.trend.az/casia/4216080.html
1319121753,20260820,IRN,IRN,KAZ,KAZ,50,50,5,1,3.5,2,1,2,2.18281036834925,https://www.trend.az/casia/4216080.html
1319121754,20260820,IRN,IRN,TKM,TKM,30,30,3,1,4.0,1,1,1,3.43915343915344,https://www.trend.az/casia/4216241.html
1319121755,20260820,IRN,IRN,TKM,TKM,30,30,3,1,4.0,1,1,1,3.43915343915344,https://www.trend.az/casia/4216241.html
1319121756,20260820,IRN,IRN,TKM,TKM,40,40,4,1,1.0,3,1,2,3.43915343915344,https://www.trend.az/casia/4216241.html
1319121757,20260820,IRN,IRN,TKM,TKM,40,40,4,1,1.0,12,1,8,3.43915343915344,https://www.trend.az/casia/4216241.html
1319121758,20260820,IRN,IRN,TKM,TKM,42,42,4,1,1.9,3,1,3,3.43915343915344,https://www.trend.az/casia/4216241.html
1319121759,20260820,IRN,IRN,TKM,TKM,50,50,5,1,3.5,2,1,2,3.43915343915344,https://www.trend.az/casia/4216241.html
1319121760,20260820,IRN,IRN,TKM,TKM,50,50,5,1,3.5,8,1,8,3.43915343915344,https://www.trend.az/casia/4216241.html
1319121761,20260820,IRN,IRN,UAF,,10,10,1,1,0.0,1,1,1,-5.38573508005822,https://www.durangoherald.com/articles/associated-press/israels-military-to-investigate-gaza-attacks-and-other-major-developments-in-the-middle-east/
1319121762,20260820,IRN,IRN,UAF,,51,51,5,1,3.4,1,1,1,-5.38573508005822,https://www.durangoherald.com/articles/associated-press/israels-military-to-investigate-gaza-attacks-and-other-major-developments-in-the-middle-east/
1319121763,20260820,IRN,IRN,USA,USA,871,87,8,2,9.0,30,3,30,-3.54185514661459,https://www.aljazeera.com/news/2026/8/20/are-hormuz-ships-more-willing-to-defy-iran-or-the-us-what-data-shows
1319121764,20260820,IRN,IRN,UZB,UZB,40,40,4,1,1.0,4,1,4,3.56164383561644,https://www.trend.az/casia/uzbekistan/4216164.html
1319121765,20260820,IRN,IRN,UZB,UZB,40,40,4,1,1.0,1,1,1,3.56164383561644,https://www.trend.az/casia/uzbekistan/4216164.html
1319121766,20260820,IRNCOP,IRN,IRN,IRN,40,40,4,1,1.0,1,1,1,2.18281036834925,https://www.trend.az/casia/4216080.html
1319121767,20260820,IRNCOP,IRN,IRNGOV,IRN,40,40,4,1,1.0,1,1,1,2.18281036834925,https://www.trend.az/casia/4216080.html
1319121768,20260820,IRNGOV,IRN,AFG,AFG,20,20,2,1,3.0,2,1,2,3.34728033472804,https://www.ariananews.af/irans-president-calls-for-facilitation-of-trade-with-afghanistan/
1319121769,20260820,IRNGOV,IRN,AFG,AFG,20,20,2,1,3.0,4,1,4,3.34728033472804,https://www.ariananews.af/irans-president-calls-for-facilitation-of-trade-with-afghanistan/
1319121770,20260820,IRNGOV,IRN,AFG,AFG,20,20,2,1,3.0,2,1,2,3.34728033472804,https://www.ariananews.af/irans-president-calls-for-facilitation-of-trade-with-afghanistan/
1319121771,20260820,IRNGOV,IRN,AFG,AFG,20,20,2,1,3.0,2,1,2,3.34728033472804,https://www.ariananews.af/irans-president-calls-for-facilitation-of-trade-with-afghanistan/
1319121772,20260820,IRNGOV,IRN,AFG,AFG,61,61,6,2,6.4,10,1,10,3.34728033472804,https://www.ariananews.af/irans-president-calls-for-facilitation-of-trade-with-afghanistan/
1319121773,20260820,IRNGOV,IRN,GOV,,10,10,1,1,0.0,10,1,10,-2.97029702970297,https://www.trend.az/iran/politics/4216255.html
1319121774,20260820,IRNGOV,IRN,IRNCOP,IRN,40,40,4,1,1.0,1,1,1,2.18281036834925,https://www.trend.az/casia/4216080.html
1319121775,20260820,IRNGOV,IRN,TKM,TKM,30,30,3,1,4.0,4,1,4,3.43915343915344,https://www.trend.az/casia/4216241.html
1319121776,20260820,IRNGOV,IRN,TKM,TKM,30,30,3,1,4.0,2,1,2,3.43915343915344,https://www.trend.az/casia/4216241.html
1319121777,20260820,IRNGOV,IRN,TKM,TKM,42,42,4,1,1.9,1,1,1,3.43915343915344,https://www.trend.az/casia/4216241.html
1319121778,20260820,IRNGOV,IRN,TKM,TKM,42,42,4,1,1.9,1,1,1,3.43915343915344,https://www.trend.az/casia/4216241.html
1319121779,20260820,IRNLEG,IRN,IRQ,IRQ,10,10,1,1,0.0,6,1,6,-5.38573508005822,https://www.durangoherald.com/articles/associated-press/israels-military-to-investigate-gaza-attacks-and-other-major-developments-in-the-middle-east/
1319121780,20260820,IRNLEG,IRN,IRQ,IRQ,42,42,4,1,1.9,6,1,6,-5.38573508005822,https://www.durangoherald.com/articles/associated-press/israels-military-to-investigate-gaza-attacks-and-other-major-developments-in-the-middle-east/
1319121781,20260820,IRNLEG,IRN,MILMIL,,190,190,19,4,-10.0,6,1,6,-5.38573508005822,https://www.durangoherald.com/articles/associated-press/israels-military-to-investigate-gaza-attacks-and-other-major-developments-in-the-middle-east/
1319121785,20260820,IRQ,IRQ,IRN,IRN,40,40,4,1,1.0,2,2,2,-2.15769934431045,https://www.durangoherald.com/articles/associated-press/israels-military-to-investigate-gaza-attacks-and-other-major-developments-in-the-middle-east/
1319121786,20260820,IRQ,IRQ,IRN,IRN,43,43,4,1,2.8,9,3,9,-1.86339540801056,https://www.durangoherald.com/articles/associated-press/israels-military-to-investigate-gaza-attacks-and-other-major-developments-in-the-middle-east/
1319121787,20260820,IRQ,IRQ,IRN,IRN,190,190,19,4,-10.0,2,1,2,-5.38573508005822,https://www.durangoherald.com/articles/associated-press/israels-military-to-investigate-gaza-attacks-and-other-major-developments-in-the-middle-east/
1319121788,20260820,IRQ,IRQ,IRNLEG,IRN,43,43,4,1,2.8,6,1,6,-5.38573508005822,https://www.durangoherald.com/articles/associated-press/israels-military-to-investigate-gaza-attacks-and-other-major-developments-in-the-middle-east/
1319121789,20260820,IRQ,IRQ,IRNMIL,IRN,190,190,19,4,-10.0,2,1,2,-5.38573508005822,https://www.durangoherald.com/articles/associated-press/israels-military-to-investigate-gaza-attacks-and-other-major-developments-in-the-middle-east/
1319121849,20260820,KAZ,KAZ,IRN,IRN,40,40,4,1,1.0,10,1,10,2.18281036834925,https://www.trend.az/casia/4216080.html
1319121850,20260820,KAZ,KAZ,IRN,IRN,50,50,5,1,3.5,1,1,1,2.18281036834925,https://www.trend.az/casia/4216080.html
1319121851,20260820,KAZ,KAZ,IRN,IRN,50,50,5,1,3.5,1,1,1,2.18281036834925,https://www.trend.az/casia/4216080.html
1319121852,20260820,KAZ,KAZ,IRN,IRN,50,50,5,1,3.5,3,1,3,2.18281036834925,https://www.trend.az/casia/4216080.html
1319121853,20260820,KAZ,KAZ,IRN,IRN,50,50,5,1,3.5,8,1,8,2.18281036834925,https://www.trend.az/casia/4216080.html
1319121854,20260820,KAZ,KAZ,IRN,IRN,50,50,5,1,3.5,2,1,2,2.18281036834925,https://www.trend.az/casia/4216080.html
1319121878,20260820,KGZ,KGZ,IRN,IRN,61,61,6,2,6.4,1,1,1,2.18281036834925,https://www.trend.az/casia/4216080.html
1319121879,20260820,KGZ,KGZ,IRN,IRN,61,61,6,2,6.4,6,1,6,2.18281036834925,https://www.trend.az/casia/4216080.html
1319121880,20260820,KGZ,KGZ,IRN,IRN,61,61,6,2,6.4,1,1,1,2.18281036834925,https://www.trend.az/casia/4216080.html
1319121972,20260820,MIL,,IRN,IRN,120,120,12,3,-4.0,5,1,5,-6.70553935860059,http://www.econotimes.com/Trump-Threatens-Economic-Penalties-on-Countries-Supporting-Iran-1749979
1319122100,20260820,TKM,TKM,IRN,IRN,30,30,3,1,4.0,3,1,3,3.43915343915344,https://www.trend.az/casia/4216241.html
1319122101,20260820,TKM,TKM,IRN,IRN,40,40,4,1,1.0,1,1,1,3.43915343915344,https://www.trend.az/casia/4216241.html
1319122102,20260820,TKM,TKM,IRN,IRN,40,40,4,1,1.0,4,1,4,3.43915343915344,https://www.trend.az/casia/4216241.html
1319122103,20260820,TKM,TKM,IRN,IRN,40,40,4,1,1.0,2,1,2,3.43915343915344,https://www.trend.az/casia/4216241.html
1319122104,20260820,TKM,TKM,IRN,IRN,40,40,4,1,1.0,6,1,6,3.43915343915344,https://www.trend.az/casia/4216241.html
1319122105,20260820,TKM,TKM,IRN,IRN,40,40,4,1,1.0,2,1,2,3.43915343915344,https://www.trend.az/casia/4216241.html
1319122106,20260820,TKM,TKM,IRN,IRN,43,43,4,1,2.8,3,1,3,3.43915343915344,https://www.trend.az/casia/4216241.html
1319122107,20260820,TKM,TKM,IRN,IRN,50,50,5,1,3.5,3,1,2,3.43915343915344,https://www.trend.az/casia/4216241.html
1319122108,20260820,TKM,TKM,IRN,IRN,50,50,5,1,3.5,12,1,8,3.43915343915344,https://www.trend.az/casia/4216241.html
1319122109,20260820,TKM,TKM,IRNGOV,IRN,43,43,4,1,2.8,1,1,1,3.43915343915344,https://www.trend.az/casia/4216241.html
1319122110,20260820,TKM,TKM,IRNGOV,IRN,43,43,4,1,2.8,1,1,1,3.43915343915344,https://www.trend.az/casia/4216241.html
1319122205,20260820,USA,USA,IRN,IRN,356,35,3,1,7.0,30,3,30,-3.54185514661459,https://www.aljazeera.com/news/2026/8/20/are-hormuz-ships-more-willing-to-defy-iran-or-the-us-what-data-shows
1319122206,20260820,USA,USA,IRN,IRN,871,87,8,2,9.0,30,3,30,-3.54185514661459,https://www.aljazeera.com/news/2026/8/20/are-hormuz-ships-more-willing-to-defy-iran-or-the-us-what-data-shows
1319122271,20260820,UZB,UZB,IRN,IRN,40,40,4,1,1.0,5,1,5,3.56164383561644,https://www.trend.az/casia/uzbekistan/4216164.html
1319122277,20260820,YEM,YEM,IRN,IRN,130,130,13,3,-4.4,2,1,2,-2.46153846153846,https://sana.sy/en/international/2337467/
1319122278,20260820,YEM,YEM,IRN,IRN,130,130,13,3,-4.4,8,1,8,-2.46153846153846,https://sana.sy/en/international/2337467/
1319123441,20260820,CHN,CHN,IRN,IRN,110,110,11,3,-2.0,15,2,14,-5.60066786966171,https://aa.com.tr/en/asia-pacific/china-pushes-back-against-trump-s-economic-d-day-campaign-against-iran/4032409
1319123442,20260820,CHN,CHN,IRN,IRN,110,110,11,3,-2.0,4,1,4,-5.3030303030303,https://aa.com.tr/en/asia-pacific/china-pushes-back-against-trump-s-economic-d-day-campaign-against-iran/4032409
1319123773,20260820,IGOUNO,,IRNGOV,IRN,36,36,3,1,4.0,8,1,8,-5.02706883217324,https://www.americanthinker.com/articles/2026/08/the-islamic-republic-of-nyc/
1319123774,20260820,IGOUNO,,IRNGOV,IRN,36,36,3,1,4.0,2,1,2,-5.02706883217324,https://www.americanthinker.com/articles/2026/08/the-islamic-republic-of-nyc/
1319123830,20260820,IRN,IRN,IRNGOVBUS,IRN,61,61,6,2,6.4,2,1,2,-1.65631469979296,https://aa.com.tr/en/economy/iranian-central-bank-says-oil-exports-have-fallen-to-zero-amid-war-sanctions/4032489
1319123831,20260820,IRN,IRN,IRNGOVBUS,IRN,61,61,6,2,6.4,2,1,2,-1.65631469979296,https://aa.com.tr/en/economy/iranian-central-bank-says-oil-exports-have-fallen-to-zero-amid-war-sanctions/4032489
1319123832,20260820,IRN,IRN,IRQ,IRQ,42,42,4,1,1.9,6,1,6,-1.65631469979296,https://aa.com.tr/en/economy/iranian-central-bank-says-oil-exports-have-fallen-to-zero-amid-war-sanctions/4032489
1319123833,20260820,IRN,IRN,KOR,KOR,40,40,4,1,1.0,56,28,56,-1.55803595296925,https://www.wral.com/news/ap/b3af0-north-korea-fires-an-unidentified-projectile-off-its-east-coast-south-korea-says/
1319123834,20260820,IRN,IRN,USA,USA,120,120,12,3,-4.0,2,1,2,-8.36236933797913,https://aa.com.tr/en/middle-east/iranian-foreign-minister-says-trump-s-economic-d-day-will-bring-us-further-defeat-/4032351
1319123835,20260820,IRNCOP,IRN,USA,USA,12,12,1,1,-0.4,6,1,6,-8.36236933797913,https://aa.com.tr/en/middle-east/iranian-foreign-minister-says-trump-s-economic-d-day-will-bring-us-further-defeat-/4032351
1319123836,20260820,IRNCOP,IRN,USA,USA,120,120,12,3,-4.0,6,1,6,-8.36236933797913,https://aa.com.tr/en/middle-east/iranian-foreign-minister-says-trump-s-economic-d-day-will-bring-us-further-defeat-/4032351
1319123837,20260820,IRNGOV,IRN,IGOUNO,,36,36,3,1,4.0,4,1,4,-5.02706883217324,https://www.americanthinker.com/articles/2026/08/the-islamic-republic-of-nyc/
1319123838,20260820,IRNGOV,IRN,IGOUNO,,36,36,3,1,4.0,6,1,6,-5.02706883217324,https://www.americanthinker.com/articles/2026/08/the-islamic-republic-of-nyc/
1319123839,20260820,IRNGOVBUS,IRN,,,61,61,6,2,6.4,6,1,6,-1.65631469979296,https://aa.com.tr/en/economy/iranian-central-bank-says-oil-exports-have-fallen-to-zero-amid-war-sanctions/4032489
1319123840,20260820,IRQ,IRQ,IRN,IRN,43,43,4,1,2.8,6,1,6,-1.65631469979296,https://aa.com.tr/en/economy/iranian-central-bank-says-oil-exports-have-fallen-to-zero-amid-war-sanctions/4032489
1319123852,20260820,ISR,ISR,IRN,IRN,111,111,11,3,-2.0,2,1,2,-2.30582524271844,https://aa.com.tr/en/opinion/opinion-the-economic-winners-and-losers-of-the-us-israel-iran-war/4032560
1319123853,20260820,ISR,ISR,IRN,IRN,111,111,11,3,-2.0,6,1,6,-2.30582524271844,https://aa.com.tr/en/opinion/opinion-the-economic-winners-and-losers-of-the-us-israel-iran-war/4032560
1319123854,20260820,ISR,ISR,IRN,IRN,111,111,11,3,-2.0,2,1,2,-6.12629594721961,https://www.theguardian.com/commentisfree/ng-interactive/2026/aug/20/iran-political-prisoners
1319123855,20260820,ISR,ISR,IRN,IRN,111,111,11,3,-2.0,2,1,2,-2.30582524271844,https://aa.com.tr/en/opinion/opinion-the-economic-winners-and-losers-of-the-us-israel-iran-war/4032560
1319123856,20260820,ISR,ISR,IRN,IRN,180,180,18,4,-9.0,1,1,1,-6.12629594721961,https://www.theguardian.com/commentisfree/ng-interactive/2026/aug/20/iran-political-prisoners
1319123857,20260820,ISR,ISR,IRN,IRN,180,180,18,4,-9.0,1,1,1,-6.12629594721961,https://www.theguardian.com/commentisfree/ng-interactive/2026/aug/20/iran-political-prisoners
1319123865,20260820,ISRMIL,ISR,IRN,IRN,111,111,11,3,-2.0,3,1,3,-6.12629594721961,https://www.theguardian.com/commentisfree/ng-interactive/2026/aug/20/iran-political-prisoners
1319123866,20260820,ISRMIL,ISR,IRN,IRN,180,180,18,4,-9.0,1,1,1,-6.12629594721961,https://www.theguardian.com/commentisfree/ng-interactive/2026/aug/20/iran-political-prisoners
1319123867,20260820,ISRMIL,ISR,IRN,IRN,180,180,18,4,-9.0,3,1,3,-6.12629594721961,https://www.theguardian.com/commentisfree/ng-interactive/2026/aug/20/iran-political-prisoners
1319123868,20260820,ISRMIL,ISR,IRN,IRN,180,180,18,4,-9.0,1,1,1,-6.12629594721961,https://www.theguardian.com/commentisfree/ng-interactive/2026/aug/20/iran-political-prisoners
1319123953,20260820,KOR,KOR,IRN,IRN,40,40,4,1,1.0,56,28,56,-1.55803595296925,https://www.wral.com/news/ap/b3af0-north-korea-fires-an-unidentified-projectile-off-its-east-coast-south-korea-says/
1319124350,20260820,USA,USA,IRN,IRN,111,111,11,3,-2.0,1,1,1,-2.30582524271844,https://aa.com.tr/en/opinion/opinion-the-economic-winners-and-losers-of-the-us-israel-iran-war/4032560
1319124351,20260820,USA,USA,IRN,IRN,111,111,11,3,-2.0,6,1,6,-2.30582524271844,https://aa.com.tr/en/opinion/opinion-the-economic-winners-and-losers-of-the-us-israel-iran-war/4032560
1319124352,20260820,USA,USA,IRN,IRN,111,111,11,3,-2.0,1,1,1,-2.30582524271844,https://aa.com.tr/en/opinion/opinion-the-economic-winners-and-losers-of-the-us-israel-iran-war/4032560
1319124353,20260820,USA,USA,IRN,IRN,138,138,13,3,-7.0,13,2,13,-3.48365623956122,https://aa.com.tr/en/opinion/opinion-the-economic-winners-and-losers-of-the-us-israel-iran-war/4032560
1319125517,20260820,,,IRN,IRN,43,43,4,1,2.8,6,1,6,-4.30327868852459,https://news.az/news/us-goal-is-to-plunder-regional-resources-irans-qalibaf-t-ells-iraqi-president
1319125561,20260820,ARE,ARE,IRN,IRN,46,46,4,1,7.0,2,1,2,-3.7174721189591,https://www.chronicle.lu/category/international/62959-trump-warns-of-economic-consequences-for-any-country-that-supports-iran
1319125562,20260820,ARE,ARE,IRN,IRN,46,46,4,1,7.0,2,1,2,-3.7174721189591,https://www.chronicle.lu/category/international/62959-trump-warns-of-economic-consequences-for-any-country-that-supports-iran
1319126018,20260820,GOV,,IRN,IRN,40,40,4,1,1.0,2,1,2,-3.7174721189591,https://www.chronicle.lu/category/international/62959-trump-warns-of-economic-consequences-for-any-country-that-supports-iran
1319126068,20260820,GOVMIL,,IRN,IRN,190,190,19,4,-10.0,5,1,5,-3.7174721189591,https://www.chronicle.lu/category/international/62959-trump-warns-of-economic-consequences-for-any-country-that-supports-iran
1319126165,20260820,IRN,IRN,,,42,42,4,1,1.9,5,1,5,-4.30327868852459,https://news.az/news/us-goal-is-to-plunder-regional-resources-irans-qalibaf-t-ells-iraqi-president
1319126166,20260820,IRN,IRN,,,42,42,4,1,1.9,1,1,1,-4.30327868852459,https://news.az/news/us-goal-is-to-plunder-regional-resources-irans-qalibaf-t-ells-iraqi-president
1319126167,20260820,IRN,IRN,,,51,51,5,1,3.4,14,2,14,-2.78903311196768,https://news.az/news/us-goal-is-to-plunder-regional-resources-irans-qalibaf-t-ells-iraqi-president
1319126168,20260820,IRN,IRN,,,172,172,17,4,-5.0,10,1,10,-7.80780780780781,https://www.moneycontrol.com/world/why-the-uae-s-iran-trade-ban-could-deepen-tehran-s-economic-isolation-article-14011461.html
1319126169,20260820,IRN,IRN,ARE,ARE,46,46,4,1,7.0,2,1,2,-3.7174721189591,https://www.chronicle.lu/category/international/62959-trump-warns-of-economic-consequences-for-any-country-that-supports-iran
1319126170,20260820,IRN,IRN,ARE,ARE,46,46,4,1,7.0,2,1,2,-3.7174721189591,https://www.chronicle.lu/category/international/62959-trump-warns-of-economic-consequences-for-any-country-that-supports-iran
1319126171,20260820,IRN,IRN,GOV,,163,163,16,4,-8.0,2,1,2,-10.1063829787234,https://www.thenews.com.pk/latest/1412892-iran-fm-hits-back-at-trumps-economic-d-day-warns-of-us-defeat
1319126172,20260820,IRN,IRN,IRQ,IRQ,1121,112,11,3,-2.0,1,1,1,-4.30327868852459,https://news.az/news/us-goal-is-to-plunder-regional-resources-irans-qalibaf-t-ells-iraqi-president
1319126173,20260820,IRN,IRN,IRQ,IRQ,1121,112,11,3,-2.0,1,1,1,-4.30327868852459,https://news.az/news/us-goal-is-to-plunder-regional-resources-irans-qalibaf-t-ells-iraqi-president
1319126174,20260820,IRN,IRN,KOR,KOR,110,110,11,3,-2.0,55,27,55,-1.82500888328084,https://www.perthnow.com.au/news/conflict/nkorea-fires-a-suspected-missile-towards-the-sea-c-22755318
1319126175,20260820,IRN,IRN,OPP,,112,112,11,3,-2.0,4,1,4,-12.5925925925926,https://news.az/news/iran-executes-man-over-charges-linked-to-january-protests
1319126176,20260820,IRN,IRN,OPP,,173,173,17,4,-5.0,4,1,4,-12.5925925925926,https://news.az/news/iran-executes-man-over-charges-linked-to-january-protests
1319126177,20260820,IRN,IRN,RUS,RUS,50,50,5,1,3.5,2,1,2,0.32154340836013,https://www.moneycontrol.com/world/iran-is-rebuilding-its-arsenal-here-s-how-russia-and-china-are-helping-article-14011456.html
1319126178,20260820,IRN,IRN,USA,USA,194,194,19,4,-10.0,2,1,2,-7.80780780780781,https://www.moneycontrol.com/world/why-the-uae-s-iran-trade-ban-could-deepen-tehran-s-economic-isolation-article-14011461.html
1319126179,20260820,IRN,IRN,USA,USA,194,194,19,4,-10.0,8,1,8,-7.80780780780781,https://www.moneycontrol.com/world/why-the-uae-s-iran-trade-ban-could-deepen-tehran-s-economic-isolation-article-14011461.html
1319126180,20260820,IRNCOP,IRN,,,141,141,14,3,-6.5,5,1,5,-12.5925925925926,https://news.az/news/iran-executes-man-over-charges-linked-to-january-protests
1319126181,20260820,IRNCOP,IRN,USAMED,USA,141,141,14,3,-6.5,5,1,5,-12.5925925925926,https://news.az/news/iran-executes-man-over-charges-linked-to-january-protests
1319126182,20260820,IRNGOV,IRN,OPP,,112,112,11,3,-2.0,6,1,6,-12.5925925925926,https://news.az/news/iran-executes-man-over-charges-linked-to-january-protests
1319126183,20260820,IRNGOV,IRN,OPP,,173,173,17,4,-5.0,6,1,6,-12.5925925925926,https://news.az/news/iran-executes-man-over-charges-linked-to-january-protests
1319126184,20260820,IRNLEG,IRN,IRQ,IRQ,40,40,4,1,1.0,6,1,6,-1.27388535031848,https://en.shafaqna.com/472104/ghalibaf-meets-iraqs-judicial-council-chief-in-baghdad/
1319126185,20260820,IRNLEG,IRN,IRQ,IRQ,42,42,4,1,1.9,5,2,5,-2.43179690888752,https://en.shafaqna.com/472104/ghalibaf-meets-iraqs-judicial-council-chief-in-baghdad/
1319126186,20260820,IRNLEG,IRN,IRQ,IRQ,43,43,4,1,2.8,3,1,3,-1.27388535031848,https://en.shafaqna.com/472104/ghalibaf-meets-iraqs-judicial-council-chief-in-baghdad/
1319126187,20260820,IRQ,IRQ,IRNLEG,IRN,40,40,4,1,1.0,6,1,6,-1.27388535031848,https://en.shafaqna.com/472104/ghalibaf-meets-iraqs-judicial-council-chief-in-baghdad/
1319126188,20260820,IRQ,IRQ,IRNLEG,IRN,42,42,4,1,1.9,3,1,3,-1.27388535031848,https://en.shafaqna.com/472104/ghalibaf-meets-iraqs-judicial-council-chief-in-baghdad/
1319126189,20260820,IRQ,IRQ,IRNLEG,IRN,43,43,4,1,2.8,3,1,3,-1.27388535031848,https://en.shafaqna.com/472104/ghalibaf-meets-iraqs-judicial-council-chief-in-baghdad/
1319126436,20260820,RUS,RUS,IRN,IRN,50,50,5,1,3.5,2,1,2,0.32154340836013,https://www.moneycontrol.com/world/iran-is-rebuilding-its-arsenal-here-s-how-russia-and-china-are-helping-article-14011456.html
1319126476,20260820,SPY,,IRN,IRN,51,51,5,1,3.4,2,1,2,0.32154340836013,https://www.moneycontrol.com/world/iran-is-rebuilding-its-arsenal-here-s-how-russia-and-china-are-helping-article-14011456.html
1319126477,20260820,SPY,,IRN,IRN,51,51,5,1,3.4,8,1,8,0.32154340836013,https://www.moneycontrol.com/world/iran-is-rebuilding-its-arsenal-here-s-how-russia-and-china-are-helping-article-14011456.html
1319126557,20260820,USA,USA,IRN,IRN,100,100,10,3,-5.0,2,1,2,-4.30327868852459,https://news.az/news/us-goal-is-to-plunder-regional-resources-irans-qalibaf-t-ells-iraqi-president
1319126558,20260820,USA,USA,IRN,IRN,100,100,10,3,-5.0,4,1,4,-4.30327868852459,https://news.az/news/us-goal-is-to-plunder-regional-resources-irans-qalibaf-t-ells-iraqi-president
1319126559,20260820,USA,USA,IRN,IRN,100,100,10,3,-5.0,4,1,4,-4.30327868852459,https://news.az/news/us-goal-is-to-plunder-regional-resources-irans-qalibaf-t-ells-iraqi-president
1319126560,20260820,USA,USA,IRN,IRN,190,190,19,4,-10.0,6,1,6,0.32154340836013,https://www.moneycontrol.com/world/iran-is-rebuilding-its-arsenal-here-s-how-russia-and-china-are-helping-article-14011456.html
1319126561,20260820,USA,USA,IRN,IRN,190,190,19,4,-10.0,2,1,2,0.32154340836013,https://www.moneycontrol.com/world/iran-is-rebuilding-its-arsenal-here-s-how-russia-and-china-are-helping-article-14011456.html
1319127625,20260820,,,IRN,IRN,12,12,1,1,-0.4,4,4,4,-3.369140625,http://www.azerbaijannews.net/news/279252231/trump-talks-with-iran-may-resume-at-some-point
1319127626,20260820,,,IRN,IRN,128,128,12,3,-5.0,24,10,24,-3.86490119114801,http://www.azerbaijannews.net/news/279253601/trump-warns-of-economic-measures-for-countries-supporting-iran
1319127627,20260820,,,IRN,IRN,128,128,12,3,-5.0,4,4,4,-3.369140625,http://www.azerbaijannews.net/news/279252231/trump-talks-with-iran-may-resume-at-some-point
1319127628,20260820,,,IRN,IRN,130,130,13,3,-4.4,4,4,4,-3.369140625,http://www.azerbaijannews.net/news/279252231/trump-talks-with-iran-may-resume-at-some-point
1319127980,20260820,FRA,FRA,IRN,IRN,42,42,4,1,1.9,8,4,8,-3.369140625,http://www.azerbaijannews.net/news/279252231/trump-talks-with-iran-may-resume-at-some-point
1319127981,20260820,FRA,FRA,IRN,IRN,42,42,4,1,1.9,4,4,4,-3.369140625,http://www.azerbaijannews.net/news/279252231/trump-talks-with-iran-may-resume-at-some-point
1319127982,20260820,FRA,FRA,IRN,IRN,112,112,11,3,-2.0,8,4,8,-3.369140625,http://www.azerbaijannews.net/news/279252231/trump-talks-with-iran-may-resume-at-some-point
1319127983,20260820,FRA,FRA,IRN,IRN,112,112,11,3,-2.0,8,4,8,-3.369140625,http://www.azerbaijannews.net/news/279252231/trump-talks-with-iran-may-resume-at-some-point
1319127984,20260820,FRA,FRA,IRN,IRN,112,112,11,3,-2.0,16,4,16,-3.369140625,http://www.azerbaijannews.net/news/279252231/trump-talks-with-iran-may-resume-at-some-point
1319127985,20260820,FRA,FRA,IRN,IRN,112,112,11,3,-2.0,8,4,8,-3.369140625,http://www.azerbaijannews.net/news/279252231/trump-talks-with-iran-may-resume-at-some-point
1319127986,20260820,FRA,FRA,IRN,IRN,120,120,12,3,-4.0,8,4,8,-3.369140625,http://www.azerbaijannews.net/news/279252231/trump-talks-with-iran-may-resume-at-some-point
1319127987,20260820,FRA,FRA,IRN,IRN,120,120,12,3,-4.0,24,4,24,-3.369140625,http://www.azerbaijannews.net/news/279252231/trump-talks-with-iran-may-resume-at-some-point
1319127988,20260820,FRA,FRA,IRN,IRN,120,120,12,3,-4.0,8,4,8,-3.369140625,http://www.azerbaijannews.net/news/279252231/trump-talks-with-iran-may-resume-at-some-point
1319127989,20260820,FRA,FRA,IRN,IRN,130,130,13,3,-4.4,8,4,8,-3.369140625,http://www.azerbaijannews.net/news/279252231/trump-talks-with-iran-may-resume-at-some-point
1319127990,20260820,FRA,FRA,IRN,IRN,130,130,13,3,-4.4,24,4,24,-3.369140625,http://www.azerbaijannews.net/news/279252231/trump-talks-with-iran-may-resume-at-some-point
1319127991,20260820,FRA,FRA,IRN,IRN,130,130,13,3,-4.4,8,4,8,-3.369140625,http://www.azerbaijannews.net/news/279252231/trump-talks-with-iran-may-resume-at-some-point
1319127992,20260820,FRA,FRA,IRN,IRN,138,138,13,3,-7.0,12,4,12,-3.369140625,http://www.azerbaijannews.net/news/279252231/trump-talks-with-iran-may-resume-at-some-point
1319127993,20260820,FRA,FRA,IRN,IRN,172,172,17,4,-5.0,4,4,4,-3.369140625,http://www.azerbaijannews.net/news/279252231/trump-talks-with-iran-may-resume-at-some-point
1319127994,20260820,FRA,FRA,IRN,IRN,173,173,17,4,-5.0,8,4,8,-3.369140625,http://www.azerbaijannews.net/news/279252231/trump-talks-with-iran-may-resume-at-some-point
1319127995,20260820,FRA,FRA,IRN,IRN,173,173,17,4,-5.0,8,4,8,-3.369140625,http://www.azerbaijannews.net/news/279252231/trump-talks-with-iran-may-resume-at-some-point
1319127996,20260820,FRA,FRA,IRN,IRN,174,174,17,4,-5.0,4,4,4,-3.369140625,http://www.azerbaijannews.net/news/279252231/trump-talks-with-iran-may-resume-at-some-point
1319127997,20260820,FRA,FRA,IRN,IRN,174,174,17,4,-5.0,4,4,4,-3.369140625,http://www.azerbaijannews.net/news/279252231/trump-talks-with-iran-may-resume-at-some-point
1319127998,20260820,FRA,FRA,IRNGOV,IRN,174,174,17,4,-5.0,12,4,12,-3.369140625,http://www.azerbaijannews.net/news/279252231/trump-talks-with-iran-may-resume-at-some-point
1319128006,20260820,FRAGOV,FRA,IRN,IRN,173,173,17,4,-5.0,24,4,24,-3.369140625,http://www.azerbaijannews.net/news/279252231/trump-talks-with-iran-may-resume-at-some-point
1319128007,20260820,FRAGOV,FRA,IRN,IRN,174,174,17,4,-5.0,8,4,8,-3.369140625,http://www.azerbaijannews.net/news/279252231/trump-talks-with-iran-may-resume-at-some-point
1319128008,20260820,FRAGOV,FRA,IRN,IRN,174,174,17,4,-5.0,32,4,32,-3.369140625,http://www.azerbaijannews.net/news/279252231/trump-talks-with-iran-may-resume-at-some-point
1319128125,20260820,GOV,,IRN,IRN,46,46,4,1,7.0,80,10,80,-4.06320541760722,http://www.azerbaijannews.net/news/279253601/trump-warns-of-economic-measures-for-countries-supporting-iran
1319128126,20260820,GOV,,IRN,IRN,46,46,4,1,7.0,32,4,32,-3.369140625,http://www.azerbaijannews.net/news/279252231/trump-talks-with-iran-may-resume-at-some-point
1319128127,20260820,GOV,,IRN,IRN,50,50,5,1,3.5,80,10,80,-4.06320541760722,http://www.azerbaijannews.net/news/279253601/trump-warns-of-economic-measures-for-countries-supporting-iran
1319128189,20260820,GOVMIL,,IRN,IRN,10,10,1,1,0.0,4,1,4,-3.93900889453621,https://www.theepochtimes.com/business/oil-climbs-on-middle-east-supply-risks-as-us-tightens-pressure-on-iran-6077364
1319128190,20260820,GOVMIL,,IRN,IRN,10,10,1,1,0.0,1,1,1,-3.93900889453621,https://www.theepochtimes.com/business/oil-climbs-on-middle-east-supply-risks-as-us-tightens-pressure-on-iran-6077364
1319128191,20260820,GOVMIL,,IRN,IRN,161,161,16,4,-4.0,5,1,5,-3.93900889453621,https://www.theepochtimes.com/business/oil-climbs-on-middle-east-supply-risks-as-us-tightens-pressure-on-iran-6077364
1319128192,20260820,GOVMIL,,IRN,IRN,194,194,19,4,-10.0,4,1,4,-3.93900889453621,https://www.theepochtimes.com/business/oil-climbs-on-middle-east-supply-risks-as-us-tightens-pressure-on-iran-6077364
1319128193,20260820,GOVMIL,,IRN,IRN,194,194,19,4,-10.0,1,1,1,-3.93900889453621,https://www.theepochtimes.com/business/oil-climbs-on-middle-east-supply-risks-as-us-tightens-pressure-on-iran-6077364
1319128232,20260820,IRN,IRN,,,10,10,1,1,0.0,40,10,40,-4.06320541760722,http://www.azerbaijannews.net/news/279253601/trump-warns-of-economic-measures-for-countries-supporting-iran
1319128233,20260820,IRN,IRN,,,120,120,12,3,-4.0,3,1,3,-5.08982035928144,https://www.finanznachrichten.de/nachrichten-2026-08/69362660-trump-threatens-iran-and-its-supporters-with-tougher-economic-measures-020.htm
1319128234,20260820,IRN,IRN,,,173,173,17,4,-5.0,10,10,10,-4.06320541760722,http://www.azerbaijannews.net/news/279253601/trump-warns-of-economic-measures-for-countries-supporting-iran
1319128235,20260820,IRN,IRN,,,193,193,19,4,-10.0,4,4,4,-3.369140625,http://www.azerbaijannews.net/news/279252231/trump-talks-with-iran-may-resume-at-some-point
1319128236,20260820,IRN,IRN,,,193,193,19,4,-10.0,30,10,30,-4.06320541760722,http://www.azerbaijannews.net/news/279253601/trump-warns-of-economic-measures-for-countries-supporting-iran
1319128237,20260820,IRN,IRN,,,193,193,19,4,-10.0,20,10,20,-4.06320541760722,http://www.azerbaijannews.net/news/279253601/trump-warns-of-economic-measures-for-countries-supporting-iran
1319128238,20260820,IRN,IRN,FRA,FRA,10,10,1,1,0.0,8,4,8,-3.369140625,http://www.azerbaijannews.net/news/279252231/trump-talks-with-iran-may-resume-at-some-point
1319128239,20260820,IRN,IRN,FRA,FRA,10,10,1,1,0.0,8,4,8,-3.369140625,http://www.azerbaijannews.net/news/279252231/trump-talks-with-iran-may-resume-at-some-point
1319128240,20260820,IRN,IRN,FRA,FRA,43,43,4,1,2.8,8,4,8,-3.369140625,http://www.azerbaijannews.net/news/279252231/trump-talks-with-iran-may-resume-at-some-point
1319128241,20260820,IRN,IRN,FRA,FRA,43,43,4,1,2.8,4,4,4,-3.369140625,http://www.azerbaijannews.net/news/279252231/trump-talks-with-iran-may-resume-at-some-point
1319128242,20260820,IRN,IRN,GOV,,10,10,1,1,0.0,4,4,4,-3.369140625,http://www.azerbaijannews.net/news/279252231/trump-talks-with-iran-may-resume-at-some-point
1319128243,20260820,IRN,IRN,GOV,,10,10,1,1,0.0,4,4,4,-3.369140625,http://www.azerbaijannews.net/news/279252231/trump-talks-with-iran-may-resume-at-some-point
1319128244,20260820,IRN,IRN,GOV,,46,46,4,1,7.0,80,10,80,-4.06320541760722,http://www.azerbaijannews.net/news/279253601/trump-warns-of-economic-measures-for-countries-supporting-iran
1319128245,20260820,IRN,IRN,GOV,,50,50,5,1,3.5,80,10,80,-4.06320541760722,http://www.azerbaijannews.net/news/279253601/trump-warns-of-economic-measures-for-countries-supporting-iran
1319128246,20260820,IRN,IRN,GOV,,101,101,10,3,-5.0,4,1,4,-5.04050405040504,https://www.cbsnews.com/news/ice-iran-deport-more-than-100-iranians-to-iran-2025-2026/
1319128247,20260820,IRN,IRN,IRNGOV,IRN,46,46,4,1,7.0,20,10,20,-4.06320541760722,http://www.azerbaijannews.net/news/279253601/trump-warns-of-economic-measures-for-countries-supporting-iran
1319128248,20260820,IRN,IRN,IRNGOV,IRN,50,50,5,1,3.5,8,4,8,-3.369140625,http://www.azerbaijannews.net/news/279252231/trump-talks-with-iran-may-resume-at-some-point
1319128249,20260820,IRN,IRN,IRNGOV,IRN,50,50,5,1,3.5,20,10,20,-4.06320541760722,http://www.azerbaijannews.net/news/279253601/trump-warns-of-economic-measures-for-countries-supporting-iran
1319128250,20260820,IRN,IRN,IRNMIL,IRN,12,12,1,1,-0.4,9,2,9,-5.23827345309381,https://www.finanznachrichten.de/nachrichten-2026-08/69362660-trump-threatens-iran-and-its-supporters-with-tougher-economic-measures-020.htm
1319128251,20260820,IRN,IRN,IRNMIL,IRN,72,72,7,2,8.3,28,10,28,-3.86490119114801,http://www.azerbaijannews.net/news/279253601/trump-warns-of-economic-measures-for-countries-supporting-iran
1319128252,20260820,IRN,IRN,IRNMIL,IRN,72,72,7,2,8.3,28,10,28,-3.86490119114801,http://www.azerbaijannews.net/news/279253601/trump-warns-of-economic-measures-for-countries-supporting-iran
1319128253,20260820,IRN,IRN,IRNMOS,IRN,173,173,17,4,-5.0,10,10,10,-4.06320541760722,http://www.azerbaijannews.net/news/279253601/trump-warns-of-economic-measures-for-countries-supporting-iran
1319128254,20260820,IRN,IRN,IRNMOS,IRN,173,173,17,4,-5.0,10,10,10,-4.06320541760722,http://www.azerbaijannews.net/news/279253601/trump-warns-of-economic-measures-for-countries-supporting-iran
1319128255,20260820,IRN,IRN,IRQ,IRQ,10,10,1,1,0.0,1,1,1,-5.11182108626198,https://www.arkansasonline.com/news/2026/aug/20/uae-halts-all-trade-to-iran-after-barrage/
1319128256,20260820,IRN,IRN,IRQ,IRQ,46,46,4,1,7.0,27,10,27,-4.08757726319264,http://www.azerbaijannews.net/news/279252231/trump-talks-with-iran-may-resume-at-some-point
1319128257,20260820,IRN,IRN,IRQ,IRQ,46,46,4,1,7.0,10,10,10,-4.06320541760722,http://www.azerbaijannews.net/news/279253601/trump-warns-of-economic-measures-for-countries-supporting-iran
1319128258,20260820,IRN,IRN,MED,,10,10,1,1,0.0,4,4,4,-3.369140625,http://www.azerbaijannews.net/news/279252231/trump-talks-with-iran-may-resume-at-some-point
1319128259,20260820,IRN,IRN,PGS,PGS,105,105,10,3,-5.0,212,10,212,-4.08757726319264,http://www.azerbaijannews.net/news/279253601/trump-warns-of-economic-measures-for-countries-supporting-iran
1319128260,20260820,IRN,IRN,PGS,PGS,130,130,13,3,-4.4,212,10,212,-4.08757726319264,http://www.azerbaijannews.net/news/279253601/trump-warns-of-economic-measures-for-countries-supporting-iran
1319128261,20260820,IRN,IRN,UAF,,10,10,1,1,0.0,1,1,1,-5.11182108626198,https://www.arkansasonline.com/news/2026/aug/20/uae-halts-all-trade-to-iran-after-barrage/
1319128262,20260820,IRN,IRN,UAF,,51,51,5,1,3.4,1,1,1,-5.11182108626198,https://www.arkansasonline.com/news/2026/aug/20/uae-halts-all-trade-to-iran-after-barrage/
1319128263,20260820,IRN,IRN,USAMIL,USA,70,70,7,2,7.0,212,10,212,-4.08757726319264,http://www.azerbaijannews.net/news/279253601/trump-warns-of-economic-measures-for-countries-supporting-iran
1319128264,20260820,IRNGOV,IRN,,,120,120,12,3,-4.0,5,1,5,-3.93900889453621,https://www.theepochtimes.com/business/oil-climbs-on-middle-east-supply-risks-as-us-tightens-pressure-on-iran-6077364
1319128265,20260820,IRNGOV,IRN,IRN,IRN,10,10,1,1,0.0,1,1,1,-3.93900889453621,https://www.theepochtimes.com/business/oil-climbs-on-middle-east-supply-risks-as-us-tightens-pressure-on-iran-6077364
1319128266,20260820,IRNGOV,IRN,IRN,IRN,10,10,1,1,0.0,4,1,4,-3.93900889453621,https://www.theepochtimes.com/business/oil-climbs-on-middle-east-supply-risks-as-us-tightens-pressure-on-iran-6077364
1319128267,20260820,IRNGOV,IRN,IRN,IRN,46,46,4,1,7.0,20,10,20,-4.06320541760722,http://www.azerbaijannews.net/news/279253601/trump-warns-of-economic-measures-for-countries-supporting-iran
1319128268,20260820,IRNGOV,IRN,IRN,IRN,50,50,5,1,3.5,8,4,8,-3.369140625,http://www.azerbaijannews.net/news/279252231/trump-talks-with-iran-may-resume-at-some-point
1319128269,20260820,IRNGOV,IRN,IRN,IRN,50,50,5,1,3.5,20,10,20,-4.06320541760722,http://www.azerbaijannews.net/news/279253601/trump-warns-of-economic-measures-for-countries-supporting-iran
1319128270,20260820,IRNGOV,IRN,IRN,IRN,120,120,12,3,-4.0,5,1,5,-3.93900889453621,https://www.theepochtimes.com/business/oil-climbs-on-middle-east-supply-risks-as-us-tightens-pressure-on-iran-6077364
1319128271,20260820,IRNLEG,IRN,IRNMIL,IRN,72,72,7,2,8.3,84,10,84,-3.86490119114801,http://www.azerbaijannews.net/news/279253601/trump-warns-of-economic-measures-for-countries-supporting-iran
1319128272,20260820,IRNLEG,IRN,IRQGOV,IRQ,46,46,4,1,7.0,69,10,69,-4.08757726319264,http://www.azerbaijannews.net/news/279253601/trump-warns-of-economic-measures-for-countries-supporting-iran
1319128273,20260820,IRNMIL,IRN,USA,USA,12,12,1,1,-0.4,2,1,2,-5.08982035928144,https://www.finanznachrichten.de/nachrichten-2026-08/69362660-trump-threatens-iran-and-its-supporters-with-tougher-economic-measures-020.htm
1319128274,20260820,IRQ,IRQ,IRN,IRN,46,46,4,1,7.0,27,10,27,-4.08757726319264,http://www.azerbaijannews.net/news/279252231/trump-talks-with-iran-may-resume-at-some-point
1319128275,20260820,IRQ,IRQ,IRN,IRN,46,46,4,1,7.0,10,10,10,-4.06320541760722,http://www.azerbaijannews.net/news/279253601/trump-warns-of-economic-measures-for-countries-supporting-iran
1319128281,20260820,IRQGOV,IRQ,IRNLEG,IRN,46,46,4,1,7.0,69,10,69,-4.08757726319264,http://www.azerbaijannews.net/news/279253601/trump-warns-of-economic-measures-for-countries-supporting-iran
1319128287,20260820,ISR,ISR,IRN,IRN,194,194,19,4,-10.0,8,1,8,-5.11182108626198,https://www.arkansasonline.com/news/2026/aug/20/uae-halts-all-trade-to-iran-after-barrage/
1319128288,20260820,ISR,ISR,IRN,IRN,194,194,19,4,-10.0,2,1,2,-5.11182108626198,https://www.arkansasonline.com/news/2026/aug/20/uae-halts-all-trade-to-iran-after-barrage/
1319128315,20260820,JUD,,IRN,IRN,1123,112,11,3,-2.0,60,10,60,-4.06320541760722,http://www.azerbaijannews.net/news/279253601/trump-warns-of-economic-measures-for-countries-supporting-iran
1319128316,20260820,JUD,,IRN,IRN,1123,112,11,3,-2.0,130,10,130,-4.23882708175951,http://www.azerbaijannews.net/news/279253601/trump-warns-of-economic-measures-for-countries-supporting-iran
1319128781,20260820,USA,USA,IRN,IRN,120,120,12,3,-4.0,1,1,1,-5.08982035928144,https://www.finanznachrichten.de/nachrichten-2026-08/69362660-trump-threatens-iran-and-its-supporters-with-tougher-economic-measures-020.htm
1319128782,20260820,USA,USA,IRN,IRN,120,120,12,3,-4.0,1,1,1,-5.08982035928144,https://www.finanznachrichten.de/nachrichten-2026-08/69362660-trump-threatens-iran-and-its-supporters-with-tougher-economic-measures-020.htm
1319128783,20260820,USA,USA,IRN,IRN,120,120,12,3,-4.0,1,1,1,-5.08982035928144,https://www.finanznachrichten.de/nachrichten-2026-08/69362660-trump-threatens-iran-and-its-supporters-with-tougher-economic-measures-020.htm
1319128784,20260820,USA,USA,IRN,IRN,120,120,12,3,-4.0,1,1,1,-5.08982035928144,https://www.finanznachrichten.de/nachrichten-2026-08/69362660-trump-threatens-iran-and-its-supporters-with-tougher-economic-measures-020.htm
1319129810,20260820,,,IRN,IRN,14,14,1,1,0.0,6,1,6,-5.3125,https://www.rttnews.com/3682489/trump-threatens-iran-and-its-supporters-with-tougher-economic-measures.aspx
1319129811,20260820,,,IRN,IRN,14,14,1,1,0.0,2,1,2,-5.3125,https://www.rttnews.com/3682489/trump-threatens-iran-and-its-supporters-with-tougher-economic-measures.aspx
1319129812,20260820,,,IRN,IRN,14,14,1,1,0.0,12,1,12,-5.3125,https://www.rttnews.com/3682489/trump-threatens-iran-and-its-supporters-with-tougher-economic-measures.aspx
1319129964,20260820,BUS,,IRN,IRN,112,112,11,3,-2.0,10,2,10,-6.84410646387833,https://www.ibtimes.com.au/escalating-tensions-strait-hormuz-us-iran-standoff-1874306
1319129978,20260820,CAN,CAN,IRN,IRN,36,36,3,1,4.0,12,6,12,-3.42879365670576,https://www.pentictonherald.ca/news/national_news/article_1a483bff-476c-52ba-94ba-5536726c8ec8.html
1319129979,20260820,CAN,CAN,IRNELI,IRN,36,36,3,1,4.0,1,1,1,-3.30760749724366,https://lethbridgeherald.com/news/national-news/2026/08/20/poilievre-invites-irans-exiled-crown-prince-reza-pahlavi-to-visit-canada/
1319129980,20260820,CAN,CAN,IRNELI,IRN,36,36,3,1,4.0,5,5,5,-3.21889751449863,https://www.pentictonherald.ca/news/national_news/article_1a483bff-476c-52ba-94ba-5536726c8ec8.html
1319130335,20260820,IRN,IRN,,,16,16,1,1,-2.0,10,2,10,-6.84410646387833,https://www.ibtimes.com.au/escalating-tensions-strait-hormuz-us-iran-standoff-1874306
1319130336,20260820,IRN,IRN,BUS,,190,190,19,4,-10.0,2,2,2,-6.84410646387833,https://www.ibtimes.com.au/escalating-tensions-strait-hormuz-us-iran-standoff-1874306
1319130337,20260820,IRN,IRN,BUS,,190,190,19,4,-10.0,8,2,8,-6.84410646387833,https://www.ibtimes.com.au/escalating-tensions-strait-hormuz-us-iran-standoff-1874306
1319130338,20260820,IRN,IRN,GOV,,36,36,3,1,4.0,22,3,16,-3.27730455466611,https://lethbridgeherald.com/news/national-news/2026/08/20/poilievre-invites-irans-exiled-crown-prince-reza-pahlavi-to-visit-canada/
1319130339,20260820,IRN,IRN,GOV,,110,110,11,3,-2.0,119,24,119,-7.48709791415748,https://www.independent.co.uk/news/world/middle-east/iran-us-war-live-trump-hormuz-oil-uae-nuclear-weapons-b3036080.html
1319130340,20260820,IRN,IRN,IRNMED,IRN,110,110,11,3,-2.0,2,1,2,-9.78384527872578,https://www.samaa.tv/2087355486-trump-threatens-iran-with-unprecedented-economic-warfare
1319130341,20260820,IRN,IRN,ISR,ISR,180,180,18,4,-9.0,8,1,8,-5.84343991179713,https://www.observertoday.com/opinion/commentary/2026/08/sorting-through-the-war-mideast-mess/
1319130342,20260820,IRN,IRN,ISR,ISR,180,180,18,4,-9.0,2,1,2,-5.84343991179713,https://www.observertoday.com/opinion/commentary/2026/08/sorting-through-the-war-mideast-mess/
1319130343,20260820,IRN,IRN,ISRMIL,ISR,353,35,3,1,7.0,1,1,1,-4.82076637824475,https://www.newyorker.com/news/global-notes/after-six-months-of-war-trump-is-still-losing-to-iran
1319130344,20260820,IRN,IRN,ISRMIL,ISR,353,35,3,1,7.0,1,1,1,-4.82076637824475,https://www.newyorker.com/news/global-notes/after-six-months-of-war-trump-is-still-losing-to-iran
1319130345,20260820,IRN,IRN,KOR,KOR,110,110,11,3,-2.0,19,19,19,-1.62162162162162,https://www.4029tv.com/article/north-korea-fires-unidentified-projectile-august-2026/73481702
1319130346,20260820,IRN,IRN,KOR,KOR,160,160,16,4,-4.0,1,1,1,-1.23565754633716,https://www.washingtonexaminer.com/news/4694121/north-korea-trump-scaled-back-drills-south-korea-changes-nothing/
1319130347,20260820,IRN,IRN,USA,USA,13,13,1,1,0.4,1,1,1,-9.78384527872578,https://www.samaa.tv/2087355486-trump-threatens-iran-with-unprecedented-economic-warfare
1319130348,20260820,IRN,IRN,USA,USA,13,13,1,1,0.4,2,1,2,-4.82076637824475,https://www.newyorker.com/news/global-notes/after-six-months-of-war-trump-is-still-losing-to-iran
1319130349,20260820,IRN,IRN,USA,USA,13,13,1,1,0.4,1,1,1,-9.78384527872578,https://www.samaa.tv/2087355486-trump-threatens-iran-with-unprecedented-economic-warfare
1319130350,20260820,IRNMED,IRN,,,110,110,11,3,-2.0,2,1,2,-9.78384527872578,https://www.samaa.tv/2087355486-trump-threatens-iran-with-unprecedented-economic-warfare
1319130351,20260820,IRNMIL,IRN,IRN,IRN,12,12,1,1,-0.4,4,1,4,-5.3125,https://www.rttnews.com/3682489/trump-threatens-iran-and-its-supporters-with-tougher-economic-measures.aspx
1319130352,20260820,IRNMOS,IRN,MIL,,130,130,13,3,-4.4,10,1,10,-9.78384527872578,https://www.samaa.tv/2087355486-trump-threatens-iran-with-unprecedented-economic-warfare
1319130404,20260820,KOR,KOR,IRN,IRN,20,20,2,1,3.0,1,1,1,-1.23565754633716,https://www.washingtonexaminer.com/news/4694121/north-korea-trump-scaled-back-drills-south-korea-changes-nothing/
1319130405,20260820,KOR,KOR,IRN,IRN,30,30,3,1,4.0,1,1,1,-1.23565754633716,https://www.washingtonexaminer.com/news/4694121/north-korea-trump-scaled-back-drills-south-korea-changes-nothing/
1319130406,20260820,KOR,KOR,IRN,IRN,51,51,5,1,3.4,1,1,1,-1.23565754633716,https://www.washingtonexaminer.com/news/4694121/north-korea-trump-scaled-back-drills-south-korea-changes-nothing/
1319130724,20260820,USA,USA,IRN,IRN,10,10,1,1,0.0,4,2,4,-4.03639944928498,https://www.newyorker.com/news/global-notes/after-six-months-of-war-trump-is-still-losing-to-iran
1319130725,20260820,USA,USA,IRN,IRN,13,13,1,1,0.4,1,1,1,-4.82076637824475,https://www.newyorker.com/news/global-notes/after-six-months-of-war-trump-is-still-losing-to-iran
1319130726,20260820,USA,USA,IRN,IRN,13,13,1,1,0.4,1,1,1,-4.82076637824475,https://www.newyorker.com/news/global-notes/after-six-months-of-war-trump-is-still-losing-to-iran
1319130727,20260820,USA,USA,IRN,IRN,110,110,11,3,-2.0,2,1,2,-4.82076637824475,https://www.newyorker.com/news/global-notes/after-six-months-of-war-trump-is-still-losing-to-iran
1319130728,20260820,USA,USA,IRN,IRN,1244,124,12,3,-4.0,10,1,10,-9.78384527872578,https://www.samaa.tv/2087355486-trump-threatens-iran-with-unprecedented-economic-warfare
1319131889,20260820,,,IRN,IRN,30,30,3,1,4.0,2,1,2,-5.69236980218006,https://www.presstv.co.uk/Detail/2026/08/20/774714/Why-Iran-links-any-war-ending-deal-to-ending-US-Israeli-aggression-across-all-fronts
1319131890,20260820,,,IRN,IRN,46,46,4,1,7.0,15,5,15,-0.47619047619048,https://salinapost.com/posts/6db401cb-c850-4d07-8a15-ce6b5a8ce819
1319132033,20260820,BUS,,IRN,IRN,130,130,13,3,-4.4,1,1,1,-2.77185501066098,https://cbn.com/news/israel/trump-boosts-economic-pressure-iran-warns-other-countries-us-navy-moves-oil-overnight
1319132034,20260820,BUS,,IRN,IRN,130,130,13,3,-4.4,4,1,4,-2.77185501066098,https://cbn.com/news/israel/trump-boosts-economic-pressure-iran-warns-other-countries-us-navy-moves-oil-overnight
1319132124,20260820,CVL,,IRNCRM,IRN,190,190,19,4,-10.0,3,1,3,-7.56302521008403,https://www.thehindu.com/news/national/tamil-nadu/inquiry-causing-delay-in-repatriation-of-tamil-nadu-fishermans-body-from-saudi-arabia-minister-aadhav-arjuna/article71368417.ece
1319132317,20260820,GOV,,IRN,IRN,190,190,19,4,-10.0,8,1,8,-5.69236980218006,https://www.presstv.co.uk/Detail/2026/08/20/774714/Why-Iran-links-any-war-ending-deal-to-ending-US-Israeli-aggression-across-all-fronts
1319132318,20260820,GOV,,IRN,IRN,190,190,19,4,-10.0,2,1,2,-5.69236980218006,https://www.presstv.co.uk/Detail/2026/08/20/774714/Why-Iran-links-any-war-ending-deal-to-ending-US-Israeli-aggression-across-all-fronts
1319132427,20260820,IRN,IRN,,,10,10,1,1,0.0,2,1,2,-5.69236980218006,https://www.presstv.co.uk/Detail/2026/08/20/774714/Why-Iran-links-any-war-ending-deal-to-ending-US-Israeli-aggression-across-all-fronts
1319132428,20260820,IRN,IRN,,,10,10,1,1,0.0,2,1,2,-5.69236980218006,https://www.presstv.co.uk/Detail/2026/08/20/774714/Why-Iran-links-any-war-ending-deal-to-ending-US-Israeli-aggression-across-all-fronts
1319132429,20260820,IRN,IRN,,,12,12,1,1,-0.4,9,2,9,-9.64096749811037,https://www.presstv.co.uk/Detail/2026/08/20/774716/Iran-US-Araghchi-defeat-Trump-economic-terrorism
1319132430,20260820,IRN,IRN,,,13,13,1,1,0.4,20,5,20,-0.47619047619048,https://salinapost.com/posts/6db401cb-c850-4d07-8a15-ce6b5a8ce819
1319132431,20260820,IRN,IRN,,,71,71,7,2,7.4,2,1,2,-3.95817774458551,https://www.gatestoneinstitute.org/22802/palestinians-preferred-leaders-terrorists
1319132432,20260820,IRN,IRN,,,110,110,11,3,-2.0,336,41,336,-7.18701298258715,https://www.winnipegfreepress.com/world/2026/08/20/iran-dismisses-us-economic-threats-and-other-developments-in-the-middle-east
1319132433,20260820,IRN,IRN,,,120,120,12,3,-4.0,4,1,4,-11.1124689396717,https://www.presstv.co.uk/Detail/2026/08/20/774716/Iran-US-Araghchi-defeat-Trump-economic-terrorism
1319132434,20260820,IRN,IRN,,,120,120,12,3,-4.0,20,5,20,-0.47619047619048,https://salinapost.com/posts/6db401cb-c850-4d07-8a15-ce6b5a8ce819
1319132435,20260820,IRN,IRN,,,130,130,13,3,-4.4,1,1,1,-2.77185501066098,https://cbn.com/news/israel/trump-boosts-economic-pressure-iran-warns-other-countries-us-navy-moves-oil-overnight
1319132436,20260820,IRN,IRN,,,130,130,13,3,-4.4,4,1,4,-2.77185501066098,https://cbn.com/news/israel/trump-boosts-economic-pressure-iran-warns-other-countries-us-navy-moves-oil-overnight
1319132437,20260820,IRN,IRN,GOV,,138,138,13,3,-7.0,28,3,28,-5.80145719489982,https://www.vanguardngr.com/2026/08/iran-guards-say-saudi-arabia-wont-be-able-to-contain-yemens-houthis/
1319132438,20260820,IRN,IRN,GOV,,190,190,19,4,-10.0,8,1,8,-5.69236980218006,https://www.presstv.co.uk/Detail/2026/08/20/774714/Why-Iran-links-any-war-ending-deal-to-ending-US-Israeli-aggression-across-all-fronts
1319132439,20260820,IRN,IRN,GOV,,190,190,19,4,-10.0,2,1,2,-5.69236980218006,https://www.presstv.co.uk/Detail/2026/08/20/774714/Why-Iran-links-any-war-ending-deal-to-ending-US-Israeli-aggression-across-all-fronts
1319132440,20260820,IRN,IRN,LBN,LBN,10,10,1,1,0.0,10,1,10,-5.69236980218006,https://www.presstv.co.uk/Detail/2026/08/20/774714/Why-Iran-links-any-war-ending-deal-to-ending-US-Israeli-aggression-across-all-fronts
1319132441,20260820,IRN,IRN,LBN,LBN,36,36,3,1,4.0,8,1,8,-5.69236980218006,https://www.presstv.co.uk/Detail/2026/08/20/774714/Why-Iran-links-any-war-ending-deal-to-ending-US-Israeli-aggression-across-all-fronts
1319132442,20260820,IRN,IRN,LBN,LBN,36,36,3,1,4.0,2,1,2,-5.69236980218006,https://www.presstv.co.uk/Detail/2026/08/20/774714/Why-Iran-links-any-war-ending-deal-to-ending-US-Israeli-aggression-across-all-fronts
1319132443,20260820,IRN,IRN,MIL,,872,87,8,2,9.0,1,1,1,-5.69236980218006,https://www.presstv.co.uk/Detail/2026/08/20/774714/Why-Iran-links-any-war-ending-deal-to-ending-US-Israeli-aggression-across-all-fronts
1319132444,20260820,IRN,IRN,MIL,,872,87,8,2,9.0,4,1,4,-5.69236980218006,https://www.presstv.co.uk/Detail/2026/08/20/774714/Why-Iran-links-any-war-ending-deal-to-ending-US-Israeli-aggression-across-all-fronts
1319132445,20260820,IRN,IRN,PSE,PSE,20,20,2,1,3.0,1,1,1,-3.95817774458551,https://www.gatestoneinstitute.org/22802/palestinians-preferred-leaders-terrorists
1319132446,20260820,IRN,IRN,PSE,PSE,20,20,2,1,3.0,4,1,4,-3.95817774458551,https://www.gatestoneinstitute.org/22802/palestinians-preferred-leaders-terrorists
1319132447,20260820,IRN,IRN,PSE,PSE,51,51,5,1,3.4,1,1,1,-3.95817774458551,https://www.gatestoneinstitute.org/22802/palestinians-preferred-leaders-terrorists
1319132448,20260820,IRN,IRN,PSE,PSE,51,51,5,1,3.4,4,1,4,-3.95817774458551,https://www.gatestoneinstitute.org/22802/palestinians-preferred-leaders-terrorists
1319132449,20260820,IRN,IRN,USA,USA,46,46,4,1,7.0,10,5,10,-0.47619047619048,https://salinapost.com/posts/6db401cb-c850-4d07-8a15-ce6b5a8ce819
1319132450,20260820,IRN,IRN,USA,USA,46,46,4,1,7.0,10,5,10,-0.47619047619048,https://salinapost.com/posts/6db401cb-c850-4d07-8a15-ce6b5a8ce819
1319132451,20260820,IRN,IRN,USA,USA,110,110,11,3,-2.0,8,1,8,-5.69236980218006,https://www.presstv.co.uk/Detail/2026/08/20/774714/Why-Iran-links-any-war-ending-deal-to-ending-US-Israeli-aggression-across-all-fronts
1319132452,20260820,IRN,IRN,USA,USA,110,110,11,3,-2.0,2,1,2,-5.69236980218006,https://www.presstv.co.uk/Detail/2026/08/20/774714/Why-Iran-links-any-war-ending-deal-to-ending-US-Israeli-aggression-across-all-fronts
1319132453,20260820,IRN,IRN,YEM,YEM,40,40,4,1,1.0,2,1,2,-5.33333333333334,https://www.presstv.co.uk/Detail/2026/08/20/774722/Iran-IRGC-missiles-weapons
1319132454,20260820,IRN,IRN,YEM,YEM,40,40,4,1,1.0,2,1,2,-5.33333333333334,https://www.presstv.co.uk/Detail/2026/08/20/774722/Iran-IRGC-missiles-weapons
1319132455,20260820,IRN,IRN,YEM,YEM,110,110,11,3,-2.0,6,3,6,-5.80145719489982,https://www.vanguardngr.com/2026/08/iran-guards-say-saudi-arabia-wont-be-able-to-contain-yemens-houthis/
1319132456,20260820,IRN,IRN,YEM,YEM,110,110,11,3,-2.0,16,2,16,-5.83333333333333,https://www.vanguardngr.com/2026/08/iran-guards-say-saudi-arabia-wont-be-able-to-contain-yemens-houthis/
1319132498,20260820,JUD,,IRNMOS,IRN,112,112,11,3,-2.0,10,1,10,-8.66935483870965,https://www.defenseone.com/threats/2026/08/doj-charges-17-iranians-cybertheft-campaign/415536/
1319132553,20260820,LBN,LBN,IRN,IRN,36,36,3,1,4.0,8,1,8,-5.69236980218006,https://www.presstv.co.uk/Detail/2026/08/20/774714/Why-Iran-links-any-war-ending-deal-to-ending-US-Israeli-aggression-across-all-fronts
1319132554,20260820,LBN,LBN,IRN,IRN,36,36,3,1,4.0,2,1,2,-5.69236980218006,https://www.presstv.co.uk/Detail/2026/08/20/774714/Why-Iran-links-any-war-ending-deal-to-ending-US-Israeli-aggression-across-all-fronts
1319132614,20260820,MED,,IRN,IRN,60,60,6,2,6.0,10,1,10,-8.66935483870965,https://www.defenseone.com/threats/2026/08/doj-charges-17-iranians-cybertheft-campaign/415536/
1319132710,20260820,PSE,PSE,IRN,IRN,51,51,5,1,3.4,6,1,6,-5.69236980218006,https://www.presstv.co.uk/Detail/2026/08/20/774714/Why-Iran-links-any-war-ending-deal-to-ending-US-Israeli-aggression-across-all-fronts
1319132711,20260820,PSE,PSE,IRN,IRN,51,51,5,1,3.4,4,1,4,-5.69236980218006,https://www.presstv.co.uk/Detail/2026/08/20/774714/Why-Iran-links-any-war-ending-deal-to-ending-US-Israeli-aggression-across-all-fronts
1319132818,20260820,USA,USA,IRN,IRN,46,46,4,1,7.0,10,5,10,-0.47619047619048,https://salinapost.com/posts/6db401cb-c850-4d07-8a15-ce6b5a8ce819
1319132819,20260820,USA,USA,IRN,IRN,46,46,4,1,7.0,10,5,10,-0.47619047619048,https://salinapost.com/posts/6db401cb-c850-4d07-8a15-ce6b5a8ce819
1319132820,20260820,USA,USA,IRNGOV,IRN,110,110,11,3,-2.0,1,1,1,-12.2448979591837,https://www.presstv.co.uk/Detail/2026/08/20/774716/Iran-US-Araghchi-defeat-Trump-economic-terrorism
1319132866,20260820,YEM,YEM,IRN,IRN,40,40,4,1,1.0,2,1,2,-5.33333333333334,https://www.presstv.co.uk/Detail/2026/08/20/774722/Iran-IRGC-missiles-weapons
1319132867,20260820,YEM,YEM,IRN,IRN,40,40,4,1,1.0,2,1,2,-5.33333333333334,https://www.presstv.co.uk/Detail/2026/08/20/774722/Iran-IRGC-missiles-weapons
1319133800,20260820,AFG,AFG,IRN,IRN,14,14,1,1,0.0,5,1,5,-0.19569471624266,https://www.thenationalnews.com/business/aviation/2026/08/20/will-irans-eastern-corridor-help-reduce-flight-times/
1319134116,20260820,FRA,FRA,IRN,IRN,10,10,1,1,0.0,8,1,8,-5.35714285714286,https://www.independent.co.uk/news/world/middle-east/us-ice-iran-deportation-emails-b3036181.html
1319134260,20260820,GOV,,IRN,IRN,54,54,5,1,6.0,5,1,5,1.24610591900312,https://www.trend.az/scaucasus/armenia/4216555.html
1319134376,20260820,IRN,IRN,,,10,10,1,1,0.0,16,2,10,-4.27960927960928,https://oilprice.com/Latest-Energy-News/World-News/Has-Iranian-Crude-Become-Irrelevant-to-Global-Oil-Supply.html
1319134377,20260820,IRN,IRN,,,10,10,1,1,0.0,2,2,2,-4.27960927960928,https://oilprice.com/Latest-Energy-News/World-News/Has-Iranian-Crude-Become-Irrelevant-to-Global-Oil-Supply.html
1319134378,20260820,IRN,IRN,,,61,61,6,2,6.4,6,2,6,-4.27960927960928,https://oilprice.com/Latest-Energy-News/World-News/Has-Iranian-Crude-Become-Irrelevant-to-Global-Oil-Supply.html
1319134379,20260820,IRN,IRN,GOV,,174,174,17,4,-5.0,9,1,9,-7.36196319018405,https://www.thenationalnews.com/podcasts/trending-middle-east/2026/08/20/trump-escalates-pressure-on-iran-israel-opens-hind-rajab-investigation-and-abu-dhabi-power-demand-rises/
1319134380,20260820,IRN,IRN,GOV,,174,174,17,4,-5.0,1,1,1,-7.36196319018405,https://www.thenationalnews.com/podcasts/trending-middle-east/2026/08/20/trump-escalates-pressure-on-iran-israel-opens-hind-rajab-investigation-and-abu-dhabi-power-demand-rises/
1319134381,20260820,IRN,IRN,IRNGOV,IRN,46,46,4,1,7.0,5,3,5,-2.44682664109929,https://www.thenationalnews.com/news/gulf/2026/08/20/japanese-fm-visits-saudi-arabia-and-oman-with-maritime-security-in-focus/
1319134382,20260820,IRN,IRN,ISR,ISR,13,13,1,1,0.4,4,1,4,-3.65853658536586,https://www.jpost.com/international/article-906081
1319134383,20260820,IRN,IRN,ISR,ISR,13,13,1,1,0.4,4,1,4,-3.65853658536586,https://www.jpost.com/international/article-906081
1319134384,20260820,IRN,IRN,ISR,ISR,13,13,1,1,0.4,12,1,12,-3.65853658536586,https://www.jpost.com/international/article-906081
1319134385,20260820,IRN,IRN,PAK,PAK,130,130,13,3,-4.4,16,1,16,-3.65853658536586,https://www.jpost.com/international/article-906081
1319134386,20260820,IRN,IRN,PAK,PAK,130,130,13,3,-4.4,4,1,4,-3.65853658536586,https://www.jpost.com/international/article-906081
1319134387,20260820,IRN,IRN,RUS,RUS,40,40,4,1,1.0,8,4,8,-2.22127951084679,https://www.brandonsun.com/world/2026/08/20/south-korea-says-north-korea-fires-about-10-short-range-ballistic-missiles-toward-the-sea
1319134388,20260820,IRN,IRN,RUS,RUS,110,110,11,3,-2.0,5,4,5,-2.22127951084679,https://www.brandonsun.com/world/2026/08/20/south-korea-says-north-korea-fires-about-10-short-range-ballistic-missiles-toward-the-sea
1319134389,20260820,IRNGOV,IRN,,,12,12,1,1,-0.4,12,2,12,-5.9189966679774,https://www.finanzen.ch/nachrichten/aktien/geopolitical-tensions-push-french-stocks-lower-for-8th-day-1036478231
1319134390,20260820,IRNGOV,IRN,,,130,130,13,3,-4.4,12,2,12,-5.9189966679774,https://www.finanzen.ch/nachrichten/aktien/geopolitical-tensions-push-french-stocks-lower-for-8th-day-1036478231
1319134391,20260820,IRNGOV,IRN,IRN,IRN,46,46,4,1,7.0,3,2,3,-3.84385107276005,https://www.thenationalnews.com/news/gulf/2026/08/20/japanese-fm-visits-saudi-arabia-and-oman-with-maritime-security-in-focus/
1319134411,20260820,ISR,ISR,IRN,IRN,80,80,8,2,5.0,8,1,8,-3.65853658536586,https://www.jpost.com/international/article-906081
1319134412,20260820,ISR,ISR,IRN,IRN,80,80,8,2,5.0,12,1,12,-3.65853658536586,https://www.jpost.com/international/article-906081
1319134413,20260820,ISR,ISR,IRN,IRN,1723,172,17,4,-5.0,4,1,4,-3.65853658536586,https://www.jpost.com/international/article-906081
1319134414,20260820,ISR,ISR,IRN,IRN,1723,172,17,4,-5.0,12,1,12,-3.65853658536586,https://www.jpost.com/international/article-906081
1319134415,20260820,ISR,ISR,IRN,IRN,1723,172,17,4,-5.0,4,1,4,-3.65853658536586,https://www.jpost.com/international/article-906081
1319134472,20260820,KOR,KOR,IRN,IRN,20,20,2,1,3.0,2,1,2,-1.32450331125828,https://www.thenationalnews.com/opinion/comment/2026/08/20/us-pivot-to-asia-donald-trump-barack-obama-joe-biden-south-korea-japan-iran/
1319134473,20260820,KOR,KOR,IRN,IRN,20,20,2,1,3.0,1,1,1,-1.32450331125828,https://www.thenationalnews.com/opinion/comment/2026/08/20/us-pivot-to-asia-donald-trump-barack-obama-joe-biden-south-korea-japan-iran/
1319134474,20260820,KOR,KOR,IRN,IRN,20,20,2,1,3.0,2,1,2,-1.32450331125828,https://www.thenationalnews.com/opinion/comment/2026/08/20/us-pivot-to-asia-donald-trump-barack-obama-joe-biden-south-korea-japan-iran/
1319134475,20260820,KOR,KOR,IRN,IRN,20,20,2,1,3.0,2,1,2,-1.32450331125828,https://www.thenationalnews.com/opinion/comment/2026/08/20/us-pivot-to-asia-donald-trump-barack-obama-joe-biden-south-korea-japan-iran/
1319134495,20260820,LAB,,IRN,IRN,64,64,6,2,7.0,10,1,10,-5.35714285714286,https://www.independent.co.uk/news/world/middle-east/us-ice-iran-deportation-emails-b3036181.html
1319134496,20260820,LAB,,IRN,IRN,130,130,13,3,-4.4,10,1,10,-5.35714285714286,https://www.independent.co.uk/news/world/middle-east/us-ice-iran-deportation-emails-b3036181.html
1319134637,20260820,PAK,PAK,IRN,IRN,14,14,1,1,0.0,1,1,1,-0.19569471624266,https://www.thenationalnews.com/business/aviation/2026/08/20/will-irans-eastern-corridor-help-reduce-flight-times/
1319134638,20260820,PAK,PAK,IRN,IRN,14,14,1,1,0.0,4,1,4,-0.19569471624266,https://www.thenationalnews.com/business/aviation/2026/08/20/will-irans-eastern-corridor-help-reduce-flight-times/
1319134713,20260820,RUS,RUS,IRN,IRN,40,40,4,1,1.0,8,4,8,-2.22127951084679,https://www.brandonsun.com/world/2026/08/20/south-korea-says-north-korea-fires-about-10-short-range-ballistic-missiles-toward-the-sea
1319134776,20260820,TKM,TKM,IRN,IRN,14,14,1,1,0.0,1,1,1,-0.19569471624266,https://www.thenationalnews.com/business/aviation/2026/08/20/will-irans-eastern-corridor-help-reduce-flight-times/
1319134777,20260820,TKM,TKM,IRN,IRN,14,14,1,1,0.0,4,1,4,-0.19569471624266,https://www.thenationalnews.com/business/aviation/2026/08/20/will-irans-eastern-corridor-help-reduce-flight-times/
1319134967,20260820,USAGOV,USA,IRN,IRN,130,130,13,3,-4.4,2,1,2,-5.35714285714286,https://www.independent.co.uk/news/world/middle-east/us-ice-iran-deportation-emails-b3036181.html
1319135974,20260820,,,IRN,IRN,42,42,4,1,1.9,1,1,1,-5.92105263157895,https://www.rawstory.com/trump-iran-2677731902/
1319135975,20260820,,,IRN,IRN,174,174,17,4,-5.0,3,1,3,-8.77862595419847,https://www.chennaionline.com/news/secret-emails-reveal-us-iran-deportation-plan/
1319135976,20260820,,,IRNGOV,IRN,40,40,4,1,1.0,6,1,6,-8.77862595419847,https://www.chennaionline.com/news/secret-emails-reveal-us-iran-deportation-plan/
1319136414,20260820,GOV,,IRN,IRN,180,180,18,4,-9.0,16,2,16,-3.78601079510968,https://www.jns.org/news/u-s-news/trump-declares-economic-d-day-for-iran
1319136459,20260820,GOVMIL,,IRN,IRN,10,10,1,1,0.0,1,1,1,-3.0379746835443,https://www.lbc.co.uk/article/trump-promises-economic-d-day-against-iran-in-latest-bid-to-cripple-tehran-5HjdgKJ_2/
1319136460,20260820,GOVMIL,,IRN,IRN,190,190,19,4,-10.0,1,1,1,-3.0379746835443,https://www.lbc.co.uk/article/trump-promises-economic-d-day-against-iran-in-latest-bid-to-cripple-tehran-5HjdgKJ_2/
1319136461,20260820,GOVMIL,,IRN,IRN,194,194,19,4,-10.0,1,1,1,-3.0379746835443,https://www.lbc.co.uk/article/trump-promises-economic-d-day-against-iran-in-latest-bid-to-cripple-tehran-5HjdgKJ_2/
1319136542,20260820,IRN,IRN,IRNGOV,IRN,40,40,4,1,1.0,2,1,2,-8.77862595419847,https://www.chennaionline.com/news/secret-emails-reveal-us-iran-deportation-plan/
1319136543,20260820,IRN,IRN,RUS,RUS,110,110,11,3,-2.0,3,3,3,-2.16805522081159,https://www.niagarafallsreview.ca/news/world/united-states/north-korea-fires-an-unidentified-projectile-off-its-east-coast-south-korea-says/article_da5607b0-89e1-5c6c-9ec1-18aa1dd9b96b.html
1319136544,20260820,IRN,IRN,SAUGOV,SAU,10,10,1,1,0.0,3,2,3,-3.78601079510968,https://www.jns.org/news/u-s-news/trump-declares-economic-d-day-for-iran
1319136545,20260820,IRN,IRN,SAUGOV,SAU,10,10,1,1,0.0,1,1,1,-3.78912685337726,https://www.jns.org/news/u-s-news/trump-declares-economic-d-day-for-iran
1319136546,20260820,IRN,IRN,SAUGOV,SAU,10,10,1,1,0.0,18,3,18,-3.77878079193892,https://www.jns.org/news/u-s-news/trump-declares-economic-d-day-for-iran
1319136547,20260820,IRN,IRN,SAUGOV,SAU,13,13,1,1,0.4,1,1,1,-3.78912685337726,https://www.jns.org/news/u-s-news/trump-declares-economic-d-day-for-iran
1319136548,20260820,IRN,IRN,SAUGOV,SAU,13,13,1,1,0.4,11,3,11,-3.77878079193892,https://www.jns.org/news/u-s-news/trump-declares-economic-d-day-for-iran
1319136549,20260820,IRN,IRN,USA,USA,12,12,1,1,-0.4,2,1,2,-4.97427101200686,https://www.hindustantimes.com/world-news/why-the-world-s-richest-country-can-t-defend-vital-infrastructure-101787214986282.html
1319136550,20260820,IRN,IRN,USA,USA,12,12,1,1,-0.4,6,1,6,-4.97427101200686,https://www.hindustantimes.com/world-news/why-the-world-s-richest-country-can-t-defend-vital-infrastructure-101787214986282.html
1319136551,20260820,IRN,IRN,USA,USA,12,12,1,1,-0.4,2,1,2,-4.97427101200686,https://www.hindustantimes.com/world-news/why-the-world-s-richest-country-can-t-defend-vital-infrastructure-101787214986282.html
1319136552,20260820,IRN,IRN,USA,USA,171,171,17,4,-9.2,5,1,5,-4.97427101200686,https://www.hindustantimes.com/world-news/why-the-world-s-richest-country-can-t-defend-vital-infrastructure-101787214986282.html
1319136553,20260820,IRNGOV,IRN,,,40,40,4,1,1.0,6,1,6,-8.77862595419847,https://www.chennaionline.com/news/secret-emails-reveal-us-iran-deportation-plan/
1319136554,20260820,IRNGOV,IRN,IRN,IRN,331,33,3,1,5.2,4,2,4,-3.78601079510968,https://www.jns.org/news/u-s-news/trump-declares-economic-d-day-for-iran
1319136555,20260820,IRNGOV,IRN,IRN,IRN,40,40,4,1,1.0,2,1,2,-8.77862595419847,https://www.chennaionline.com/news/secret-emails-reveal-us-iran-deportation-plan/
1319136556,20260820,IRNGOV,IRN,IRN,IRN,180,180,18,4,-9.0,4,2,4,-3.78601079510968,https://www.jns.org/news/u-s-news/trump-declares-economic-d-day-for-iran
1319136692,20260820,MED,,IRN,IRN,331,33,3,1,5.2,1,1,1,-3.0379746835443,https://www.lbc.co.uk/article/trump-promises-economic-d-day-against-iran-in-latest-bid-to-cripple-tehran-5HjdgKJ_2/
1319136732,20260820,NGOHRI,,IRN,IRN,63,63,6,2,7.4,10,1,10,-8.77862595419847,https://www.chennaionline.com/news/secret-emails-reveal-us-iran-deportation-plan/
1319136733,20260820,NGOHRI,,IRN,IRN,111,111,11,3,-2.0,10,1,10,-8.77862595419847,https://www.chennaionline.com/news/secret-emails-reveal-us-iran-deportation-plan/
1319136924,20260820,USA,USA,IRN,IRN,10,10,1,1,0.0,8,1,8,-4.97427101200686,https://www.hindustantimes.com/world-news/why-the-world-s-richest-country-can-t-defend-vital-infrastructure-101787214986282.html
1319136925,20260820,USA,USA,IRN,IRN,20,20,2,1,3.0,4,1,4,-4.97427101200686,https://www.hindustantimes.com/world-news/why-the-world-s-richest-country-can-t-defend-vital-infrastructure-101787214986282.html
1319136926,20260820,USA,USA,IRN,IRN,20,20,2,1,3.0,6,1,6,-4.97427101200686,https://www.hindustantimes.com/world-news/why-the-world-s-richest-country-can-t-defend-vital-infrastructure-101787214986282.html
1319136927,20260820,USA,USA,IRN,IRN,111,111,11,3,-2.0,3,1,3,-2.09059233449477,https://www.rawstory.com/stephen-miller-2677731830/
1319136953,20260820,USAGOV,USA,IRN,IRN,20,20,2,1,3.0,3,1,3,2.05357142857143,https://www.forbes.com/sites/marktemnycky/2026/08/20/us-and-eu-welcome-peace-progress-between-armenia-and-azerbaijan/
1319136954,20260820,USAGOV,USA,IRN,IRN,20,20,2,1,3.0,1,1,1,2.05357142857143,https://www.forbes.com/sites/marktemnycky/2026/08/20/us-and-eu-welcome-peace-progress-between-armenia-and-azerbaijan/
1319136955,20260820,USAGOV,USA,IRN,IRN,20,20,2,1,3.0,1,1,1,2.05357142857143,https://www.forbes.com/sites/marktemnycky/2026/08/20/us-and-eu-welcome-peace-progress-between-armenia-and-azerbaijan/
1319136956,20260820,USAGOV,USA,IRN,IRN,111,111,11,3,-2.0,3,1,3,2.05357142857143,https://www.forbes.com/sites/marktemnycky/2026/08/20/us-and-eu-welcome-peace-progress-between-armenia-and-azerbaijan/
1319138235,20260820,GBR,GBR,IRN,IRN,40,40,4,1,1.0,2,1,2,-3.59281437125748,https://www.theglobeandmail.com/canada/article-poilievre-invites-exiled-iran-prince-to-canada/
1319138236,20260820,GBR,GBR,IRN,IRN,40,40,4,1,1.0,2,1,2,-3.59281437125748,https://www.theglobeandmail.com/canada/article-poilievre-invites-exiled-iran-prince-to-canada/
1319138237,20260820,GBR,GBR,IRN,IRN,40,40,4,1,1.0,2,1,2,-3.59281437125748,https://www.theglobeandmail.com/canada/article-poilievre-invites-exiled-iran-prince-to-canada/
1319138238,20260820,GBR,GBR,IRN,IRN,40,40,4,1,1.0,2,1,2,-3.59281437125748,https://www.theglobeandmail.com/canada/article-poilievre-invites-exiled-iran-prince-to-canada/
1319138308,20260820,GOV,,IRN,IRN,130,130,13,3,-4.4,1,1,1,-5.15063168124392,https://naharnet.com/stories/en/321939-trump-threatened-to-bomb-oman-because-he-s-unhappy-with-country-s-deal-with-iran
1319138309,20260820,GOV,,IRN,IRN,163,163,16,4,-8.0,111,28,111,-6.81383348794063,https://www.ksbw.com/article/president-trump-announces-iran-economic-d-day/73481771
1319138363,20260820,GOVMIL,,IRN,IRN,10,10,1,1,0.0,2,1,2,-5.15063168124392,https://naharnet.com/stories/en/321939-trump-threatened-to-bomb-oman-because-he-s-unhappy-with-country-s-deal-with-iran
1319138364,20260820,GOVMIL,,IRN,IRN,10,10,1,1,0.0,6,1,6,-5.15063168124392,https://naharnet.com/stories/en/321939-trump-threatened-to-bomb-oman-because-he-s-unhappy-with-country-s-deal-with-iran
1319138365,20260820,GOVMIL,,IRN,IRN,10,10,1,1,0.0,2,1,2,-5.15063168124392,https://naharnet.com/stories/en/321939-trump-threatened-to-bomb-oman-because-he-s-unhappy-with-country-s-deal-with-iran
1319138366,20260820,GOVMIL,,IRN,IRN,194,194,19,4,-10.0,2,1,2,-5.15063168124392,https://naharnet.com/stories/en/321939-trump-threatened-to-bomb-oman-because-he-s-unhappy-with-country-s-deal-with-iran
1319138367,20260820,GOVMIL,,IRN,IRN,194,194,19,4,-10.0,6,1,6,-5.15063168124392,https://naharnet.com/stories/en/321939-trump-threatened-to-bomb-oman-because-he-s-unhappy-with-country-s-deal-with-iran
1319138368,20260820,GOVMIL,,IRN,IRN,194,194,19,4,-10.0,2,1,2,-5.15063168124392,https://naharnet.com/stories/en/321939-trump-threatened-to-bomb-oman-because-he-s-unhappy-with-country-s-deal-with-iran
1319138436,20260820,IGOEUREEC,EUR,IRN,IRN,163,163,16,4,-8.0,10,1,10,-7.83132530120482,https://www.dailysabah.com/opinion/op-ed/us-steps-up-sanctions-pressure-on-iran
1319138442,20260820,IGOUNO,,IRN,IRN,163,163,16,4,-8.0,10,1,10,-7.83132530120482,https://www.dailysabah.com/opinion/op-ed/us-steps-up-sanctions-pressure-on-iran
1319138482,20260820,IRN,IRN,,,100,100,10,3,-5.0,3,1,3,-6.44028103044497,https://www.dailysabah.com/world/mid-east/with-us-diplomacy-at-standstill-iran-shifts-to-offensive-posturing
1319138483,20260820,IRN,IRN,,,190,190,19,4,-10.0,10,1,10,-6.44028103044497,https://www.dailysabah.com/world/mid-east/with-us-diplomacy-at-standstill-iran-shifts-to-offensive-posturing
1319138484,20260820,IRN,IRN,CHN,CHN,163,163,16,4,-8.0,4,2,4,-8.39353615749588,https://naharnet.com/stories/en/321971-trump-pledges-economic-warfare-on-iran-prompting-tehran-derision
1319138485,20260820,IRN,IRN,CHN,CHN,163,163,16,4,-8.0,20,3,20,-8.10571621616457,https://naharnet.com/stories/en/321971-trump-pledges-economic-warfare-on-iran-prompting-tehran-derision
1319138486,20260820,IRN,IRN,EUR,EUR,138,138,13,3,-7.0,8,1,8,-0.71428571428571,https://neoskosmos.com/en/2026/08/20/news/greece/athens-on-alert-over-possible-iranian-strikes/
1319138487,20260820,IRN,IRN,GBR,GBR,40,40,4,1,1.0,2,1,2,-3.59281437125748,https://www.theglobeandmail.com/canada/article-poilievre-invites-exiled-iran-prince-to-canada/
1319138488,20260820,IRN,IRN,GBR,GBR,40,40,4,1,1.0,2,1,2,-3.59281437125748,https://www.theglobeandmail.com/canada/article-poilievre-invites-exiled-iran-prince-to-canada/
1319138489,20260820,IRN,IRN,GBR,GBR,40,40,4,1,1.0,2,1,2,-3.59281437125748,https://www.theglobeandmail.com/canada/article-poilievre-invites-exiled-iran-prince-to-canada/
1319138490,20260820,IRN,IRN,GBR,GBR,40,40,4,1,1.0,2,1,2,-3.59281437125748,https://www.theglobeandmail.com/canada/article-poilievre-invites-exiled-iran-prince-to-canada/
1319138491,20260820,IRN,IRN,GBR,GBR,125,125,12,3,-5.0,2,1,2,-3.59281437125748,https://www.theglobeandmail.com/canada/article-poilievre-invites-exiled-iran-prince-to-canada/
1319138492,20260820,IRN,IRN,GBR,GBR,125,125,12,3,-5.0,2,1,2,-3.59281437125748,https://www.theglobeandmail.com/canada/article-poilievre-invites-exiled-iran-prince-to-canada/
1319138493,20260820,IRN,IRN,GOV,,36,36,3,1,4.0,2,1,2,-3.59281437125748,https://www.theglobeandmail.com/canada/article-poilievre-invites-exiled-iran-prince-to-canada/
1319138494,20260820,IRN,IRN,GOV,,36,36,3,1,4.0,9,3,9,-3.38882088109177,https://www.theglobeandmail.com/canada/article-poilievre-invites-exiled-iran-prince-to-canada/
1319138495,20260820,IRN,IRN,GOV,,130,130,13,3,-4.4,3,1,3,-5.15063168124392,https://naharnet.com/stories/en/321939-trump-threatened-to-bomb-oman-because-he-s-unhappy-with-country-s-deal-with-iran
1319138496,20260820,IRN,IRN,OMN,OMN,130,130,13,3,-4.4,1,1,1,-5.15063168124392,https://naharnet.com/stories/en/321939-trump-threatened-to-bomb-oman-because-he-s-unhappy-with-country-s-deal-with-iran
1319138497,20260820,IRN,IRN,OMN,OMN,190,190,19,4,-10.0,2,1,2,-5.15063168124392,https://naharnet.com/stories/en/321939-trump-threatened-to-bomb-oman-because-he-s-unhappy-with-country-s-deal-with-iran
1319138498,20260820,IRN,IRN,OMN,OMN,190,190,19,4,-10.0,6,1,6,-5.15063168124392,https://naharnet.com/stories/en/321939-trump-threatened-to-bomb-oman-because-he-s-unhappy-with-country-s-deal-with-iran
1319138499,20260820,IRN,IRN,OMN,OMN,190,190,19,4,-10.0,2,1,2,-5.15063168124392,https://naharnet.com/stories/en/321939-trump-threatened-to-bomb-oman-because-he-s-unhappy-with-country-s-deal-with-iran
1319138500,20260820,IRN,IRN,OMNGOV,OMN,130,130,13,3,-4.4,1,1,1,-5.15063168124392,https://naharnet.com/stories/en/321939-trump-threatened-to-bomb-oman-because-he-s-unhappy-with-country-s-deal-with-iran
1319138501,20260820,IRN,IRN,SAU,SAU,130,130,13,3,-4.4,40,3,40,-8.10571621616457,https://naharnet.com/stories/en/321971-trump-pledges-economic-warfare-on-iran-prompting-tehran-derision
1319138502,20260820,IRN,IRN,SAU,SAU,130,130,13,3,-4.4,8,2,8,-8.39353615749588,https://naharnet.com/stories/en/321971-trump-pledges-economic-warfare-on-iran-prompting-tehran-derision
1319138503,20260820,IRN,IRN,SAU,SAU,190,190,19,4,-10.0,1,1,1,-5.15063168124392,https://naharnet.com/stories/en/321939-trump-threatened-to-bomb-oman-because-he-s-unhappy-with-country-s-deal-with-iran
1319138504,20260820,IRN,IRN,SAU,SAU,190,190,19,4,-10.0,1,1,1,-5.15063168124392,https://naharnet.com/stories/en/321939-trump-threatened-to-bomb-oman-because-he-s-unhappy-with-country-s-deal-with-iran
1319138505,20260820,IRN,IRN,USA,USA,10,10,1,1,0.0,2,1,2,-5.15063168124392,https://naharnet.com/stories/en/321939-trump-threatened-to-bomb-oman-because-he-s-unhappy-with-country-s-deal-with-iran
1319138506,20260820,IRN,IRN,USA,USA,50,50,5,1,3.5,2,1,2,-5.15063168124392,https://naharnet.com/stories/en/321939-trump-threatened-to-bomb-oman-because-he-s-unhappy-with-country-s-deal-with-iran
1319138507,20260820,IRN,IRN,USA,USA,125,125,12,3,-5.0,6,1,6,-5.15063168124392,https://naharnet.com/stories/en/321939-trump-threatened-to-bomb-oman-because-he-s-unhappy-with-country-s-deal-with-iran
1319138508,20260820,IRN,IRN,USA,USA,125,125,12,3,-5.0,2,1,2,-5.15063168124392,https://naharnet.com/stories/en/321939-trump-threatened-to-bomb-oman-because-he-s-unhappy-with-country-s-deal-with-iran
1319138509,20260820,IRN,IRN,USA,USA,125,125,12,3,-5.0,2,1,2,-5.15063168124392,https://naharnet.com/stories/en/321939-trump-threatened-to-bomb-oman-because-he-s-unhappy-with-country-s-deal-with-iran
1319138510,20260820,IRNGOV,IRN,,,110,110,11,3,-2.0,12,2,12,-8.39353615749588,https://naharnet.com/stories/en/321971-trump-pledges-economic-warfare-on-iran-prompting-tehran-derision
1319138511,20260820,IRNGOV,IRN,IRN,IRN,163,163,16,4,-8.0,27,27,27,-6.81818181818182,https://www.ksbw.com/article/president-trump-announces-iran-economic-d-day/73481771
1319138512,20260820,IRNGOV,IRN,USA,USA,110,110,11,3,-2.0,4,2,4,-8.39353615749588,https://naharnet.com/stories/en/321971-trump-pledges-economic-warfare-on-iran-prompting-tehran-derision
1319138513,20260820,IRNGOV,IRN,USA,USA,110,110,11,3,-2.0,4,2,4,-8.39353615749588,https://naharnet.com/stories/en/321971-trump-pledges-economic-warfare-on-iran-prompting-tehran-derision
1319138514,20260820,IRQ,IRQ,IRN,IRN,51,51,5,1,3.4,7,3,7,-2.32856860549371,https://naharnet.com/stories/en/321947-iran-s-parliament-speaker-and-top-negotiator-visits-iraq
1319138674,20260820,MED,,IRN,IRN,331,33,3,1,5.2,54,27,54,-6.81818181818182,https://www.ksbw.com/article/president-trump-announces-iran-economic-d-day/73481771
1319138805,20260820,OMNGOV,OMN,IRN,IRN,130,130,13,3,-4.4,1,1,1,-5.15063168124392,https://naharnet.com/stories/en/321939-trump-threatened-to-bomb-oman-because-he-s-unhappy-with-country-s-deal-with-iran
1319139038,20260820,USA,USA,IRN,IRN,10,10,1,1,0.0,27,27,27,-6.81818181818182,https://www.ksbw.com/article/president-trump-announces-iran-economic-d-day/73481771
1319139039,20260820,USA,USA,IRN,IRN,130,130,13,3,-4.4,27,27,27,-6.81818181818182,https://www.ksbw.com/article/president-trump-announces-iran-economic-d-day/73481771
1319139040,20260820,USA,USA,IRN,IRN,130,130,13,3,-4.4,27,27,27,-6.81818181818182,https://www.ksbw.com/article/president-trump-announces-iran-economic-d-day/73481771
1319139041,20260820,USA,USA,IRN,IRN,163,163,16,4,-8.0,29,29,29,-6.55684659448622,https://www.ksbw.com/article/president-trump-announces-iran-economic-d-day/73481771
1319139042,20260820,USA,USA,IRN,IRN,163,163,16,4,-8.0,27,27,27,-6.81818181818182,https://www.ksbw.com/article/president-trump-announces-iran-economic-d-day/73481771
1319140019,20260820,,,IRN,IRN,22,22,2,1,3.2,10,1,10,-0.82781456953642,https://irannewsupdate.com/news/exposing-reza-pahlavi-and-monarchist-current/the-pahlavi-legacy-a-monarchy-that-looked-abroad-for-its-survival/
1319140020,20260820,,,IRN,IRN,40,40,4,1,1.0,1,1,1,-1.36286201022147,https://nypost.com/2026/08/20/world-news/north-korea-fires-about-10-short-range-ballistic-missiles-toward-sea-south-korea-says/
1319140225,20260820,BUSLEG,,IRN,IRN,42,42,4,1,1.9,1,1,1,2.3121387283237,https://www.trend.az/casia/uzbekistan/4216568.html
1319140226,20260820,BUSLEG,,IRN,IRN,42,42,4,1,1.9,1,1,1,2.3121387283237,https://www.trend.az/casia/uzbekistan/4216568.html
1319140239,20260820,CAN,CAN,IRN,IRN,36,36,3,1,4.0,8,4,8,-3.09880089073666,https://www.wellandtribune.ca/news/canada/poilievre-invites-irans-exiled-crown-prince-reza-pahlavi-to-visit-canada/article_548ba108-c150-51da-802b-ea1def66e592.html
1319140606,20260820,GOV,,IRN,IRN,51,51,5,1,3.4,2,1,2,-0.82781456953642,https://irannewsupdate.com/news/exposing-reza-pahlavi-and-monarchist-current/the-pahlavi-legacy-a-monarchy-that-looked-abroad-for-its-survival/
1319140607,20260820,GOV,,IRN,IRN,71,71,7,2,7.4,1,1,1,-14.1025641025641,https://www.malaysiakini.com/news/782636
1319140608,20260820,GOV,,IRN,IRN,130,130,13,3,-4.4,6,2,6,-3.69393139841689,https://www.ibtimes.co.uk/us-iran-deportation-coordination-military-tensions-1815348
1319140609,20260820,GOV,,IRN,IRN,138,138,13,3,-7.0,1,1,1,-5.17241379310345,https://www.moneycontrol.com/news/business/economy/40-047-425-768-420-and-counting-decoding-america-s-debt-mountain-where-india-stands-14011421.html
1319140610,20260820,GOV,,IRN,IRN,160,160,16,4,-4.0,6,2,6,-3.69393139841689,https://www.ibtimes.co.uk/us-iran-deportation-coordination-military-tensions-1815348
1319140611,20260820,GOV,,IRNCVL,IRN,73,73,7,2,7.4,12,2,12,-3.69393139841689,https://www.ibtimes.co.uk/us-iran-deportation-coordination-military-tensions-1815348
1319140746,20260820,IRN,IRN,,,40,40,4,1,1.0,1,1,1,-1.36286201022147,https://nypost.com/2026/08/20/world-news/north-korea-fires-about-10-short-range-ballistic-missiles-toward-sea-south-korea-says/
1319140747,20260820,IRN,IRN,,,130,130,13,3,-4.4,6,1,6,-6.2200956937799,https://english.aawsat.com/business/5309099-oil-hits-3-week-high-middle-east-supply-concerns-amid-war-impasse
1319140748,20260820,IRN,IRN,,,140,140,14,3,-6.5,2,1,2,-1.93003618817853,https://www.thedailybeast.com/trumps-white-house-exodus-spirals-with-major-departure-of-james-braid/
1319140749,20260820,IRN,IRN,,,140,140,14,3,-6.5,8,1,8,-1.93003618817853,https://www.thedailybeast.com/trumps-white-house-exodus-spirals-with-major-departure-of-james-braid/
1319140750,20260820,IRN,IRN,BUSLEG,,43,43,4,1,2.8,2,1,2,2.3121387283237,https://www.trend.az/casia/uzbekistan/4216568.html
1319140751,20260820,IRN,IRN,GOV,,36,36,3,1,4.0,24,4,24,-3.09880089073666,https://www.wellandtribune.ca/news/canada/poilievre-invites-irans-exiled-crown-prince-reza-pahlavi-to-visit-canada/article_548ba108-c150-51da-802b-ea1def66e592.html
1319140752,20260820,IRN,IRN,GOV,,130,130,13,3,-4.4,2,2,2,-3.69393139841689,https://www.ibtimes.co.uk/us-iran-deportation-coordination-military-tensions-1815348
1319140753,20260820,IRN,IRN,GOV,,130,130,13,3,-4.4,4,2,4,-3.69393139841689,https://www.ibtimes.co.uk/us-iran-deportation-coordination-military-tensions-1815348
1319140754,20260820,IRN,IRN,GOV,,130,130,13,3,-4.4,4,2,4,-3.69393139841689,https://www.ibtimes.co.uk/us-iran-deportation-coordination-military-tensions-1815348
1319140755,20260820,IRN,IRN,GOV,,130,130,13,3,-4.4,2,2,2,-3.69393139841689,https://www.ibtimes.co.uk/us-iran-deportation-coordination-military-tensions-1815348
1319140756,20260820,IRN,IRN,GOV,,130,130,13,3,-4.4,2,2,2,-3.69393139841689,https://www.ibtimes.co.uk/us-iran-deportation-coordination-military-tensions-1815348
1319140757,20260820,IRN,IRN,ISR,ISR,60,60,6,2,6.0,2,1,2,-6.20229007633588,https://www.newstribune.com/news/2026/aug/20/commentary-violence-by-extremist-israeli-settlers/
1319140758,20260820,IRN,IRN,ISR,ISR,60,60,6,2,6.0,2,1,2,-6.20229007633588,https://www.newstribune.com/news/2026/aug/20/commentary-violence-by-extremist-israeli-settlers/
1319140759,20260820,IRN,IRN,JUD,,10,10,1,1,0.0,4,1,4,-0.82781456953642,https://irannewsupdate.com/news/exposing-reza-pahlavi-and-monarchist-current/the-pahlavi-legacy-a-monarchy-that-looked-abroad-for-its-survival/
1319140760,20260820,IRN,IRN,MED,,12,12,1,1,-0.4,4,1,4,-3.29457364341086,https://www.cbsnews.com/live-updates/iran-war-donald-trump-us-economic-threat-defeat/
1319140761,20260820,IRN,IRN,MIL,,80,80,8,2,5.0,1,1,1,-5.26315789473684,https://www.newstribune.com/news/2026/aug/20/commentary-in-the-face-of-iranian-demands-tighten/
1319140762,20260820,IRN,IRN,MIL,,80,80,8,2,5.0,1,1,1,-5.26315789473684,https://www.newstribune.com/news/2026/aug/20/commentary-in-the-face-of-iranian-demands-tighten/
1319140763,20260820,IRN,IRN,MIL,,85,85,8,2,7.0,3,1,3,-5.26315789473684,https://www.newstribune.com/news/2026/aug/20/commentary-in-the-face-of-iranian-demands-tighten/
1319140764,20260820,IRN,IRN,MIL,,1031,103,10,3,-5.0,3,1,3,-5.26315789473684,https://www.newstribune.com/news/2026/aug/20/commentary-in-the-face-of-iranian-demands-tighten/
1319140765,20260820,IRN,IRN,PRK,PRK,40,40,4,1,1.0,1,1,1,-1.36286201022147,https://nypost.com/2026/08/20/world-news/north-korea-fires-about-10-short-range-ballistic-missiles-toward-sea-south-korea-says/
1319140766,20260820,IRN,IRN,PRK,PRK,40,40,4,1,1.0,1,1,1,-1.36286201022147,https://nypost.com/2026/08/20/world-news/north-korea-fires-about-10-short-range-ballistic-missiles-toward-sea-south-korea-says/
1319140767,20260820,IRN,IRN,PRK,PRK,110,110,11,3,-2.0,4,1,4,-1.36286201022147,https://nypost.com/2026/08/20/world-news/north-korea-fires-about-10-short-range-ballistic-missiles-toward-sea-south-korea-says/
1319140768,20260820,IRNGOV,IRN,IRN,IRN,71,71,7,2,7.4,1,1,1,-14.1025641025641,https://www.malaysiakini.com/news/782636
1319140769,20260820,IRNGOV,IRN,IRN,IRN,138,138,13,3,-7.0,1,1,1,-5.17241379310345,https://www.moneycontrol.com/news/business/economy/40-047-425-768-420-and-counting-decoding-america-s-debt-mountain-where-india-stands-14011421.html
1319140797,20260820,ISR,ISR,IRN,IRN,10,10,1,1,0.0,1,1,1,-0.82781456953642,https://irannewsupdate.com/news/exposing-reza-pahlavi-and-monarchist-current/the-pahlavi-legacy-a-monarchy-that-looked-abroad-for-its-survival/
1319140798,20260820,ISR,ISR,IRN,IRN,10,10,1,1,0.0,1,1,1,-0.82781456953642,https://irannewsupdate.com/news/exposing-reza-pahlavi-and-monarchist-current/the-pahlavi-legacy-a-monarchy-that-looked-abroad-for-its-survival/
1319140799,20260820,ISR,ISR,IRN,IRN,20,20,2,1,3.0,1,1,1,-0.82781456953642,https://irannewsupdate.com/news/exposing-reza-pahlavi-and-monarchist-current/the-pahlavi-legacy-a-monarchy-that-looked-abroad-for-its-survival/
1319140800,20260820,ISR,ISR,IRN,IRN,20,20,2,1,3.0,1,1,1,-0.82781456953642,https://irannewsupdate.com/news/exposing-reza-pahlavi-and-monarchist-current/the-pahlavi-legacy-a-monarchy-that-looked-abroad-for-its-survival/
1319141107,20260820,MIL,,IRN,IRN,51,51,5,1,3.4,8,1,8,-0.82781456953642,https://irannewsupdate.com/news/exposing-reza-pahlavi-and-monarchist-current/the-pahlavi-legacy-a-monarchy-that-looked-abroad-for-its-survival/
1319141108,20260820,MIL,,IRN,IRN,51,51,5,1,3.4,2,1,2,-0.82781456953642,https://irannewsupdate.com/news/exposing-reza-pahlavi-and-monarchist-current/the-pahlavi-legacy-a-monarchy-that-looked-abroad-for-its-survival/
1319141189,20260820,PRK,PRK,IRN,IRN,10,10,1,1,0.0,2,2,2,-0.19875710556652,https://english.aawsat.com/world/5309110-seoul-detects-north-korean-missile-launches-after-trump-says-meet-kim
1319141190,20260820,PRK,PRK,IRN,IRN,36,36,3,1,4.0,1,1,1,0.21598272138229,https://english.aawsat.com/world/5309110-seoul-detects-north-korean-missile-launches-after-trump-says-meet-kim
1319141191,20260820,PRK,PRK,IRN,IRN,40,40,4,1,1.0,1,1,1,-1.36286201022147,https://nypost.com/2026/08/20/world-news/north-korea-fires-about-10-short-range-ballistic-missiles-toward-sea-south-korea-says/
1319141192,20260820,PRK,PRK,IRN,IRN,40,40,4,1,1.0,1,1,1,-1.36286201022147,https://nypost.com/2026/08/20/world-news/north-korea-fires-about-10-short-range-ballistic-missiles-toward-sea-south-korea-says/
1319142603,20260820,,,IRN,IRN,130,130,13,3,-4.4,3,1,3,-5.05415162454874,https://www.thenews.com.pk/latest/1412924-economic-d-day-trump-announces-major-economic-measures-against-iran
1319142742,20260820,ARE,ARE,IRN,IRN,10,10,1,1,0.0,10,1,10,-2.82258064516129,https://www.globalsecurity.org/wmd/library/news/iran/2026/08/iran-260819-rferl05.htm
1319143399,20260820,GOV,,IRN,IRN,46,46,4,1,7.0,2,1,2,0.34722222222222,https://www.globalsecurity.org/wmd/library/news/iran/2026/08/iran-260819-rferl01.htm
1319143400,20260820,GOV,,IRN,IRN,46,46,4,1,7.0,6,1,6,0.34722222222222,https://www.globalsecurity.org/wmd/library/news/iran/2026/08/iran-260819-rferl01.htm
1319143401,20260820,GOV,,IRN,IRN,163,163,16,4,-8.0,1,1,1,-6.69642857142857,https://georgiatoday.ge/trump-announces-most-devastating-economic-operation-against-iran/
1319143516,20260820,GOVMIL,,IRN,IRN,10,10,1,1,0.0,1,1,1,-5.05415162454874,https://www.thenews.com.pk/latest/1412924-economic-d-day-trump-announces-major-economic-measures-against-iran
1319143517,20260820,GOVMIL,,IRN,IRN,10,10,1,1,0.0,4,1,4,-5.05415162454874,https://www.thenews.com.pk/latest/1412924-economic-d-day-trump-announces-major-economic-measures-against-iran
1319143614,20260820,IRN,IRN,,,10,10,1,1,0.0,1,1,1,-3.00751879699248,https://www.globalsecurity.org/wmd/library/news/iraq/2026/iraq-260819-irna01.htm
1319143615,20260820,IRN,IRN,,,10,10,1,1,0.0,1,1,1,-3.00751879699248,https://www.globalsecurity.org/wmd/library/news/iraq/2026/iraq-260819-irna01.htm
1319143616,20260820,IRN,IRN,,,20,20,2,1,3.0,6,1,6,-6.11205432937182,https://jewishworldreview.com/0826/battenfeld082026.php
1319143617,20260820,IRN,IRN,,,20,20,2,1,3.0,4,1,4,-6.11205432937182,https://jewishworldreview.com/0826/battenfeld082026.php
1319143618,20260820,IRN,IRN,,,172,172,17,4,-5.0,3,1,3,-6.63265306122449,https://www.globalsecurity.org/wmd/library/news/iran/2026/08/iran-260819-azertac01.htm
1319143619,20260820,IRN,IRN,,,193,193,19,4,-10.0,1,1,1,0.34722222222222,https://www.globalsecurity.org/wmd/library/news/iran/2026/08/iran-260819-rferl01.htm
1319143620,20260820,IRN,IRN,,,193,193,19,4,-10.0,12,2,12,-2.53227124183007,https://www.globalsecurity.org/wmd/library/news/iran/2026/08/iran-260819-rferl01.htm
1319143621,20260820,IRN,IRN,FRA,FRA,174,174,17,4,-5.0,4,1,4,-6.63265306122449,https://www.globalsecurity.org/wmd/library/news/iran/2026/08/iran-260819-azertac01.htm
1319143622,20260820,IRN,IRN,FRA,FRA,174,174,17,4,-5.0,4,1,4,-6.63265306122449,https://www.globalsecurity.org/wmd/library/news/iran/2026/08/iran-260819-azertac01.htm
1319143623,20260820,IRN,IRN,FRAGOV,FRA,111,111,11,3,-2.0,3,1,3,-6.63265306122449,https://www.globalsecurity.org/wmd/library/news/iran/2026/08/iran-260819-azertac01.htm
1319143624,20260820,IRN,IRN,FRAGOV,FRA,174,174,17,4,-5.0,2,1,2,-6.63265306122449,https://www.globalsecurity.org/wmd/library/news/iran/2026/08/iran-260819-azertac01.htm
1319143625,20260820,IRN,IRN,FRAGOV,FRA,174,174,17,4,-5.0,4,1,4,-6.63265306122449,https://www.globalsecurity.org/wmd/library/news/iran/2026/08/iran-260819-azertac01.htm
1319143626,20260820,IRN,IRN,FRAGOV,FRA,174,174,17,4,-5.0,4,1,4,-6.63265306122449,https://www.globalsecurity.org/wmd/library/news/iran/2026/08/iran-260819-azertac01.htm
1319143627,20260820,IRN,IRN,FRAGOV,FRA,174,174,17,4,-5.0,2,1,2,-6.63265306122449,https://www.globalsecurity.org/wmd/library/news/iran/2026/08/iran-260819-azertac01.htm
1319143628,20260820,IRN,IRN,GOV,,51,51,5,1,3.4,3,1,3,-1.22905027932961,https://www.middle-east-online.com/en/lebanon-weapons%E2%80%A6-and-lesson-gaza-experience
1319143629,20260820,IRN,IRN,IRQ,IRQ,40,40,4,1,1.0,4,2,4,-4.02476780185759,https://www.globalsecurity.org/wmd/library/news/iraq/2026/iraq-260819-irna01.htm
1319143630,20260820,IRN,IRN,IRQ,IRQ,46,46,4,1,7.0,2,1,2,1.30718954248366,https://www.globalsecurity.org/wmd/library/news/iran/2026/08/iran-260819-rferl02.htm
1319143631,20260820,IRN,IRN,IRQLEG,IRQ,40,40,4,1,1.0,3,1,3,-3.00751879699248,https://www.globalsecurity.org/wmd/library/news/iraq/2026/iraq-260819-irna01.htm
1319143632,20260820,IRN,IRN,ISR,ISR,111,111,11,3,-2.0,98,10,98,-5.76309412806042,https://www.chicoer.com/2026/08/20/iran-trump-economic-threats-middle-east-news/
1319143633,20260820,IRN,IRN,KOR,KOR,40,40,4,1,1.0,2,1,2,-1.72413793103449,https://www.business-standard.com/world-news/north-korea-fires-suspected-ballistic-missile-toward-sea-says-japan-126082000732_1.html
1319143634,20260820,IRN,IRN,KOR,KOR,110,110,11,3,-2.0,1,1,1,-1.72413793103449,https://www.business-standard.com/world-news/north-korea-fires-suspected-ballistic-missile-toward-sea-says-japan-126082000732_1.html
1319143635,20260820,IRN,IRN,LBN,LBN,51,51,5,1,3.4,1,1,1,-1.22905027932961,https://www.middle-east-online.com/en/lebanon-weapons%E2%80%A6-and-lesson-gaza-experience
1319143636,20260820,IRN,IRN,LBNGOV,LBN,51,51,5,1,3.4,1,1,1,-1.22905027932961,https://www.middle-east-online.com/en/lebanon-weapons%E2%80%A6-and-lesson-gaza-experience
1319143637,20260820,IRN,IRN,MED,,10,10,1,1,0.0,1,1,1,-5.78034682080925,https://www.globalsecurity.org/wmd/library/news/iran/2026/08/iran-260819-rferl03.htm
1319143638,20260820,IRN,IRN,MED,,10,10,1,1,0.0,2,1,2,-4.70914127423823,https://www.freepressjournal.in/world/donald-trump-announces-most-crushing-economic-campaign-against-iran-warns-countries-against-doing-business
1319143639,20260820,IRN,IRN,MIL,,20,20,2,1,3.0,6,2,6,-0.813259835384735,https://www.globalsecurity.org/wmd/library/news/russia/2026/08/russia-260819-rferl01.htm
1319143640,20260820,IRN,IRN,MIL,,20,20,2,1,3.0,14,2,14,-0.813259835384735,https://www.globalsecurity.org/wmd/library/news/russia/2026/08/russia-260819-rferl01.htm
1319143641,20260820,IRN,IRN,MOS,,20,20,2,1,3.0,1,1,1,-2.1505376344086,https://www.globalsecurity.org/wmd/library/news/iran/2026/08/iran-260819-irna03.htm
1319143642,20260820,IRN,IRN,PAK,PAK,40,40,4,1,1.0,1,1,1,3.06122448979592,https://www.globalsecurity.org/wmd/library/news/iran/2026/08/iran-260820-irna01.htm
1319143643,20260820,IRN,IRN,PAK,PAK,40,40,4,1,1.0,3,1,2,3.06122448979592,https://www.globalsecurity.org/wmd/library/news/iran/2026/08/iran-260820-irna01.htm
1319143644,20260820,IRN,IRN,PGS,PGS,105,105,10,3,-5.0,10,1,10,-2.82258064516129,https://www.globalsecurity.org/wmd/library/news/iran/2026/08/iran-260819-rferl05.htm
1319143645,20260820,IRN,IRN,SYRGOV,SYR,43,43,4,1,2.8,69,23,69,-6.72613327913549,https://www.chicoer.com/2026/08/20/iran-trump-economic-threats-middle-east-news/
1319143646,20260820,IRN,IRN,SYRGOV,SYR,43,43,4,1,2.8,46,23,46,-6.72613327913549,https://www.chicoer.com/2026/08/20/iran-trump-economic-threats-middle-east-news/
1319143647,20260820,IRN,IRN,USA,USA,51,51,5,1,3.4,1,1,1,-4.70914127423823,https://www.freepressjournal.in/world/donald-trump-announces-most-crushing-economic-campaign-against-iran-warns-countries-against-doing-business
1319143648,20260820,IRN,IRN,USA,USA,51,51,5,1,3.4,7,1,7,-4.70914127423823,https://www.freepressjournal.in/world/donald-trump-announces-most-crushing-economic-campaign-against-iran-warns-countries-against-doing-business
1319143649,20260820,IRN,IRN,USA,USA,110,110,11,3,-2.0,9,3,9,-6.24478657449786,https://themedialine.org/headlines/president-trump-declares-economic-d-day-against-iran-threatens-countries-providing-tehran-a-lifeline/
1319143650,20260820,IRN,IRN,USA,USA,110,110,11,3,-2.0,6,3,6,-6.27611263054739,https://themedialine.org/headlines/president-trump-declares-economic-d-day-against-iran-threatens-countries-providing-tehran-a-lifeline/
1319143651,20260820,IRN,IRN,USAGOV,USA,51,51,5,1,3.4,1,1,1,-1.22905027932961,https://www.middle-east-online.com/en/lebanon-weapons%E2%80%A6-and-lesson-gaza-experience
1319143652,20260820,IRN,IRN,USAGOV,USA,51,51,5,1,3.4,1,1,1,-1.22905027932961,https://www.middle-east-online.com/en/lebanon-weapons%E2%80%A6-and-lesson-gaza-experience
1319143653,20260820,IRN,IRN,USAGOV,USA,51,51,5,1,3.4,3,1,3,-1.22905027932961,https://www.middle-east-online.com/en/lebanon-weapons%E2%80%A6-and-lesson-gaza-experience
1319143654,20260820,IRN,IRN,USAMIL,USA,60,60,6,2,6.0,10,1,10,-2.82258064516129,https://www.globalsecurity.org/wmd/library/news/iran/2026/08/iran-260819-rferl05.htm
1319143655,20260820,IRN,IRN,USAMIL,USA,70,70,7,2,7.0,10,1,10,-2.82258064516129,https://www.globalsecurity.org/wmd/library/news/iran/2026/08/iran-260819-rferl05.htm
1319143656,20260820,IRN,IRN,YEM,YEM,110,110,11,3,-2.0,2,1,2,-5.73770491803279,https://www.bssnews.net/international/416437
1319143657,20260820,IRN,IRN,YEM,YEM,110,110,11,3,-2.0,6,1,6,-5.73770491803279,https://www.bssnews.net/international/416437
1319143658,20260820,IRNGOV,IRN,IRN,IRN,46,46,4,1,7.0,2,1,2,0.34722222222222,https://www.globalsecurity.org/wmd/library/news/iran/2026/08/iran-260819-rferl01.htm
1319143659,20260820,IRNGOV,IRN,USA,USA,110,110,11,3,-2.0,10,3,10,-7.3332932018798,https://themedialine.org/headlines/president-trump-declares-economic-d-day-against-iran-threatens-countries-providing-tehran-a-lifeline/
1319143660,20260820,IRNLEG,IRN,IRQGOV,IRQ,46,46,4,1,7.0,3,1,3,1.30718954248366,https://www.globalsecurity.org/wmd/library/news/iran/2026/08/iran-260819-rferl02.htm
1319143661,20260820,IRNSPY,IRN,FRA,FRA,90,90,9,2,-2.0,4,1,4,-6.63265306122449,https://www.globalsecurity.org/wmd/library/news/iran/2026/08/iran-260819-azertac01.htm
1319143662,20260820,IRNSPY,IRN,FRAGOV,FRA,90,90,9,2,-2.0,6,1,6,-6.63265306122449,https://www.globalsecurity.org/wmd/library/news/iran/2026/08/iran-260819-azertac01.htm
1319143663,20260820,IRNSPY,IRN,FRAGOV,FRA,173,173,17,4,-5.0,10,1,10,-6.63265306122449,https://www.globalsecurity.org/wmd/library/news/iran/2026/08/iran-260819-azertac01.htm
1319143666,20260820,IRQ,IRQ,IRN,IRN,10,10,1,1,0.0,1,1,1,-3.00751879699248,https://www.globalsecurity.org/wmd/library/news/iraq/2026/iraq-260819-irna01.htm
1319143667,20260820,IRQ,IRQ,IRN,IRN,10,10,1,1,0.0,1,1,1,-3.00751879699248,https://www.globalsecurity.org/wmd/library/news/iraq/2026/iraq-260819-irna01.htm
1319143668,20260820,IRQ,IRQ,IRN,IRN,40,40,4,1,1.0,3,2,3,-4.02476780185759,https://www.globalsecurity.org/wmd/library/news/iraq/2026/iraq-260819-irna01.htm
1319143669,20260820,IRQ,IRQ,IRN,IRN,46,46,4,1,7.0,1,1,1,1.30718954248366,https://www.globalsecurity.org/wmd/library/news/iran/2026/08/iran-260819-rferl02.htm
1319143670,20260820,IRQ,IRQ,IRN,IRN,46,46,4,1,7.0,1,1,1,1.30718954248366,https://www.globalsecurity.org/wmd/library/news/iran/2026/08/iran-260819-rferl02.htm
1319143671,20260820,IRQ,IRQ,IRN,IRN,51,51,5,1,3.4,1,1,1,-3.00751879699248,https://www.globalsecurity.org/wmd/library/news/iraq/2026/iraq-260819-irna01.htm
1319143677,20260820,IRQGOV,IRQ,IRNLEG,IRN,46,46,4,1,7.0,3,1,3,1.30718954248366,https://www.globalsecurity.org/wmd/library/news/iran/2026/08/iran-260819-rferl02.htm
1319143680,20260820,IRQLEG,IRQ,IRN,IRN,40,40,4,1,1.0,3,1,3,-3.00751879699248,https://www.globalsecurity.org/wmd/library/news/iraq/2026/iraq-260819-irna01.htm
1319143698,20260820,ISR,ISR,IRN,IRN,51,51,5,1,3.4,2,1,2,-3.00751879699248,https://www.globalsecurity.org/wmd/library/news/iraq/2026/iraq-260819-irna01.htm
1319143699,20260820,ISR,ISR,IRN,IRN,51,51,5,1,3.4,8,1,8,-3.00751879699248,https://www.globalsecurity.org/wmd/library/news/iraq/2026/iraq-260819-irna01.htm
1319143838,20260820,KOR,KOR,IRN,IRN,40,40,4,1,1.0,2,1,2,-1.72413793103449,https://www.business-standard.com/world-news/north-korea-fires-suspected-ballistic-missile-toward-sea-says-japan-126082000732_1.html
1319143857,20260820,LAB,,IRN,IRN,111,111,11,3,-2.0,2,1,2,-3.88349514563107,https://www.globalsecurity.org/wmd/library/news/iran/2026/08/iran-260819-france-meae01.htm
1319143858,20260820,LAB,,IRNGOV,IRN,111,111,11,3,-2.0,6,1,6,-3.88349514563107,https://www.globalsecurity.org/wmd/library/news/iran/2026/08/iran-260819-france-meae01.htm
1319144172,20260820,OMN,OMN,IRN,IRN,40,40,4,1,1.0,1,1,1,-5.05415162454874,https://www.thenews.com.pk/latest/1412924-economic-d-day-trump-announces-major-economic-measures-against-iran
1319144173,20260820,OMN,OMN,IRN,IRN,40,40,4,1,1.0,1,1,1,-5.05415162454874,https://www.thenews.com.pk/latest/1412924-economic-d-day-trump-announces-major-economic-measures-against-iran
1319144203,20260820,PAK,PAK,IRN,IRN,40,40,4,1,1.0,2,1,1,3.06122448979592,https://www.globalsecurity.org/wmd/library/news/iran/2026/08/iran-260820-irna01.htm
1319144204,20260820,PAK,PAK,IRN,IRN,40,40,4,1,1.0,2,1,1,3.06122448979592,https://www.globalsecurity.org/wmd/library/news/iran/2026/08/iran-260820-irna01.htm
1319144392,20260820,SYRGOV,SYR,IRN,IRN,42,42,4,1,1.9,69,23,69,-6.72613327913549,https://www.chicoer.com/2026/08/20/iran-trump-economic-threats-middle-east-news/
1319144393,20260820,SYRGOV,SYR,IRN,IRN,42,42,4,1,1.9,46,23,46,-6.72613327913549,https://www.chicoer.com/2026/08/20/iran-trump-economic-threats-middle-east-news/
1319144447,20260820,UKR,UKR,IRN,IRN,80,80,8,2,5.0,10,1,10,-4.97737556561086,https://www.globalsecurity.org/wmd/library/news/ukraine/2026/08/ukraine-260819-irna01.htm
1319144448,20260820,UKR,UKR,IRN,IRN,80,80,8,2,5.0,10,1,10,-4.97737556561086,https://www.globalsecurity.org/wmd/library/news/ukraine/2026/08/ukraine-260819-irna01.htm
1319144449,20260820,UKR,UKR,IRN,IRN,111,111,11,3,-2.0,4,1,2,-4.97737556561086,https://www.globalsecurity.org/wmd/library/news/ukraine/2026/08/ukraine-260819-irna01.htm
1319144450,20260820,UKR,UKR,IRN,IRN,111,111,11,3,-2.0,16,1,8,-4.97737556561086,https://www.globalsecurity.org/wmd/library/news/ukraine/2026/08/ukraine-260819-irna01.htm
1319144606,20260820,USA,USA,IRN,IRN,40,40,4,1,1.0,1,1,1,-5.05415162454874,https://www.thenews.com.pk/latest/1412924-economic-d-day-trump-announces-major-economic-measures-against-iran
1319144607,20260820,USA,USA,IRN,IRN,40,40,4,1,1.0,1,1,1,-5.05415162454874,https://www.thenews.com.pk/latest/1412924-economic-d-day-trump-announces-major-economic-measures-against-iran
1319144608,20260820,USA,USA,IRN,IRN,112,112,11,3,-2.0,1,1,1,0.34722222222222,https://www.globalsecurity.org/wmd/library/news/iran/2026/08/iran-260819-rferl01.htm
1319144609,20260820,USA,USA,IRN,IRN,112,112,11,3,-2.0,3,1,3,0.34722222222222,https://www.globalsecurity.org/wmd/library/news/iran/2026/08/iran-260819-rferl01.htm
1319144610,20260820,USA,USA,IRN,IRN,112,112,11,3,-2.0,1,1,1,0.34722222222222,https://www.globalsecurity.org/wmd/library/news/iran/2026/08/iran-260819-rferl01.htm
1319146134,20260820,IRN,IRN,AFG,AFG,20,20,2,1,3.0,1,1,1,1.83823529411765,https://pajhwok.com/2026/08/20/afghan-trade-delegation-meets-iran-chamber-deputy-chief/
1319146135,20260820,IRN,IRN,AFG,AFG,20,20,2,1,3.0,1,1,1,1.83823529411765,https://pajhwok.com/2026/08/20/afghan-trade-delegation-meets-iran-chamber-deputy-chief/
1319146136,20260820,IRNGOV,IRN,IRN,IRN,111,111,11,3,-2.0,4,2,4,-5.63643816777742,https://aninews.in/news/world/asia/iran-consul-general-slams-trumps-tremendous-economic-consequences-threat-to-tehrans-partners-calls-it-sign-of-weakness-for-us20260820170739/
1319146137,20260820,IRNGOV,IRN,IRN,IRN,111,111,11,3,-2.0,4,2,4,-5.63643816777742,https://aninews.in/news/world/asia/iran-consul-general-slams-trumps-tremendous-economic-consequences-threat-to-tehrans-partners-calls-it-sign-of-weakness-for-us20260820170739/
1319146138,20260820,IRNGOV,IRN,IRN,IRN,111,111,11,3,-2.0,12,2,12,-5.63643816777742,https://aninews.in/news/world/asia/iran-consul-general-slams-trumps-tremendous-economic-consequences-threat-to-tehrans-partners-calls-it-sign-of-weakness-for-us20260820170739/
1319146319,20260820,MOS,,IRN,IRN,100,100,10,3,-5.0,22,6,22,-5.34845336695431,https://aninews.in/news/world/asia/iran-consul-general-slams-trumps-tremendous-economic-consequences-threat-to-tehrans-partners-calls-it-sign-of-weakness-for-us20260820170739/
1319146320,20260820,MOS,,IRN,IRN,100,100,10,3,-5.0,3,3,3,-5.49244576736587,https://aninews.in/news/world/asia/iran-consul-general-slams-trumps-tremendous-economic-consequences-threat-to-tehrans-partners-calls-it-sign-of-weakness-for-us20260820170739/
1319147593,20260820,,,IRN,IRN,874,87,8,2,10.0,4,1,4,-2.19512195121951,https://timesca.com/trumps-new-threat-against-iran-collides-with-central-asias-economic-interests/
1319147647,20260820,AFG,AFG,IRN,IRN,30,30,3,1,4.0,2,1,2,-2.19512195121951,https://timesca.com/trumps-new-threat-against-iran-collides-with-central-asias-economic-interests/
1319147648,20260820,AFG,AFG,IRN,IRN,30,30,3,1,4.0,2,1,2,-2.19512195121951,https://timesca.com/trumps-new-threat-against-iran-collides-with-central-asias-economic-interests/
1319147649,20260820,AFG,AFG,IRN,IRN,30,30,3,1,4.0,6,1,6,-2.19512195121951,https://timesca.com/trumps-new-threat-against-iran-collides-with-central-asias-economic-interests/
1319147721,20260820,BUS,,IRN,IRN,130,130,13,3,-4.4,6,1,6,-8.06845965770172,https://www.hellenicshippingnews.com/iran-dismisses-trumps-economic-d-day-threat-amid-ongoing-hormuz-standoff/
1319147742,20260820,CAN,CAN,IRN,IRN,40,40,4,1,1.0,1,1,1,-5.50595238095239,https://panow.com/2026/08/20/poilievre-invites-irans-exiled-crown-prince-reza-pahlavi-to-visit-canada/
1319147802,20260820,COP,,IRN,IRN,173,173,17,4,-5.0,12,3,12,-11.2307119108096,https://www.al-monitor.com/originals/2026/08/iran-executes-afghan-national-over-2026-protests-rights-group
1319147803,20260820,COP,,IRN,IRN,186,186,18,4,-10.0,6,3,6,-11.2307119108096,https://www.al-monitor.com/originals/2026/08/iran-executes-afghan-national-over-2026-protests-rights-group
1319147804,20260820,COP,,IRN,IRN,186,186,18,4,-10.0,2,2,2,-11.2138839581684,https://www.al-monitor.com/originals/2026/08/iran-executes-afghan-national-over-2026-protests-rights-group
1319147805,20260820,COP,,IRN,IRN,186,186,18,4,-10.0,2,2,2,-11.2138839581684,https://www.al-monitor.com/originals/2026/08/iran-executes-afghan-national-over-2026-protests-rights-group
1319147813,20260820,COPGOV,,IRNCOP,IRN,40,40,4,1,1.0,6,1,6,-2.19512195121951,https://timesca.com/trumps-new-threat-against-iran-collides-with-central-asias-economic-interests/
1319148050,20260820,GOV,,IRN,IRN,40,40,4,1,1.0,8,1,8,-2.19512195121951,https://timesca.com/trumps-new-threat-against-iran-collides-with-central-asias-economic-interests/
1319148051,20260820,GOV,,IRN,IRN,46,46,4,1,7.0,8,1,8,-2.19512195121951,https://timesca.com/trumps-new-threat-against-iran-collides-with-central-asias-economic-interests/
1319148148,20260820,IRN,IRN,,,15,15,1,1,0.0,2,1,2,-6.11111111111111,https://leadership.ng/trump-threatens-tremendous-punishment-for-countries-doing-business-with-iran/
1319148149,20260820,IRN,IRN,,,50,50,5,1,3.5,2,2,2,-2.7202675196278,https://www.lankanewspapers.com/2026/08/20/trump-threatens-harshest-ever-economic-crackdown-on-iran-and-its-trade-partners
1319148150,20260820,IRN,IRN,,,111,111,11,3,-2.0,2,1,2,-5.71736785329019,https://economictimes.indiatimes.com/news/international/world-news/iran-dismisses-us-economic-threats-and-other-developments-in-the-middle-east/articleshow/133376025.cms
1319148151,20260820,IRN,IRN,AFG,AFG,30,30,3,1,4.0,2,1,2,-2.19512195121951,https://timesca.com/trumps-new-threat-against-iran-collides-with-central-asias-economic-interests/
1319148152,20260820,IRN,IRN,AFG,AFG,30,30,3,1,4.0,6,1,6,-2.19512195121951,https://timesca.com/trumps-new-threat-against-iran-collides-with-central-asias-economic-interests/
1319148153,20260820,IRN,IRN,AFG,AFG,30,30,3,1,4.0,2,1,2,-2.19512195121951,https://timesca.com/trumps-new-threat-against-iran-collides-with-central-asias-economic-interests/
1319148154,20260820,IRN,IRN,CAN,CAN,40,40,4,1,1.0,1,1,1,-5.50595238095239,https://panow.com/2026/08/20/poilievre-invites-irans-exiled-crown-prince-reza-pahlavi-to-visit-canada/
1319148155,20260820,IRN,IRN,CANGOV,CAN,36,36,3,1,4.0,2,1,2,-5.50595238095239,https://panow.com/2026/08/20/poilievre-invites-irans-exiled-crown-prince-reza-pahlavi-to-visit-canada/
1319148156,20260820,IRN,IRN,COP,,173,173,17,4,-5.0,2,2,2,-11.2138839581684,https://www.al-monitor.com/originals/2026/08/iran-executes-afghan-national-over-2026-protests-rights-group
1319148157,20260820,IRN,IRN,COP,,173,173,17,4,-5.0,2,2,2,-11.2138839581684,https://www.al-monitor.com/originals/2026/08/iran-executes-afghan-national-over-2026-protests-rights-group
1319148158,20260820,IRN,IRN,GOV,,46,46,4,1,7.0,8,1,8,-2.19512195121951,https://timesca.com/trumps-new-threat-against-iran-collides-with-central-asias-economic-interests/
1319148159,20260820,IRN,IRN,GOV,,110,110,11,3,-2.0,1,1,1,-8.06845965770172,https://www.hellenicshippingnews.com/iran-dismisses-trumps-economic-d-day-threat-amid-ongoing-hormuz-standoff/
1319148160,20260820,IRN,IRN,GOV,,141,141,14,3,-6.5,4,2,4,-11.2138839581684,https://www.al-monitor.com/originals/2026/08/iran-executes-afghan-national-over-2026-protests-rights-group
1319148161,20260820,IRN,IRN,IRNCVL,IRN,84,84,8,2,7.0,6,3,6,-4.65116279069767,https://wohfradio.com/national-news/a-quiet-channel-between-ice-and-iran-shaped-deportation-flights-newly-released-emails-show/
1319148162,20260820,IRN,IRN,IRNGOV,IRN,46,46,4,1,7.0,2,1,2,-2.19512195121951,https://timesca.com/trumps-new-threat-against-iran-collides-with-central-asias-economic-interests/
1319148163,20260820,IRN,IRN,ISR,ISR,111,111,11,3,-2.0,2,1,2,-5.71736785329019,https://economictimes.indiatimes.com/news/international/world-news/iran-dismisses-us-economic-threats-and-other-developments-in-the-middle-east/articleshow/133376025.cms
1319148164,20260820,IRN,IRN,KAZ,KAZ,30,30,3,1,4.0,1,1,1,-2.19512195121951,https://timesca.com/trumps-new-threat-against-iran-collides-with-central-asias-economic-interests/
1319148165,20260820,IRN,IRN,KAZ,KAZ,30,30,3,1,4.0,1,1,1,-2.19512195121951,https://timesca.com/trumps-new-threat-against-iran-collides-with-central-asias-economic-interests/
1319148166,20260820,IRN,IRN,PGS,PGS,80,80,8,2,5.0,1,1,1,-2.19512195121951,https://timesca.com/trumps-new-threat-against-iran-collides-with-central-asias-economic-interests/
1319148167,20260820,IRN,IRN,TJK,TJK,30,30,3,1,4.0,2,1,2,-2.19512195121951,https://timesca.com/trumps-new-threat-against-iran-collides-with-central-asias-economic-interests/
1319148168,20260820,IRN,IRN,TJK,TJK,30,30,3,1,4.0,6,1,6,-2.19512195121951,https://timesca.com/trumps-new-threat-against-iran-collides-with-central-asias-economic-interests/
1319148169,20260820,IRN,IRN,TJK,TJK,30,30,3,1,4.0,2,1,2,-2.19512195121951,https://timesca.com/trumps-new-threat-against-iran-collides-with-central-asias-economic-interests/
1319148170,20260820,IRN,IRN,TKM,TKM,42,42,4,1,1.9,2,1,2,-2.19512195121951,https://timesca.com/trumps-new-threat-against-iran-collides-with-central-asias-economic-interests/
1319148171,20260820,IRN,IRN,TKM,TKM,42,42,4,1,1.9,2,1,2,-2.19512195121951,https://timesca.com/trumps-new-threat-against-iran-collides-with-central-asias-economic-interests/
1319148172,20260820,IRN,IRN,TKM,TKM,42,42,4,1,1.9,2,1,2,-2.19512195121951,https://timesca.com/trumps-new-threat-against-iran-collides-with-central-asias-economic-interests/
1319148173,20260820,IRN,IRN,USA,USA,110,110,11,3,-2.0,4,1,4,-8.06845965770172,https://www.hellenicshippingnews.com/iran-dismisses-trumps-economic-d-day-threat-amid-ongoing-hormuz-standoff/
1319148174,20260820,IRN,IRN,USAGOV,USA,110,110,11,3,-2.0,1,1,1,-8.06845965770172,https://www.hellenicshippingnews.com/iran-dismisses-trumps-economic-d-day-threat-amid-ongoing-hormuz-standoff/
1319148175,20260820,IRN,IRN,UZB,UZB,43,43,4,1,2.8,1,1,1,-2.19512195121951,https://timesca.com/trumps-new-threat-against-iran-collides-with-central-asias-economic-interests/
1319148176,20260820,IRN,IRN,UZB,UZB,43,43,4,1,2.8,6,1,6,-2.19512195121951,https://timesca.com/trumps-new-threat-against-iran-collides-with-central-asias-economic-interests/
1319148177,20260820,IRN,IRN,UZB,UZB,43,43,4,1,2.8,1,1,1,-2.19512195121951,https://timesca.com/trumps-new-threat-against-iran-collides-with-central-asias-economic-interests/
1319148178,20260820,IRNCOP,IRN,COPGOV,,40,40,4,1,1.0,6,1,6,-2.19512195121951,https://timesca.com/trumps-new-threat-against-iran-collides-with-central-asias-economic-interests/
1319148179,20260820,IRNGOV,IRN,IRN,IRN,40,40,4,1,1.0,2,1,2,-2.19512195121951,https://timesca.com/trumps-new-threat-against-iran-collides-with-central-asias-economic-interests/
1319148180,20260820,IRNGOV,IRN,IRN,IRN,46,46,4,1,7.0,2,1,2,-2.19512195121951,https://timesca.com/trumps-new-threat-against-iran-collides-with-central-asias-economic-interests/
1319148267,20260820,KAZ,KAZ,IRN,IRN,30,30,3,1,4.0,1,1,1,-2.19512195121951,https://timesca.com/trumps-new-threat-against-iran-collides-with-central-asias-economic-interests/
1319148268,20260820,KAZ,KAZ,IRN,IRN,30,30,3,1,4.0,1,1,1,-2.19512195121951,https://timesca.com/trumps-new-threat-against-iran-collides-with-central-asias-economic-interests/
1319148322,20260820,MIL,,IRN,IRN,190,190,19,4,-10.0,6,1,6,-6.72645739910314,https://www.asahi.com/ajw/articles/16822059
1319148323,20260820,MIL,,IRN,IRN,190,190,19,4,-10.0,4,1,4,-6.72645739910314,https://www.asahi.com/ajw/articles/16822059
1319148386,20260820,PGS,PGS,IRN,IRN,80,80,8,2,5.0,3,1,3,-2.19512195121951,https://timesca.com/trumps-new-threat-against-iran-collides-with-central-asias-economic-interests/
1319148387,20260820,PGS,PGS,IRN,IRN,80,80,8,2,5.0,1,1,1,-2.19512195121951,https://timesca.com/trumps-new-threat-against-iran-collides-with-central-asias-economic-interests/
1319148388,20260820,PGS,PGS,IRN,IRN,874,87,8,2,10.0,3,1,3,-2.19512195121951,https://timesca.com/trumps-new-threat-against-iran-collides-with-central-asias-economic-interests/
1319148389,20260820,PGS,PGS,IRN,IRN,874,87,8,2,10.0,1,1,1,-2.19512195121951,https://timesca.com/trumps-new-threat-against-iran-collides-with-central-asias-economic-interests/
1319148489,20260820,TJK,TJK,IRN,IRN,30,30,3,1,4.0,2,1,2,-2.19512195121951,https://timesca.com/trumps-new-threat-against-iran-collides-with-central-asias-economic-interests/
1319148490,20260820,TJK,TJK,IRN,IRN,30,30,3,1,4.0,6,1,6,-2.19512195121951,https://timesca.com/trumps-new-threat-against-iran-collides-with-central-asias-economic-interests/
1319148491,20260820,TJK,TJK,IRN,IRN,30,30,3,1,4.0,2,1,2,-2.19512195121951,https://timesca.com/trumps-new-threat-against-iran-collides-with-central-asias-economic-interests/
1319148494,20260820,TKM,TKM,IRN,IRN,43,43,4,1,2.8,2,1,2,-2.19512195121951,https://timesca.com/trumps-new-threat-against-iran-collides-with-central-asias-economic-interests/
1319148495,20260820,TKM,TKM,IRN,IRN,43,43,4,1,2.8,2,1,2,-2.19512195121951,https://timesca.com/trumps-new-threat-against-iran-collides-with-central-asias-economic-interests/
1319148496,20260820,TKM,TKM,IRN,IRN,43,43,4,1,2.8,2,1,2,-2.19512195121951,https://timesca.com/trumps-new-threat-against-iran-collides-with-central-asias-economic-interests/
1319148602,20260820,USA,USA,IRN,IRN,180,180,18,4,-9.0,2,1,2,-1.31578947368421,https://www.sentinelassam.com/more-news/international/trump-halts-iran-talks-shifts-to-long-term-strangle-strategy-report-says
1319148649,20260820,USAGOV,USA,IRN,IRN,180,180,18,4,-9.0,1,1,1,-1.31578947368421,https://www.sentinelassam.com/more-news/international/trump-halts-iran-talks-shifts-to-long-term-strangle-strategy-report-says
1319148657,20260820,USAMED,USA,IRN,IRN,112,112,11,3,-2.0,6,1,6,-6.72645739910314,https://www.asahi.com/ajw/articles/16822059
1319148658,20260820,USAMED,USA,IRN,IRN,112,112,11,3,-2.0,2,1,2,-6.72645739910314,https://www.asahi.com/ajw/articles/16822059
1319148659,20260820,USAMED,USA,IRN,IRN,112,112,11,3,-2.0,2,1,2,-6.72645739910314,https://www.asahi.com/ajw/articles/16822059
1319148675,20260820,UZB,UZB,IRN,IRN,42,42,4,1,1.9,6,1,6,-2.19512195121951,https://timesca.com/trumps-new-threat-against-iran-collides-with-central-asias-economic-interests/
1319148676,20260820,UZB,UZB,IRN,IRN,42,42,4,1,1.9,1,1,1,-2.19512195121951,https://timesca.com/trumps-new-threat-against-iran-collides-with-central-asias-economic-interests/
1319148677,20260820,UZB,UZB,IRN,IRN,42,42,4,1,1.9,1,1,1,-2.19512195121951,https://timesca.com/trumps-new-threat-against-iran-collides-with-central-asias-economic-interests/
1319149983,20260820,,,IRN,IRN,87,87,8,2,9.0,15,3,15,-4.54545454545454,http://www.reflector.com/opinion/editorial_columnists/douglas-cohn-and-eleanor-clift-trumps-time-to-change-trajectory-running-short/article_152cf537-d15f-4cf0-b40b-309f5011baad.html
1319149984,20260820,,,IRNOPP,IRN,84,84,8,2,7.0,20,1,20,-5.75342465753425,http://www.jpost.com/middle-east/iran-news/article-906091
1319150053,20260820,ARE,ARE,IRN,IRN,111,111,11,3,-2.0,1,1,1,-8.53994490358127,https://www.al-monitor.com/originals/2026/08/trump-pledges-economic-warfare-iran-prompting-tehran-derision
1319150054,20260820,ARE,ARE,IRN,IRN,111,111,11,3,-2.0,14,2,14,-7.7471906772103,https://www.al-monitor.com/originals/2026/08/trump-pledges-economic-warfare-iran-prompting-tehran-derision
1319150055,20260820,ARE,ARE,IRN,IRN,161,161,16,4,-4.0,2,1,2,-8.53994490358127,https://www.al-monitor.com/originals/2026/08/trump-pledges-economic-warfare-iran-prompting-tehran-derision
1319150056,20260820,ARE,ARE,IRN,IRN,161,161,16,4,-4.0,12,2,12,-7.7471906772103,https://www.al-monitor.com/originals/2026/08/trump-pledges-economic-warfare-iran-prompting-tehran-derision
1319150057,20260820,ARE,ARE,IRN,IRN,161,161,16,4,-4.0,4,2,4,-7.7471906772103,https://www.al-monitor.com/originals/2026/08/trump-pledges-economic-warfare-iran-prompting-tehran-derision
1319150538,20260820,IRN,IRN,,,10,10,1,1,0.0,2,1,2,-3.38541666666667,http://www.jpost.com/diaspora/antisemitism/article-906098
1319150539,20260820,IRN,IRN,,,10,10,1,1,0.0,2,1,2,-3.38541666666667,http://www.jpost.com/diaspora/antisemitism/article-906098
1319150540,20260820,IRN,IRN,AFG,AFG,80,80,8,2,5.0,1,1,1,-3.05343511450381,https://iaoj.wordpress.com/2026/08/20/sindhs-national-psychology-a-history-of-sufi-pluralism-non-violent-resistance-and-the-struggle-for-rights/
1319150541,20260820,IRN,IRN,AFG,AFG,80,80,8,2,5.0,1,1,1,-3.05343511450381,https://iaoj.wordpress.com/2026/08/20/sindhs-national-psychology-a-history-of-sufi-pluralism-non-violent-resistance-and-the-struggle-for-rights/
1319150542,20260820,IRN,IRN,COP,,173,173,17,4,-5.0,16,1,16,-5.75342465753425,http://www.jpost.com/middle-east/iran-news/article-906091
1319150543,20260820,IRN,IRN,KOR,KOR,111,111,11,3,-2.0,2,1,2,-4.47343895619757,https://www.siasat.com/iran-fm-dismisses-trumps-economic-d-day-as-failed-policy-3528048/
1319150544,20260820,IRN,IRN,KOR,KOR,111,111,11,3,-2.0,2,1,2,-4.47343895619757,https://www.siasat.com/iran-fm-dismisses-trumps-economic-d-day-as-failed-policy-3528048/
1319150545,20260820,IRN,IRN,USA,USA,60,60,6,2,6.0,3,2,3,-6.11512618669415,https://www.siasat.com/iran-fm-dismisses-trumps-economic-d-day-as-failed-policy-3528048/
1319150546,20260820,IRN,IRN,USA,USA,60,60,6,2,6.0,1,1,1,-4.47343895619757,https://www.siasat.com/iran-fm-dismisses-trumps-economic-d-day-as-failed-policy-3528048/
1319150561,20260820,ISR,ISR,IRN,IRN,10,10,1,1,0.0,2,1,2,-6.02409638554217,https://www.middleeastmonitor.com/20260820-bennett-outlines-security-platform-pledging-tougher-policies-on-qatar-gaza-and-iran/
1319150562,20260820,ISR,ISR,IRN,IRN,10,10,1,1,0.0,2,1,2,-6.02409638554217,https://www.middleeastmonitor.com/20260820-bennett-outlines-security-platform-pledging-tougher-policies-on-qatar-gaza-and-iran/
1319150563,20260820,ISR,ISR,IRN,IRN,180,180,18,4,-9.0,15,3,15,-10.6796528626456,https://www.aljazeera.com/news/2026/8/20/state-backed-israeli-settler-violence-forces-west-bank-displacement-hrw
1319150732,20260820,MOS,,IRN,IRN,173,173,17,4,-5.0,20,1,20,-5.75342465753425,http://www.jpost.com/middle-east/iran-news/article-906091
1319150807,20260820,PRK,PRK,IRN,IRN,10,10,1,1,0.0,4,1,4,-4.47343895619757,https://www.siasat.com/iran-fm-dismisses-trumps-economic-d-day-as-failed-policy-3528048/
1319151011,20260820,USA,USA,IRN,IRN,180,180,18,4,-9.0,15,3,15,-10.6796528626456,https://www.aljazeera.com/news/2026/8/20/state-backed-israeli-settler-violence-forces-west-bank-displacement-hrw
1319152124,20260820,AFG,AFG,IRN,IRN,61,61,6,2,6.4,25,5,25,-4.08943294382822,http://www.afghanistannews.net/news/279253904/feature-us-iran-conflict-border-tensions-squeeze-afghan-merchants-labor-force
1319152133,20260820,AREGOVMIL,ARE,IRN,IRN,138,138,13,3,-7.0,8,1,8,-4.36058700209643,https://www.justsecurity.org/154606/early-edition-august-20-2026/
1319152134,20260820,AREGOVMIL,ARE,IRN,IRN,138,138,13,3,-7.0,2,1,2,-4.36058700209643,https://www.justsecurity.org/154606/early-edition-august-20-2026/
1319152135,20260820,AREGOVMIL,ARE,IRN,IRN,194,194,19,4,-10.0,7,1,7,-4.36058700209643,https://www.justsecurity.org/154606/early-edition-august-20-2026/
1319152136,20260820,AREGOVMIL,ARE,IRN,IRN,194,194,19,4,-10.0,1,1,1,-4.36058700209643,https://www.justsecurity.org/154606/early-edition-august-20-2026/
1319152180,20260820,BGD,BGD,IRN,IRN,61,61,6,2,6.4,11,2,11,0.967233495683595,https://www.moneycontrol.com/news/business/dgft-eases-rupee-trade-rules-allows-exporters-to-invoice-settle-overseas-sales-in-inr-14011635.html
1319152804,20260820,IRN,IRN,,,831,83,8,2,5.0,1,1,1,-7.71349862258949,https://santamariatimes.com/opinion/editorial/no-quick-escape-from-consequences-of-iran-war-guest-editorial/article_4208ef31-98bd-4daf-9e94-3c0c451ca680.html
1319152805,20260820,IRN,IRN,,,190,190,19,4,-10.0,1,1,1,-5.74506283662477,https://www.inquirer.com/opinion/editorials/uss-abraham-lincoln-sailors-trump-iran-war-deployment-20260820.html
1319152806,20260820,IRN,IRN,MIL,,20,20,2,1,3.0,4,1,4,-5.74506283662477,https://www.inquirer.com/opinion/editorials/uss-abraham-lincoln-sailors-trump-iran-war-deployment-20260820.html
1319152807,20260820,IRN,IRN,MIL,,186,186,18,4,-10.0,1,1,1,-7.71349862258949,https://santamariatimes.com/opinion/editorial/no-quick-escape-from-consequences-of-iran-war-guest-editorial/article_4208ef31-98bd-4daf-9e94-3c0c451ca680.html
1319152808,20260820,IRN,IRN,USA,USA,10,10,1,1,0.0,20,5,20,-4.08943294382822,http://www.afghanistannews.net/news/279253904/feature-us-iran-conflict-border-tensions-squeeze-afghan-merchants-labor-force
1319152809,20260820,IRN,IRN,USA,USA,10,10,1,1,0.0,5,5,5,-4.08943294382822,http://www.afghanistannews.net/news/279253904/feature-us-iran-conflict-border-tensions-squeeze-afghan-merchants-labor-force
1319152964,20260820,LKA,LKA,IRN,IRN,61,61,6,2,6.4,28,4,28,1.00888177750165,https://www.moneycontrol.com/news/business/dgft-eases-rupee-trade-rules-allows-exporters-to-invoice-settle-overseas-sales-in-inr-14011635.html
1319152965,20260820,LKA,LKA,IRN,IRN,61,61,6,2,6.4,5,4,5,0.945976171456893,https://www.moneycontrol.com/news/business/dgft-eases-rupee-trade-rules-allows-exporters-to-invoice-settle-overseas-sales-in-inr-14011635.html
1319152975,20260820,MDV,MDV,IRN,IRN,61,61,6,2,6.4,5,4,5,0.945976171456893,https://www.moneycontrol.com/news/business/dgft-eases-rupee-trade-rules-allows-exporters-to-invoice-settle-overseas-sales-in-inr-14011635.html
1319152976,20260820,MDV,MDV,IRN,IRN,61,61,6,2,6.4,28,4,28,1.00888177750165,https://www.moneycontrol.com/news/business/dgft-eases-rupee-trade-rules-allows-exporters-to-invoice-settle-overseas-sales-in-inr-14011635.html
1319153027,20260820,MMR,MMR,IRN,IRN,61,61,6,2,6.4,5,4,5,0.945976171456893,https://www.moneycontrol.com/news/business/dgft-eases-rupee-trade-rules-allows-exporters-to-invoice-settle-overseas-sales-in-inr-14011635.html
1319153028,20260820,MMR,MMR,IRN,IRN,61,61,6,2,6.4,28,4,28,1.00888177750165,https://www.moneycontrol.com/news/business/dgft-eases-rupee-trade-rules-allows-exporters-to-invoice-settle-overseas-sales-in-inr-14011635.html
1319153078,20260820,PAK,PAK,IRN,IRN,61,61,6,2,6.4,5,4,5,0.945976171456893,https://www.moneycontrol.com/news/business/dgft-eases-rupee-trade-rules-allows-exporters-to-invoice-settle-overseas-sales-in-inr-14011635.html
1319153079,20260820,PAK,PAK,IRN,IRN,61,61,6,2,6.4,28,4,28,1.00888177750165,https://www.moneycontrol.com/news/business/dgft-eases-rupee-trade-rules-allows-exporters-to-invoice-settle-overseas-sales-in-inr-14011635.html
1319153294,20260820,USA,USA,IRN,IRN,10,10,1,1,0.0,25,5,25,-4.08943294382822,http://www.afghanistannews.net/news/279253904/feature-us-iran-conflict-border-tensions-squeeze-afghan-merchants-labor-force
1319153295,20260820,USA,USA,IRN,IRN,10,10,1,1,0.0,20,5,20,-4.08943294382822,http://www.afghanistannews.net/news/279253904/feature-us-iran-conflict-border-tensions-squeeze-afghan-merchants-labor-force
1319153296,20260820,USA,USA,IRN,IRN,10,10,1,1,0.0,5,5,5,-4.08943294382822,http://www.afghanistannews.net/news/279253904/feature-us-iran-conflict-border-tensions-squeeze-afghan-merchants-labor-force
1319153297,20260820,USA,USA,IRN,IRN,120,120,12,3,-4.0,25,5,25,-4.08943294382822,http://www.afghanistannews.net/news/279253904/feature-us-iran-conflict-border-tensions-squeeze-afghan-merchants-labor-force
1319154727,20260820,EDU,,IRN,IRN,130,130,13,3,-4.4,1,1,1,-1.9644527595884,https://www.cbc.ca/news/world/north-korea-missile-launch-ulchi-freedom-trump-9.7313643
1319154728,20260820,EDU,,IRN,IRN,130,130,13,3,-4.4,1,1,1,-1.9644527595884,https://www.cbc.ca/news/world/north-korea-missile-launch-ulchi-freedom-trump-9.7313643
1319155032,20260820,IRN,IRN,GOV,,130,130,13,3,-4.4,1,1,1,-8.24742268041237,https://www.azernews.az/region/262636.html
1319155033,20260820,IRN,IRN,OMN,OMN,46,46,4,1,7.0,1,1,1,-8.24742268041237,https://www.azernews.az/region/262636.html
1319155034,20260820,IRN,IRN,OMN,OMN,46,46,4,1,7.0,4,2,4,-6.61361712755477,https://www.azernews.az/region/262636.html
1319155035,20260820,IRN,IRN,OMN,OMN,46,46,4,1,7.0,8,1,8,-8.24742268041237,https://www.azernews.az/region/262636.html
1319155036,20260820,IRN,IRN,PRK,PRK,110,110,11,3,-2.0,4,1,4,-1.9644527595884,https://www.cbc.ca/news/world/north-korea-missile-launch-ulchi-freedom-trump-9.7313643
1319155037,20260820,IRN,IRN,TUR,TUR,42,42,4,1,1.9,2,1,2,-2.99625468164794,https://honestreporting.com/turkey-in-syria-why-israel-fears-erdogans-growing-influence-in-damascus/
1319155038,20260820,IRN,IRN,TUR,TUR,42,42,4,1,1.9,8,1,8,-2.99625468164794,https://honestreporting.com/turkey-in-syria-why-israel-fears-erdogans-growing-influence-in-damascus/
1319155039,20260820,IRN,IRN,USAGOV,USA,130,130,13,3,-4.4,1,1,1,-8.24742268041237,https://www.azernews.az/region/262636.html
1319155324,20260820,OMN,OMN,IRN,IRN,46,46,4,1,7.0,4,1,4,-8.24742268041237,https://www.azernews.az/region/262636.html
1319155325,20260820,OMN,OMN,IRN,IRN,46,46,4,1,7.0,9,2,9,-6.61361712755477,https://www.azernews.az/region/262636.html
1319155379,20260820,PRK,PRK,IRN,IRN,51,51,5,1,3.4,4,1,4,-1.9644527595884,https://www.cbc.ca/news/world/north-korea-missile-launch-ulchi-freedom-trump-9.7313643
1319155380,20260820,PRK,PRK,IRN,IRN,130,130,13,3,-4.4,1,1,1,-1.9644527595884,https://www.cbc.ca/news/world/north-korea-missile-launch-ulchi-freedom-trump-9.7313643
1319155381,20260820,PRK,PRK,IRN,IRN,130,130,13,3,-4.4,1,1,1,-1.9644527595884,https://www.cbc.ca/news/world/north-korea-missile-launch-ulchi-freedom-trump-9.7313643
1319155516,20260820,TUR,TUR,IRN,IRN,43,43,4,1,2.8,8,1,8,-2.99625468164794,https://honestreporting.com/turkey-in-syria-why-israel-fears-erdogans-growing-influence-in-damascus/
1319155517,20260820,TUR,TUR,IRN,IRN,43,43,4,1,2.8,2,1,2,-2.99625468164794,https://honestreporting.com/turkey-in-syria-why-israel-fears-erdogans-growing-influence-in-damascus/
1319156614,20260820,,,IRN,IRN,42,42,4,1,1.9,2,1,2,-6.78391959798993,https://www.foxnews.com/opinion/iran-proves-might-change-military-leaders-not-changing-strategy
1319156615,20260820,,,IRN,IRN,100,100,10,3,-5.0,2,1,2,-6.78391959798993,https://www.foxnews.com/opinion/iran-proves-might-change-military-leaders-not-changing-strategy
1319157176,20260820,IRN,IRN,,,43,43,4,1,2.8,2,1,2,-6.78391959798993,https://www.foxnews.com/opinion/iran-proves-might-change-military-leaders-not-changing-strategy
1319157177,20260820,IRN,IRN,,,43,43,4,1,2.8,6,1,6,-6.78391959798993,https://www.foxnews.com/opinion/iran-proves-might-change-military-leaders-not-changing-strategy
1319157178,20260820,IRN,IRN,ELI,,120,120,12,3,-4.0,4,1,4,-6.78391959798993,https://www.foxnews.com/opinion/iran-proves-might-change-military-leaders-not-changing-strategy
1319157179,20260820,IRN,IRN,ELI,,120,120,12,3,-4.0,6,1,6,-6.78391959798993,https://www.foxnews.com/opinion/iran-proves-might-change-military-leaders-not-changing-strategy
1319157180,20260820,IRN,IRN,OPP,,110,110,11,3,-2.0,4,1,4,-6.78391959798993,https://www.foxnews.com/opinion/iran-proves-might-change-military-leaders-not-changing-strategy
1319157181,20260820,IRN,IRN,USA,USA,60,60,6,2,6.0,8,1,8,-9.41704035874439,https://www.samaa.tv/2087355511-iran-sees-trump-s-economic-d-day-as-diversion-from-us-crisis
1319157182,20260820,IRN,IRN,USA,USA,60,60,6,2,6.0,8,2,8,-8.58692688796756,https://www.samaa.tv/2087355511-iran-sees-trump-s-economic-d-day-as-diversion-from-us-crisis
1319157183,20260820,IRN,IRN,USA,USA,100,100,10,3,-5.0,8,8,8,-1.850714387213,https://aninews.in/news/world/asia/tehran-always-prepared-for-talks-us-engages-only-when-it-serves-its-interests-irans-consul-general-dismisses-back-channel-negotiations-reports20260820181137/
1319157184,20260820,IRNGOVMIL,IRN,,,112,112,11,3,-2.0,2,1,2,-4.72279260780288,https://www.businessinsider.com/new-us-carrier-strike-group-arrives-middle-east-2026-8
1319157185,20260820,IRNGOVMIL,IRN,MED,,111,111,11,3,-2.0,2,1,2,-4.72279260780288,https://www.businessinsider.com/new-us-carrier-strike-group-arrives-middle-east-2026-8
1319157186,20260820,IRNJUD,IRN,EDU,,130,130,13,3,-4.4,1,1,1,-4.69026548672567,https://www.dw.com/en/in-iran-contact-with-foreigners-could-soon-be-a-crime/a-78443425
1319157417,20260820,NGOHRI,,IRN,IRN,10,10,1,1,0.0,3,1,3,-4.69026548672567,https://www.dw.com/en/in-iran-contact-with-foreigners-could-soon-be-a-crime/a-78443425
1319157641,20260820,USA,USA,IRN,IRN,51,51,5,1,3.4,8,1,8,-2.7992277992278,https://www.deccanchronicle.com/world/asia/why-taiwan-south-china-sea-matter-to-us-and-world-1980788
1319158619,20260820,,,IRN,IRN,190,190,19,4,-10.0,1,1,1,-1.68855534709193,https://foreignpolicy.com/2026/08/19/trump-netanyahu-israel-election-endorsement-gaza-iran/?tpcc=recirc_trending062921
1319159054,20260820,GOV,,IRN,IRN,13,13,1,1,0.4,1,1,1,-2.52252252252252,https://fpif.org/the-mecca-pact-wasnt-built-to-corner-iran/
1319159141,20260820,IRN,IRN,,,110,110,11,3,-2.0,6,3,6,-7.63888888888889,https://www.thetimes-tribune.com/2026/08/20/iran-trump-economic-threats-middle-east-news/
1319159142,20260820,IRN,IRN,,,110,110,11,3,-2.0,31,15,31,-7.32835660280507,https://www.ksat.com/news/world/2026/08/20/iran-dismisses-us-economic-threats-and-other-developments-in-the-middle-east/
1319159143,20260820,IRN,IRN,,,190,190,19,4,-10.0,1,1,1,-1.68855534709193,https://foreignpolicy.com/2026/08/19/trump-netanyahu-israel-election-endorsement-gaza-iran/?tpcc=recirc_trending062921
1319159144,20260820,IRN,IRN,BUSBUS,,10,10,1,1,0.0,4,1,4,0.85470085470085,https://www.ibtimes.com/walmarts-results-beat-expectations-hiked-its-outlook-year-its-stock-plunged-anyway-3806601
1319159145,20260820,IRN,IRN,GOV,,110,110,11,3,-2.0,31,2,31,-5.69754235933173,https://www.ibtimes.com/us-reportedly-carrying-stealth-missions-carry-oil-through-hormuz-millions-barrels-are-making-3806596
1319159146,20260820,IRN,IRN,GOV,,110,110,11,3,-2.0,4,1,4,-5.51181102362205,https://www.ibtimes.com/us-reportedly-carrying-stealth-missions-carry-oil-through-hormuz-millions-barrels-are-making-3806596
1319159147,20260820,IRN,IRN,GOV,,110,110,11,3,-2.0,16,1,16,-5.32361294965879,https://www.ibtimes.com/trump-announces-increased-economic-pressure-against-iran-oil-prices-jump-3806599
1319159148,20260820,IRN,IRN,GOV,,161,161,16,4,-4.0,10,1,10,-2.52252252252252,https://fpif.org/the-mecca-pact-wasnt-built-to-corner-iran/
1319159149,20260820,IRN,IRN,GOVMED,,130,130,13,3,-4.4,8,1,8,-2.52252252252252,https://fpif.org/the-mecca-pact-wasnt-built-to-corner-iran/
1319159150,20260820,IRN,IRN,ISR,ISR,87,87,8,2,9.0,5,1,5,-3.75,https://defimedia.info/blog-appeal-stop-war-and-negotiate-peace-0
1319159151,20260820,IRN,IRN,MOS,,100,100,10,3,-5.0,5,1,5,-2.4045261669024,https://www.dailymail.com/news/article-16067055/deep-dive-iran-invisible-ayatollah-mojtaba-khamenei.html
1319159152,20260820,IRN,IRN,PAK,PAK,43,43,4,1,2.8,2,1,2,-2.52252252252252,https://fpif.org/the-mecca-pact-wasnt-built-to-corner-iran/
1319159153,20260820,IRN,IRN,PAK,PAK,43,43,4,1,2.8,8,1,8,-2.52252252252252,https://fpif.org/the-mecca-pact-wasnt-built-to-corner-iran/
1319159154,20260820,IRN,IRN,RUS,RUS,87,87,8,2,9.0,1,1,1,-3.75,https://defimedia.info/blog-appeal-stop-war-and-negotiate-peace-0
1319159155,20260820,IRN,IRN,RUS,RUS,87,87,8,2,9.0,4,1,4,-3.75,https://defimedia.info/blog-appeal-stop-war-and-negotiate-peace-0
1319159156,20260820,IRN,IRN,UKR,UKR,87,87,8,2,9.0,1,1,1,-3.75,https://defimedia.info/blog-appeal-stop-war-and-negotiate-peace-0
1319159157,20260820,IRN,IRN,UKR,UKR,87,87,8,2,9.0,4,1,4,-3.75,https://defimedia.info/blog-appeal-stop-war-and-negotiate-peace-0
1319159158,20260820,IRN,IRN,USA,USA,12,12,1,1,-0.4,2,2,2,-7.65637197501952,https://english.news.cn/20260820/719cc25bfce8444f82a0b14b7e29aa82/c.html
1319159159,20260820,IRN,IRN,USA,USA,57,57,5,1,8.0,2,1,2,-6.61157024793389,https://english.news.cn/20260820/9826b66644934963b57aa975d1ec36b0/c.html
1319159160,20260820,IRN,IRN,USA,USA,57,57,5,1,8.0,6,1,6,-6.61157024793389,https://english.news.cn/20260820/9826b66644934963b57aa975d1ec36b0/c.html
1319159161,20260820,IRN,IRN,USA,USA,87,87,8,2,9.0,1,1,1,-3.75,https://defimedia.info/blog-appeal-stop-war-and-negotiate-peace-0
1319159162,20260820,IRN,IRN,USA,USA,87,87,8,2,9.0,4,1,4,-3.75,https://defimedia.info/blog-appeal-stop-war-and-negotiate-peace-0
1319159163,20260820,IRN,IRN,USAGOV,USA,110,110,11,3,-2.0,13,2,13,-5.37398671467505,https://www.ibtimes.com/trump-says-us-will-carry-out-economic-d-day-against-iran-countries-dealing-tehran-will-3806597
1319159164,20260820,IRN,IRN,USAGOV,USA,110,110,11,3,-2.0,4,1,4,-5.51181102362205,https://www.ibtimes.com/us-reportedly-carrying-stealth-missions-carry-oil-through-hormuz-millions-barrels-are-making-3806596
1319159165,20260820,IRN,IRN,USAGOV,USA,110,110,11,3,-2.0,4,1,4,-5.32361294965879,https://www.ibtimes.com/trump-announces-increased-economic-pressure-against-iran-oil-prices-jump-3806599
1319159166,20260820,IRNGOV,IRN,,,13,13,1,1,0.4,2,1,2,-2.52252252252252,https://fpif.org/the-mecca-pact-wasnt-built-to-corner-iran/
1319159167,20260820,IRNGOVMIL,IRN,IRN,IRN,10,10,1,1,0.0,6,1,3,-2.4045261669024,https://www.dailymail.com/news/article-16067055/deep-dive-iran-invisible-ayatollah-mojtaba-khamenei.html
1319159168,20260820,IRNMED,IRN,GOVMED,,130,130,13,3,-4.4,2,1,2,-2.52252252252252,https://fpif.org/the-mecca-pact-wasnt-built-to-corner-iran/
1319159179,20260820,ISR,ISR,IRN,IRN,190,190,19,4,-10.0,4,1,4,-6.61157024793389,https://english.news.cn/20260820/9826b66644934963b57aa975d1ec36b0/c.html
1319159180,20260820,ISR,ISR,IRN,IRN,190,190,19,4,-10.0,3,1,3,-6.61157024793389,https://english.news.cn/20260820/9826b66644934963b57aa975d1ec36b0/c.html
1319159214,20260820,ITA,ITA,IRN,IRN,60,60,6,2,6.0,1,1,1,-3.19829424307036,https://www.mondaq.com:443/unitedstates/export-controls-trade-investment-sanctions/1833450/can-a-us-parent-require-an-eu-subsidiary-to-violate-eu-law
1319159215,20260820,ITA,ITA,IRN,IRN,60,60,6,2,6.0,1,1,1,-3.19829424307036,https://www.mondaq.com:443/unitedstates/export-controls-trade-investment-sanctions/1833450/can-a-us-parent-require-an-eu-subsidiary-to-violate-eu-law
1319159216,20260820,ITA,ITA,IRN,IRN,60,60,6,2,6.0,8,1,8,-3.19829424307036,https://www.mondaq.com:443/unitedstates/export-controls-trade-investment-sanctions/1833450/can-a-us-parent-require-an-eu-subsidiary-to-violate-eu-law
1319159217,20260820,ITA,ITA,IRN,IRN,61,61,6,2,6.4,8,1,8,-3.19829424307036,https://www.mondaq.com:443/unitedstates/export-controls-trade-investment-sanctions/1833450/can-a-us-parent-require-an-eu-subsidiary-to-violate-eu-law
1319159218,20260820,ITA,ITA,IRN,IRN,61,61,6,2,6.4,2,1,2,-3.19829424307036,https://www.mondaq.com:443/unitedstates/export-controls-trade-investment-sanctions/1833450/can-a-us-parent-require-an-eu-subsidiary-to-violate-eu-law
1319159427,20260820,PAK,PAK,IRN,IRN,40,40,4,1,1.0,1,1,1,-2.52252252252252,https://fpif.org/the-mecca-pact-wasnt-built-to-corner-iran/
1319159428,20260820,PAK,PAK,IRN,IRN,42,42,4,1,1.9,8,1,8,-2.52252252252252,https://fpif.org/the-mecca-pact-wasnt-built-to-corner-iran/
1319159429,20260820,PAK,PAK,IRN,IRN,42,42,4,1,1.9,2,1,2,-2.52252252252252,https://fpif.org/the-mecca-pact-wasnt-built-to-corner-iran/
1319159444,20260820,PRK,PRK,IRN,IRN,36,36,3,1,4.0,1,1,1,-0.61349693251533,https://punchng.com/north-korea-fires-missiles-hours-after-trump-announces-kim-meeting/
1319159651,20260820,USA,USA,IRN,IRN,57,57,5,1,8.0,2,1,2,-6.61157024793389,https://english.news.cn/20260820/9826b66644934963b57aa975d1ec36b0/c.html
1319159652,20260820,USA,USA,IRN,IRN,57,57,5,1,8.0,6,1,6,-6.61157024793389,https://english.news.cn/20260820/9826b66644934963b57aa975d1ec36b0/c.html
1319159653,20260820,USA,USA,IRN,IRN,61,61,6,2,6.4,5,1,5,-3.19829424307036,https://www.mondaq.com:443/unitedstates/export-controls-trade-investment-sanctions/1833450/can-a-us-parent-require-an-eu-subsidiary-to-violate-eu-law
1319159654,20260820,USA,USA,IRN,IRN,163,163,16,4,-8.0,2,1,2,-3.19829424307036,https://www.mondaq.com:443/unitedstates/export-controls-trade-investment-sanctions/1833450/can-a-us-parent-require-an-eu-subsidiary-to-violate-eu-law
1319159655,20260820,USA,USA,IRN,IRN,190,190,19,4,-10.0,2,1,2,-6.61157024793389,https://english.news.cn/20260820/9826b66644934963b57aa975d1ec36b0/c.html
1319159656,20260820,USA,USA,IRN,IRN,190,190,19,4,-10.0,1,1,1,-6.61157024793389,https://english.news.cn/20260820/9826b66644934963b57aa975d1ec36b0/c.html
1319159657,20260820,USA,USA,IRN,IRN,190,190,19,4,-10.0,5,1,5,-6.61157024793389,https://english.news.cn/20260820/9826b66644934963b57aa975d1ec36b0/c.html
1319160943,20260820,,,IRN,IRN,170,170,17,4,-7.0,9,1,9,-9.35251798561151,https://www.khaama.com/iran-executes-afghan-national-over-isfahan-protest-case/
1319160944,20260820,,,IRN,IRN,170,170,17,4,-7.0,1,1,1,-9.35251798561151,https://www.khaama.com/iran-executes-afghan-national-over-isfahan-protest-case/
1319161108,20260820,CHN,CHN,IRN,IRN,1244,124,12,3,-4.0,2,1,2,-10.2362204724409,https://www.khaama.com/trump-warns-countries-supporting-iran-of-severe-economic-consequences/
1319161109,20260820,CHN,CHN,IRN,IRN,1244,124,12,3,-4.0,1,1,1,-10.2362204724409,https://www.khaama.com/trump-warns-countries-supporting-iran-of-severe-economic-consequences/
1319161110,20260820,CHN,CHN,IRN,IRN,138,138,13,3,-7.0,2,1,2,-5.88235294117647,https://www.business-standard.com/world-news/china-says-donald-trump-s-economic-warfare-won-t-solve-iran-crisis-126082001037_1.html
1319161111,20260820,CHN,CHN,IRN,IRN,138,138,13,3,-7.0,3,1,3,-5.88235294117647,https://www.business-standard.com/world-news/china-says-donald-trump-s-economic-warfare-won-t-solve-iran-crisis-126082001037_1.html
1319161473,20260820,IGOEUREEC,EUR,IRN,IRN,10,10,1,1,0.0,2,1,2,0.76923076923077,https://newsmakers.pk/eu-and-uae-accelerate-trade-talks-amid-regional-tensions/
1319161474,20260820,IGOEUREEC,EUR,IRN,IRN,10,10,1,1,0.0,2,1,2,0.76923076923077,https://newsmakers.pk/eu-and-uae-accelerate-trade-talks-amid-regional-tensions/
1319161504,20260820,IRN,IRN,AFG,AFG,186,186,18,4,-10.0,2,1,2,-9.35251798561151,https://www.khaama.com/iran-executes-afghan-national-over-isfahan-protest-case/
1319161505,20260820,IRN,IRN,AFG,AFG,186,186,18,4,-10.0,1,1,1,-9.35251798561151,https://www.khaama.com/iran-executes-afghan-national-over-isfahan-protest-case/
1319161506,20260820,IRN,IRN,ARE,ARE,112,112,11,3,-2.0,4,1,4,-5.88235294117647,https://www.business-standard.com/world-news/china-says-donald-trump-s-economic-warfare-won-t-solve-iran-crisis-126082001037_1.html
1319161507,20260820,IRN,IRN,ARE,ARE,112,112,11,3,-2.0,1,1,1,-5.88235294117647,https://www.business-standard.com/world-news/china-says-donald-trump-s-economic-warfare-won-t-solve-iran-crisis-126082001037_1.html
1319161508,20260820,IRN,IRN,EURCVL,EUR,15,15,1,1,0.0,10,1,10,0.76923076923077,https://newsmakers.pk/eu-and-uae-accelerate-trade-talks-amid-regional-tensions/
1319161509,20260820,IRN,IRN,GOV,,12,12,1,1,-0.4,1,1,1,-11.864406779661,https://www.business-standard.com/world-news/iran-says-trump-s-economic-d-day-is-a-diversion-from-us-domestic-problems-126082001027_1.html
1319161510,20260820,IRN,IRN,GOV,,51,51,5,1,3.4,13,2,13,-1.59904855937528,https://newsmakers.pk/eu-and-uae-accelerate-trade-talks-amid-regional-tensions/
1319161511,20260820,IRN,IRN,GOV,,120,120,12,3,-4.0,8,1,8,-10.2362204724409,https://www.khaama.com/trump-warns-countries-supporting-iran-of-severe-economic-consequences/
1319161512,20260820,IRN,IRN,IRNGOV,IRN,10,10,1,1,0.0,8,3,8,-8.04945785632452,https://www.khaama.com/trump-warns-countries-supporting-iran-of-severe-economic-consequences/
1319161513,20260820,IRN,IRN,IRNGOV,IRN,12,12,1,1,-0.4,1,1,1,-11.864406779661,https://www.business-standard.com/world-news/iran-says-trump-s-economic-d-day-is-a-diversion-from-us-domestic-problems-126082001027_1.html
1319161514,20260820,IRN,IRN,IRNGOV,IRN,120,120,12,3,-4.0,2,1,2,-10.2362204724409,https://www.khaama.com/trump-warns-countries-supporting-iran-of-severe-economic-consequences/
1319161515,20260820,IRN,IRN,IRNJUD,IRN,114,114,11,3,-2.0,5,1,5,-9.35251798561151,https://www.khaama.com/iran-executes-afghan-national-over-isfahan-protest-case/
1319161516,20260820,IRN,IRN,MIL,,190,190,19,4,-10.0,10,1,10,-9.35251798561151,https://www.khaama.com/iran-executes-afghan-national-over-isfahan-protest-case/
1319161517,20260820,IRN,IRN,OMN,OMN,164,164,16,4,-7.0,1,1,1,-1.65745856353591,https://newsmakers.pk/pakistans-role-as-mediator-in-us-iran-conflict-under-scrutiny/
1319161518,20260820,IRN,IRN,OMN,OMN,164,164,16,4,-7.0,4,1,4,-1.65745856353591,https://newsmakers.pk/pakistans-role-as-mediator-in-us-iran-conflict-under-scrutiny/
1319161519,20260820,IRN,IRN,TKM,TKM,40,40,4,1,1.0,24,2,24,-2.7681660899654,https://www.albawaba.com/news/russia-shipping-weaponry-iran-through-1635455
1319161520,20260820,IRN,IRN,TKM,TKM,46,46,4,1,7.0,24,2,24,-2.7681660899654,https://www.albawaba.com/news/russia-shipping-weaponry-iran-through-1635455
1319161521,20260820,IRN,IRN,UKR,UKR,60,60,6,2,6.0,1,1,1,0.76923076923077,https://newsmakers.pk/eu-and-uae-accelerate-trade-talks-amid-regional-tensions/
1319161522,20260820,IRN,IRN,UKR,UKR,60,60,6,2,6.0,1,1,1,0.76923076923077,https://newsmakers.pk/eu-and-uae-accelerate-trade-talks-amid-regional-tensions/
1319161523,20260820,IRN,IRN,USA,USA,12,12,1,1,-0.4,3,1,3,-11.864406779661,https://www.business-standard.com/world-news/iran-says-trump-s-economic-d-day-is-a-diversion-from-us-domestic-problems-126082001027_1.html
1319161524,20260820,IRNGOV,IRN,IRN,IRN,1123,112,11,3,-2.0,10,1,10,-9.35251798561151,https://www.khaama.com/iran-executes-afghan-national-over-isfahan-protest-case/
1319161724,20260820,OMN,OMN,IRN,IRN,164,164,16,4,-7.0,1,1,1,-1.65745856353591,https://newsmakers.pk/pakistans-role-as-mediator-in-us-iran-conflict-under-scrutiny/
1319161725,20260820,OMN,OMN,IRN,IRN,164,164,16,4,-7.0,4,1,4,-1.65745856353591,https://newsmakers.pk/pakistans-role-as-mediator-in-us-iran-conflict-under-scrutiny/
1319161835,20260820,TKM,TKM,IRN,IRN,40,40,4,1,1.0,24,2,24,-2.7681660899654,https://www.albawaba.com/news/russia-shipping-weaponry-iran-through-1635455
1319161836,20260820,TKM,TKM,IRN,IRN,46,46,4,1,7.0,24,2,24,-2.7681660899654,https://www.albawaba.com/news/russia-shipping-weaponry-iran-through-1635455
1319161870,20260820,UKR,UKR,IRN,IRN,60,60,6,2,6.0,1,1,1,0.76923076923077,https://newsmakers.pk/eu-and-uae-accelerate-trade-talks-amid-regional-tensions/
1319161871,20260820,UKR,UKR,IRN,IRN,60,60,6,2,6.0,1,1,1,0.76923076923077,https://newsmakers.pk/eu-and-uae-accelerate-trade-talks-amid-regional-tensions/
1319161982,20260820,USA,USA,IRN,IRN,61,61,6,2,6.4,1,1,1,-5.88235294117647,https://www.business-standard.com/world-news/china-says-donald-trump-s-economic-warfare-won-t-solve-iran-crisis-126082001037_1.html
1319161983,20260820,USA,USA,IRN,IRN,61,61,6,2,6.4,10,4,10,-5.12671362004682,https://www.business-standard.com/world-news/china-says-donald-trump-s-economic-warfare-won-t-solve-iran-crisis-126082001037_1.html
1319162993,20260820,ARM,ARM,IRN,IRN,12,12,1,1,-0.4,3,1,3,-2.96296296296296,https://en.apa.az/cis-countries/pashinyan-armenia-very-concerned-about-situation-involving-us-iran-521018
1319162994,20260820,ARM,ARM,IRN,IRN,12,12,1,1,-0.4,2,1,2,-2.96296296296296,https://en.apa.az/cis-countries/pashinyan-armenia-very-concerned-about-situation-involving-us-iran-521018
1319162995,20260820,ARM,ARM,IRN,IRN,12,12,1,1,-0.4,2,1,2,-2.96296296296296,https://en.apa.az/cis-countries/pashinyan-armenia-very-concerned-about-situation-involving-us-iran-521018
1319163003,20260820,ARMGOV,ARM,IRN,IRN,12,12,1,1,-0.4,2,1,2,-2.96296296296296,https://en.apa.az/cis-countries/pashinyan-armenia-very-concerned-about-situation-involving-us-iran-521018
1319163004,20260820,ARMGOV,ARM,IRN,IRN,12,12,1,1,-0.4,4,1,4,-2.96296296296296,https://en.apa.az/cis-countries/pashinyan-armenia-very-concerned-about-situation-involving-us-iran-521018
1319163551,20260820,GOV,,IRN,IRN,43,43,4,1,2.8,8,2,8,-4.33716408033299,https://www.independent.co.uk/news/world/americas/us-politics/trump-iran-war-bill-o-reilly-loser-b3036264.html
1319163552,20260820,GOV,,IRN,IRN,130,130,13,3,-4.4,8,1,8,-3.76432078559738,https://www.whyisrael.org/jns-org/trump-declares-economic-d-day-for-iran/
1319163553,20260820,GOV,,IRN,IRN,130,130,13,3,-4.4,10,2,10,-3.34201440739723,https://www.whyisrael.org/jns-org/trump-declares-economic-d-day-for-iran/
1319163554,20260820,GOV,,IRN,IRN,180,180,18,4,-9.0,8,1,8,-3.76432078559738,https://www.whyisrael.org/jns-org/trump-declares-economic-d-day-for-iran/
1319163699,20260820,IRN,IRN,ARM,ARM,12,12,1,1,-0.4,1,1,1,-2.96296296296296,https://en.apa.az/cis-countries/pashinyan-armenia-very-concerned-about-situation-involving-us-iran-521018
1319163700,20260820,IRN,IRN,ARM,ARM,12,12,1,1,-0.4,1,1,1,-2.96296296296296,https://en.apa.az/cis-countries/pashinyan-armenia-very-concerned-about-situation-involving-us-iran-521018
1319163701,20260820,IRN,IRN,CANGOV,CAN,36,36,3,1,4.0,1,1,1,-3.22916666666667,https://www.cp24.com/news/canada/2026/08/20/conservative-leader-invites-irans-exiled-crown-prince-to-canada/
1319163702,20260820,IRN,IRN,GOV,,25,25,2,1,-0.3,2,1,2,-6.16174582798459,https://nypost.com/2026/08/20/us-news/iran-protest-survivor-raheleh-amiri-slams-screaming-mary-sons-bid-to-stay-in-us/
1319163703,20260820,IRN,IRN,GOV,,25,25,2,1,-0.3,2,1,2,-6.16174582798459,https://nypost.com/2026/08/20/us-news/iran-protest-survivor-raheleh-amiri-slams-screaming-mary-sons-bid-to-stay-in-us/
1319163704,20260820,IRN,IRN,GOV,,42,42,4,1,1.9,8,2,8,-4.33716408033299,https://www.independent.co.uk/news/world/americas/us-politics/trump-iran-war-bill-o-reilly-loser-b3036264.html
1319163705,20260820,IRN,IRN,IRNGOV,IRN,42,42,4,1,1.9,1,1,1,-3.20945945945946,https://www.independent.co.uk/news/world/americas/us-politics/trump-iran-war-bill-o-reilly-loser-b3036264.html
1319163706,20260820,IRN,IRN,IRNGOV,IRN,110,110,11,3,-2.0,2,1,2,-9.43877551020411,https://kashmirlife.net/trump-threatens-tougher-economic-measures-against-iran-its-allies-448419/
1319163707,20260820,IRN,IRN,IRQ,IRQ,46,46,4,1,7.0,2,1,2,-5.52763819095477,https://news.az/news/us-interference-is-source-of-regional-instability-iran-s-qalibaf-t-ells-iraqi-speaker
1319163708,20260820,IRN,IRN,ISR,ISR,46,46,4,1,7.0,1,1,1,-3.76432078559738,https://www.whyisrael.org/jns-org/trump-declares-economic-d-day-for-iran/
1319163709,20260820,IRN,IRN,ISR,ISR,46,46,4,1,7.0,1,1,1,-3.76432078559738,https://www.whyisrael.org/jns-org/trump-declares-economic-d-day-for-iran/
1319163710,20260820,IRN,IRN,ISR,ISR,50,50,5,1,3.5,1,1,1,-3.76432078559738,https://www.whyisrael.org/jns-org/trump-declares-economic-d-day-for-iran/
1319163711,20260820,IRN,IRN,ISR,ISR,50,50,5,1,3.5,1,1,1,-3.76432078559738,https://www.whyisrael.org/jns-org/trump-declares-economic-d-day-for-iran/
1319163712,20260820,IRN,IRN,ISR,ISR,51,51,5,1,3.4,2,1,2,-5.52763819095477,https://news.az/news/us-interference-is-source-of-regional-instability-iran-s-qalibaf-t-ells-iraqi-speaker
1319163713,20260820,IRN,IRN,ISR,ISR,111,111,11,3,-2.0,24,4,24,-7.2716707385877,https://www.cp24.com/news/world/2026/08/20/iran-dismisses-us-economic-threats-and-other-developments-in-the-middle-east/
1319163714,20260820,IRN,IRN,ISR,ISR,111,111,11,3,-2.0,4,3,4,-7.34220657663467,https://www.cp24.com/news/world/2026/08/20/iran-dismisses-us-economic-threats-and-other-developments-in-the-middle-east/
1319163715,20260820,IRN,IRN,ISR,ISR,120,120,12,3,-4.0,2,1,2,-9.43877551020411,https://kashmirlife.net/trump-threatens-tougher-economic-measures-against-iran-its-allies-448419/
1319163716,20260820,IRN,IRN,ISR,ISR,120,120,12,3,-4.0,6,1,6,-9.43877551020411,https://kashmirlife.net/trump-threatens-tougher-economic-measures-against-iran-its-allies-448419/
1319163717,20260820,IRN,IRN,ISR,ISR,120,120,12,3,-4.0,2,1,2,-9.43877551020411,https://kashmirlife.net/trump-threatens-tougher-economic-measures-against-iran-its-allies-448419/
1319163718,20260820,IRN,IRN,ISR,ISR,130,130,13,3,-4.4,2,1,2,-4.21393841166937,https://www.independent.co.uk/news/uk/home-news/russia-putin-iran-threats-uk-europe-defence-b3035532.html
1319163719,20260820,IRN,IRN,ISR,ISR,130,130,13,3,-4.4,8,1,8,-4.21393841166937,https://www.independent.co.uk/news/uk/home-news/russia-putin-iran-threats-uk-europe-defence-b3035532.html
1319163720,20260820,IRN,IRN,SAUGOV,SAU,10,10,1,1,0.0,1,1,1,-3.76432078559738,https://www.whyisrael.org/jns-org/trump-declares-economic-d-day-for-iran/
1319163721,20260820,IRN,IRN,SAUGOV,SAU,10,10,1,1,0.0,1,1,1,-3.76432078559738,https://www.whyisrael.org/jns-org/trump-declares-economic-d-day-for-iran/
1319163722,20260820,IRN,IRN,SAUGOV,SAU,10,10,1,1,0.0,1,1,1,-3.76432078559738,https://www.whyisrael.org/jns-org/trump-declares-economic-d-day-for-iran/
1319163723,20260820,IRN,IRN,SAUGOV,SAU,13,13,1,1,0.4,1,1,1,-3.76432078559738,https://www.whyisrael.org/jns-org/trump-declares-economic-d-day-for-iran/
1319163724,20260820,IRN,IRN,USA,USA,10,10,1,1,0.0,4,1,4,-6.16174582798459,https://nypost.com/2026/08/20/us-news/iran-protest-survivor-raheleh-amiri-slams-screaming-mary-sons-bid-to-stay-in-us/
1319163725,20260820,IRN,IRN,USA,USA,25,25,2,1,-0.3,2,1,2,-6.16174582798459,https://nypost.com/2026/08/20/us-news/iran-protest-survivor-raheleh-amiri-slams-screaming-mary-sons-bid-to-stay-in-us/
1319163726,20260820,IRN,IRN,USA,USA,25,25,2,1,-0.3,2,1,2,-6.16174582798459,https://nypost.com/2026/08/20/us-news/iran-protest-survivor-raheleh-amiri-slams-screaming-mary-sons-bid-to-stay-in-us/
1319163727,20260820,IRN,IRN,USA,USA,50,50,5,1,3.5,1,1,1,-3.76432078559738,https://www.whyisrael.org/jns-org/trump-declares-economic-d-day-for-iran/
1319163728,20260820,IRN,IRN,USA,USA,53,53,5,1,3.8,2,1,2,-5.52763819095477,https://news.az/news/us-interference-is-source-of-regional-instability-iran-s-qalibaf-t-ells-iraqi-speaker
1319163729,20260820,IRN,IRN,USA,USA,130,130,13,3,-4.4,3,1,3,-4.21393841166937,https://www.independent.co.uk/news/uk/home-news/russia-putin-iran-threats-uk-europe-defence-b3035532.html
1319163730,20260820,IRN,IRN,USA,USA,130,130,13,3,-4.4,2,1,2,-4.21393841166937,https://www.independent.co.uk/news/uk/home-news/russia-putin-iran-threats-uk-europe-defence-b3035532.html
1319163731,20260820,IRN,IRN,USA,USA,130,130,13,3,-4.4,5,1,5,-4.21393841166937,https://www.independent.co.uk/news/uk/home-news/russia-putin-iran-threats-uk-europe-defence-b3035532.html
1319163732,20260820,IRN,IRN,USA,USA,181,181,18,4,-9.0,2,1,2,-6.16174582798459,https://nypost.com/2026/08/20/us-news/iran-protest-survivor-raheleh-amiri-slams-screaming-mary-sons-bid-to-stay-in-us/
1319163733,20260820,IRN,IRN,USA,USA,181,181,18,4,-9.0,2,1,2,-6.16174582798459,https://nypost.com/2026/08/20/us-news/iran-protest-survivor-raheleh-amiri-slams-screaming-mary-sons-bid-to-stay-in-us/
1319163734,20260820,IRNGOV,IRN,IRN,IRN,43,43,4,1,2.8,1,1,1,-3.20945945945946,https://www.independent.co.uk/news/world/americas/us-politics/trump-iran-war-bill-o-reilly-loser-b3036264.html
1319163735,20260820,IRNGOV,IRN,IRN,IRN,181,181,18,4,-9.0,3,1,3,-6.16174582798459,https://nypost.com/2026/08/20/us-news/iran-protest-survivor-raheleh-amiri-slams-screaming-mary-sons-bid-to-stay-in-us/
1319163736,20260820,IRNGOV,IRN,IRN,IRN,181,181,18,4,-9.0,3,1,3,-6.16174582798459,https://nypost.com/2026/08/20/us-news/iran-protest-survivor-raheleh-amiri-slams-screaming-mary-sons-bid-to-stay-in-us/
1319163737,20260820,IRQ,IRQ,IRN,IRN,46,46,4,1,7.0,3,2,3,-2.22865089975873,https://news.az/news/us-interference-is-source-of-regional-instability-iran-s-qalibaf-t-ells-iraqi-speaker
1319163743,20260820,ISR,ISR,IRN,IRN,46,46,4,1,7.0,1,1,1,-3.76432078559738,https://www.whyisrael.org/jns-org/trump-declares-economic-d-day-for-iran/
1319163744,20260820,ISR,ISR,IRN,IRN,46,46,4,1,7.0,1,1,1,-3.76432078559738,https://www.whyisrael.org/jns-org/trump-declares-economic-d-day-for-iran/
1319163745,20260820,ISR,ISR,IRN,IRN,50,50,5,1,3.5,1,1,1,-3.76432078559738,https://www.whyisrael.org/jns-org/trump-declares-economic-d-day-for-iran/
1319163746,20260820,ISR,ISR,IRN,IRN,50,50,5,1,3.5,1,1,1,-3.76432078559738,https://www.whyisrael.org/jns-org/trump-declares-economic-d-day-for-iran/
1319163767,20260820,ISRGOV,ISR,IRN,IRN,331,33,3,1,5.2,2,1,2,-3.76432078559738,https://www.whyisrael.org/jns-org/trump-declares-economic-d-day-for-iran/
1319163768,20260820,ISRGOV,ISR,IRN,IRN,180,180,18,4,-9.0,2,1,2,-3.76432078559738,https://www.whyisrael.org/jns-org/trump-declares-economic-d-day-for-iran/
1319163969,20260820,MIL,,IRN,IRN,16,16,1,1,-2.0,5,1,5,-3.20945945945946,https://www.independent.co.uk/news/world/americas/us-politics/trump-iran-war-bill-o-reilly-loser-b3036264.html
1319163970,20260820,MIL,,IRN,IRN,16,16,1,1,-2.0,1,1,1,-3.20945945945946,https://www.independent.co.uk/news/world/americas/us-politics/trump-iran-war-bill-o-reilly-loser-b3036264.html
1319163971,20260820,MIL,,IRN,IRN,16,16,1,1,-2.0,1,1,1,-3.20945945945946,https://www.independent.co.uk/news/world/americas/us-politics/trump-iran-war-bill-o-reilly-loser-b3036264.html
1319164333,20260820,USA,USA,IRN,IRN,50,50,5,1,3.5,1,1,1,-3.76432078559738,https://www.whyisrael.org/jns-org/trump-declares-economic-d-day-for-iran/
1319164334,20260820,USA,USA,IRN,IRN,110,110,11,3,-2.0,1,1,1,-6.16174582798459,https://nypost.com/2026/08/20/us-news/iran-protest-survivor-raheleh-amiri-slams-screaming-mary-sons-bid-to-stay-in-us/
1319164335,20260820,USA,USA,IRN,IRN,110,110,11,3,-2.0,1,1,1,-6.16174582798459,https://nypost.com/2026/08/20/us-news/iran-protest-survivor-raheleh-amiri-slams-screaming-mary-sons-bid-to-stay-in-us/
1319164336,20260820,USA,USA,IRN,IRN,174,174,17,4,-5.0,2,1,2,-6.16174582798459,https://nypost.com/2026/08/20/us-news/iran-protest-survivor-raheleh-amiri-slams-screaming-mary-sons-bid-to-stay-in-us/
1319164337,20260820,USA,USA,IRN,IRN,174,174,17,4,-5.0,2,1,2,-6.16174582798459,https://nypost.com/2026/08/20/us-news/iran-protest-survivor-raheleh-amiri-slams-screaming-mary-sons-bid-to-stay-in-us/
1319164338,20260820,USA,USA,IRNGOV,IRN,181,181,18,4,-9.0,3,1,3,-6.16174582798459,https://nypost.com/2026/08/20/us-news/iran-protest-survivor-raheleh-amiri-slams-screaming-mary-sons-bid-to-stay-in-us/
1319164339,20260820,USA,USA,IRNGOV,IRN,181,181,18,4,-9.0,3,1,3,-6.16174582798459,https://nypost.com/2026/08/20/us-news/iran-protest-survivor-raheleh-amiri-slams-screaming-mary-sons-bid-to-stay-in-us/
1319165980,20260820,GOV,,IRN,IRN,71,71,7,2,7.4,54,7,54,-1.59778835542019,https://www.winnipegfreepress.com/world/2026/08/20/the-latest-the-us-national-debt-hits-a-record-40-trillion
1319165981,20260820,GOV,,IRNGOV,IRN,71,71,7,2,7.4,12,6,12,-1.65868735362402,http://www.bozemandailychronicle.com/wire/politics/the-latest-the-us-national-debt-hits-a-record-40-trillion/article_95924c44-ff27-5e80-bc1d-265563cfe0a5.html
1319166087,20260820,IRN,IRN,SAU,SAU,110,110,11,3,-2.0,5,1,5,-1.50943396226415,https://www.express.co.uk/news/world/2240980/yemen-tanker-boarded-and-seized
1319166088,20260820,IRN,IRN,USA,USA,57,57,5,1,8.0,1,1,1,-0.29761904761904,https://www.newsweek.com/donald-trump-summit-kim-jong-un-12346935
1319166494,20260820,USA,USA,IRN,IRN,12,12,1,1,-0.4,10,5,10,-1.26503622331256,http://www.bozemandailychronicle.com/wire/politics/the-latest-the-us-national-debt-hits-a-record-40-trillion/article_95924c44-ff27-5e80-bc1d-265563cfe0a5.html
1319166495,20260820,USA,USA,IRN,IRN,57,57,5,1,8.0,1,1,1,-0.29761904761904,https://www.newsweek.com/donald-trump-summit-kim-jong-un-12346935
1319166496,20260820,USA,USA,IRN,IRN,138,138,13,3,-7.0,2,1,2,-0.10040160642571,https://www.newsweek.com/nuclear-weapons-trump-said-quiet-part-out-loud-north-korea-12347110
1319166497,20260820,USA,USA,IRN,IRN,138,138,13,3,-7.0,2,1,2,-0.10040160642571,https://www.newsweek.com/nuclear-weapons-trump-said-quiet-part-out-loud-north-korea-12347110
1319167709,20260820,CHN,CHN,IRN,IRN,138,138,13,3,-7.0,2,1,2,-3.49206349206349,https://udaipurkiran.com/china-criticizes-trumps-economic-campaign-against-iran/
1319167710,20260820,CHN,CHN,IRN,IRN,138,138,13,3,-7.0,2,1,2,-3.49206349206349,https://udaipurkiran.com/china-criticizes-trumps-economic-campaign-against-iran/
1319167711,20260820,CHN,CHN,IRN,IRN,163,163,16,4,-8.0,2,1,2,-3.49206349206349,https://udaipurkiran.com/china-criticizes-trumps-economic-campaign-against-iran/
1319167712,20260820,CHN,CHN,IRN,IRN,163,163,16,4,-8.0,6,1,6,-3.49206349206349,https://udaipurkiran.com/china-criticizes-trumps-economic-campaign-against-iran/
1319167713,20260820,CHN,CHN,IRN,IRN,163,163,16,4,-8.0,2,1,2,-3.49206349206349,https://udaipurkiran.com/china-criticizes-trumps-economic-campaign-against-iran/
1319167729,20260820,CHNGOV,CHN,IRN,IRN,130,130,13,3,-4.4,1,1,1,-3.49206349206349,https://udaipurkiran.com/china-criticizes-trumps-economic-campaign-against-iran/
1319168052,20260820,GOV,,IRN,IRN,331,33,3,1,5.2,8,1,8,-3.76068376068376,https://www.ksnblocal4.com/2026/08/20/local4s-four-things-you-need-know-august-20-2026/
1319168053,20260820,GOV,,IRN,IRN,130,130,13,3,-4.4,2,1,2,-3.49206349206349,https://udaipurkiran.com/china-criticizes-trumps-economic-campaign-against-iran/
1319168054,20260820,GOV,,IRN,IRN,130,130,13,3,-4.4,6,1,6,-3.49206349206349,https://udaipurkiran.com/china-criticizes-trumps-economic-campaign-against-iran/
1319168055,20260820,GOV,,IRN,IRN,130,130,13,3,-4.4,18,2,18,-5.46978253033762,https://www.cbc.ca/news/world/iran-rejects-trump-economic-threat-9.7313735
1319168181,20260820,IRN,IRN,,,874,87,8,2,10.0,14,3,14,0.214413522546773,https://finance.yahoo.com/markets/stocks/articles/elmet-elmt-q2-2026-earnings-141459439.html
1319168182,20260820,IRN,IRN,USA,USA,12,12,1,1,-0.4,2,1,2,-7.49128919860627,https://www.cbc.ca/news/world/iran-rejects-trump-economic-threat-9.7313735
1319168183,20260820,IRN,IRN,USA,USA,40,40,4,1,1.0,4,2,4,1.27808466376739,https://finance.yahoo.com/markets/stocks/articles/elmet-elmt-q2-2026-earnings-141459439.html
1319168184,20260820,IRNGOV,IRN,IRN,IRN,331,33,3,1,5.2,2,1,2,-3.76068376068376,https://www.ksnblocal4.com/2026/08/20/local4s-four-things-you-need-know-august-20-2026/
1319168185,20260820,IRNGOV,IRN,USA,USA,110,110,11,3,-2.0,2,1,2,-3.76068376068376,https://www.ksnblocal4.com/2026/08/20/local4s-four-things-you-need-know-august-20-2026/
1319168713,20260820,USA,USA,IRN,IRN,40,40,4,1,1.0,4,2,4,1.27808466376739,https://finance.yahoo.com/markets/stocks/articles/elmet-elmt-q2-2026-earnings-141459439.html
1319168714,20260820,USA,USA,IRNGOV,IRN,130,130,13,3,-4.4,2,1,2,-3.76068376068376,https://www.ksnblocal4.com/2026/08/20/local4s-four-things-you-need-know-august-20-2026/
1319169880,20260820,,,IRN,IRN,31,31,3,1,5.2,12,2,12,-7.12948100588549,https://www.upi.com/Top_News/US/2026/08/20/trump-threatens-economic-operation-iran-oil-prices/4971787233729/
1319169881,20260820,,,IRN,IRN,31,31,3,1,5.2,8,2,8,-7.12948100588549,https://www.upi.com/Top_News/US/2026/08/20/trump-threatens-economic-operation-iran-oil-prices/4971787233729/
1319169882,20260820,,,IRN,IRN,36,36,3,1,4.0,2,1,2,1.63304514889529,https://www.jpost.com/opinion/article-905759
1319169883,20260820,,,IRN,IRN,36,36,3,1,4.0,8,1,8,1.63304514889529,https://www.jpost.com/opinion/article-905759
1319170075,20260820,CHN,CHN,IRN,IRN,163,163,16,4,-8.0,2,1,2,-3.7542662116041,https://www.thenews.com.pk/latest/1412933-trumps-economic-d-day-on-iran-draws-response-from-china
1319170076,20260820,CHN,CHN,IRN,IRN,163,163,16,4,-8.0,8,1,8,-3.7542662116041,https://www.thenews.com.pk/latest/1412933-trumps-economic-d-day-on-iran-draws-response-from-china
1319170089,20260820,CHNGOV,CHN,IRN,IRN,110,110,11,3,-2.0,5,1,5,-3.7542662116041,https://www.thenews.com.pk/latest/1412933-trumps-economic-d-day-on-iran-draws-response-from-china
1319170494,20260820,IRN,IRN,,,36,36,3,1,4.0,2,1,2,1.63304514889529,https://www.jpost.com/opinion/article-905759
1319170495,20260820,IRN,IRN,,,36,36,3,1,4.0,8,1,8,1.63304514889529,https://www.jpost.com/opinion/article-905759
1319170496,20260820,IRN,IRN,,,871,87,8,2,9.0,10,1,10,-3.7542662116041,https://www.thenews.com.pk/latest/1412933-trumps-economic-d-day-on-iran-draws-response-from-china
1319170497,20260820,IRN,IRN,,,874,87,8,2,10.0,2,1,2,1.19771183410797,https://www.fool.com/earnings/call-transcripts/2026/08/20/elmet-elmt-q2-2026-earnings-call-transcript/?source=iedfolrf0000001
1319170498,20260820,IRN,IRN,ISR,ISR,173,173,17,4,-5.0,16,1,16,-10.0311962134251,https://www.jpost.com/israel-news/crime-in-israel/article-906116
1319170499,20260820,IRN,IRN,OMN,OMN,46,46,4,1,7.0,8,1,8,-4.72764645426516,https://www.egyptindependent.com/trumps-threats-anger-omanis-leave-observers-puzzled/
1319170500,20260820,IRN,IRN,OMN,OMN,46,46,4,1,7.0,2,1,2,-4.72764645426516,https://www.egyptindependent.com/trumps-threats-anger-omanis-leave-observers-puzzled/
1319170513,20260820,ISR,ISR,IRN,IRN,110,110,11,3,-2.0,4,1,4,-10.0311962134251,https://www.jpost.com/israel-news/crime-in-israel/article-906116
1319170514,20260820,ISR,ISR,IRN,IRN,110,110,11,3,-2.0,16,1,16,-10.0311962134251,https://www.jpost.com/israel-news/crime-in-israel/article-906116
1319170743,20260820,OMN,OMN,IRN,IRN,10,10,1,1,0.0,1,1,1,-4.72764645426516,https://www.egyptindependent.com/trumps-threats-anger-omanis-leave-observers-puzzled/
1319170744,20260820,OMN,OMN,IRN,IRN,10,10,1,1,0.0,2,1,2,-4.72764645426516,https://www.egyptindependent.com/trumps-threats-anger-omanis-leave-observers-puzzled/
1319170745,20260820,OMN,OMN,IRN,IRN,10,10,1,1,0.0,1,1,1,-4.72764645426516,https://www.egyptindependent.com/trumps-threats-anger-omanis-leave-observers-puzzled/
1319170746,20260820,OMN,OMN,IRN,IRN,10,10,1,1,0.0,2,1,2,-4.72764645426516,https://www.egyptindependent.com/trumps-threats-anger-omanis-leave-observers-puzzled/
1319170747,20260820,OMN,OMN,IRN,IRN,10,10,1,1,0.0,1,1,1,-4.72764645426516,https://www.egyptindependent.com/trumps-threats-anger-omanis-leave-observers-puzzled/
1319170748,20260820,OMN,OMN,IRN,IRN,10,10,1,1,0.0,1,1,1,-4.72764645426516,https://www.egyptindependent.com/trumps-threats-anger-omanis-leave-observers-puzzled/
1319170749,20260820,OMN,OMN,IRN,IRN,46,46,4,1,7.0,2,1,2,-4.72764645426516,https://www.egyptindependent.com/trumps-threats-anger-omanis-leave-observers-puzzled/
1319170750,20260820,OMN,OMN,IRN,IRN,46,46,4,1,7.0,8,1,8,-4.72764645426516,https://www.egyptindependent.com/trumps-threats-anger-omanis-leave-observers-puzzled/
1319170751,20260820,OMNGOV,OMN,IRN,IRN,130,130,13,3,-4.4,1,1,1,-4.72764645426516,https://www.egyptindependent.com/trumps-threats-anger-omanis-leave-observers-puzzled/
1319170752,20260820,OMNGOV,OMN,IRN,IRN,130,130,13,3,-4.4,1,1,1,-4.72764645426516,https://www.egyptindependent.com/trumps-threats-anger-omanis-leave-observers-puzzled/
1319170836,20260820,RUS,RUS,IRN,IRN,130,130,13,3,-4.4,10,1,10,-5.61224489795919,https://www.themoscowtimes.com/2026/08/20/german-spy-agency-opens-hotline-for-exiled-russians-a93540
1319171013,20260820,USA,USA,IRN,IRN,14,14,1,1,0.0,6,3,6,3.29592217546175,https://aninews.in/news/world/asia/india-can-help-create-conditions-for-iran-us-agreement-iranian-consul-general-on-ending-west-asia-conflict20260820200245/
1319171014,20260820,USA,USA,IRN,IRN,14,14,1,1,0.0,6,3,6,3.29592217546175,https://aninews.in/news/world/asia/india-can-help-create-conditions-for-iran-us-agreement-iranian-consul-general-on-ending-west-asia-conflict20260820200245/
1319171015,20260820,USA,USA,IRN,IRN,14,14,1,1,0.0,19,4,19,2.23022892441399,https://aninews.in/news/world/asia/india-can-help-create-conditions-for-iran-us-agreement-iranian-consul-general-on-ending-west-asia-conflict20260820200245/
1319171866,20260820,,,IRN,IRN,46,46,4,1,7.0,8,1,8,-1.27478753541076,https://www.islamicinvitationturkey.com/qalibaf-us-source-of-disruption-to-regional-peace-exploiting-of-national-resources/
1319171867,20260820,,,IRNGOV,IRN,180,180,18,4,-9.0,6,1,6,-2.67927501970055,https://www.presstv.co.uk/Detail/2026/08/20/774730/Operation-Ajax-1953-documentary-director-speaks-PressTV
1319172314,20260820,GOV,,IRN,IRN,43,43,4,1,2.8,3,1,3,-1.27478753541076,https://www.islamicinvitationturkey.com/qalibaf-us-source-of-disruption-to-regional-peace-exploiting-of-national-resources/
1319172315,20260820,GOV,,IRN,IRN,51,51,5,1,3.4,3,1,3,-1.27478753541076,https://www.islamicinvitationturkey.com/qalibaf-us-source-of-disruption-to-regional-peace-exploiting-of-national-resources/
1319172316,20260820,GOV,,IRN,IRN,130,130,13,3,-4.4,10,1,10,-1.53846153846154,https://www.theepochtimes.com/epochtv/trump-announces-economic-warfare-on-iran-missouri-judge-clears-gop-backed-house-map-for-midterms-6077432
1319172317,20260820,GOV,,IRNGOV,IRN,841,84,8,2,7.0,10,1,10,-2.35294117647058,https://www.presstv.co.uk/Detail/2026/08/20/774737/France-expels-Iranian-cultural-attach
1319172388,20260820,IRN,IRN,,,46,46,4,1,7.0,8,1,8,-1.27478753541076,https://www.islamicinvitationturkey.com/qalibaf-us-source-of-disruption-to-regional-peace-exploiting-of-national-resources/
1319172389,20260820,IRN,IRN,,,120,120,12,3,-4.0,1,1,1,-4.74040632054176,https://www.semissourian.com/opinion/sauer-can-the-fcc-let-us-be-1c5ae0fc
1319172390,20260820,IRN,IRN,CRM,,10,10,1,1,0.0,2,1,2,-1.27478753541076,https://www.islamicinvitationturkey.com/qalibaf-us-source-of-disruption-to-regional-peace-exploiting-of-national-resources/
1319172391,20260820,IRN,IRN,CRM,,10,10,1,1,0.0,1,1,1,-1.27478753541076,https://www.islamicinvitationturkey.com/qalibaf-us-source-of-disruption-to-regional-peace-exploiting-of-national-resources/
1319172392,20260820,IRN,IRN,GOV,,16,16,1,1,-2.0,2,2,2,-4.9855087420556,https://ianslive.in/irans-irgc-says-more-devastating-weapons-to-be-used-if-new-war-begins--20260820192835
1319172393,20260820,IRN,IRN,GOV,,16,16,1,1,-2.0,2,2,2,-4.9855087420556,https://ianslive.in/irans-irgc-says-more-devastating-weapons-to-be-used-if-new-war-begins--20260820192835
1319172394,20260820,IRN,IRN,GOV,,42,42,4,1,1.9,3,1,3,-1.27478753541076,https://www.islamicinvitationturkey.com/qalibaf-us-source-of-disruption-to-regional-peace-exploiting-of-national-resources/
1319172395,20260820,IRN,IRN,IRNGOV,IRN,42,42,4,1,1.9,2,1,2,-1.27478753541076,https://www.islamicinvitationturkey.com/qalibaf-us-source-of-disruption-to-regional-peace-exploiting-of-national-resources/
1319172396,20260820,IRN,IRN,IRNMIL,IRN,40,40,4,1,1.0,1,1,1,-2.73972602739726,https://www.islamicinvitationturkey.com/iran-warns-of-escalating-weaponry-in-event-of-new-conflict-irgc-official/
1319172397,20260820,IRN,IRN,IRQ,IRQ,17,17,1,1,0.0,4,1,4,-1.27478753541076,https://www.islamicinvitationturkey.com/qalibaf-us-source-of-disruption-to-regional-peace-exploiting-of-national-resources/
1319172398,20260820,IRN,IRN,IRQ,IRQ,17,17,1,1,0.0,6,1,6,-1.27478753541076,https://www.islamicinvitationturkey.com/qalibaf-us-source-of-disruption-to-regional-peace-exploiting-of-national-resources/
1319172399,20260820,IRN,IRN,IRQ,IRQ,20,20,2,1,3.0,8,1,8,1.86170212765957,https://www.islamicinvitationturkey.com/iraqi-prime-minister-commends-irans-steadfast-support-in-talks-with-qalibaf/
1319172400,20260820,IRN,IRN,IRQ,IRQ,20,20,2,1,3.0,2,1,2,1.86170212765957,https://www.islamicinvitationturkey.com/iraqi-prime-minister-commends-irans-steadfast-support-in-talks-with-qalibaf/
1319172401,20260820,IRN,IRN,IRQ,IRQ,40,40,4,1,1.0,2,1,2,1.86170212765957,https://www.islamicinvitationturkey.com/iraqi-prime-minister-commends-irans-steadfast-support-in-talks-with-qalibaf/
1319172402,20260820,IRN,IRN,IRQ,IRQ,40,40,4,1,1.0,2,2,2,-4.9855087420556,https://ianslive.in/irans-irgc-says-more-devastating-weapons-to-be-used-if-new-war-begins--20260820192835
1319172403,20260820,IRN,IRN,IRQ,IRQ,40,40,4,1,1.0,2,2,2,-4.9855087420556,https://ianslive.in/irans-irgc-says-more-devastating-weapons-to-be-used-if-new-war-begins--20260820192835
1319172404,20260820,IRN,IRN,IRQ,IRQ,42,42,4,1,1.9,7,1,7,0.293457296124405,https://www.islamicinvitationturkey.com/qalibaf-us-source-of-disruption-to-regional-peace-exploiting-of-national-resources/
1319172405,20260820,IRN,IRN,IRQ,IRQ,42,42,4,1,1.9,1,1,1,-1.27478753541076,https://www.islamicinvitationturkey.com/qalibaf-us-source-of-disruption-to-regional-peace-exploiting-of-national-resources/
1319172406,20260820,IRN,IRN,IRQ,IRQ,51,51,5,1,3.4,2,1,2,1.86170212765957,https://www.islamicinvitationturkey.com/iraqi-prime-minister-commends-irans-steadfast-support-in-talks-with-qalibaf/
1319172407,20260820,IRN,IRN,IRQ,IRQ,873,87,8,2,9.0,8,1,8,1.86170212765957,https://www.islamicinvitationturkey.com/iraqi-prime-minister-commends-irans-steadfast-support-in-talks-with-qalibaf/
1319172408,20260820,IRN,IRN,IRQ,IRQ,873,87,8,2,9.0,2,1,2,1.86170212765957,https://www.islamicinvitationturkey.com/iraqi-prime-minister-commends-irans-steadfast-support-in-talks-with-qalibaf/
1319172409,20260820,IRN,IRN,IRQGOV,IRQ,51,51,5,1,3.4,4,1,4,1.86170212765957,https://www.islamicinvitationturkey.com/iraqi-prime-minister-commends-irans-steadfast-support-in-talks-with-qalibaf/
1319172410,20260820,IRN,IRN,ISR,ISR,42,42,4,1,1.9,2,1,2,-1.27478753541076,https://www.islamicinvitationturkey.com/qalibaf-us-source-of-disruption-to-regional-peace-exploiting-of-national-resources/
1319172411,20260820,IRN,IRN,ISR,ISR,43,43,4,1,2.8,5,1,5,-10.1719197707736,https://patriotpost.us/opinion/130110-the-biden-afghanistan-disasters-bitter-legacy-2026-08-20
1319172412,20260820,IRN,IRN,MED,,16,16,1,1,-2.0,2,2,2,-4.9855087420556,https://ianslive.in/irans-irgc-says-more-devastating-weapons-to-be-used-if-new-war-begins--20260820192835
1319172413,20260820,IRN,IRN,MED,,16,16,1,1,-2.0,2,2,2,-4.9855087420556,https://ianslive.in/irans-irgc-says-more-devastating-weapons-to-be-used-if-new-war-begins--20260820192835
1319172414,20260820,IRN,IRN,MED,,40,40,4,1,1.0,4,1,4,-5.46486870120653,https://www.washingtonexaminer.com/in_focus/4675986/isolationists-are-delusional-maximalists-are-blind-china-takes-advantage-restraint/
1319172415,20260820,IRN,IRN,MIL,,40,40,4,1,1.0,4,1,4,-2.73972602739726,https://www.islamicinvitationturkey.com/iran-warns-of-escalating-weaponry-in-event-of-new-conflict-irgc-official/
1319172416,20260820,IRN,IRN,MOS,,110,110,11,3,-2.0,1,1,1,-8.66666666666663,https://www.presstv.co.uk/Detail/2026/08/20/774720/US-economic-war-on-Iran-IRGC
1319172417,20260820,IRN,IRN,MOS,,110,110,11,3,-2.0,1,1,1,-8.66666666666663,https://www.presstv.co.uk/Detail/2026/08/20/774720/US-economic-war-on-Iran-IRGC
1319172418,20260820,IRN,IRN,PSEREB,PSE,1821,182,18,4,-9.0,8,1,8,-10.1719197707736,https://patriotpost.us/opinion/130110-the-biden-afghanistan-disasters-bitter-legacy-2026-08-20
1319172419,20260820,IRN,IRN,USA,USA,112,112,11,3,-2.0,8,1,8,-1.27478753541076,https://www.islamicinvitationturkey.com/qalibaf-us-source-of-disruption-to-regional-peace-exploiting-of-national-resources/
1319172420,20260820,IRN,IRN,USA,USA,128,128,12,3,-5.0,10,2,10,-4.9855087420556,https://ianslive.in/irans-irgc-says-more-devastating-weapons-to-be-used-if-new-war-begins--20260820192835
1319172421,20260820,IRN,IRN,USA,USA,128,128,12,3,-5.0,2,2,2,-4.9855087420556,https://ianslive.in/irans-irgc-says-more-devastating-weapons-to-be-used-if-new-war-begins--20260820192835
1319172422,20260820,IRN,IRN,USA,USA,128,128,12,3,-5.0,4,2,4,-4.9855087420556,https://ianslive.in/irans-irgc-says-more-devastating-weapons-to-be-used-if-new-war-begins--20260820192835
1319172423,20260820,IRN,IRN,USAGOV,USA,16,16,1,1,-2.0,2,2,2,-4.9855087420556,https://ianslive.in/irans-irgc-says-more-devastating-weapons-to-be-used-if-new-war-begins--20260820192835
1319172424,20260820,IRN,IRN,USAGOV,USA,16,16,1,1,-2.0,2,2,2,-4.9855087420556,https://ianslive.in/irans-irgc-says-more-devastating-weapons-to-be-used-if-new-war-begins--20260820192835
1319172425,20260820,IRNGOV,IRN,FRA,FRA,111,111,11,3,-2.0,2,1,2,-2.35294117647058,https://www.presstv.co.uk/Detail/2026/08/20/774737/France-expels-Iranian-cultural-attach
1319172426,20260820,IRNGOV,IRN,FRAGOV,FRA,111,111,11,3,-2.0,6,1,6,-2.35294117647058,https://www.presstv.co.uk/Detail/2026/08/20/774737/France-expels-Iranian-cultural-attach
1319172427,20260820,IRNGOV,IRN,GOV,,112,112,11,3,-2.0,10,1,10,-2.35294117647058,https://www.presstv.co.uk/Detail/2026/08/20/774737/France-expels-Iranian-cultural-attach
1319172428,20260820,IRNGOV,IRN,IRN,IRN,43,43,4,1,2.8,2,1,2,-1.27478753541076,https://www.islamicinvitationturkey.com/qalibaf-us-source-of-disruption-to-regional-peace-exploiting-of-national-resources/
1319172429,20260820,IRNGOV,IRN,IRN,IRN,51,51,5,1,3.4,2,1,2,-1.27478753541076,https://www.islamicinvitationturkey.com/qalibaf-us-source-of-disruption-to-regional-peace-exploiting-of-national-resources/
1319172430,20260820,IRNGOV,IRN,IRNGOV,IRN,180,180,18,4,-9.0,2,1,2,-2.67927501970055,https://www.presstv.co.uk/Detail/2026/08/20/774730/Operation-Ajax-1953-documentary-director-speaks-PressTV
1319172431,20260820,IRNGOV,IRN,IRQ,IRQ,40,40,4,1,1.0,4,2,4,-4.9855087420556,https://ianslive.in/irans-irgc-says-more-devastating-weapons-to-be-used-if-new-war-begins--20260820192835
1319172432,20260820,IRNGOV,IRN,ISR,ISR,111,111,11,3,-2.0,2,1,2,-1.27478753541076,https://www.islamicinvitationturkey.com/qalibaf-us-source-of-disruption-to-regional-peace-exploiting-of-national-resources/
1319172433,20260820,IRNGOV,IRN,MED,,16,16,1,1,-2.0,2,2,2,-4.9855087420556,https://ianslive.in/irans-irgc-says-more-devastating-weapons-to-be-used-if-new-war-begins--20260820192835
1319172434,20260820,IRNGOV,IRN,MED,,16,16,1,1,-2.0,4,2,4,-4.9855087420556,https://ianslive.in/irans-irgc-says-more-devastating-weapons-to-be-used-if-new-war-begins--20260820192835
1319172435,20260820,IRNGOV,IRN,MOS,,110,110,11,3,-2.0,2,1,2,-8.66666666666663,https://www.presstv.co.uk/Detail/2026/08/20/774720/US-economic-war-on-Iran-IRGC
1319172436,20260820,IRNGOV,IRN,MOS,,110,110,11,3,-2.0,6,1,6,-8.66666666666663,https://www.presstv.co.uk/Detail/2026/08/20/774720/US-economic-war-on-Iran-IRGC
1319172437,20260820,IRNGOV,IRN,MOS,,110,110,11,3,-2.0,2,1,2,-8.66666666666663,https://www.presstv.co.uk/Detail/2026/08/20/774720/US-economic-war-on-Iran-IRGC
1319172438,20260820,IRNLEG,IRN,IRQ,IRQ,40,40,4,1,1.0,2,1,2,1.86170212765957,https://www.islamicinvitationturkey.com/iraqi-prime-minister-commends-irans-steadfast-support-in-talks-with-qalibaf/
1319172439,20260820,IRNLEG,IRN,IRQLEG,IRQ,40,40,4,1,1.0,6,1,6,1.86170212765957,https://www.islamicinvitationturkey.com/iraqi-prime-minister-commends-irans-steadfast-support-in-talks-with-qalibaf/
1319172440,20260820,IRNMIL,IRN,IRN,IRN,40,40,4,1,1.0,1,1,1,-2.73972602739726,https://www.islamicinvitationturkey.com/iran-warns-of-escalating-weaponry-in-event-of-new-conflict-irgc-official/
1319172448,20260820,IRQ,IRQ,IRN,IRN,40,40,4,1,1.0,2,2,2,-4.9855087420556,https://ianslive.in/irans-irgc-says-more-devastating-weapons-to-be-used-if-new-war-begins--20260820192835
1319172449,20260820,IRQ,IRQ,IRN,IRN,40,40,4,1,1.0,2,2,2,-4.9855087420556,https://ianslive.in/irans-irgc-says-more-devastating-weapons-to-be-used-if-new-war-begins--20260820192835
1319172450,20260820,IRQ,IRQ,IRN,IRN,40,40,4,1,1.0,2,1,2,1.86170212765957,https://www.islamicinvitationturkey.com/iraqi-prime-minister-commends-irans-steadfast-support-in-talks-with-qalibaf/
1319172451,20260820,IRQ,IRQ,IRN,IRN,43,43,4,1,2.8,7,1,7,0.293457296124405,https://www.islamicinvitationturkey.com/qalibaf-us-source-of-disruption-to-regional-peace-exploiting-of-national-resources/
1319172452,20260820,IRQ,IRQ,IRN,IRN,43,43,4,1,2.8,1,1,1,-1.27478753541076,https://www.islamicinvitationturkey.com/qalibaf-us-source-of-disruption-to-regional-peace-exploiting-of-national-resources/
1319172453,20260820,IRQ,IRQ,IRNGOV,IRN,40,40,4,1,1.0,4,2,4,-4.9855087420556,https://ianslive.in/irans-irgc-says-more-devastating-weapons-to-be-used-if-new-war-begins--20260820192835
1319172454,20260820,IRQ,IRQ,IRNLEG,IRN,40,40,4,1,1.0,2,1,2,1.86170212765957,https://www.islamicinvitationturkey.com/iraqi-prime-minister-commends-irans-steadfast-support-in-talks-with-qalibaf/
1319172455,20260820,IRQLEG,IRQ,IRNLEG,IRN,40,40,4,1,1.0,6,1,6,1.86170212765957,https://www.islamicinvitationturkey.com/iraqi-prime-minister-commends-irans-steadfast-support-in-talks-with-qalibaf/
1319172466,20260820,ISR,ISR,IRN,IRN,42,42,4,1,1.9,5,1,5,-10.1719197707736,https://patriotpost.us/opinion/130110-the-biden-afghanistan-disasters-bitter-legacy-2026-08-20
1319172467,20260820,ISR,ISR,IRN,IRN,43,43,4,1,2.8,2,1,2,-1.27478753541076,https://www.islamicinvitationturkey.com/qalibaf-us-source-of-disruption-to-regional-peace-exploiting-of-national-resources/
1319172468,20260820,ISR,ISR,IRN,IRN,51,51,5,1,3.4,2,1,2,-1.27478753541076,https://www.islamicinvitationturkey.com/qalibaf-us-source-of-disruption-to-regional-peace-exploiting-of-national-resources/
1319172469,20260820,ISR,ISR,IRN,IRN,111,111,11,3,-2.0,2,1,2,-1.27478753541076,https://www.islamicinvitationturkey.com/qalibaf-us-source-of-disruption-to-regional-peace-exploiting-of-national-resources/
1319172553,20260820,KOR,KOR,IRN,IRN,51,51,5,1,3.4,3,1,3,0.63025210084034,https://www.washingtonexaminer.com/news/4694153/north-korea-launches-10-ballistic-missiles/
1319172554,20260820,KOR,KOR,IRN,IRN,51,51,5,1,3.4,1,1,1,0.63025210084034,https://www.washingtonexaminer.com/news/4694153/north-korea-launches-10-ballistic-missiles/
1319172555,20260820,KOR,KOR,IRN,IRN,51,51,5,1,3.4,1,1,1,0.63025210084034,https://www.washingtonexaminer.com/news/4694153/north-korea-launches-10-ballistic-missiles/
1319172628,20260820,MED,,IRN,IRN,40,40,4,1,1.0,4,1,4,-5.46486870120653,https://www.washingtonexaminer.com/in_focus/4675986/isolationists-are-delusional-maximalists-are-blind-china-takes-advantage-restraint/
1319172652,20260820,MIL,,IRN,IRN,40,40,4,1,1.0,4,1,4,-2.73972602739726,https://www.islamicinvitationturkey.com/iran-warns-of-escalating-weaponry-in-event-of-new-conflict-irgc-official/
1319172674,20260820,MOSSHI200,,IRN,IRN,10,10,1,1,0.0,2,1,2,1.86170212765957,https://www.islamicinvitationturkey.com/iraqi-prime-minister-commends-irans-steadfast-support-in-talks-with-qalibaf/
1319172675,20260820,MOSSHI200,,IRN,IRN,10,10,1,1,0.0,2,1,2,1.86170212765957,https://www.islamicinvitationturkey.com/iraqi-prime-minister-commends-irans-steadfast-support-in-talks-with-qalibaf/
1319172676,20260820,MOSSHI200,,IRNLEG,IRN,10,10,1,1,0.0,6,1,6,1.86170212765957,https://www.islamicinvitationturkey.com/iraqi-prime-minister-commends-irans-steadfast-support-in-talks-with-qalibaf/
1319174174,20260820,CRM,,IRN,IRN,173,173,17,4,-5.0,3,1,3,-9.58333333333333,https://www.rte.ie/news/2026/0820/1588672-mosque-arson-trial/
1319174415,20260820,GOV,,IRNCRM,IRN,30,30,3,1,4.0,2,1,2,-3.89610389610389,https://www.thehindu.com/newsletter/tamil-nadu-today/here-are-the-big-stories-from-tamil-nadu-today/article71369203.ece
1319174416,20260820,GOV,,IRNCRM,IRN,190,190,19,4,-10.0,3,1,3,-3.89610389610389,https://www.thehindu.com/newsletter/tamil-nadu-today/here-are-the-big-stories-from-tamil-nadu-today/article71369203.ece
1319174519,20260820,IND,IND,IRNCRM,IRN,30,30,3,1,4.0,1,1,1,-3.89610389610389,https://www.thehindu.com/newsletter/tamil-nadu-today/here-are-the-big-stories-from-tamil-nadu-today/article71369203.ece
1319174527,20260820,IRL,IRL,IRN,IRN,173,173,17,4,-5.0,2,1,2,-9.58333333333333,https://www.rte.ie/news/2026/0820/1588672-mosque-arson-trial/
1319174532,20260820,IRN,IRN,,,70,70,7,2,7.0,1,1,1,-7.2509128847157,https://havanatimes.org/news/international-news-briefs-for-thursday-august-20-2026/
1319174533,20260820,IRN,IRN,CRM,,173,173,17,4,-5.0,1,1,1,-7.80287474332645,https://capitolhillblue.com/node/103474
1319174534,20260820,IRN,IRN,GOV,,138,138,13,3,-7.0,8,2,8,-5.52373540856031,https://www.moneycontrol.com/world/houthis-target-saudi-airport-aramco-facility-in-najran-with-drone-attacks-article-14011789.html
1319174535,20260820,IRN,IRN,GOV,,138,138,13,3,-7.0,2,1,2,-5.6,https://www.moneycontrol.com/world/houthis-target-saudi-airport-aramco-facility-in-najran-with-drone-attacks-article-14011789.html
1319174536,20260820,IRNGOV,IRN,BUS,,71,71,7,2,7.4,1,1,1,-7.2509128847157,https://havanatimes.org/news/international-news-briefs-for-thursday-august-20-2026/
1319176178,20260820,CAN,CAN,IRN,IRN,40,40,4,1,1.0,2,2,2,-3.54648505902384,https://www.castanetkamloops.net/news/Canada/628600/Poilievre-invites-Iran-s-exiled-crown-prince-Reza-Pahlavi-to-visit-Canada
1319176179,20260820,CAN,CAN,IRN,IRN,40,40,4,1,1.0,4,2,4,-3.54648505902384,https://www.castanetkamloops.net/news/Canada/628600/Poilievre-invites-Iran-s-exiled-crown-prince-Reza-Pahlavi-to-visit-Canada
1319176180,20260820,CAN,CAN,IRN,IRN,40,40,4,1,1.0,2,1,2,-3.34448160535117,https://www.castanetkamloops.net/news/Canada/628600/Poilievre-invites-Iran-s-exiled-crown-prince-Reza-Pahlavi-to-visit-Canada
1319176181,20260820,CAN,CAN,IRN,IRN,40,40,4,1,1.0,2,1,2,-3.34448160535117,https://www.castanetkamloops.net/news/Canada/628600/Poilievre-invites-Iran-s-exiled-crown-prince-Reza-Pahlavi-to-visit-Canada
1319176251,20260820,COP,,IRN,IRN,186,186,18,4,-10.0,1,1,1,-11.264367816092,https://thefrontierpost.com/iran-executes-afghan-national-over-2026-protests-rights-group/
1319176252,20260820,COP,,IRN,IRN,186,186,18,4,-10.0,1,1,1,-11.264367816092,https://thefrontierpost.com/iran-executes-afghan-national-over-2026-protests-rights-group/
1319176290,20260820,DEU,DEU,IRN,IRN,10,10,1,1,0.0,2,1,2,-5.22388059701493,https://www.techtimes.com/articles/325076/20260820/china-hackers-breached-361-networks-5-days-cisa-sets-3-day-patch-window-enterprise-flaws.htm
1319176291,20260820,DEU,DEU,IRN,IRN,10,10,1,1,0.0,1,1,1,-5.22388059701493,https://www.techtimes.com/articles/325076/20260820/china-hackers-breached-361-networks-5-days-cisa-sets-3-day-patch-window-enterprise-flaws.htm
1319176587,20260820,IRN,IRN,CAN,CAN,40,40,4,1,1.0,2,2,2,-3.54648505902384,https://www.castanetkamloops.net/news/Canada/628600/Poilievre-invites-Iran-s-exiled-crown-prince-Reza-Pahlavi-to-visit-Canada
1319176588,20260820,IRN,IRN,CAN,CAN,40,40,4,1,1.0,4,2,4,-3.54648505902384,https://www.castanetkamloops.net/news/Canada/628600/Poilievre-invites-Iran-s-exiled-crown-prince-Reza-Pahlavi-to-visit-Canada
1319176589,20260820,IRN,IRN,CAN,CAN,40,40,4,1,1.0,2,1,2,-3.34448160535117,https://www.castanetkamloops.net/news/Canada/628600/Poilievre-invites-Iran-s-exiled-crown-prince-Reza-Pahlavi-to-visit-Canada
1319176590,20260820,IRN,IRN,CAN,CAN,40,40,4,1,1.0,2,1,2,-3.34448160535117,https://www.castanetkamloops.net/news/Canada/628600/Poilievre-invites-Iran-s-exiled-crown-prince-Reza-Pahlavi-to-visit-Canada
1319176591,20260820,IRN,IRN,CAN,CAN,125,125,12,3,-5.0,2,2,2,-3.54648505902384,https://www.castanetkamloops.net/news/Canada/628600/Poilievre-invites-Iran-s-exiled-crown-prince-Reza-Pahlavi-to-visit-Canada
1319176592,20260820,IRN,IRN,CAN,CAN,125,125,12,3,-5.0,4,2,4,-3.54648505902384,https://www.castanetkamloops.net/news/Canada/628600/Poilievre-invites-Iran-s-exiled-crown-prince-Reza-Pahlavi-to-visit-Canada
1319176593,20260820,IRN,IRN,CANGOV,CAN,36,36,3,1,4.0,2,1,2,-3.34448160535117,https://www.castanetkamloops.net/news/Canada/628600/Poilievre-invites-Iran-s-exiled-crown-prince-Reza-Pahlavi-to-visit-Canada
1319176594,20260820,IRN,IRN,CANGOV,CAN,36,36,3,1,4.0,2,1,2,-3.34448160535117,https://www.castanetkamloops.net/news/Canada/628600/Poilievre-invites-Iran-s-exiled-crown-prince-Reza-Pahlavi-to-visit-Canada
1319176595,20260820,IRN,IRN,GOV,,36,36,3,1,4.0,2,1,2,-3.34448160535117,https://www.castanetkamloops.net/news/Canada/628600/Poilievre-invites-Iran-s-exiled-crown-prince-Reza-Pahlavi-to-visit-Canada
1319176596,20260820,IRN,IRN,USA,USA,80,80,8,2,5.0,2,1,2,-1.13913751017087,https://ktbb.com/post/?p=1533023
1319176597,20260820,IRN,IRN,USA,USA,80,80,8,2,5.0,2,1,2,-1.13913751017087,https://ktbb.com/post/?p=1533023
1319178625,20260820,IRN,IRN,,,13,13,1,1,0.4,4,2,4,-3.49209868580182,https://aninews.in/news/world/asia/irans-consul-general-slams-trumps-false-claims-on-hormuz-says-strait-completely-under-irans-control20260820202501/
1319178626,20260820,IRN,IRN,CYP,CYP,10,10,1,1,0.0,2,1,2,-2.77136258660508,https://cyprus-mail.com/2026/08/20/iran-says-cyprus-safe-if-british-bases-stay-out-of-conflict
1319178627,20260820,IRN,IRN,CYP,CYP,12,12,1,1,-0.4,2,1,2,-2.77136258660508,https://cyprus-mail.com/2026/08/20/iran-says-cyprus-safe-if-british-bases-stay-out-of-conflict
1319178628,20260820,IRN,IRN,CYP,CYP,30,30,3,1,4.0,2,1,2,-2.77136258660508,https://cyprus-mail.com/2026/08/20/iran-says-cyprus-safe-if-british-bases-stay-out-of-conflict
1319178629,20260820,IRN,IRN,IRNGOV,IRN,12,12,1,1,-0.4,1,1,1,-2.77136258660508,https://cyprus-mail.com/2026/08/20/iran-says-cyprus-safe-if-british-bases-stay-out-of-conflict
1319178630,20260820,IRN,IRN,IRNGOV,IRN,12,12,1,1,-0.4,1,1,1,-2.77136258660508,https://cyprus-mail.com/2026/08/20/iran-says-cyprus-safe-if-british-bases-stay-out-of-conflict
1319178631,20260820,IRN,IRN,MIL,,120,120,12,3,-4.0,1,1,1,-5.67703952901598,https://jp.ibtimes.com/iran-fires-back-trumps-economic-d-day-calling-it-cover-us-debt-crisis-103818
1319178632,20260820,IRN,IRN,USA,USA,10,10,1,1,0.0,4,2,4,-3.49209868580182,https://aninews.in/news/world/asia/irans-consul-general-slams-trumps-false-claims-on-hormuz-says-strait-completely-under-irans-control20260820202501/
1319178633,20260820,IRNCOP,IRN,USA,USA,60,60,6,2,6.0,7,1,7,-4.87514863258027,https://www.zerohedge.com/geopolitical/iran-fm-says-trumps-economic-d-day-threat-diversion-which-will-fail-new-carrier
1319178634,20260820,IRNGOV,IRN,CYP,CYP,10,10,1,1,0.0,6,1,6,-2.77136258660508,https://cyprus-mail.com/2026/08/20/iran-says-cyprus-safe-if-british-bases-stay-out-of-conflict
1319178635,20260820,IRNGOV,IRN,CYP,CYP,12,12,1,1,-0.4,6,1,6,-2.77136258660508,https://cyprus-mail.com/2026/08/20/iran-says-cyprus-safe-if-british-bases-stay-out-of-conflict
1319178636,20260820,IRNLEG,IRN,,,85,85,8,2,7.0,6,2,6,-3.49209868580182,https://aninews.in/news/world/asia/irans-consul-general-slams-trumps-false-claims-on-hormuz-says-strait-completely-under-irans-control20260820202501/
1319178637,20260820,IRNLEG,IRN,IRQ,IRQ,42,42,4,1,1.9,2,1,2,-5.67703952901598,https://jp.ibtimes.com/iran-fires-back-trumps-economic-d-day-calling-it-cover-us-debt-crisis-103818
1319178638,20260820,IRNLEG,IRN,IRQ,IRQ,42,42,4,1,1.9,1,1,1,-5.67703952901598,https://jp.ibtimes.com/iran-fires-back-trumps-economic-d-day-calling-it-cover-us-debt-crisis-103818
1319178639,20260820,IRNLEG,IRN,USA,USA,50,50,5,1,3.5,2,1,2,-5.67703952901598,https://jp.ibtimes.com/iran-fires-back-trumps-economic-d-day-calling-it-cover-us-debt-crisis-103818
1319178640,20260820,IRNLEG,IRN,USA,USA,50,50,5,1,3.5,7,1,7,-5.67703952901598,https://jp.ibtimes.com/iran-fires-back-trumps-economic-d-day-calling-it-cover-us-debt-crisis-103818
1319178641,20260820,IRQ,IRQ,IRNLEG,IRN,43,43,4,1,2.8,2,1,2,-5.67703952901598,https://jp.ibtimes.com/iran-fires-back-trumps-economic-d-day-calling-it-cover-us-debt-crisis-103818
1319179061,20260820,USA,USA,IRN,IRN,36,36,3,1,4.0,7,1,7,-4.87514863258027,https://www.zerohedge.com/geopolitical/iran-fm-says-trumps-economic-d-day-threat-diversion-which-will-fail-new-carrier
1319180135,20260820,,,IRNGOV,IRN,130,130,13,3,-4.4,2,1,2,-6.33484162895927,https://www.yahoo.com/news/politics/articles/trump-threatens-economic-d-day-154419252.html
1319180239,20260820,BRA,BRA,IRN,IRN,40,40,4,1,1.0,1,1,1,7.6555023923445,https://aa.com.tr/en/middle-east/brazilian-pakistani-top-diplomats-discuss-us-iran-mediation-stress-importance-of-dialogue-for-global-peace/4033130
1319180240,20260820,BRA,BRA,IRN,IRN,40,40,4,1,1.0,4,1,4,7.6555023923445,https://aa.com.tr/en/middle-east/brazilian-pakistani-top-diplomats-discuss-us-iran-mediation-stress-importance-of-dialogue-for-global-peace/4033130
1319180728,20260820,GOV,,IRN,IRN,55,55,5,1,7.0,5,1,5,-2.79898218829516,https://attackofthefanboy.com/news/trump-told-a-long-island-rally-crowd-hell-never-apologize-for-higher-gas-prices-and-the-crowds-reaction-is-going-viral-for-the-wrong-reasons/
1319180871,20260820,IRN,IRN,BRA,BRA,40,40,4,1,1.0,1,1,1,7.6555023923445,https://aa.com.tr/en/middle-east/brazilian-pakistani-top-diplomats-discuss-us-iran-mediation-stress-importance-of-dialogue-for-global-peace/4033130
1319180872,20260820,IRN,IRN,BRA,BRA,40,40,4,1,1.0,4,1,4,7.6555023923445,https://aa.com.tr/en/middle-east/brazilian-pakistani-top-diplomats-discuss-us-iran-mediation-stress-importance-of-dialogue-for-global-peace/4033130
1319180873,20260820,IRN,IRN,GOV,,130,130,13,3,-4.4,2,1,2,-6.33484162895927,https://www.yahoo.com/news/politics/articles/trump-threatens-economic-d-day-154419252.html
1319180874,20260820,IRN,IRN,MED,,111,111,11,3,-2.0,4,1,4,-6.33484162895927,https://www.yahoo.com/news/politics/articles/trump-threatens-economic-d-day-154419252.html
1319180875,20260820,IRN,IRN,MIL,,10,10,1,1,0.0,3,1,3,-0.45454545454545,https://aa.com.tr/en/europe/nato-chief-reaffirms-alliance-s-support-for-bulgaria-amid-iran-threat-concerns/4033057
1319180876,20260820,IRN,IRN,MIL,,60,60,6,2,6.0,10,1,10,-2.35294117647059,https://theweek.com/world-news/uae-cuts-iran-trade-threats
1319180877,20260820,IRN,IRN,MIL,,90,90,9,2,-2.0,1,1,1,-5.92885375494071,https://armenianweekly.com/2026/08/20/the-region-in-brief-180/
1319180878,20260820,IRN,IRN,PGS,PGS,20,20,2,1,3.0,10,1,10,-2.35294117647059,https://theweek.com/world-news/uae-cuts-iran-trade-threats
1319180879,20260820,IRN,IRN,PGS,PGS,138,138,13,3,-7.0,10,1,10,-2.35294117647059,https://theweek.com/world-news/uae-cuts-iran-trade-threats
1319180880,20260820,IRN,IRN,USA,USA,20,20,2,1,3.0,1,1,1,-7.32538330494038,https://www.military.com/department-of-defense-reveals-number-of-americans-wounded-in-iran-war
1319180881,20260820,IRN,IRN,USA,USA,20,20,2,1,3.0,2,1,2,-7.32538330494038,https://www.military.com/department-of-defense-reveals-number-of-americans-wounded-in-iran-war
1319180882,20260820,IRN,IRN,USA,USA,182,182,18,4,-9.5,5,1,5,-14.2857142857142,https://www.business-standard.com/blueprint-defence-magazine/reports/18-us-troops-killed-so-far-number-of-injured-crosses-750-in-iran-war-126082001301_1.html
1319180883,20260820,IRNGOV,IRN,MED,,111,111,11,3,-2.0,6,1,6,-6.33484162895927,https://www.yahoo.com/news/politics/articles/trump-threatens-economic-d-day-154419252.html
1319180884,20260820,IRNGOV,IRN,USAGOV,USA,46,46,4,1,7.0,2,1,2,-7.32538330494038,https://www.military.com/department-of-defense-reveals-number-of-americans-wounded-in-iran-war
1319180885,20260820,IRNMIL,IRN,MIL,,90,90,9,2,-2.0,3,1,3,-5.92885375494071,https://armenianweekly.com/2026/08/20/the-region-in-brief-180/
1319180886,20260820,IRQ,IRQ,IRNLEG,IRN,12,12,1,1,-0.4,4,1,4,-0.96774193548387,https://aa.com.tr/en/us-israel-iran-war/national-charter-bans-groups-that-threaten-neigbors-iraq-tells-iran/4032952
1319180893,20260820,IRQGOVMIL,IRQ,IRNLEG,IRN,12,12,1,1,-0.4,6,1,6,-0.96774193548387,https://aa.com.tr/en/us-israel-iran-war/national-charter-bans-groups-that-threaten-neigbors-iraq-tells-iran/4032952
1319180911,20260820,ISR,ISR,IRN,IRN,25,25,2,1,-0.3,1,1,1,-3.82862351868733,https://www.jns.org/opinion/micha-danzig/scapegoat-first-facts-never-the-dsas-ignorant-metastasizing-antisemitism
1319180912,20260820,ISR,ISR,IRN,IRN,25,25,2,1,-0.3,1,1,1,-3.82862351868733,https://www.jns.org/opinion/micha-danzig/scapegoat-first-facts-never-the-dsas-ignorant-metastasizing-antisemitism
1319181187,20260820,PAK,PAK,IRN,IRN,45,45,4,1,5.0,1,1,1,7.6555023923445,https://aa.com.tr/en/middle-east/brazilian-pakistani-top-diplomats-discuss-us-iran-mediation-stress-importance-of-dialogue-for-global-peace/4033130
1319181188,20260820,PAK,PAK,IRN,IRN,45,45,4,1,5.0,1,1,1,7.6555023923445,https://aa.com.tr/en/middle-east/brazilian-pakistani-top-diplomats-discuss-us-iran-mediation-stress-importance-of-dialogue-for-global-peace/4033130
1319181628,20260820,USAGOV,USA,IRNGOV,IRN,46,46,4,1,7.0,2,1,2,-7.32538330494038,https://www.military.com/department-of-defense-reveals-number-of-americans-wounded-in-iran-war
1319182528,20260820,,,IRN,IRN,20,20,2,1,3.0,4,1,4,-6.95443645083933,https://www.manilatimes.net/2026/08/21/world/americas-emea/trump-vows-economic-warfare-vs-iran/2409444
1319182529,20260820,,,IRN,IRN,20,20,2,1,3.0,1,1,1,-6.95443645083933,https://www.manilatimes.net/2026/08/21/world/americas-emea/trump-vows-economic-warfare-vs-iran/2409444
1319182530,20260820,,,IRN,IRN,874,87,8,2,10.0,2,1,2,-1.91292875989446,https://www.penbaypilot.com:443/blog-entry/two-ken-burns-documentaries/273597
1319182628,20260820,ARE,ARE,IRN,IRN,111,111,11,3,-2.0,1,1,1,-6.95443645083933,https://www.manilatimes.net/2026/08/21/world/americas-emea/trump-vows-economic-warfare-vs-iran/2409444
1319182629,20260820,ARE,ARE,IRN,IRN,161,161,16,4,-4.0,2,1,2,-6.95443645083933,https://www.manilatimes.net/2026/08/21/world/americas-emea/trump-vows-economic-warfare-vs-iran/2409444
1319182653,20260820,BRA,BRA,IRN,IRN,45,45,4,1,5.0,2,1,2,6.57894736842105,https://www.samaa.tv/2087355525-pakistan-brazil-vow-to-bolster-bilateral-relations
1319182654,20260820,BRA,BRA,IRN,IRN,45,45,4,1,5.0,2,1,2,6.57894736842105,https://www.samaa.tv/2087355525-pakistan-brazil-vow-to-bolster-bilateral-relations
1319182658,20260820,BRAGOV,BRA,IRN,IRN,45,45,4,1,5.0,4,1,4,6.57894736842105,https://www.samaa.tv/2087355525-pakistan-brazil-vow-to-bolster-bilateral-relations
1319182659,20260820,BRAGOV,BRA,IRN,IRN,45,45,4,1,5.0,2,1,2,6.57894736842105,https://www.samaa.tv/2087355525-pakistan-brazil-vow-to-bolster-bilateral-relations
1319183117,20260820,IGOUNO,,IRN,IRN,43,43,4,1,2.8,10,1,10,-3.37892196299275,https://www.fairobserver.com/politics/how-europes-migration-dilemma-became-the-talibans-leverage/
1319183159,20260820,IRN,IRN,,,141,141,14,3,-6.5,3,1,3,-3.92953929539296,https://www.techradar.com/pro/us-army-is-phasing-out-its-futuristic-drone-and-robot-assault-battalion-as-part-of-a-back-to-basics-approach
1319183160,20260820,IRN,IRN,CHN,CHN,163,163,16,4,-8.0,1,1,1,-6.95443645083933,https://www.manilatimes.net/2026/08/21/world/americas-emea/trump-vows-economic-warfare-vs-iran/2409444
1319183161,20260820,IRN,IRN,FRAMED,FRA,10,10,1,1,0.0,3,1,3,-6.95443645083933,https://www.manilatimes.net/2026/08/21/world/americas-emea/trump-vows-economic-warfare-vs-iran/2409444
1319183162,20260820,IRN,IRN,FRAMED,FRA,13,13,1,1,0.4,4,1,4,-6.95443645083933,https://www.manilatimes.net/2026/08/21/world/americas-emea/trump-vows-economic-warfare-vs-iran/2409444
1319183163,20260820,IRN,IRN,IGOUNO,,20,20,2,1,3.0,10,1,10,-3.37892196299275,https://www.fairobserver.com/politics/how-europes-migration-dilemma-became-the-talibans-leverage/
1319183164,20260820,IRN,IRN,IGOUNO,,42,42,4,1,1.9,10,1,10,-3.37892196299275,https://www.fairobserver.com/politics/how-europes-migration-dilemma-became-the-talibans-leverage/
1319183165,20260820,IRN,IRN,IGOUNO,,60,60,6,2,6.0,10,1,10,-3.37892196299275,https://www.fairobserver.com/politics/how-europes-migration-dilemma-became-the-talibans-leverage/
1319183166,20260820,IRN,IRN,OMN,OMN,46,46,4,1,7.0,1,1,1,-4.97981157469717,https://www.manilatimes.net/2026/08/21/opinion/editorial/fissures-in-us-alliance-with-gulf-states/2409442
1319183167,20260820,IRN,IRN,OMN,OMN,46,46,4,1,7.0,1,1,1,-4.97981157469717,https://www.manilatimes.net/2026/08/21/opinion/editorial/fissures-in-us-alliance-with-gulf-states/2409442
1319183168,20260820,IRN,IRN,SAU,SAU,130,130,13,3,-4.4,2,1,2,-6.95443645083933,https://www.manilatimes.net/2026/08/21/world/americas-emea/trump-vows-economic-warfare-vs-iran/2409444
1319183446,20260820,OMN,OMN,IRN,IRN,46,46,4,1,7.0,1,1,1,-4.97981157469717,https://www.manilatimes.net/2026/08/21/opinion/editorial/fissures-in-us-alliance-with-gulf-states/2409442
1319183776,20260820,USA,USA,IRN,IRN,30,30,3,1,4.0,6,1,6,-4.97981157469717,https://www.manilatimes.net/2026/08/21/opinion/editorial/fissures-in-us-alliance-with-gulf-states/2409442
1319183777,20260820,USA,USA,IRN,IRN,30,30,3,1,4.0,2,1,2,-4.97981157469717,https://www.manilatimes.net/2026/08/21/opinion/editorial/fissures-in-us-alliance-with-gulf-states/2409442
1319184733,20260820,,,IRN,IRN,41,41,4,1,1.0,5,1,5,-4.85651214128035,https://dominicanrepublicpost.com/tremendous-costs-can-trump-stop-other-countries-from-trading-with-iran/
1319184850,20260820,ARE,ARE,IRN,IRN,42,42,4,1,1.9,1,1,1,-5.34045393858478,https://www.bangkokpost.com/world/3305115/whats-behind-the-uaes-decision-to-cut-iran-trade-ties
1319184851,20260820,ARE,ARE,IRN,IRN,42,42,4,1,1.9,1,1,1,-5.70687418936446,https://www.al-monitor.com/originals/2026/08/whats-behind-uaes-decision-cut-iran-trade-ties
1319184852,20260820,ARE,ARE,IRN,IRN,42,42,4,1,1.9,1,1,1,-5.70687418936446,https://www.al-monitor.com/originals/2026/08/whats-behind-uaes-decision-cut-iran-trade-ties
1319184853,20260820,ARE,ARE,IRN,IRN,130,130,13,3,-4.4,4,1,4,-2.91777188328913,https://www.al-monitor.com/originals/2026/08/factbox-trump-threatens-isolate-iran-who-are-its-trading-partners
1319184854,20260820,AREBUS,ARE,IRN,IRN,20,20,2,1,3.0,10,2,10,-5.52366406397462,https://www.al-monitor.com/originals/2026/08/whats-behind-uaes-decision-cut-iran-trade-ties
1319184863,20260820,AZE,AZE,IRN,IRN,61,61,6,2,6.4,2,1,2,-2.91777188328913,https://www.al-monitor.com/originals/2026/08/factbox-trump-threatens-isolate-iran-who-are-its-trading-partners
1319184864,20260820,AZE,AZE,IRN,IRN,61,61,6,2,6.4,34,2,18,-3.20776486541138,https://www.al-monitor.com/originals/2026/08/factbox-trump-threatens-isolate-iran-who-are-its-trading-partners
1319184865,20260820,AZE,AZE,IRN,IRN,61,61,6,2,6.4,4,2,4,-3.20776486541138,https://www.al-monitor.com/originals/2026/08/factbox-trump-threatens-isolate-iran-who-are-its-trading-partners
1319185015,20260820,CHE,CHE,IRN,IRN,195,195,19,4,-10.0,10,1,10,-2.46305418719212,https://www.thelocal.ch/20260820/unprecedented-price-of-unleaded-fuel-in-switzerland-passes-2-francs-per-litre
1319185027,20260820,CHN,CHN,IRN,IRN,71,71,7,2,7.4,3,3,3,-3.99197300885545,https://dominicanrepublicpost.com/how-china-and-russia-could-hobble-trumps-plans-to-isolate-iran/
1319185028,20260820,CHN,CHN,IRN,IRN,71,71,7,2,7.4,3,3,3,-3.99197300885545,https://dominicanrepublicpost.com/how-china-and-russia-could-hobble-trumps-plans-to-isolate-iran/
1319185150,20260820,DEU,DEU,IRN,IRN,61,61,6,2,6.4,6,3,6,-4.87483384633693,https://dominicanrepublicpost.com/tremendous-costs-can-trump-stop-other-countries-from-trading-with-iran/
1319185151,20260820,DEU,DEU,IRN,IRN,61,61,6,2,6.4,18,3,18,-4.87483384633693,https://dominicanrepublicpost.com/tremendous-costs-can-trump-stop-other-countries-from-trading-with-iran/
1319185152,20260820,DEU,DEU,IRN,IRN,61,61,6,2,6.4,6,3,6,-4.87483384633693,https://dominicanrepublicpost.com/tremendous-costs-can-trump-stop-other-countries-from-trading-with-iran/
1319185463,20260820,IND,IND,IRN,IRN,61,61,6,2,6.4,12,3,12,-4.87483384633693,https://dominicanrepublicpost.com/tremendous-costs-can-trump-stop-other-countries-from-trading-with-iran/
1319185464,20260820,IND,IND,IRN,IRN,61,61,6,2,6.4,6,3,6,-4.87483384633693,https://dominicanrepublicpost.com/tremendous-costs-can-trump-stop-other-countries-from-trading-with-iran/
1319185465,20260820,IND,IND,IRN,IRN,163,163,16,4,-8.0,12,3,12,-4.87483384633693,https://dominicanrepublicpost.com/tremendous-costs-can-trump-stop-other-countries-from-trading-with-iran/
1319185466,20260820,IND,IND,IRN,IRN,163,163,16,4,-8.0,6,3,6,-4.87483384633693,https://dominicanrepublicpost.com/tremendous-costs-can-trump-stop-other-countries-from-trading-with-iran/
1319185485,20260820,IRN,IRN,,,41,41,4,1,1.0,25,3,25,-4.87849818734825,https://dominicanrepublicpost.com/tremendous-costs-can-trump-stop-other-countries-from-trading-with-iran/
1319185486,20260820,IRN,IRN,,,61,61,6,2,6.4,6,3,6,-4.87483384633693,https://dominicanrepublicpost.com/tremendous-costs-can-trump-stop-other-countries-from-trading-with-iran/
1319185487,20260820,IRN,IRN,,,130,130,13,3,-4.4,12,2,12,-3.20776486541138,https://www.al-monitor.com/originals/2026/08/factbox-trump-threatens-isolate-iran-who-are-its-trading-partners
1319185488,20260820,IRN,IRN,ARE,ARE,43,43,4,1,2.8,1,1,1,-5.34045393858478,https://www.bangkokpost.com/world/3305115/whats-behind-the-uaes-decision-to-cut-iran-trade-ties
1319185489,20260820,IRN,IRN,ARE,ARE,43,43,4,1,2.8,1,1,1,-5.70687418936446,https://www.al-monitor.com/originals/2026/08/whats-behind-uaes-decision-cut-iran-trade-ties
1319185490,20260820,IRN,IRN,ARE,ARE,43,43,4,1,2.8,1,1,1,-5.70687418936446,https://www.al-monitor.com/originals/2026/08/whats-behind-uaes-decision-cut-iran-trade-ties
1319185491,20260820,IRN,IRN,BUS,,190,190,19,4,-10.0,1,1,1,-5.70687418936446,https://www.al-monitor.com/originals/2026/08/whats-behind-uaes-decision-cut-iran-trade-ties
1319185492,20260820,IRN,IRN,BUS,,190,190,19,4,-10.0,1,1,1,-5.70687418936446,https://www.al-monitor.com/originals/2026/08/whats-behind-uaes-decision-cut-iran-trade-ties
1319185493,20260820,IRN,IRN,CHN,CHN,20,20,2,1,3.0,24,3,24,-4.87483384633693,https://dominicanrepublicpost.com/tremendous-costs-can-trump-stop-other-countries-from-trading-with-iran/
1319185494,20260820,IRN,IRN,CHN,CHN,20,20,2,1,3.0,14,5,14,-4.87767558488346,https://dominicanrepublicpost.com/tremendous-costs-can-trump-stop-other-countries-from-trading-with-iran/
1319185495,20260820,IRN,IRN,DEU,DEU,61,61,6,2,6.4,6,3,6,-4.87483384633693,https://dominicanrepublicpost.com/tremendous-costs-can-trump-stop-other-countries-from-trading-with-iran/
1319185496,20260820,IRN,IRN,DEU,DEU,61,61,6,2,6.4,18,3,18,-4.87483384633693,https://dominicanrepublicpost.com/tremendous-costs-can-trump-stop-other-countries-from-trading-with-iran/
1319185497,20260820,IRN,IRN,DEU,DEU,61,61,6,2,6.4,6,3,6,-4.87483384633693,https://dominicanrepublicpost.com/tremendous-costs-can-trump-stop-other-countries-from-trading-with-iran/
1319185498,20260820,IRN,IRN,GOV,,60,60,6,2,6.0,4,1,4,-5.62060889929742,https://www.alternet.org/trump-bessent-hegseth/
1319185499,20260820,IRN,IRN,QATMED,QAT,10,10,1,1,0.0,9,3,9,-4.87483384633693,https://dominicanrepublicpost.com/tremendous-costs-can-trump-stop-other-countries-from-trading-with-iran/
1319185500,20260820,IRN,IRN,QATMED,QAT,13,13,1,1,0.4,15,3,15,-4.87483384633693,https://dominicanrepublicpost.com/tremendous-costs-can-trump-stop-other-countries-from-trading-with-iran/
1319185501,20260820,IRN,IRN,QATMED,QAT,13,13,1,1,0.4,12,3,12,-4.43340342759619,https://dominicanrepublicpost.com/tremendous-costs-can-trump-stop-other-countries-from-trading-with-iran/
1319185502,20260820,IRN,IRN,RUS,RUS,61,61,6,2,6.4,6,3,6,-4.87483384633693,https://dominicanrepublicpost.com/tremendous-costs-can-trump-stop-other-countries-from-trading-with-iran/
1319185503,20260820,IRN,IRN,RUS,RUS,61,61,6,2,6.4,24,3,24,-4.87483384633693,https://dominicanrepublicpost.com/tremendous-costs-can-trump-stop-other-countries-from-trading-with-iran/
1319185504,20260820,IRN,IRN,TJK,TJK,61,61,6,2,6.4,6,3,3,-4.87483384633693,https://dominicanrepublicpost.com/tremendous-costs-can-trump-stop-other-countries-from-trading-with-iran/
1319185505,20260820,IRN,IRN,TJK,TJK,61,61,6,2,6.4,3,3,3,-4.87483384633693,https://dominicanrepublicpost.com/tremendous-costs-can-trump-stop-other-countries-from-trading-with-iran/
1319185506,20260820,IRN,IRN,TJK,TJK,61,61,6,2,6.4,1,1,1,-4.85651214128035,https://dominicanrepublicpost.com/tremendous-costs-can-trump-stop-other-countries-from-trading-with-iran/
1319185507,20260820,IRN,IRN,TUR,TUR,57,57,5,1,8.0,13,2,13,-3.20776486541138,https://www.al-monitor.com/originals/2026/08/factbox-trump-threatens-isolate-iran-who-are-its-trading-partners
1319185508,20260820,IRN,IRN,TUR,TUR,57,57,5,1,8.0,1,1,1,-2.91777188328913,https://www.al-monitor.com/originals/2026/08/factbox-trump-threatens-isolate-iran-who-are-its-trading-partners
1319185509,20260820,IRN,IRN,TUR,TUR,57,57,5,1,8.0,1,1,1,-2.91777188328913,https://www.al-monitor.com/originals/2026/08/factbox-trump-threatens-isolate-iran-who-are-its-trading-partners
1319185510,20260820,IRN,IRN,TUR,TUR,57,57,5,1,8.0,4,2,4,-3.20776486541138,https://www.al-monitor.com/originals/2026/08/factbox-trump-threatens-isolate-iran-who-are-its-trading-partners
1319185511,20260820,IRN,IRN,UKR,UKR,113,113,11,3,-2.0,6,3,6,-4.87483384633693,https://dominicanrepublicpost.com/tremendous-costs-can-trump-stop-other-countries-from-trading-with-iran/
1319185512,20260820,IRN,IRN,UKR,UKR,113,113,11,3,-2.0,24,3,24,-4.87483384633693,https://dominicanrepublicpost.com/tremendous-costs-can-trump-stop-other-countries-from-trading-with-iran/
1319185513,20260820,IRN,IRN,USA,USA,57,57,5,1,8.0,2,1,2,-5.70687418936446,https://www.al-monitor.com/originals/2026/08/whats-behind-uaes-decision-cut-iran-trade-ties
1319185514,20260820,IRNGOV,IRN,,,110,110,11,3,-2.0,3,3,3,-4.87483384633693,https://dominicanrepublicpost.com/tremendous-costs-can-trump-stop-other-countries-from-trading-with-iran/
1319185515,20260820,IRNGOV,IRN,,,110,110,11,3,-2.0,6,3,6,-4.87483384633693,https://dominicanrepublicpost.com/tremendous-costs-can-trump-stop-other-countries-from-trading-with-iran/
1319185516,20260820,IRNGOVMED,IRN,,,110,110,11,3,-2.0,9,3,9,-4.87483384633693,https://dominicanrepublicpost.com/tremendous-costs-can-trump-stop-other-countries-from-trading-with-iran/
1319185517,20260820,IRNGOVMED,IRN,,,110,110,11,3,-2.0,9,3,9,-4.87483384633693,https://dominicanrepublicpost.com/tremendous-costs-can-trump-stop-other-countries-from-trading-with-iran/
1319185518,20260820,IRNGOVMED,IRN,DOM,DOM,110,110,11,3,-2.0,2,1,2,-4.85651214128035,https://dominicanrepublicpost.com/tremendous-costs-can-trump-stop-other-countries-from-trading-with-iran/
1319185519,20260820,IRNGOVMED,IRN,DOM,DOM,110,110,11,3,-2.0,2,1,2,-4.85651214128035,https://dominicanrepublicpost.com/tremendous-costs-can-trump-stop-other-countries-from-trading-with-iran/
1319185520,20260820,IRQ,IRQ,IRN,IRN,61,61,6,2,6.4,6,2,6,-3.20776486541138,https://www.al-monitor.com/originals/2026/08/factbox-trump-threatens-isolate-iran-who-are-its-trading-partners
1319185838,20260820,MIL,,IRN,IRN,61,61,6,2,6.4,30,3,30,-4.87483384633693,https://dominicanrepublicpost.com/tremendous-costs-can-trump-stop-other-countries-from-trading-with-iran/
1319185991,20260820,QATMED,QAT,IRN,IRN,20,20,2,1,3.0,18,3,18,-4.87483384633693,https://dominicanrepublicpost.com/tremendous-costs-can-trump-stop-other-countries-from-trading-with-iran/
1319186024,20260820,TJK,TJK,IRN,IRN,61,61,6,2,6.4,6,3,3,-4.87483384633693,https://dominicanrepublicpost.com/tremendous-costs-can-trump-stop-other-countries-from-trading-with-iran/
1319186025,20260820,TJK,TJK,IRN,IRN,61,61,6,2,6.4,36,3,18,-4.87483384633693,https://dominicanrepublicpost.com/tremendous-costs-can-trump-stop-other-countries-from-trading-with-iran/
1319186026,20260820,TJK,TJK,IRN,IRN,61,61,6,2,6.4,3,3,3,-4.87483384633693,https://dominicanrepublicpost.com/tremendous-costs-can-trump-stop-other-countries-from-trading-with-iran/
1319186027,20260820,TJK,TJK,IRN,IRN,61,61,6,2,6.4,1,1,1,-4.85651214128035,https://dominicanrepublicpost.com/tremendous-costs-can-trump-stop-other-countries-from-trading-with-iran/
1319186028,20260820,TUR,TUR,IRN,IRN,311,31,3,1,5.2,3,2,3,-3.20776486541138,https://www.al-monitor.com/originals/2026/08/factbox-trump-threatens-isolate-iran-who-are-its-trading-partners
1319186029,20260820,TUR,TUR,IRN,IRN,311,31,3,1,5.2,1,1,1,-2.91777188328913,https://www.al-monitor.com/originals/2026/08/factbox-trump-threatens-isolate-iran-who-are-its-trading-partners
1319186030,20260820,TUR,TUR,IRN,IRN,311,31,3,1,5.2,6,2,6,-3.20776486541138,https://www.al-monitor.com/originals/2026/08/factbox-trump-threatens-isolate-iran-who-are-its-trading-partners
1319186031,20260820,TUR,TUR,IRN,IRN,50,50,5,1,3.5,2,1,2,-2.91777188328913,https://www.al-monitor.com/originals/2026/08/factbox-trump-threatens-isolate-iran-who-are-its-trading-partners
1319186032,20260820,TUR,TUR,IRN,IRN,50,50,5,1,3.5,12,2,12,-3.20776486541138,https://www.al-monitor.com/originals/2026/08/factbox-trump-threatens-isolate-iran-who-are-its-trading-partners
1319186033,20260820,TUR,TUR,IRN,IRN,50,50,5,1,3.5,4,2,4,-3.20776486541138,https://www.al-monitor.com/originals/2026/08/factbox-trump-threatens-isolate-iran-who-are-its-trading-partners
1319186034,20260820,TUR,TUR,IRN,IRN,57,57,5,1,8.0,1,1,1,-2.91777188328913,https://www.al-monitor.com/originals/2026/08/factbox-trump-threatens-isolate-iran-who-are-its-trading-partners
1319186035,20260820,TUR,TUR,IRN,IRN,57,57,5,1,8.0,13,2,13,-3.20776486541138,https://www.al-monitor.com/originals/2026/08/factbox-trump-threatens-isolate-iran-who-are-its-trading-partners
1319186036,20260820,TUR,TUR,IRN,IRN,57,57,5,1,8.0,1,1,1,-2.91777188328913,https://www.al-monitor.com/originals/2026/08/factbox-trump-threatens-isolate-iran-who-are-its-trading-partners
1319186037,20260820,TUR,TUR,IRN,IRN,57,57,5,1,8.0,4,2,4,-3.20776486541138,https://www.al-monitor.com/originals/2026/08/factbox-trump-threatens-isolate-iran-who-are-its-trading-partners
1319186038,20260820,TUR,TUR,IRN,IRN,61,61,6,2,6.4,30,3,30,-4.87483384633693,https://dominicanrepublicpost.com/tremendous-costs-can-trump-stop-other-countries-from-trading-with-iran/
1319186039,20260820,TUR,TUR,IRN,IRN,61,61,6,2,6.4,2,1,2,-2.91777188328913,https://www.al-monitor.com/originals/2026/08/factbox-trump-threatens-isolate-iran-who-are-its-trading-partners
1319186040,20260820,TUR,TUR,IRN,IRN,61,61,6,2,6.4,16,2,16,-3.20776486541138,https://www.al-monitor.com/originals/2026/08/factbox-trump-threatens-isolate-iran-who-are-its-trading-partners
1319186258,20260820,USA,USA,IRN,IRN,20,20,2,1,3.0,6,3,6,-4.87483384633693,https://dominicanrepublicpost.com/tremendous-costs-can-trump-stop-other-countries-from-trading-with-iran/
1319186259,20260820,USA,USA,IRN,IRN,20,20,2,1,3.0,6,3,6,-4.87483384633693,https://dominicanrepublicpost.com/tremendous-costs-can-trump-stop-other-countries-from-trading-with-iran/
1319186260,20260820,USA,USA,IRN,IRN,57,57,5,1,8.0,2,1,2,-5.70687418936446,https://www.al-monitor.com/originals/2026/08/whats-behind-uaes-decision-cut-iran-trade-ties
1319186261,20260820,USA,USA,IRN,IRN,61,61,6,2,6.4,6,3,6,-4.87483384633693,https://dominicanrepublicpost.com/tremendous-costs-can-trump-stop-other-countries-from-trading-with-iran/
1319186357,20260820,USAGOV,USA,IRN,IRN,110,110,11,3,-2.0,6,3,6,-3.99197300885545,https://dominicanrepublicpost.com/how-china-and-russia-could-hobble-trumps-plans-to-isolate-iran/
1319186358,20260820,USAGOV,USA,IRN,IRN,110,110,11,3,-2.0,26,4,26,-4.41901073557591,https://dominicanrepublicpost.com/how-china-and-russia-could-hobble-trumps-plans-to-isolate-iran/
1319187252,20260820,BGD,BGD,IRN,IRN,61,61,6,2,6.4,14,1,14,1.7530065918583,https://www.thehindubusinessline.com/economy/dgft-eases-rupee-trade-rule-for-exporters/article71370150.ece
1319187338,20260820,CHN,CHN,IRN,IRN,43,43,4,1,2.8,4,2,4,-4.8180390586301,https://www.freemalaysiatoday.com/category/world/2026/08/20/new-us-carrier-arrives-in-middle-east-to-relieve-long-deployed-ship
1319187339,20260820,CHN,CHN,IRN,IRN,43,43,4,1,2.8,6,3,6,-5.85801407075335,https://www.freemalaysiatoday.com/category/world/2026/08/20/new-us-carrier-arrives-in-middle-east-to-relieve-long-deployed-ship
1319187694,20260820,IRN,IRN,,,20,20,2,1,3.0,2,1,2,-3.08370044052864,https://www.thehindubusinessline.com/markets/commodities/india-open-to-buying-venezuelan-oil-till-us-sanction-exemption-continues-sources/article71369851.ece
1319187695,20260820,IRN,IRN,,,20,20,2,1,3.0,5,1,5,-3.08370044052864,https://www.thehindubusinessline.com/markets/commodities/india-open-to-buying-venezuelan-oil-till-us-sanction-exemption-continues-sources/article71369851.ece
1319187696,20260820,IRN,IRN,,,111,111,11,3,-2.0,6,1,6,-6.42023346303502,https://www.moneycontrol.com/world/iran-condemns-trump-s-new-sanctions-as-crimes-against-humanity-us-warns-allies-and-china-to-get-on-board-article-14011818.html
1319187697,20260820,IRN,IRN,,,111,111,11,3,-2.0,2,1,2,-6.42023346303502,https://www.moneycontrol.com/world/iran-condemns-trump-s-new-sanctions-as-crimes-against-humanity-us-warns-allies-and-china-to-get-on-board-article-14011818.html
1319187698,20260820,IRN,IRN,CHN,CHN,42,42,4,1,1.9,4,2,4,-4.8180390586301,https://www.freemalaysiatoday.com/category/world/2026/08/20/new-us-carrier-arrives-in-middle-east-to-relieve-long-deployed-ship
1319187699,20260820,IRN,IRN,CHN,CHN,42,42,4,1,1.9,6,3,6,-5.85801407075335,https://www.freemalaysiatoday.com/category/world/2026/08/20/new-us-carrier-arrives-in-middle-east-to-relieve-long-deployed-ship
1319187700,20260820,IRN,IRN,CHN,CHN,190,190,19,4,-10.0,2,1,2,-5.85774058577406,https://www.freemalaysiatoday.com/category/world/2026/08/20/new-us-carrier-arrives-in-middle-east-to-relieve-long-deployed-ship
1319187701,20260820,IRN,IRN,CHN,CHN,190,190,19,4,-10.0,16,2,16,-4.8180390586301,https://www.freemalaysiatoday.com/category/world/2026/08/20/new-us-carrier-arrives-in-middle-east-to-relieve-long-deployed-ship
1319187702,20260820,IRN,IRN,USA,USA,43,43,4,1,2.8,64,32,64,-1.36071436909718,https://www.local10.com/news/2026/08/20/us-aircraft-carrier-arrives-in-middle-east-relieving-long-deployed-uss-lincoln/
1319187817,20260820,LKA,LKA,IRN,IRN,61,61,6,2,6.4,2,1,2,1.26050420168067,https://www.thehindubusinessline.com/economy/dgft-eases-rupee-trade-rule-for-exporters/article71370150.ece
1319187829,20260820,MDV,MDV,IRN,IRN,61,61,6,2,6.4,2,1,2,1.26050420168067,https://www.thehindubusinessline.com/economy/dgft-eases-rupee-trade-rule-for-exporters/article71370150.ece
1319187871,20260820,MMR,MMR,IRN,IRN,61,61,6,2,6.4,2,1,2,1.26050420168067,https://www.thehindubusinessline.com/economy/dgft-eases-rupee-trade-rule-for-exporters/article71370150.ece
1319187963,20260820,PAK,PAK,IRN,IRN,61,61,6,2,6.4,2,1,2,1.26050420168067,https://www.thehindubusinessline.com/economy/dgft-eases-rupee-trade-rule-for-exporters/article71370150.ece
1319188145,20260820,USA,USA,IRN,IRN,42,42,4,1,1.9,64,32,64,-1.36071436909718,https://www.local10.com/news/2026/08/20/us-aircraft-carrier-arrives-in-middle-east-relieving-long-deployed-uss-lincoln/
1319189073,20260820,BGD,BGD,IRN,IRN,61,61,6,2,6.4,10,2,10,0.92471884723019,https://www.prokerala.com/news/articles/a1802788.html
1319189164,20260820,CHN,CHN,IRN,IRN,43,43,4,1,2.8,6,3,6,-5.37830209254959,https://www.euronews.com/2026/08/20/new-us-carrier-strike-group-arrives-in-middle-east-to-relieve-long-deployed-uss-abraham-li
1319189165,20260820,CHN,CHN,IRN,IRN,43,43,4,1,2.8,2,1,2,-4.41860465116279,https://www.euronews.com/2026/08/20/new-us-carrier-strike-group-arrives-in-middle-east-to-relieve-long-deployed-uss-abraham-li
1319189166,20260820,CHN,CHN,IRN,IRN,138,138,13,3,-7.0,11,3,11,-4.75513675333307,https://www.koreatimes.co.kr/world/20260821/us-warns-allies-china-to-back-economic-war-on-iran
1319189167,20260820,CHN,CHN,IRNGOV,IRN,51,51,5,1,3.4,1,1,1,-5.6865464632455,https://www.koreatimes.co.kr/world/20260821/us-warns-allies-china-to-back-economic-war-on-iran
1319189168,20260820,CHN,CHN,IRNGOV,IRN,51,51,5,1,3.4,2,2,2,-5.96827323162275,https://www.koreatimes.co.kr/world/20260821/us-warns-allies-china-to-back-economic-war-on-iran
1319189457,20260820,GOV,,IRN,IRN,30,30,3,1,4.0,2,1,2,-6.26151012891344,https://pjmedia.com/catherinesalgado/2026/08/20/trump-declares-economic-d-day-against-iranian-regime-n4956331
1319189458,20260820,GOV,,IRN,IRN,125,125,12,3,-5.0,4,1,4,-6.26151012891344,https://pjmedia.com/catherinesalgado/2026/08/20/trump-declares-economic-d-day-against-iranian-regime-n4956331
1319189459,20260820,GOV,,IRNGOV,IRN,125,125,12,3,-5.0,6,1,6,-6.26151012891344,https://pjmedia.com/catherinesalgado/2026/08/20/trump-declares-economic-d-day-against-iranian-regime-n4956331
1319189530,20260820,IGOWSTNAT,WST,IRN,IRN,36,36,3,1,4.0,3,1,3,-3.0557219892151,https://www.novinite.com/articles/240216/No+One+Needs+a+Missile:+What+Iran+Could+Actually+Do+to+Bulgaria
1319189601,20260820,IRL,IRL,IRN,IRN,112,112,11,3,-2.0,2,1,2,-9.69267139479901,https://www.irishtimes.com/crime-law/courts/2026/08/20/iranian-man-accused-of-carrying-out-arson-attack-at-dublin-mosque-sent-forward-for-trial/
1319189602,20260820,IRL,IRL,IRN,IRN,112,112,11,3,-2.0,6,1,6,-9.69267139479901,https://www.irishtimes.com/crime-law/courts/2026/08/20/iranian-man-accused-of-carrying-out-arson-attack-at-dublin-mosque-sent-forward-for-trial/
1319189604,20260820,IRN,IRN,,,16,16,1,1,-2.0,1,1,1,-3.0557219892151,https://www.novinite.com/articles/240216/No+One+Needs+a+Missile:+What+Iran+Could+Actually+Do+to+Bulgaria
1319189605,20260820,IRN,IRN,,,17,17,1,1,0.0,4,1,4,-0.77071290944123,https://www.mediamatters.org/fox-news/sean-hannity-covers-iran-war-first-time-weeks-complains-trump-isnt-getting-credit-it
1319189606,20260820,IRN,IRN,,,17,17,1,1,0.0,2,1,2,-0.77071290944123,https://www.mediamatters.org/fox-news/sean-hannity-covers-iran-war-first-time-weeks-complains-trump-isnt-getting-credit-it
1319189607,20260820,IRN,IRN,,,17,17,1,1,0.0,3,1,3,-0.77071290944123,https://www.mediamatters.org/fox-news/sean-hannity-covers-iran-war-first-time-weeks-complains-trump-isnt-getting-credit-it
1319189608,20260820,IRN,IRN,,,17,17,1,1,0.0,1,1,1,-0.77071290944123,https://www.mediamatters.org/fox-news/sean-hannity-covers-iran-war-first-time-weeks-complains-trump-isnt-getting-credit-it
1319189609,20260820,IRN,IRN,,,51,51,5,1,3.4,6,3,6,-4.75513675333307,https://www.koreatimes.co.kr/world/20260821/us-warns-allies-china-to-back-economic-war-on-iran
1319189610,20260820,IRN,IRN,,,51,51,5,1,3.4,4,2,4,-5.96827323162275,https://www.koreatimes.co.kr/world/20260821/us-warns-allies-china-to-back-economic-war-on-iran
1319189611,20260820,IRN,IRN,,,114,114,11,3,-2.0,3,1,3,-0.77071290944123,https://www.mediamatters.org/fox-news/sean-hannity-covers-iran-war-first-time-weeks-complains-trump-isnt-getting-credit-it
1319189612,20260820,IRN,IRN,BRN,BRN,190,190,19,4,-10.0,2,1,2,-4.41860465116279,https://www.euronews.com/2026/08/20/new-us-carrier-strike-group-arrives-in-middle-east-to-relieve-long-deployed-uss-abraham-li
1319189613,20260820,IRN,IRN,BRN,BRN,190,190,19,4,-10.0,18,3,18,-5.37830209254959,https://www.euronews.com/2026/08/20/new-us-carrier-strike-group-arrives-in-middle-east-to-relieve-long-deployed-uss-abraham-li
1319189614,20260820,IRN,IRN,CHN,CHN,42,42,4,1,1.9,6,3,6,-5.37830209254959,https://www.euronews.com/2026/08/20/new-us-carrier-strike-group-arrives-in-middle-east-to-relieve-long-deployed-uss-abraham-li
1319189615,20260820,IRN,IRN,CHN,CHN,42,42,4,1,1.9,2,1,2,-4.41860465116279,https://www.euronews.com/2026/08/20/new-us-carrier-strike-group-arrives-in-middle-east-to-relieve-long-deployed-uss-abraham-li
1319189616,20260820,IRN,IRN,CHN,CHN,163,163,16,4,-8.0,21,6,21,-5.48762830273075,https://www.koreatimes.co.kr/world/20260821/us-warns-allies-china-to-back-economic-war-on-iran
1319189617,20260820,IRN,IRN,CHN,CHN,190,190,19,4,-10.0,6,3,6,-5.37830209254959,https://www.euronews.com/2026/08/20/new-us-carrier-strike-group-arrives-in-middle-east-to-relieve-long-deployed-uss-abraham-li
1319189618,20260820,IRN,IRN,IRL,IRL,110,110,11,3,-2.0,1,1,1,-9.69267139479901,https://www.irishtimes.com/crime-law/courts/2026/08/20/iranian-man-accused-of-carrying-out-arson-attack-at-dublin-mosque-sent-forward-for-trial/
1319189619,20260820,IRN,IRN,IRL,IRL,110,110,11,3,-2.0,7,1,7,-9.69267139479901,https://www.irishtimes.com/crime-law/courts/2026/08/20/iranian-man-accused-of-carrying-out-arson-attack-at-dublin-mosque-sent-forward-for-trial/
1319189620,20260820,IRN,IRN,IRNGOV,IRN,186,186,18,4,-10.0,3,1,3,-6.26151012891344,https://pjmedia.com/catherinesalgado/2026/08/20/trump-declares-economic-d-day-against-iranian-regime-n4956331
1319189621,20260820,IRN,IRN,IRNGOV,IRN,186,186,18,4,-10.0,1,1,1,-6.26151012891344,https://pjmedia.com/catherinesalgado/2026/08/20/trump-declares-economic-d-day-against-iranian-regime-n4956331
1319189622,20260820,IRN,IRN,SAU,SAU,13,13,1,1,0.4,1,1,1,-3.78289473684211,https://ejpress.org/trump-declares-economic-d-day-for-iran/
1319189623,20260820,IRN,IRN,SAU,SAU,13,13,1,1,0.4,1,1,1,-3.78289473684211,https://ejpress.org/trump-declares-economic-d-day-for-iran/
1319189624,20260820,IRNGOV,IRN,,,186,186,18,4,-10.0,1,1,1,-6.26151012891344,https://pjmedia.com/catherinesalgado/2026/08/20/trump-declares-economic-d-day-against-iranian-regime-n4956331
1319189625,20260820,IRNGOV,IRN,GOV,,130,130,13,3,-4.4,6,1,6,-6.26151012891344,https://pjmedia.com/catherinesalgado/2026/08/20/trump-declares-economic-d-day-against-iranian-regime-n4956331
1319189626,20260820,IRNGOV,IRN,IRN,IRN,30,30,3,1,4.0,2,1,2,-6.26151012891344,https://pjmedia.com/catherinesalgado/2026/08/20/trump-declares-economic-d-day-against-iranian-regime-n4956331
1319189627,20260820,IRNGOV,IRN,USA,USA,20,20,2,1,3.0,9,4,9,-4.99138354393413,https://www.koreatimes.co.kr/world/20260821/us-warns-allies-china-to-back-economic-war-on-iran
1319189628,20260820,IRNGOVMIL,IRN,,,20,20,2,1,3.0,1,1,1,-6.26151012891344,https://pjmedia.com/catherinesalgado/2026/08/20/trump-declares-economic-d-day-against-iranian-regime-n4956331
1319189629,20260820,IRNGOVMIL,IRN,,,20,20,2,1,3.0,1,1,1,-6.26151012891344,https://pjmedia.com/catherinesalgado/2026/08/20/trump-declares-economic-d-day-against-iranian-regime-n4956331
1319189767,20260820,MED,,IRN,IRN,10,10,1,1,0.0,5,2,5,-2.70262792047402,https://www.euronews.com/2026/08/20/new-us-carrier-strike-group-arrives-in-middle-east-to-relieve-long-deployed-uss-abraham-li
1319189788,20260820,MIL,,IRN,IRN,72,72,7,2,8.3,2,1,2,-4.41860465116279,https://www.euronews.com/2026/08/20/new-us-carrier-strike-group-arrives-in-middle-east-to-relieve-long-deployed-uss-abraham-li
1319189789,20260820,MIL,,IRN,IRN,72,72,7,2,8.3,2,1,2,-4.41860465116279,https://www.euronews.com/2026/08/20/new-us-carrier-strike-group-arrives-in-middle-east-to-relieve-long-deployed-uss-abraham-li
1319189997,20260820,UAF,,IRN,IRN,30,30,3,1,4.0,2,1,2,-3.0557219892151,https://www.novinite.com/articles/240216/No+One+Needs+a+Missile:+What+Iran+Could+Actually+Do+to+Bulgaria
1319189998,20260820,UAF,,IRN,IRN,30,30,3,1,4.0,8,1,8,-3.0557219892151,https://www.novinite.com/articles/240216/No+One+Needs+a+Missile:+What+Iran+Could+Actually+Do+to+Bulgaria
1319190133,20260820,USA,USA,IRN,IRN,84,84,8,2,7.0,2,1,2,-2.29007633587786,http://www.prnewswire.com/news-releases/egan-jones-examines-a-possible-turning-point-in-the-middle-east-conflict-302851549.html
1319190134,20260820,USA,USA,IRN,IRN,84,84,8,2,7.0,3,1,3,-2.29007633587786,http://www.prnewswire.com/news-releases/egan-jones-examines-a-possible-turning-point-in-the-middle-east-conflict-302851549.html
1319190135,20260820,USA,USA,IRN,IRN,90,90,9,2,-2.0,1,1,1,-2.29007633587786,http://www.prnewswire.com/news-releases/egan-jones-examines-a-possible-turning-point-in-the-middle-east-conflict-302851549.html
1319190136,20260820,USA,USA,IRN,IRN,90,90,9,2,-2.0,4,1,4,-2.29007633587786,http://www.prnewswire.com/news-releases/egan-jones-examines-a-possible-turning-point-in-the-middle-east-conflict-302851549.html
1319191029,20260820,,,IRN,IRN,42,42,4,1,1.9,2,1,2,-1.83823529411765,https://www.yahoo.com/news/politics/articles/o-reilly-trump-endorsement-doesn-144130487.html
1319191030,20260820,,,IRN,IRN,130,130,13,3,-4.4,10,1,10,-1.83823529411765,https://www.yahoo.com/news/politics/articles/o-reilly-trump-endorsement-doesn-144130487.html
1319191236,20260820,CAN,CAN,IRN,IRN,46,46,4,1,7.0,2,1,2,0.0,https://vancouversun.com:443/news/customers-north-vancouver-apadana-currency-exchange-demand-answers-after-millions-in-funds-frozen
1319191237,20260820,CAN,CAN,IRN,IRN,46,46,4,1,7.0,8,1,8,0.0,https://vancouversun.com:443/news/customers-north-vancouver-apadana-currency-exchange-demand-answers-after-millions-in-funds-frozen
1319191238,20260820,CAN,CAN,IRN,IRN,46,46,4,1,7.0,4,1,4,0.0,https://vancouversun.com:443/news/customers-north-vancouver-apadana-currency-exchange-demand-answers-after-millions-in-funds-frozen
1319191239,20260820,CAN,CAN,IRN,IRN,46,46,4,1,7.0,2,1,2,0.0,https://vancouversun.com:443/news/customers-north-vancouver-apadana-currency-exchange-demand-answers-after-millions-in-funds-frozen
1319191240,20260820,CAN,CAN,IRN,IRN,46,46,4,1,7.0,2,1,2,0.0,https://vancouversun.com:443/news/customers-north-vancouver-apadana-currency-exchange-demand-answers-after-millions-in-funds-frozen
1319191241,20260820,CAN,CAN,IRN,IRN,46,46,4,1,7.0,2,1,2,0.0,https://vancouversun.com:443/news/customers-north-vancouver-apadana-currency-exchange-demand-answers-after-millions-in-funds-frozen
1319191271,20260820,CHN,CHN,IRNGOV,IRN,111,111,11,3,-2.0,4,1,4,-7.87878787878788,https://www.al-monitor.com/originals/2026/08/china-slams-trump-over-economic-war-iran-what-know
1319191564,20260820,GOV,,IRN,IRN,40,40,4,1,1.0,22,11,22,-1.06902591455392,https://www.rferl.org/a/belarus-assault-rifle-iran-vsk-100b/33834995.html
1319191565,20260820,GOV,,IRN,IRN,40,40,4,1,1.0,1,1,1,-1.30057803468208,https://www.rferl.org/a/belarus-assault-rifle-iran-vsk-100b/33834995.html
1319191566,20260820,GOV,,IRN,IRN,40,40,4,1,1.0,4,1,4,-1.30057803468208,https://www.rferl.org/a/belarus-assault-rifle-iran-vsk-100b/33834995.html
1319191680,20260820,IRN,IRN,,,10,10,1,1,0.0,2,1,2,-1.83823529411765,https://www.yahoo.com/news/politics/articles/o-reilly-trump-endorsement-doesn-144130487.html
1319191681,20260820,IRN,IRN,,,16,16,1,1,-2.0,4,1,4,-3.59281437125749,https://timesofindia.indiatimes.com/world/middle-east/iran-rejects-trumps-hormuz-total-control-claim-says-strait-will-reopen-only-on-tehrans-terms/articleshow/133383098.cms
1319191682,20260820,IRN,IRN,,,16,16,1,1,-2.0,2,1,2,-3.59281437125749,https://timesofindia.indiatimes.com/world/middle-east/iran-rejects-trumps-hormuz-total-control-claim-says-strait-will-reopen-only-on-tehrans-terms/articleshow/133383098.cms
1319191683,20260820,IRN,IRN,,,43,43,4,1,2.8,2,1,2,-1.83823529411765,https://www.yahoo.com/news/politics/articles/o-reilly-trump-endorsement-doesn-144130487.html
1319191684,20260820,IRN,IRN,CAN,CAN,46,46,4,1,7.0,2,1,2,0.0,https://vancouversun.com:443/news/customers-north-vancouver-apadana-currency-exchange-demand-answers-after-millions-in-funds-frozen
1319191685,20260820,IRN,IRN,CAN,CAN,46,46,4,1,7.0,8,1,8,0.0,https://vancouversun.com:443/news/customers-north-vancouver-apadana-currency-exchange-demand-answers-after-millions-in-funds-frozen
1319191686,20260820,IRN,IRN,IRNBUS,IRN,61,61,6,2,6.4,8,1,8,-2.01465201465201,https://www.freshplaza.com/north-america/article/9864995/iranian-exporters-brace-for-impact-of-the-emirati-market-closure/
1319191687,20260820,IRN,IRN,IRQ,IRQ,43,43,4,1,2.8,2,1,2,-3.45864661654136,http://www.jpost.com/middle-east/iran-news/article-906131
1319191688,20260820,IRN,IRN,IRQ,IRQ,43,43,4,1,2.8,20,1,20,-3.01075268817204,http://www.jpost.com/middle-east/article-906138
1319191689,20260820,IRN,IRN,ISRMED,ISR,13,13,1,1,0.4,2,1,2,-3.45864661654136,http://www.jpost.com/middle-east/iran-news/article-906131
1319191690,20260820,IRN,IRN,ISRMED,ISR,13,13,1,1,0.4,2,1,2,-3.45864661654136,http://www.jpost.com/middle-east/iran-news/article-906131
1319191691,20260820,IRN,IRN,USA,USA,16,16,1,1,-2.0,4,1,4,-3.59281437125749,https://timesofindia.indiatimes.com/world/middle-east/iran-rejects-trumps-hormuz-total-control-claim-says-strait-will-reopen-only-on-tehrans-terms/articleshow/133383098.cms
1319191692,20260820,IRN,IRN,USA,USA,16,16,1,1,-2.0,2,1,1,-3.59281437125749,https://timesofindia.indiatimes.com/world/middle-east/iran-rejects-trumps-hormuz-total-control-claim-says-strait-will-reopen-only-on-tehrans-terms/articleshow/133383098.cms
1319191693,20260820,IRN,IRN,USA,USA,16,16,1,1,-2.0,1,1,1,-3.59281437125749,https://timesofindia.indiatimes.com/world/middle-east/iran-rejects-trumps-hormuz-total-control-claim-says-strait-will-reopen-only-on-tehrans-terms/articleshow/133383098.cms
1319191694,20260820,IRN,IRN,USA,USA,16,16,1,1,-2.0,1,1,1,-3.59281437125749,https://timesofindia.indiatimes.com/world/middle-east/iran-rejects-trumps-hormuz-total-control-claim-says-strait-will-reopen-only-on-tehrans-terms/articleshow/133383098.cms
1319191695,20260820,IRN,IRN,USA,USA,43,43,4,1,2.8,2,1,2,-1.83823529411765,https://www.yahoo.com/news/politics/articles/o-reilly-trump-endorsement-doesn-144130487.html
1319191696,20260820,IRNLEG,IRN,IRQ,IRQ,42,42,4,1,1.9,2,1,2,-3.45864661654136,http://www.jpost.com/middle-east/iran-news/article-906131
1319191697,20260820,IRNLEG,IRN,IRQ,IRQ,42,42,4,1,1.9,4,1,4,-3.01075268817204,http://www.jpost.com/middle-east/article-906138
1319191698,20260820,IRNLEG,IRN,IRQ,IRQ,42,42,4,1,1.9,4,1,4,-3.01075268817204,http://www.jpost.com/middle-east/article-906138
1319191700,20260820,IRQ,IRQ,IRN,IRN,42,42,4,1,1.9,18,1,18,-3.01075268817204,http://www.jpost.com/middle-east/article-906138
1319191701,20260820,IRQ,IRQ,IRN,IRN,42,42,4,1,1.9,2,1,2,-3.45864661654136,http://www.jpost.com/middle-east/iran-news/article-906131
1319191702,20260820,IRQ,IRQ,IRN,IRN,42,42,4,1,1.9,2,1,2,-3.01075268817204,http://www.jpost.com/middle-east/article-906138
1319191703,20260820,IRQ,IRQ,IRN,IRN,172,172,17,4,-5.0,14,1,14,-3.01075268817204,http://www.jpost.com/middle-east/article-906138
1319191704,20260820,IRQ,IRQ,IRN,IRN,172,172,17,4,-5.0,2,1,2,-3.01075268817204,http://www.jpost.com/middle-east/article-906138
1319191705,20260820,IRQ,IRQ,IRNLEG,IRN,43,43,4,1,2.8,10,1,10,-3.01075268817204,http://www.jpost.com/middle-east/article-906138
1319191721,20260820,ISR,ISR,IRN,IRN,110,110,11,3,-2.0,3,1,3,-2.66311584553928,http://www.jpost.com/opinion/article-906107
1319192067,20260820,PAK,PAK,IRNREB,IRN,190,190,19,4,-10.0,4,1,4,-3.82352941176471,http://www.jpost.com/opinion/article-905989
1319192197,20260820,SYR,SYR,IRN,IRN,110,110,11,3,-2.0,2,1,2,-2.66311584553928,http://www.jpost.com/opinion/article-906107
1319192391,20260820,USA,USA,IRN,IRN,10,10,1,1,0.0,2,1,2,-1.83823529411765,https://www.yahoo.com/news/politics/articles/o-reilly-trump-endorsement-doesn-144130487.html
1319192392,20260820,USA,USA,IRN,IRN,10,10,1,1,0.0,2,1,2,0.0,https://www.wrdw.com/2026/08/20/sc-congressional-delegation-discusses-debt-iran-future/
1319192393,20260820,USA,USA,IRN,IRN,10,10,1,1,0.0,2,1,2,0.0,https://www.wrdw.com/2026/08/20/sc-congressional-delegation-discusses-debt-iran-future/
1319192394,20260820,USA,USA,IRN,IRN,42,42,4,1,1.9,1,1,1,-1.83823529411765,https://www.yahoo.com/news/politics/articles/o-reilly-trump-endorsement-doesn-144130487.html
1319192395,20260820,USA,USA,IRN,IRN,42,42,4,1,1.9,1,1,1,-1.83823529411765,https://www.yahoo.com/news/politics/articles/o-reilly-trump-endorsement-doesn-144130487.html
1319194005,20260820,GOV,,IRN,IRN,12,12,1,1,-0.4,8,1,8,-9.10746812386161,https://www.foxbusiness.com/technology/siemens-plc-cyber-threat-critical-infrastructure
1319194006,20260820,GOV,,IRN,IRN,15,15,1,1,0.0,4,1,4,-9.10746812386161,https://www.foxbusiness.com/technology/siemens-plc-cyber-threat-critical-infrastructure
1319194007,20260820,GOV,,IRN,IRN,15,15,1,1,0.0,4,1,4,-9.10746812386161,https://www.foxbusiness.com/technology/siemens-plc-cyber-threat-critical-infrastructure
1319194008,20260820,GOV,,IRN,IRN,40,40,4,1,1.0,50,10,50,-1.0458707025411,http://www.bignewsnetwork.com/news/279254551/new-belarusian-assault-rifle-production-enabled-by-iran-sources-say
1319194009,20260820,GOV,,IRN,IRN,112,112,11,3,-2.0,7,1,7,-9.10746812386161,https://www.foxbusiness.com/technology/siemens-plc-cyber-threat-critical-infrastructure
1319194093,20260820,IRN,IRN,,,85,85,8,2,7.0,4,1,4,-4.9093321539142,https://www.aljazeera.com/news/2026/8/20/tremendous-costs-can-trump-stop-other-countries-from-trading-with-iran
1319194094,20260820,IRN,IRN,TJK,TJK,61,61,6,2,6.4,2,2,2,-4.88399469886522,https://www.aljazeera.com/news/2026/8/20/tremendous-costs-can-trump-stop-other-countries-from-trading-with-iran
1319194095,20260820,IRN,IRN,USACVL,USA,40,40,4,1,1.0,5,1,5,-9.10746812386161,https://www.foxbusiness.com/technology/siemens-plc-cyber-threat-critical-infrastructure
1319194096,20260820,IRNGOV,IRN,,,111,111,11,3,-2.0,55,8,55,-6.67501302903278,https://www.ynetnews.com/article/byfhdjnpzl
1319194097,20260820,IRNGOV,IRN,IRN,IRN,15,15,1,1,0.0,1,1,1,-9.10746812386161,https://www.foxbusiness.com/technology/siemens-plc-cyber-threat-critical-infrastructure
1319194098,20260820,IRNGOV,IRN,IRN,IRN,15,15,1,1,0.0,1,1,1,-9.10746812386161,https://www.foxbusiness.com/technology/siemens-plc-cyber-threat-critical-infrastructure
1319194099,20260820,IRNGOV,IRN,IRN,IRN,30,30,3,1,4.0,36,18,36,-7.37949129329927,https://www.reviewjournal.com/news/politics-and-government/bring-more-failures-iran-dismisses-us-economic-threats-3866684/
1319194100,20260820,IRNGOV,IRN,IRN,IRN,112,112,11,3,-2.0,1,1,1,-9.10746812386161,https://www.foxbusiness.com/technology/siemens-plc-cyber-threat-critical-infrastructure
1319194101,20260820,IRNGOV,IRN,PSE,PSE,42,42,4,1,1.9,2,1,2,-2.57234726688103,https://www.ynetnews.com/article/syahfyedgl
1319194102,20260820,IRNGOVMED,IRN,GRD,GRD,110,110,11,3,-2.0,2,1,2,-4.85865724381625,https://grenadachronicle.com/tremendous-costs-can-trump-stop-other-countries-from-trading-with-iran/
1319194103,20260820,IRNGOVMED,IRN,GRD,GRD,110,110,11,3,-2.0,2,1,2,-4.85865724381625,https://grenadachronicle.com/tremendous-costs-can-trump-stop-other-countries-from-trading-with-iran/
1319194104,20260820,IRNGOVMED,IRN,IRN,IRN,110,110,11,3,-2.0,2,1,2,-4.9093321539142,https://www.aljazeera.com/news/2026/8/20/tremendous-costs-can-trump-stop-other-countries-from-trading-with-iran
1319194105,20260820,IRNGOVMED,IRN,IRN,IRN,110,110,11,3,-2.0,2,1,2,-4.9093321539142,https://www.aljazeera.com/news/2026/8/20/tremendous-costs-can-trump-stop-other-countries-from-trading-with-iran
1319194350,20260820,MIL,,IRN,IRN,72,72,7,2,8.3,8,1,8,-3.84153661464586,https://www.ynetnews.com/article/byfhdjnpzl
1319194351,20260820,MIL,,IRN,IRN,72,72,7,2,8.3,2,1,2,-3.84153661464586,https://www.ynetnews.com/article/byfhdjnpzl
1319194462,20260820,PSE,PSE,IRNGOV,IRN,43,43,4,1,2.8,2,1,2,-2.57234726688103,https://www.ynetnews.com/article/syahfyedgl
1319194538,20260820,TJK,TJK,IRN,IRN,61,61,6,2,6.4,2,2,2,-4.88399469886522,https://www.aljazeera.com/news/2026/8/20/tremendous-costs-can-trump-stop-other-countries-from-trading-with-iran
1319194720,20260820,USACVL,USA,IRN,IRN,40,40,4,1,1.0,5,1,5,-9.10746812386161,https://www.foxbusiness.com/technology/siemens-plc-cyber-threat-critical-infrastructure
1319195572,20260820,,,IRN,IRN,111,111,11,3,-2.0,1,1,1,-9.23694779116468,https://dunyanews.tv/en/World/968878-iranian-fm-araghchi-hits-back-at-trumps-economic-dday
1319195744,20260820,CAN,CAN,IRN,IRN,40,40,4,1,1.0,4,2,4,-2.97543563746823,https://www.brandonsun.com/local/2026/08/20/poilievre-invites-irans-exiled-crown-prince-reza-pahlavi-to-visit-canada
1319195745,20260820,CAN,CAN,IRN,IRN,40,40,4,1,1.0,2,2,2,-2.97543563746823,https://www.brandonsun.com/local/2026/08/20/poilievre-invites-irans-exiled-crown-prince-reza-pahlavi-to-visit-canada
1319195746,20260820,CAN,CAN,IRN,IRN,42,42,4,1,1.9,4,2,4,-2.97543563746823,https://www.brandonsun.com/local/2026/08/20/poilievre-invites-irans-exiled-crown-prince-reza-pahlavi-to-visit-canada
1319195747,20260820,CAN,CAN,IRN,IRN,42,42,4,1,1.9,4,2,4,-2.97543563746823,https://www.brandonsun.com/local/2026/08/20/poilievre-invites-irans-exiled-crown-prince-reza-pahlavi-to-visit-canada
1319196097,20260820,IRN,IRN,CAN,CAN,10,10,1,1,0.0,1,1,1,-3.7484885126965,https://cheknews.ca/poilievre-invites-irans-exiled-crown-prince-reza-pahlavi-to-visit-canada-1343060/
1319196098,20260820,IRN,IRN,CAN,CAN,40,40,4,1,1.0,2,2,2,-2.97543563746823,https://www.brandonsun.com/local/2026/08/20/poilievre-invites-irans-exiled-crown-prince-reza-pahlavi-to-visit-canada
1319196099,20260820,IRN,IRN,CAN,CAN,40,40,4,1,1.0,4,2,4,-2.97543563746823,https://www.brandonsun.com/local/2026/08/20/poilievre-invites-irans-exiled-crown-prince-reza-pahlavi-to-visit-canada
1319196100,20260820,IRN,IRN,CAN,CAN,43,43,4,1,2.8,4,2,4,-2.97543563746823,https://www.brandonsun.com/local/2026/08/20/poilievre-invites-irans-exiled-crown-prince-reza-pahlavi-to-visit-canada
1319196101,20260820,IRN,IRN,CAN,CAN,43,43,4,1,2.8,4,2,4,-2.97543563746823,https://www.brandonsun.com/local/2026/08/20/poilievre-invites-irans-exiled-crown-prince-reza-pahlavi-to-visit-canada
1319196102,20260820,IRN,IRN,CAN,CAN,125,125,12,3,-5.0,2,2,2,-2.97543563746823,https://www.brandonsun.com/local/2026/08/20/poilievre-invites-irans-exiled-crown-prince-reza-pahlavi-to-visit-canada
1319196103,20260820,IRN,IRN,CAN,CAN,125,125,12,3,-5.0,4,2,4,-2.97543563746823,https://www.brandonsun.com/local/2026/08/20/poilievre-invites-irans-exiled-crown-prince-reza-pahlavi-to-visit-canada
1319196104,20260820,IRN,IRN,IRNMIL,IRN,72,72,7,2,8.3,36,9,36,-4.43396226415094,http://www.afghanistannews.net/news/279254592/us-vows-toughest-sanctions-in-history-against-iran
1319196105,20260820,IRN,IRN,IRNMOS,IRN,173,173,17,4,-5.0,18,9,18,-4.43396226415094,http://www.afghanistannews.net/news/279254592/us-vows-toughest-sanctions-in-history-against-iran
1319196106,20260820,IRN,IRN,IRQ,IRQ,46,46,4,1,7.0,9,9,9,-4.43396226415094,http://www.afghanistannews.net/news/279254592/us-vows-toughest-sanctions-in-history-against-iran
1319196107,20260820,IRN,IRN,MED,,10,10,1,1,0.0,9,9,9,-4.43396226415094,http://www.afghanistannews.net/news/279254592/us-vows-toughest-sanctions-in-history-against-iran
1319196108,20260820,IRN,IRN,PGS,PGS,105,105,10,3,-5.0,18,9,18,-4.43396226415094,http://www.afghanistannews.net/news/279254592/us-vows-toughest-sanctions-in-history-against-iran
1319196109,20260820,IRN,IRN,PGS,PGS,130,130,13,3,-4.4,18,9,18,-4.43396226415094,http://www.afghanistannews.net/news/279254592/us-vows-toughest-sanctions-in-history-against-iran
1319196110,20260820,IRN,IRN,USA,USA,50,50,5,1,3.5,6,1,6,-9.23694779116468,https://dunyanews.tv/en/World/968878-iranian-fm-araghchi-hits-back-at-trumps-economic-dday
1319196111,20260820,IRN,IRN,USA,USA,127,127,12,3,-5.0,7,1,7,-9.23694779116468,https://dunyanews.tv/en/World/968878-iranian-fm-araghchi-hits-back-at-trumps-economic-dday
1319196112,20260820,IRN,IRN,USAMIL,USA,60,60,6,2,6.0,18,9,18,-4.43396226415094,http://www.afghanistannews.net/news/279254592/us-vows-toughest-sanctions-in-history-against-iran
1319196113,20260820,IRN,IRN,USAMIL,USA,70,70,7,2,7.0,18,9,18,-4.43396226415094,http://www.afghanistannews.net/news/279254592/us-vows-toughest-sanctions-in-history-against-iran
1319196114,20260820,IRNLEG,IRN,IRNMIL,IRN,72,72,7,2,8.3,54,9,54,-4.43396226415094,http://www.afghanistannews.net/news/279254592/us-vows-toughest-sanctions-in-history-against-iran
1319196115,20260820,IRQ,IRQ,IRN,IRN,46,46,4,1,7.0,9,9,9,-4.43396226415094,http://www.afghanistannews.net/news/279254592/us-vows-toughest-sanctions-in-history-against-iran
1319196122,20260820,ISR,ISR,IRN,IRN,194,194,19,4,-10.0,10,1,10,-7.61750405186385,https://dunyanews.tv/en/World/968885-tremendous-consequences-trump-threatens-economic-punishment-on-any
1319196384,20260820,REL,,IRN,IRN,10,10,1,1,0.0,10,1,10,-7.28862973760933,https://www.israelnationalnews.com/news/432010
1319196572,20260820,USA,USA,IRN,IRN,112,112,11,3,-2.0,9,9,9,-4.43396226415094,http://www.afghanistannews.net/news/279254592/us-vows-toughest-sanctions-in-history-against-iran
1319198158,20260820,MOS,,IRN,IRN,100,100,10,3,-5.0,1,1,1,-5.20446096654275,http://www.indiagazette.com/news/279254334/iran-consul-general-slams-trump-tremendous-economic-consequences-threat-to-tehran-partners-calls-it-sign-of-weakness-for-us
1319199270,20260820,,,IRN,IRN,42,42,4,1,1.9,2,1,2,-0.19327406262079,https://www.democracynow.org/2026/8/20/afghanistan_taliban_5_years_us_sanctions
1319199820,20260820,IRN,IRN,,,43,43,4,1,2.8,2,1,2,-0.19327406262079,https://www.democracynow.org/2026/8/20/afghanistan_taliban_5_years_us_sanctions
1319199821,20260820,IRN,IRN,GOV,,13,13,1,1,0.4,8,1,8,-4.07569141193596,https://www.thenation.com/article/world/american-left-ukraine-peace/
1319199822,20260820,IRN,IRN,SAU,SAU,130,130,13,3,-4.4,2,1,2,-3.7828947368421,https://gulfnews.com/world/mena/what-uae-residents-need-to-know-tonight-tanker-hijacked-off-yemen-us-aircraft-carrier-deployed-in-middle-east-1.500647004
1319199823,20260820,IRN,IRN,SAU,SAU,130,130,13,3,-4.4,8,1,8,-3.7828947368421,https://gulfnews.com/world/mena/what-uae-residents-need-to-know-tonight-tanker-hijacked-off-yemen-us-aircraft-carrier-deployed-in-middle-east-1.500647004
1319199824,20260820,IRN,IRN,USA,USA,43,43,4,1,2.8,5,2,5,-2.21241305510968,https://gulfnews.com/world/mena/ap-us-iran-us-aircraft-carrier-1.500647183
1319200293,20260820,USA,USA,IRN,IRN,42,42,4,1,1.9,5,2,5,-2.21241305510968,https://gulfnews.com/world/mena/ap-us-iran-us-aircraft-carrier-1.500647183
1319201295,20260820,,,IRNGOV,IRN,42,42,4,1,1.9,8,1,8,-10.0346020761245,https://aa.com.tr/en/us-israel-iran-war/iran-condemns-fresh-raft-of-us-sanctions-as-economic-terrorism-/4033198
1319201426,20260820,BUS,,IRN,IRN,170,170,17,4,-7.0,10,1,10,-4.50980392156862,https://gcaptain.com/sanctioned-shadow-fleet-tanker-hijacked-in-gulf-of-aden-and-diverted-toward-somalia/
1319201467,20260820,CHN,CHN,IRN,IRN,36,36,3,1,4.0,2,1,2,-2.75510204081633,https://gcaptain.com/maritime-markets-bracing-for-long-term-disruption-in-the-middle-east/
1319201468,20260820,CHN,CHN,IRN,IRN,36,36,3,1,4.0,2,1,2,-2.75510204081633,https://gcaptain.com/maritime-markets-bracing-for-long-term-disruption-in-the-middle-east/
1319201635,20260820,EGY,EGY,IRN,IRN,20,20,2,1,3.0,4,1,4,0.54446460980036,https://www.arabnews.com/node/2655350/middle-east
1319201636,20260820,EGY,EGY,IRN,IRN,20,20,2,1,3.0,6,1,6,0.54446460980036,https://www.arabnews.com/node/2655350/middle-east
1319201637,20260820,EGY,EGY,IRN,IRN,42,42,4,1,1.9,10,1,10,0.54446460980036,https://www.arabnews.com/node/2655350/middle-east
1319201780,20260820,GOV,,IRN,IRN,30,30,3,1,4.0,10,2,10,-3.02882107459572,https://aa.com.tr/en/americas/us-issues-new-cuba-related-sanctions/4033237
1319201902,20260820,IRN,IRN,,,90,90,9,2,-2.0,4,1,4,-4.03800475059382,https://foreignpolicy.com/live/anton-jager-hyperpolitics-paradox-of-political-outrage/?tpcc=recirc_trending062921
1319201903,20260820,IRN,IRN,,,194,194,19,4,-10.0,10,1,10,-2.75510204081633,https://gcaptain.com/maritime-markets-bracing-for-long-term-disruption-in-the-middle-east/
1319201904,20260820,IRN,IRN,BUS,,130,130,13,3,-4.4,2,1,2,-1.9047619047619,https://www.ibtimes.com/more-150-polymarket-wallets-may-have-traded-us-military-secrets-research-finds-3806617
1319201905,20260820,IRN,IRN,CHN,CHN,36,36,3,1,4.0,2,1,2,-2.75510204081633,https://gcaptain.com/maritime-markets-bracing-for-long-term-disruption-in-the-middle-east/
1319201906,20260820,IRN,IRN,CHN,CHN,36,36,3,1,4.0,2,1,2,-2.75510204081633,https://gcaptain.com/maritime-markets-bracing-for-long-term-disruption-in-the-middle-east/
1319201907,20260820,IRN,IRN,EGY,EGY,43,43,4,1,2.8,10,1,10,0.54446460980036,https://www.arabnews.com/node/2655350/middle-east
1319201908,20260820,IRN,IRN,IGOUNOGOV,,20,20,2,1,3.0,10,1,10,-11.1464968152866,https://www.ncr-iran.org/en/ncri-statements/statement-human-rights/irans-regime-executes-21-year-old-uprising-prisoner-ghaem-hosseini/
1319201909,20260820,IRN,IRN,IRNGOV,IRN,43,43,4,1,2.8,2,1,2,-10.0346020761245,https://aa.com.tr/en/us-israel-iran-war/iran-condemns-fresh-raft-of-us-sanctions-as-economic-terrorism-/4033198
1319201910,20260820,IRN,IRN,IRQ,IRQ,160,160,16,4,-4.0,1,1,1,-2.4113475177305,https://www.ncr-iran.org/en/news/iran-resistance/the-ghost-of-1953-and-the-unfinished-quest-for-iranian-sovereignty/
1319201911,20260820,IRN,IRN,IRQ,IRQ,160,160,16,4,-4.0,4,1,4,-2.4113475177305,https://www.ncr-iran.org/en/news/iran-resistance/the-ghost-of-1953-and-the-unfinished-quest-for-iranian-sovereignty/
1319201912,20260820,IRN,IRN,ISR,ISR,111,111,11,3,-2.0,2,1,2,-7.06006322444678,https://www.deccanchronicle.com/world/iran-dismisses-us-economic-threats-other-key-west-asia-developments-1980859
1319201913,20260820,IRN,IRN,MOS,,80,80,8,2,5.0,1,1,1,-2.83359093250902,"http://www.thejewishstar.com/stories/when-we-see-islams-trojan-horse-for-what-it-is-we-must-respectfully-decline-the-gift,26734"
1319201914,20260820,IRN,IRN,NGOHRI,,186,186,18,4,-10.0,10,1,10,-11.1464968152866,https://www.ncr-iran.org/en/ncri-statements/statement-human-rights/irans-regime-executes-21-year-old-uprising-prisoner-ghaem-hosseini/
1319201915,20260820,IRN,IRN,QAT,QAT,43,43,4,1,2.8,2,1,2,0.54446460980036,https://www.arabnews.com/node/2655350/middle-east
1319201916,20260820,IRN,IRN,QAT,QAT,43,43,4,1,2.8,8,1,8,0.54446460980036,https://www.arabnews.com/node/2655350/middle-east
1319201917,20260820,IRN,IRN,REB,,173,173,17,4,-5.0,10,1,10,-11.1464968152866,https://www.ncr-iran.org/en/ncri-statements/statement-human-rights/irans-regime-executes-21-year-old-uprising-prisoner-ghaem-hosseini/
1319201918,20260820,IRN,IRN,USA,USA,40,40,4,1,1.0,1,1,1,0.54446460980036,https://www.arabnews.com/node/2655350/middle-east
1319201919,20260820,IRN,IRN,USA,USA,80,80,8,2,5.0,20,2,20,2.29888709547594,"http://www.thejewishstar.com/stories/mission-accomplished-great-neckers-have-arrived,26708"
1319201920,20260820,IRN,IRN,USAMED,USA,13,13,1,1,0.4,4,1,4,-1.76056338028169,https://www.independent.co.uk/news/world/americas/us-politics/uss-lincoln-conditions-george-washington-middle-east-b3036561.html
1319201921,20260820,IRNGOV,IRN,,,43,43,4,1,2.8,8,1,8,-10.0346020761245,https://aa.com.tr/en/us-israel-iran-war/iran-condemns-fresh-raft-of-us-sanctions-as-economic-terrorism-/4033198
1319201922,20260820,IRNGOV,IRN,IRN,IRN,42,42,4,1,1.9,2,1,2,-10.0346020761245,https://aa.com.tr/en/us-israel-iran-war/iran-condemns-fresh-raft-of-us-sanctions-as-economic-terrorism-/4033198
1319201923,20260820,IRNGOV,IRN,IRN,IRN,130,130,13,3,-4.4,2,1,2,-3.44827586206897,https://www.theepochtimes.com/epochtv/ntd-newsroom-full-broadcast-aug-20-post-6077640
1319202282,20260820,QAT,QAT,IRN,IRN,20,20,2,1,3.0,2,1,2,0.54446460980036,https://www.arabnews.com/node/2655350/middle-east
1319202283,20260820,QAT,QAT,IRN,IRN,20,20,2,1,3.0,8,1,8,0.54446460980036,https://www.arabnews.com/node/2655350/middle-east
1319202284,20260820,QAT,QAT,IRN,IRN,42,42,4,1,1.9,2,1,2,0.54446460980036,https://www.arabnews.com/node/2655350/middle-east
1319202285,20260820,QAT,QAT,IRN,IRN,42,42,4,1,1.9,8,1,8,0.54446460980036,https://www.arabnews.com/node/2655350/middle-east
1319202507,20260820,USA,USA,IRN,IRN,30,30,3,1,4.0,2,2,2,-3.02882107459572,https://aa.com.tr/en/americas/us-issues-new-cuba-related-sanctions/4033237
1319202508,20260820,USA,USA,IRN,IRN,40,40,4,1,1.0,1,1,1,0.54446460980036,https://www.arabnews.com/node/2655350/middle-east
1319202509,20260820,USA,USA,IRN,IRN,163,163,16,4,-8.0,2,2,2,-3.02882107459572,https://aa.com.tr/en/americas/us-issues-new-cuba-related-sanctions/4033237
1319202616,20260820,USAGOV,USA,IRN,IRN,30,30,3,1,4.0,2,2,2,-3.02882107459572,https://aa.com.tr/en/americas/us-issues-new-cuba-related-sanctions/4033237
1319202617,20260820,USAGOV,USA,IRN,IRN,163,163,16,4,-8.0,2,2,2,-3.02882107459572,https://aa.com.tr/en/americas/us-issues-new-cuba-related-sanctions/4033237
1319202654,20260820,YEM,YEM,IRN,IRN,10,10,1,1,0.0,1,1,1,-2.53164556962025,https://www.business-standard.com/world-news/houthis-say-they-attacked-najran-airport-aramco-facilities-in-saudi-arabia-126082001455_1.html
1319202655,20260820,YEM,YEM,IRN,IRN,10,10,1,1,0.0,2,1,2,-2.53164556962025,https://www.business-standard.com/world-news/houthis-say-they-attacked-najran-airport-aramco-facilities-in-saudi-arabia-126082001455_1.html
1319203476,20260820,BGR,BGR,IRN,IRN,10,10,1,1,0.0,2,1,2,-0.7905138339921,https://sofiaglobe.com/2026/08/20/bulgarian-pm-speaks-to-nato-chief-after-media-report-of-iran-threat/
1319203719,20260820,EUR,EUR,IRN,IRN,46,46,4,1,7.0,3,1,3,-0.7905138339921,https://sofiaglobe.com/2026/08/20/bulgarian-pm-speaks-to-nato-chief-after-media-report-of-iran-threat/
1319203900,20260820,IRN,IRN,EUR,EUR,46,46,4,1,7.0,3,1,3,-0.7905138339921,https://sofiaglobe.com/2026/08/20/bulgarian-pm-speaks-to-nato-chief-after-media-report-of-iran-threat/
1319203901,20260820,IRN,IRN,USAGOV,USA,20,20,2,1,3.0,3,2,3,-7.7229928541404,https://morungexpress.com/irans-fm-says-us-economic-terrorism-threatens-global-economy-national-sovereignty
1319204460,20260820,USAGOV,USA,IRN,IRN,20,20,2,1,3.0,4,2,4,-7.7229928541404,https://morungexpress.com/irans-fm-says-us-economic-terrorism-threatens-global-economy-national-sovereignty
1319205512,20260820,DJI,DJI,IRN,IRN,42,42,4,1,1.9,6,1,6,-5.36723163841808,https://www.okaz.com.sa/politics/na/2262169
1319205513,20260820,DJI,DJI,IRN,IRN,42,42,4,1,1.9,2,1,2,-5.36723163841808,https://www.okaz.com.sa/politics/na/2262169
1319205830,20260820,IRN,IRN,DJI,DJI,43,43,4,1,2.8,8,1,8,-5.36723163841808,https://www.okaz.com.sa/politics/na/2262169
1319205831,20260820,IRN,IRN,GOV,,110,110,11,3,-2.0,4,1,4,-7.25,https://lasvegassun.com/news/2026/aug/20/iran-dismisses-us-economic-threats-and-other-devel/
1319205832,20260820,IRN,IRN,IRNGOV,IRN,110,110,11,3,-2.0,1,1,1,-7.25,https://lasvegassun.com/news/2026/aug/20/iran-dismisses-us-economic-threats-and-other-devel/
1319205833,20260820,IRN,IRN,USA,USA,43,43,4,1,2.8,2,1,2,-5.36723163841808,https://www.okaz.com.sa/politics/na/2262169
1319205834,20260820,IRNGOV,IRN,,,111,111,11,3,-2.0,2,1,2,-10.7438016528926,https://www.afr.com/politics/federal/romania-destroys-drone-near-offshore-gas-project-blames-russia-20260821-p60q8f
1319205835,20260820,IRNGOV,IRN,IRN,IRN,20,20,2,1,3.0,2,1,2,-3.11939763356041,https://www.dailymail.com/news/article-16064247/uss-abraham-lincoln-sailors-moms-attack-trump.html
1319205836,20260820,IRNGOV,IRN,IRN,IRN,120,120,12,3,-4.0,2,1,2,-3.11939763356041,https://www.dailymail.com/news/article-16064247/uss-abraham-lincoln-sailors-moms-attack-trump.html
1319205837,20260820,IRNGOV,IRN,USA,USA,16,16,1,1,-2.0,2,1,2,-3.11939763356041,https://www.dailymail.com/news/article-16064247/uss-abraham-lincoln-sailors-moms-attack-trump.html
1319205838,20260820,IRNMIL,IRN,GOV,,190,190,19,4,-10.0,1,1,1,-3.11939763356041,https://www.dailymail.com/news/article-16064247/uss-abraham-lincoln-sailors-moms-attack-trump.html
1319205839,20260820,IRNMIL,IRN,GOV,,190,190,19,4,-10.0,4,1,4,-3.11939763356041,https://www.dailymail.com/news/article-16064247/uss-abraham-lincoln-sailors-moms-attack-trump.html
1319206492,20260820,USA,USA,IRN,IRN,42,42,4,1,1.9,2,1,2,-5.36723163841808,https://www.okaz.com.sa/politics/na/2262169
1319207512,20260820,ARE,ARE,IRN,IRN,112,112,11,3,-2.0,2,1,2,-6.66904422253923,https://www.dw.com/en/middle-east-iran-news-august-20/live-78438056
1319207513,20260820,ARE,ARE,IRN,IRN,160,160,16,4,-4.0,2,1,2,-6.66904422253923,https://www.dw.com/en/middle-east-iran-news-august-20/live-78438056
1319207514,20260820,ARE,ARE,IRN,IRN,160,160,16,4,-4.0,12,2,12,-7.73632798034411,https://www.dw.com/en/middle-east-iran-news-august-20/live-78438056
1319207681,20260820,COP,,IRN,IRN,112,112,11,3,-2.0,2,1,2,-6.66904422253923,https://www.dw.com/en/middle-east-iran-news-august-20/live-78438056
1319207682,20260820,COP,,IRN,IRN,112,112,11,3,-2.0,2,1,2,-6.66904422253923,https://www.dw.com/en/middle-east-iran-news-august-20/live-78438056
1319207998,20260820,IRN,IRN,,,141,141,14,3,-6.5,10,1,10,-6.66904422253923,https://www.dw.com/en/middle-east-iran-news-august-20/live-78438056
1319207999,20260820,IRN,IRN,COP,,173,173,17,4,-5.0,2,1,2,-6.66904422253923,https://www.dw.com/en/middle-east-iran-news-august-20/live-78438056
1319208000,20260820,IRN,IRN,COP,,173,173,17,4,-5.0,8,1,8,-6.66904422253923,https://www.dw.com/en/middle-east-iran-news-august-20/live-78438056
1319208001,20260820,IRN,IRN,IRNGOV,IRN,111,111,11,3,-2.0,1,1,1,-6.66904422253923,https://www.dw.com/en/middle-east-iran-news-august-20/live-78438056
1319208002,20260820,IRN,IRN,USA,USA,46,46,4,1,7.0,4,1,4,-6.66904422253923,https://www.dw.com/en/middle-east-iran-news-august-20/live-78438056
1319208003,20260820,IRN,IRN,USA,USA,46,46,4,1,7.0,1,1,1,-6.66904422253923,https://www.dw.com/en/middle-east-iran-news-august-20/live-78438056
1319208004,20260820,IRNGOV,IRN,,,111,111,11,3,-2.0,15,1,10,-6.66904422253923,https://www.dw.com/en/middle-east-iran-news-august-20/live-78438056
1319208096,20260820,LBN,LBN,IRN,IRN,60,60,6,2,6.0,6,1,6,-6.66904422253923,https://www.dw.com/en/middle-east-iran-news-august-20/live-78438056
1319208097,20260820,LBN,LBN,IRN,IRN,60,60,6,2,6.0,4,1,4,-6.66904422253923,https://www.dw.com/en/middle-east-iran-news-august-20/live-78438056
1319208445,20260820,USA,USA,IRN,IRN,46,46,4,1,7.0,4,1,4,-6.66904422253923,https://www.dw.com/en/middle-east-iran-news-august-20/live-78438056
1319208446,20260820,USA,USA,IRN,IRN,46,46,4,1,7.0,1,1,1,-6.66904422253923,https://www.dw.com/en/middle-east-iran-news-august-20/live-78438056
1319209492,20260820,DJI,DJI,IRN,IRN,191,191,19,4,-9.5,3,1,3,-6.20567375886525,https://www.middleeasteye.net/news/us-vows-collapse-iran-new-sanctions-energy-prices-spike
1319209493,20260820,DJI,DJI,IRN,IRN,191,191,19,4,-9.5,1,1,1,-6.20567375886525,https://www.middleeasteye.net/news/us-vows-collapse-iran-new-sanctions-energy-prices-spike
1319209581,20260820,GBR,GBR,IRNMOS,IRN,51,51,5,1,3.4,7,1,7,-2.65588914549653,https://www.heritagefl.com/story/2026/08/21/news/weekly-roundup-of-world-briefs/23845.html
1319209582,20260820,GBR,GBR,IRNMOS,IRN,51,51,5,1,3.4,1,1,1,-2.65588914549653,https://www.heritagefl.com/story/2026/08/21/news/weekly-roundup-of-world-briefs/23845.html
1319209672,20260820,GOV,,IRN,IRN,173,173,17,4,-5.0,4,1,4,-3.87755102040816,https://www.klif.com/2026/08/20/iranian-american-muslim-warns-of-islamic-fundamentalism-recounts-life-under-irans-regime/
1319209767,20260820,IRN,IRN,,,10,10,1,1,0.0,2,1,2,-3.87755102040816,https://www.klif.com/2026/08/20/iranian-american-muslim-warns-of-islamic-fundamentalism-recounts-life-under-irans-regime/
1319209768,20260820,IRN,IRN,,,15,15,1,1,0.0,132,33,132,-1.02739726027397,https://www.wxxinews.org/npr-news/2026-08-20/the-iran-war-and-tariffs-are-costing-farmers-will-republicans-pay-in-november
1319209769,20260820,IRN,IRN,,,214,21,2,1,3.4,2,1,2,-6.20567375886525,https://www.middleeasteye.net/news/us-vows-collapse-iran-new-sanctions-energy-prices-spike
1319209770,20260820,IRN,IRN,,,84,84,8,2,7.0,4,1,4,-3.87755102040816,https://www.klif.com/2026/08/20/iranian-american-muslim-warns-of-islamic-fundamentalism-recounts-life-under-irans-regime/
1319209771,20260820,IRN,IRN,,,130,130,13,3,-4.4,4,1,4,-3.87755102040816,https://www.klif.com/2026/08/20/iranian-american-muslim-warns-of-islamic-fundamentalism-recounts-life-under-irans-regime/
1319209772,20260820,IRN,IRN,,,193,193,19,4,-10.0,2,1,2,-5.41176470588235,https://www.heritagefl.com/story/2026/08/21/news/trying-to-prevent-next-mamdani-say-israeli-vets-slated-to-visit-nyc-campuses/23846.html
1319209773,20260820,IRN,IRN,CAN,CAN,100,100,10,3,-5.0,4,1,4,0.89766606822262,https://www.winnipegfreepress.com/breakingnews/2026/08/20/dont-buy-u-s-booze-if-when-its-back-on-liquor-mart-shelves-kinew
1319209774,20260820,IRN,IRN,CHR,,173,173,17,4,-5.0,10,1,10,-4.7008547008547,https://www.heritagefl.com/story/2026/08/21/opinions/america-beware-of-the-islamists-in-your-backyard/23825.html
1319209775,20260820,IRN,IRN,EDU,,51,51,5,1,3.4,5,1,5,-3.87755102040816,https://www.klif.com/2026/08/20/iranian-american-muslim-warns-of-islamic-fundamentalism-recounts-life-under-irans-regime/
1319209776,20260820,IRN,IRN,GBR,GBR,173,173,17,4,-5.0,1,1,1,-8.12807881773399,https://www.express.co.uk/news/uk/2240928/illegal-immigration-asylum-seekers-channel-migrant-crisis-small-boats
1319209777,20260820,IRN,IRN,GBR,GBR,1821,182,18,4,-9.0,1,1,1,-8.12807881773399,https://www.express.co.uk/news/uk/2240928/illegal-immigration-asylum-seekers-channel-migrant-crisis-small-boats
1319209778,20260820,IRN,IRN,GOV,,14,14,1,1,0.0,4,1,4,-3.87755102040816,https://www.klif.com/2026/08/20/iranian-american-muslim-warns-of-islamic-fundamentalism-recounts-life-under-irans-regime/
1319209779,20260820,IRN,IRN,IRNMOS,IRN,40,40,4,1,1.0,2,1,2,-3.87755102040816,https://www.klif.com/2026/08/20/iranian-american-muslim-warns-of-islamic-fundamentalism-recounts-life-under-irans-regime/
1319209780,20260820,IRN,IRN,IRNMOS,IRN,40,40,4,1,1.0,1,1,1,-3.87755102040816,https://www.klif.com/2026/08/20/iranian-american-muslim-warns-of-islamic-fundamentalism-recounts-life-under-irans-regime/
1319209781,20260820,IRN,IRN,IRNMOS,IRN,40,40,4,1,1.0,1,1,1,-3.87755102040816,https://www.klif.com/2026/08/20/iranian-american-muslim-warns-of-islamic-fundamentalism-recounts-life-under-irans-regime/
1319209782,20260820,IRN,IRN,MIL,,20,20,2,1,3.0,10,1,10,-3.87755102040816,https://www.klif.com/2026/08/20/iranian-american-muslim-warns-of-islamic-fundamentalism-recounts-life-under-irans-regime/
1319209783,20260820,IRN,IRN,MOS,,71,71,7,2,7.4,1,1,1,-3.87755102040816,https://www.klif.com/2026/08/20/iranian-american-muslim-warns-of-islamic-fundamentalism-recounts-life-under-irans-regime/
1319209784,20260820,IRN,IRN,MOS,,71,71,7,2,7.4,1,1,1,-3.87755102040816,https://www.klif.com/2026/08/20/iranian-american-muslim-warns-of-islamic-fundamentalism-recounts-life-under-irans-regime/
1319209785,20260820,IRN,IRN,SAU,SAU,190,190,19,4,-10.0,4,1,4,-6.20567375886525,https://www.middleeasteye.net/news/us-vows-collapse-iran-new-sanctions-energy-prices-spike
1319209786,20260820,IRN,IRN,SAU,SAU,190,190,19,4,-10.0,1,1,1,-6.20567375886525,https://www.middleeasteye.net/news/us-vows-collapse-iran-new-sanctions-energy-prices-spike
1319209787,20260820,IRN,IRN,USA,USA,10,10,1,1,0.0,1,1,1,-3.87755102040816,https://www.klif.com/2026/08/20/iranian-american-muslim-warns-of-islamic-fundamentalism-recounts-life-under-irans-regime/
1319209788,20260820,IRN,IRN,USA,USA,10,10,1,1,0.0,1,1,1,-3.87755102040816,https://www.klif.com/2026/08/20/iranian-american-muslim-warns-of-islamic-fundamentalism-recounts-life-under-irans-regime/
1319209789,20260820,IRN,IRN,USA,USA,42,42,4,1,1.9,4,1,4,-3.87755102040816,https://www.klif.com/2026/08/20/iranian-american-muslim-warns-of-islamic-fundamentalism-recounts-life-under-irans-regime/
1319209790,20260820,IRN,IRN,USA,USA,42,42,4,1,1.9,6,1,6,-3.87755102040816,https://www.klif.com/2026/08/20/iranian-american-muslim-warns-of-islamic-fundamentalism-recounts-life-under-irans-regime/
1319209791,20260820,IRN,IRN,USA,USA,71,71,7,2,7.4,2,1,2,-3.87755102040816,https://www.klif.com/2026/08/20/iranian-american-muslim-warns-of-islamic-fundamentalism-recounts-life-under-irans-regime/
1319209792,20260820,IRN,IRN,USA,USA,71,71,7,2,7.4,2,1,2,-3.87755102040816,https://www.klif.com/2026/08/20/iranian-american-muslim-warns-of-islamic-fundamentalism-recounts-life-under-irans-regime/
1319209793,20260820,IRN,IRN,USA,USA,874,87,8,2,10.0,99,33,99,-1.02739726027397,https://www.wxxinews.org/npr-news/2026-08-20/the-iran-war-and-tariffs-are-costing-farmers-will-republicans-pay-in-november
1319209794,20260820,IRN,IRN,USA,USA,100,100,10,3,-5.0,2,2,2,-2.42220092456872,https://www.klif.com/2026/08/20/iranian-american-muslim-warns-of-islamic-fundamentalism-recounts-life-under-irans-regime/
1319209795,20260820,IRN,IRN,USA,USA,100,100,10,3,-5.0,1,1,1,-3.87755102040816,https://www.klif.com/2026/08/20/iranian-american-muslim-warns-of-islamic-fundamentalism-recounts-life-under-irans-regime/
1319209796,20260820,IRN,IRN,USA,USA,130,130,13,3,-4.4,108,54,108,-7.11743772241994,https://kfoxtv.com/news/nation-world/president-trump-threats-economic-warfare-in-latest-shift-in-strategy-with-iran-strait-hormuz-europe-us-debt-economic
1319209797,20260820,IRN,IRN,USA,USA,190,190,19,4,-10.0,1,1,1,-2.63157894736842,https://www.freepressjournal.in/world/us-aircraft-carrier-arrives-in-middle-east-replaces-uss-lincoln-after-extended-deployment
1319209798,20260820,IRN,IRN,USA,USA,190,190,19,4,-10.0,1,1,1,-2.63157894736842,https://www.freepressjournal.in/world/us-aircraft-carrier-arrives-in-middle-east-replaces-uss-lincoln-after-extended-deployment
1319209799,20260820,IRN,IRN,YEM,YEM,190,190,19,4,-10.0,1,1,1,-6.20567375886525,https://www.middleeasteye.net/news/us-vows-collapse-iran-new-sanctions-energy-prices-spike
1319209800,20260820,IRN,IRN,YEM,YEM,190,190,19,4,-10.0,4,1,4,-6.20567375886525,https://www.middleeasteye.net/news/us-vows-collapse-iran-new-sanctions-energy-prices-spike
1319209801,20260820,IRNMOS,IRN,IRN,IRN,40,40,4,1,1.0,4,1,4,-3.87755102040816,https://www.klif.com/2026/08/20/iranian-american-muslim-warns-of-islamic-fundamentalism-recounts-life-under-irans-regime/
1319210002,20260820,LEG,,IRN,IRN,163,163,16,4,-8.0,6,1,6,4.35835351089588,https://www.heritagefl.com/story/2026/08/21/news/lindsey-grahams-sister-sen-darline-graham-rep-ralph-norman-advance-to-runoff-for-south-carolina-senate-seat/23835.html
1319210003,20260820,LEG,,IRN,IRN,163,163,16,4,-8.0,2,1,2,4.35835351089588,https://www.heritagefl.com/story/2026/08/21/news/lindsey-grahams-sister-sen-darline-graham-rep-ralph-norman-advance-to-runoff-for-south-carolina-senate-seat/23835.html
1319210004,20260820,LEG,,IRN,IRN,163,163,16,4,-8.0,2,1,2,4.35835351089588,https://www.heritagefl.com/story/2026/08/21/news/lindsey-grahams-sister-sen-darline-graham-rep-ralph-norman-advance-to-runoff-for-south-carolina-senate-seat/23835.html
1319210071,20260820,MOS,,IRN,IRN,841,84,8,2,7.0,10,1,10,-4.7008547008547,https://www.heritagefl.com/story/2026/08/21/opinions/america-beware-of-the-islamists-in-your-backyard/23825.html
1319210140,20260820,PRK,PRK,IRN,IRN,10,10,1,1,0.0,4,1,4,-2.03426124197002,https://weeklyblitz.net/2026/08/21/trump-administration-is-scaling-back-the-annual-ulchi-freedom-shield-exercises-with-south-korea/
1319210141,20260820,PRK,PRK,IRN,IRN,10,10,1,1,0.0,1,1,1,-2.03426124197002,https://weeklyblitz.net/2026/08/21/trump-administration-is-scaling-back-the-annual-ulchi-freedom-shield-exercises-with-south-korea/
1319210360,20260820,USA,USA,IRN,IRN,43,43,4,1,2.8,4,1,4,-3.87755102040816,https://www.klif.com/2026/08/20/iranian-american-muslim-warns-of-islamic-fundamentalism-recounts-life-under-irans-regime/
1319210361,20260820,USA,USA,IRN,IRN,43,43,4,1,2.8,6,1,6,-3.87755102040816,https://www.klif.com/2026/08/20/iranian-american-muslim-warns-of-islamic-fundamentalism-recounts-life-under-irans-regime/
1319210362,20260820,USA,USA,IRN,IRN,163,163,16,4,-8.0,4,1,4,-6.20567375886525,https://www.middleeasteye.net/news/us-vows-collapse-iran-new-sanctions-energy-prices-spike
1319210363,20260820,USA,USA,IRN,IRN,190,190,19,4,-10.0,1,1,1,-2.63157894736842,https://www.freepressjournal.in/world/us-aircraft-carrier-arrives-in-middle-east-replaces-uss-lincoln-after-extended-deployment
1319210364,20260820,USA,USA,IRN,IRN,190,190,19,4,-10.0,1,1,1,-2.63157894736842,https://www.freepressjournal.in/world/us-aircraft-carrier-arrives-in-middle-east-replaces-uss-lincoln-after-extended-deployment
1319210494,20260820,USAMIL,USA,IRN,IRN,110,110,11,3,-2.0,1,1,1,-2.03426124197002,https://weeklyblitz.net/2026/08/21/trump-administration-is-scaling-back-the-annual-ulchi-freedom-shield-exercises-with-south-korea/
1319211788,20260820,CAF,CAF,IRN,IRN,42,42,4,1,1.9,27,9,27,-4.32762989240384,https://www.winnipegfreepress.com/world/2026/08/20/us-has-sent-deportees-to-many-african-countries-the-latest-one-being-liberia-heres-why
1319211835,20260820,CHN,CHN,IRN,IRN,10,10,1,1,0.0,3,1,3,1.4903129657228,https://www.trend.az/azerbaijan/politics/4216691.html
1319211836,20260820,CHN,CHN,IRN,IRN,10,10,1,1,0.0,1,1,1,1.4903129657228,https://www.trend.az/azerbaijan/politics/4216691.html
1319211837,20260820,CHN,CHN,IRN,IRN,10,10,1,1,0.0,1,1,1,1.4903129657228,https://www.trend.az/azerbaijan/politics/4216691.html
1319211838,20260820,CHN,CHN,IRNGOV,IRN,51,51,5,1,3.4,1,1,1,-6.25,https://www.breitbart.com/news/us-warns-allies-china-to-back-economic-war-on-iran/
1319212150,20260820,GOV,,IRNCVL,IRN,130,130,13,3,-4.4,6,1,6,-9.98003992015965,https://www.presstv.co.uk/Detail/2026/08/20/774748/Iran--New-US-sanctions-amount-to-
1319212258,20260820,IRN,IRN,,,51,51,5,1,3.4,5,1,5,1.50943396226415,https://www.presstv.co.uk/Detail/2024/07/06/728795/Iran-Masoud-Pezeshkian-victorious-presidential-runoff-election-
1319212259,20260820,IRN,IRN,,,51,51,5,1,3.4,6,1,6,-5.04201680672269,https://english.aawsat.com/arab-world/5309299-sources-ghalibaf%E2%80%99s-baghdad-visit-fell-short-all-objectives
1319212260,20260820,IRN,IRN,BRN,BRN,190,190,19,4,-10.0,2,1,2,-5.80912863070539,https://www.hindustantimes.com/world-news/new-us-carrier-arrives-in-middle-east-amid-reports-of-relief-to-long-deployed-uss-abraham-lincoln-101787244616858.html
1319212261,20260820,IRN,IRN,CAF,CAF,43,43,4,1,2.8,27,9,27,-4.32762989240384,https://www.winnipegfreepress.com/world/2026/08/20/us-has-sent-deportees-to-many-african-countries-the-latest-one-being-liberia-heres-why
1319212262,20260820,IRN,IRN,GOV,,138,138,13,3,-7.0,8,1,8,-5.44747081712062,https://www.channelnewsasia.com/world/yemen-houthi-rebels-attack-saudi-airport-aramco-6331696
1319212263,20260820,IRN,IRN,IRQ,IRQ,40,40,4,1,1.0,1,1,1,1.07033639143731,https://www.presstv.co.uk/Detail/2026/08/20/774755/Qalibaf-Iran-Iraq-US-Israel
1319212264,20260820,IRN,IRN,IRQ,IRQ,40,40,4,1,1.0,1,1,1,-5.04201680672269,https://english.aawsat.com/arab-world/5309299-sources-ghalibaf%E2%80%99s-baghdad-visit-fell-short-all-objectives
1319212265,20260820,IRN,IRN,IRQ,IRQ,42,42,4,1,1.9,1,1,1,1.07033639143731,https://www.presstv.co.uk/Detail/2026/08/20/774755/Qalibaf-Iran-Iraq-US-Israel
1319212266,20260820,IRN,IRN,IRQ,IRQ,42,42,4,1,1.9,3,1,3,1.07033639143731,https://www.presstv.co.uk/Detail/2026/08/20/774755/Qalibaf-Iran-Iraq-US-Israel
1319212267,20260820,IRN,IRN,IRQ,IRQ,42,42,4,1,1.9,1,1,1,1.07033639143731,https://www.presstv.co.uk/Detail/2026/08/20/774755/Qalibaf-Iran-Iraq-US-Israel
1319212268,20260820,IRN,IRN,IRQ,IRQ,43,43,4,1,2.8,2,1,2,1.07033639143731,https://www.presstv.co.uk/Detail/2026/08/20/774755/Qalibaf-Iran-Iraq-US-Israel
1319212269,20260820,IRN,IRN,IRQ,IRQ,43,43,4,1,2.8,2,1,2,1.07033639143731,https://www.presstv.co.uk/Detail/2026/08/20/774755/Qalibaf-Iran-Iraq-US-Israel
1319212270,20260820,IRN,IRN,IRQ,IRQ,46,46,4,1,7.0,1,1,1,1.07033639143731,https://www.presstv.co.uk/Detail/2026/08/20/774755/Qalibaf-Iran-Iraq-US-Israel
1319212271,20260820,IRN,IRN,IRQ,IRQ,46,46,4,1,7.0,1,1,1,1.07033639143731,https://www.presstv.co.uk/Detail/2026/08/20/774755/Qalibaf-Iran-Iraq-US-Israel
1319212272,20260820,IRN,IRN,IRQ,IRQ,120,120,12,3,-4.0,3,1,3,1.07033639143731,https://www.presstv.co.uk/Detail/2026/08/20/774755/Qalibaf-Iran-Iraq-US-Israel
1319212273,20260820,IRN,IRN,IRQ,IRQ,120,120,12,3,-4.0,1,1,1,1.07033639143731,https://www.presstv.co.uk/Detail/2026/08/20/774755/Qalibaf-Iran-Iraq-US-Israel
1319212274,20260820,IRN,IRN,IRQ,IRQ,120,120,12,3,-4.0,1,1,1,1.07033639143731,https://www.presstv.co.uk/Detail/2026/08/20/774755/Qalibaf-Iran-Iraq-US-Israel
1319212275,20260820,IRN,IRN,IRQGOV,IRQ,40,40,4,1,1.0,3,1,3,1.07033639143731,https://www.presstv.co.uk/Detail/2026/08/20/774755/Qalibaf-Iran-Iraq-US-Israel
1319212276,20260820,IRN,IRN,IRQGOV,IRQ,46,46,4,1,7.0,6,1,6,1.07033639143731,https://www.presstv.co.uk/Detail/2026/08/20/774755/Qalibaf-Iran-Iraq-US-Israel
1319212277,20260820,IRN,IRN,ISR,ISR,190,190,19,4,-10.0,2,1,2,-3.90143737166325,https://english.aawsat.com/arab-world/5309311-israel-moves-gradually-seize-ali-al-taher-after-hezbollah-rejects-evacuation
1319212278,20260820,IRN,IRN,ISR,ISR,190,190,19,4,-10.0,2,1,2,-3.90143737166325,https://english.aawsat.com/arab-world/5309311-israel-moves-gradually-seize-ali-al-taher-after-hezbollah-rejects-evacuation
1319212279,20260820,IRN,IRN,ISR,ISR,190,190,19,4,-10.0,6,1,6,-3.90143737166325,https://english.aawsat.com/arab-world/5309311-israel-moves-gradually-seize-ali-al-taher-after-hezbollah-rejects-evacuation
1319212280,20260820,IRN,IRN,LBN,LBN,120,120,12,3,-4.0,2,1,2,-3.90143737166325,https://english.aawsat.com/arab-world/5309311-israel-moves-gradually-seize-ali-al-taher-after-hezbollah-rejects-evacuation
1319212281,20260820,IRN,IRN,LBN,LBN,120,120,12,3,-4.0,6,1,6,-3.90143737166325,https://english.aawsat.com/arab-world/5309311-israel-moves-gradually-seize-ali-al-taher-after-hezbollah-rejects-evacuation
1319212282,20260820,IRN,IRN,LBN,LBN,120,120,12,3,-4.0,2,1,2,-3.90143737166325,https://english.aawsat.com/arab-world/5309311-israel-moves-gradually-seize-ali-al-taher-after-hezbollah-rejects-evacuation
1319212283,20260820,IRN,IRN,LEG,,42,42,4,1,1.9,1,1,1,1.07033639143731,https://www.presstv.co.uk/Detail/2026/08/20/774755/Qalibaf-Iran-Iraq-US-Israel
1319212284,20260820,IRN,IRN,LEG,,42,42,4,1,1.9,1,1,1,1.07033639143731,https://www.presstv.co.uk/Detail/2026/08/20/774755/Qalibaf-Iran-Iraq-US-Israel
1319212285,20260820,IRN,IRN,MAR,MAR,43,43,4,1,2.8,63,9,63,-4.32762989240384,https://www.winnipegfreepress.com/world/2026/08/20/us-has-sent-deportees-to-many-african-countries-the-latest-one-being-liberia-heres-why
1319212286,20260820,IRN,IRN,MIL,,190,190,19,4,-10.0,2,1,2,-3.90143737166325,https://english.aawsat.com/arab-world/5309311-israel-moves-gradually-seize-ali-al-taher-after-hezbollah-rejects-evacuation
1319212287,20260820,IRN,IRN,MOS,,110,110,11,3,-2.0,6,1,6,-9.42028985507248,https://www.presstv.co.uk/Detail/2026/08/20/774745/Press-TV-s-news-headlines-
1319212288,20260820,IRN,IRN,MOS,,110,110,11,3,-2.0,2,1,2,-9.42028985507248,https://www.presstv.co.uk/Detail/2026/08/20/774745/Press-TV-s-news-headlines-
1319212289,20260820,IRN,IRN,MOS,,110,110,11,3,-2.0,2,1,2,-9.42028985507248,https://www.presstv.co.uk/Detail/2026/08/20/774745/Press-TV-s-news-headlines-
1319212290,20260820,IRN,IRN,OMN,OMN,50,50,5,1,3.5,2,1,2,-7.75681341719073,https://tribuneonlineng.com/trump-announces-tougher-economic-measures-against-iran/
1319212291,20260820,IRN,IRN,USA,USA,10,10,1,1,0.0,1,1,1,-8.5106382978723,https://www.finanzen.ch/nachrichten/aktien/treasuries-show-significant-move-back-to-the-downside-1036480306
1319212292,20260820,IRN,IRN,USA,USA,50,50,5,1,3.5,2,1,2,-7.75681341719073,https://tribuneonlineng.com/trump-announces-tougher-economic-measures-against-iran/
1319212293,20260820,IRN,IRN,USA,USA,60,60,6,2,6.0,2,1,2,-7.75681341719073,https://tribuneonlineng.com/trump-announces-tougher-economic-measures-against-iran/
1319212294,20260820,IRN,IRN,USA,USA,110,110,11,3,-2.0,2,1,2,-7.75681341719073,https://tribuneonlineng.com/trump-announces-tougher-economic-measures-against-iran/
1319212295,20260820,IRNGOV,IRN,,,43,43,4,1,2.8,6,1,6,-3.21100917431193,https://www.presstv.co.uk/Detail/2026/08/20/774752/Iran-US-efforts-expand-military-dominance-space-arms-race
1319212296,20260820,IRNLEG,IRN,IRQGOV,IRQ,40,40,4,1,1.0,6,1,6,-5.04201680672269,https://english.aawsat.com/arab-world/5309299-sources-ghalibaf%E2%80%99s-baghdad-visit-fell-short-all-objectives
1319212297,20260820,IRNLEG,IRN,MIL,,190,190,19,4,-10.0,6,1,6,-3.90143737166325,https://english.aawsat.com/arab-world/5309311-israel-moves-gradually-seize-ali-al-taher-after-hezbollah-rejects-evacuation
1319212298,20260820,IRNMIL,IRN,MIL,,130,130,13,3,-4.4,1,1,1,-7.75681341719073,https://tribuneonlineng.com/trump-announces-tougher-economic-measures-against-iran/
1319212299,20260820,IRNMIL,IRN,MIL,,130,130,13,3,-4.4,4,1,4,-7.75681341719073,https://tribuneonlineng.com/trump-announces-tougher-economic-measures-against-iran/
1319212301,20260820,IRQ,IRQ,IRN,IRN,40,40,4,1,1.0,1,1,1,1.07033639143731,https://www.presstv.co.uk/Detail/2026/08/20/774755/Qalibaf-Iran-Iraq-US-Israel
1319212302,20260820,IRQ,IRQ,IRN,IRN,40,40,4,1,1.0,2,1,2,-5.04201680672269,https://english.aawsat.com/arab-world/5309299-sources-ghalibaf%E2%80%99s-baghdad-visit-fell-short-all-objectives
1319212303,20260820,IRQ,IRQ,IRN,IRN,42,42,4,1,1.9,1,1,1,1.07033639143731,https://www.presstv.co.uk/Detail/2026/08/20/774755/Qalibaf-Iran-Iraq-US-Israel
1319212304,20260820,IRQ,IRQ,IRN,IRN,42,42,4,1,1.9,1,1,1,1.07033639143731,https://www.presstv.co.uk/Detail/2026/08/20/774755/Qalibaf-Iran-Iraq-US-Israel
1319212305,20260820,IRQ,IRQ,IRN,IRN,42,42,4,1,1.9,2,1,2,1.07033639143731,https://www.presstv.co.uk/Detail/2026/08/20/774755/Qalibaf-Iran-Iraq-US-Israel
1319212306,20260820,IRQ,IRQ,IRN,IRN,43,43,4,1,2.8,1,1,1,1.07033639143731,https://www.presstv.co.uk/Detail/2026/08/20/774755/Qalibaf-Iran-Iraq-US-Israel
1319212307,20260820,IRQ,IRQ,IRN,IRN,43,43,4,1,2.8,4,1,4,1.07033639143731,https://www.presstv.co.uk/Detail/2026/08/20/774755/Qalibaf-Iran-Iraq-US-Israel
1319212308,20260820,IRQ,IRQ,IRN,IRN,46,46,4,1,7.0,1,1,1,1.07033639143731,https://www.presstv.co.uk/Detail/2026/08/20/774755/Qalibaf-Iran-Iraq-US-Israel
1319212309,20260820,IRQ,IRQ,IRN,IRN,51,51,5,1,3.4,1,1,1,1.07033639143731,https://www.presstv.co.uk/Detail/2026/08/20/774755/Qalibaf-Iran-Iraq-US-Israel
1319212310,20260820,IRQ,IRQ,IRN,IRN,51,51,5,1,3.4,1,1,1,1.07033639143731,https://www.presstv.co.uk/Detail/2026/08/20/774755/Qalibaf-Iran-Iraq-US-Israel
1319212319,20260820,IRQGOV,IRQ,IRN,IRN,40,40,4,1,1.0,3,1,3,1.07033639143731,https://www.presstv.co.uk/Detail/2026/08/20/774755/Qalibaf-Iran-Iraq-US-Israel
1319212320,20260820,IRQGOV,IRQ,IRN,IRN,46,46,4,1,7.0,6,1,6,1.07033639143731,https://www.presstv.co.uk/Detail/2026/08/20/774755/Qalibaf-Iran-Iraq-US-Israel
1319212321,20260820,IRQGOV,IRQ,IRNLEG,IRN,40,40,4,1,1.0,6,1,6,-5.04201680672269,https://english.aawsat.com/arab-world/5309299-sources-ghalibaf%E2%80%99s-baghdad-visit-fell-short-all-objectives
1319212343,20260820,ISR,ISR,IRN,IRN,60,60,6,2,6.0,1,1,1,-3.21361058601134,https://english.aawsat.com/features/5309320-lockerbie-specter-returns-netflix-drama-who-was-bombmaker-marwan-khreesat
1319212344,20260820,ISR,ISR,IRN,IRN,60,60,6,2,6.0,1,1,1,-3.21361058601134,https://english.aawsat.com/features/5309320-lockerbie-specter-returns-netflix-drama-who-was-bombmaker-marwan-khreesat
1319212345,20260820,ISR,ISR,IRN,IRN,190,190,19,4,-10.0,2,1,2,-3.90143737166325,https://english.aawsat.com/arab-world/5309311-israel-moves-gradually-seize-ali-al-taher-after-hezbollah-rejects-evacuation
1319212346,20260820,ISR,ISR,IRN,IRN,190,190,19,4,-10.0,2,1,2,-3.90143737166325,https://english.aawsat.com/arab-world/5309311-israel-moves-gradually-seize-ali-al-taher-after-hezbollah-rejects-evacuation
1319212347,20260820,ISR,ISR,IRN,IRN,190,190,19,4,-10.0,8,1,8,-3.92491467576791,https://www.presstv.co.uk/Detail/2026/08/20/774753/Iran-modernizing-its-defense-industry-Ministry
1319212406,20260820,JORELI,JOR,IRN,IRN,10,10,1,1,0.0,4,1,4,-4.296875,https://www.presstv.co.uk/Detail/2026/08/20/774743/Iran-Hezbollah-Lebanon-US-Israel
1319212500,20260820,LBN,LBN,IRN,IRN,10,10,1,1,0.0,1,1,1,-4.296875,https://www.presstv.co.uk/Detail/2026/08/20/774743/Iran-Hezbollah-Lebanon-US-Israel
1319212527,20260820,LEG,,IRN,IRN,43,43,4,1,2.8,1,1,1,1.07033639143731,https://www.presstv.co.uk/Detail/2026/08/20/774755/Qalibaf-Iran-Iraq-US-Israel
1319212528,20260820,LEG,,IRN,IRN,43,43,4,1,2.8,1,1,1,1.07033639143731,https://www.presstv.co.uk/Detail/2026/08/20/774755/Qalibaf-Iran-Iraq-US-Israel
1319212549,20260820,MAR,MAR,IRN,IRN,42,42,4,1,1.9,63,9,63,-4.32762989240384,https://www.winnipegfreepress.com/world/2026/08/20/us-has-sent-deportees-to-many-african-countries-the-latest-one-being-liberia-heres-why
1319212587,20260820,MIL,,IRN,IRN,72,72,7,2,8.3,2,1,2,-5.80912863070539,https://www.hindustantimes.com/world-news/new-us-carrier-arrives-in-middle-east-amid-reports-of-relief-to-long-deployed-uss-abraham-lincoln-101787244616858.html
1319212588,20260820,MIL,,IRN,IRN,72,72,7,2,8.3,4,2,4,-4.79373308109577,https://www.hindustantimes.com/world-news/new-us-carrier-arrives-in-middle-east-amid-reports-of-relief-to-long-deployed-uss-abraham-lincoln-101787244616858.html
1319212694,20260820,OMN,OMN,IRN,IRN,50,50,5,1,3.5,2,1,2,-7.75681341719073,https://tribuneonlineng.com/trump-announces-tougher-economic-measures-against-iran/
1319212733,20260820,RUS,RUS,IRN,IRN,10,10,1,1,0.0,1,1,1,1.4903129657228,https://www.trend.az/azerbaijan/politics/4216691.html
1319212734,20260820,RUS,RUS,IRN,IRN,10,10,1,1,0.0,3,1,3,1.4903129657228,https://www.trend.az/azerbaijan/politics/4216691.html
1319212735,20260820,RUS,RUS,IRN,IRN,10,10,1,1,0.0,1,1,1,1.4903129657228,https://www.trend.az/azerbaijan/politics/4216691.html
1319212790,20260820,UIS,,IRNCVL,IRN,51,51,5,1,3.4,10,1,10,-3.21100917431193,https://www.presstv.co.uk/Detail/2026/08/20/774752/Iran-US-efforts-expand-military-dominance-space-arms-race
1319212939,20260820,USA,USA,IRN,IRN,36,36,3,1,4.0,3,1,3,-3.90143737166325,https://english.aawsat.com/arab-world/5309311-israel-moves-gradually-seize-ali-al-taher-after-hezbollah-rejects-evacuation
1319212940,20260820,USA,USA,IRN,IRN,50,50,5,1,3.5,2,1,2,-7.75681341719073,https://tribuneonlineng.com/trump-announces-tougher-economic-measures-against-iran/
1319212941,20260820,USA,USA,IRN,IRN,190,190,19,4,-10.0,8,1,8,-3.92491467576791,https://www.presstv.co.uk/Detail/2026/08/20/774753/Iran-modernizing-its-defense-industry-Ministry
1319212942,20260820,USA,USA,IRNGOV,IRN,130,130,13,3,-4.4,1,1,1,-8.02675585284278,https://www.finanznachrichten.de/nachrichten-2026-08/69368272-treasuries-show-significant-move-back-to-the-downside-020.htm
1319212943,20260820,USA,USA,IRNGOV,IRN,130,130,13,3,-4.4,3,2,3,-8.26869707535754,https://www.finanznachrichten.de/nachrichten-2026-08/69368272-treasuries-show-significant-move-back-to-the-downside-020.htm
1319213147,20260820,,,IRN,IRN,124,124,12,3,-4.0,10,1,10,-6.06531881804044,https://aninews.in/news/world/us/us-forces-redirect-67-vessels-disable-3-board-2-to-enforce-iran-blockade-centcom20260821011325/
1319213148,20260820,,,IRN,IRN,124,124,12,3,-4.0,80,10,80,-6.16825923451781,https://aninews.in/news/world/us/us-forces-redirect-67-vessels-disable-3-board-2-to-enforce-iran-blockade-centcom20260821011325/
1319213149,20260820,,,IRNGOV,IRN,20,20,2,1,3.0,1,1,1,-2.32886379675371,https://edmontonsun.com/news/world/u-s-warns-allies-china-to-back-economic-war-on-iran/wcm/f6ef80ba-34d8-4ea2-a120-237610904924
1319213201,20260820,ARE,ARE,IRN,IRN,160,160,16,4,-4.0,1,1,1,-8.80361173814899,https://morningstaronline.co.uk/article/trump-halts-all-talks-iran-and-ramps-economic-warfare
1319213320,20260820,CHN,CHN,IRN,IRN,331,33,3,1,5.2,6,3,6,-5.0963664791339,https://edmontonsun.com/news/world/u-s-warns-allies-china-to-back-economic-war-on-iran/wcm/f6ef80ba-34d8-4ea2-a120-237610904924
1319213321,20260820,CHN,CHN,IRN,IRN,331,33,3,1,5.2,6,3,6,-5.0963664791339,https://edmontonsun.com/news/world/u-s-warns-allies-china-to-back-economic-war-on-iran/wcm/f6ef80ba-34d8-4ea2-a120-237610904924
1319213322,20260820,CHN,CHN,IRN,IRN,138,138,13,3,-7.0,3,1,3,-2.32886379675371,https://edmontonsun.com/news/world/u-s-warns-allies-china-to-back-economic-war-on-iran/wcm/f6ef80ba-34d8-4ea2-a120-237610904924
1319213323,20260820,CHN,CHN,IRN,IRN,138,138,13,3,-7.0,5,1,5,-2.32886379675371,https://edmontonsun.com/news/world/u-s-warns-allies-china-to-back-economic-war-on-iran/wcm/f6ef80ba-34d8-4ea2-a120-237610904924
1319213324,20260820,CHN,CHN,IRN,IRN,138,138,13,3,-7.0,1,1,1,-2.32886379675371,https://edmontonsun.com/news/world/u-s-warns-allies-china-to-back-economic-war-on-iran/wcm/f6ef80ba-34d8-4ea2-a120-237610904924
1319213325,20260820,CHN,CHN,IRN,IRN,138,138,13,3,-7.0,4,1,4,-2.32886379675371,https://edmontonsun.com/news/world/u-s-warns-allies-china-to-back-economic-war-on-iran/wcm/f6ef80ba-34d8-4ea2-a120-237610904924
1319213326,20260820,CHN,CHN,IRN,IRN,138,138,13,3,-7.0,1,1,1,-2.32886379675371,https://edmontonsun.com/news/world/u-s-warns-allies-china-to-back-economic-war-on-iran/wcm/f6ef80ba-34d8-4ea2-a120-237610904924
1319213327,20260820,CHN,CHN,IRN,IRN,138,138,13,3,-7.0,2,1,2,1.82058297426137,https://edmontonsun.com/entertainment/celebrity/brooke-baldwin-craves-more-intimacy-over-one-night-stands
1319213328,20260820,CHN,CHN,IRN,IRN,138,138,13,3,-7.0,9,1,9,1.27673395511564,https://edmontonsun.com/entertainment/celebrity/brooke-baldwin-craves-more-intimacy-over-one-night-stands
1319213329,20260820,CHN,CHN,IRN,IRN,138,138,13,3,-7.0,3,1,3,1.27673395511564,https://edmontonsun.com/entertainment/celebrity/brooke-baldwin-craves-more-intimacy-over-one-night-stands
1319213330,20260820,CHN,CHN,IRN,IRN,138,138,13,3,-7.0,1,1,1,0.18903591682419,https://edmontonsun.com/opinion/columnists/charlebois-canadians-paid-dairy-farmers-for-competition-consumers-never-got/wcm/00bf1ffb-6547-4b96-9951-5e2af1b2fa59
1319213458,20260820,EUR,EUR,IRN,IRN,51,51,5,1,3.4,2,1,2,-6.12930310663308,https://www.washingtonexaminer.com/in_focus/4694406/iran-peace-deal-expires-conflict-enters-dangerous-phase/
1319213537,20260820,GOV,,IRN,IRN,10,10,1,1,0.0,8,1,8,-6.30252100840336,https://www.theamericanconservative.com/iran-war-day-174-trump-threatens-economic-d-day-for-iran/
1319213538,20260820,GOV,,IRNGOV,IRN,12,12,1,1,-0.4,4,1,4,-6.80272108843538,https://www.theamericanconservative.com/u-s-debt-tops-40-trillion-for-first-time/
1319213578,20260820,IRN,IRN,,,80,80,8,2,5.0,2,1,2,-6.12930310663308,https://www.washingtonexaminer.com/in_focus/4694406/iran-peace-deal-expires-conflict-enters-dangerous-phase/
1319213579,20260820,IRN,IRN,,,110,110,11,3,-2.0,1,1,1,-8.80361173814899,https://morningstaronline.co.uk/article/trump-halts-all-talks-iran-and-ramps-economic-warfare
1319213580,20260820,IRN,IRN,,,120,120,12,3,-4.0,1,1,1,-8.80361173814899,https://morningstaronline.co.uk/article/trump-halts-all-talks-iran-and-ramps-economic-warfare
1319213581,20260820,IRN,IRN,ARE,ARE,194,194,19,4,-10.0,8,1,8,-6.12930310663308,https://www.washingtonexaminer.com/in_focus/4694406/iran-peace-deal-expires-conflict-enters-dangerous-phase/
1319213582,20260820,IRN,IRN,CHN,CHN,110,110,11,3,-2.0,2,1,2,-2.32886379675371,https://edmontonsun.com/news/world/u-s-warns-allies-china-to-back-economic-war-on-iran/wcm/f6ef80ba-34d8-4ea2-a120-237610904924
1319213583,20260820,IRN,IRN,CHN,CHN,110,110,11,3,-2.0,10,3,10,-5.0963664791339,https://edmontonsun.com/news/world/u-s-warns-allies-china-to-back-economic-war-on-iran/wcm/f6ef80ba-34d8-4ea2-a120-237610904924
1319213584,20260820,IRN,IRN,IRNGOV,IRN,20,20,2,1,3.0,1,1,1,-2.32886379675371,https://edmontonsun.com/news/world/u-s-warns-allies-china-to-back-economic-war-on-iran/wcm/f6ef80ba-34d8-4ea2-a120-237610904924
1319213585,20260820,IRN,IRN,USA,USA,46,46,4,1,7.0,2,1,2,-8.80361173814899,https://morningstaronline.co.uk/article/trump-halts-all-talks-iran-and-ramps-economic-warfare
1319213586,20260820,IRN,IRN,USA,USA,50,50,5,1,3.5,39,17,39,-5.84881005576251,https://aninews.in/news/world/us/us-forces-redirect-67-vessels-disable-3-board-2-to-enforce-iran-blockade-centcom20260821011325/
1319213587,20260820,IRNGOV,IRN,USA,USA,20,20,2,1,3.0,1,1,1,-2.32886379675371,https://edmontonsun.com/news/world/u-s-warns-allies-china-to-back-economic-war-on-iran/wcm/f6ef80ba-34d8-4ea2-a120-237610904924
1319213588,20260820,IRNGOV,IRN,USA,USA,20,20,2,1,3.0,1,1,1,-2.32886379675371,https://edmontonsun.com/news/world/u-s-warns-allies-china-to-back-economic-war-on-iran/wcm/f6ef80ba-34d8-4ea2-a120-237610904924
1319213589,20260820,IRNMED,IRN,,,110,110,11,3,-2.0,6,1,6,-8.80361173814899,https://morningstaronline.co.uk/article/trump-halts-all-talks-iran-and-ramps-economic-warfare
1319213590,20260820,IRNMED,IRN,USA,USA,110,110,11,3,-2.0,4,1,4,-8.80361173814899,https://morningstaronline.co.uk/article/trump-halts-all-talks-iran-and-ramps-economic-warfare
1319213601,20260820,ISR,ISR,IRN,IRN,51,51,5,1,3.4,2,1,2,-6.12930310663308,https://www.washingtonexaminer.com/in_focus/4694406/iran-peace-deal-expires-conflict-enters-dangerous-phase/
1319213609,20260820,ISRMED,ISR,IRN,IRN,51,51,5,1,3.4,6,1,6,-6.12930310663308,https://www.washingtonexaminer.com/in_focus/4694406/iran-peace-deal-expires-conflict-enters-dangerous-phase/
1319213694,20260820,MED,,IRN,IRN,12,12,1,1,-0.4,2,1,2,-8.80361173814899,https://morningstaronline.co.uk/article/trump-halts-all-talks-iran-and-ramps-economic-warfare
1319213695,20260820,MED,,IRN,IRN,12,12,1,1,-0.4,2,1,2,-8.80361173814899,https://morningstaronline.co.uk/article/trump-halts-all-talks-iran-and-ramps-economic-warfare
1319213930,20260820,USA,USA,IRN,IRN,311,31,3,1,5.2,4,1,4,-2.3076923076923,https://www.washingtonexaminer.com/policy/defense/4694438/uss-george-washington-arrives-middle-east-relieve-abraham-lincoln/
1319213931,20260820,USA,USA,IRN,IRN,311,31,3,1,5.2,6,1,6,-2.3076923076923,https://www.washingtonexaminer.com/policy/defense/4694438/uss-george-washington-arrives-middle-east-relieve-abraham-lincoln/
1319213932,20260820,USA,USA,IRN,IRN,46,46,4,1,7.0,2,1,2,-8.80361173814899,https://morningstaronline.co.uk/article/trump-halts-all-talks-iran-and-ramps-economic-warfare
1319213933,20260820,USA,USA,IRN,IRN,130,130,13,3,-4.4,2,1,2,-6.30252100840336,https://www.theamericanconservative.com/iran-war-day-174-trump-threatens-economic-d-day-for-iran/
1319213934,20260820,USA,USA,IRN,IRN,130,130,13,3,-4.4,2,1,2,-6.30252100840336,https://www.theamericanconservative.com/iran-war-day-174-trump-threatens-economic-d-day-for-iran/
1319213996,20260820,USAGOV,USA,IRN,IRN,10,10,1,1,0.0,2,1,2,-6.30252100840336,https://www.theamericanconservative.com/iran-war-day-174-trump-threatens-economic-d-day-for-iran/
1319214025,20260820,USAMED,USA,IRN,IRN,141,141,14,3,-6.5,10,1,10,-3.96039603960396,https://www.thenationalnews.com/news/us/2026/08/20/us-re-designates-hezbollah-as-terrorist-group-and-unveils-new-sanctions/
1319214784,20260820,CHN,CHN,IRN,IRN,36,36,3,1,4.0,5,1,5,-4.50450450450451,https://oilprice.com/Latest-Energy-News/World-News/China-Is-Squeezing-India-Out-of-Russias-Oil-Trade.html
1319215050,20260820,GOVMIL,,IRN,IRN,110,110,11,3,-2.0,76,1,76,-2.11461586405621,https://1190talkradio.iheart.com/content/2026-08-20-uss-abraham-lincoln-relieved-in-the-middle-east/
1319215051,20260820,GOVMIL,,IRN,IRN,110,110,11,3,-2.0,86,2,86,-2.12575590674045,https://1190talkradio.iheart.com/content/2026-08-20-uss-abraham-lincoln-relieved-in-the-middle-east/
1319215088,20260820,IRN,IRN,,,10,10,1,1,0.0,2,1,2,-0.96685082872928,https://openthemagazine.com/world/us-iran-hormuz-ping-pong-continues-now-tehran-wants-india-at-the-table
1319215089,20260820,IRN,IRN,,,16,16,1,1,-2.0,2,1,2,-0.96685082872928,https://openthemagazine.com/world/us-iran-hormuz-ping-pong-continues-now-tehran-wants-india-at-the-table
1319215090,20260820,IRN,IRN,,,50,50,5,1,3.5,4,1,4,-0.96685082872928,https://openthemagazine.com/world/us-iran-hormuz-ping-pong-continues-now-tehran-wants-india-at-the-table
1319215091,20260820,IRN,IRN,CHN,CHN,36,36,3,1,4.0,2,1,2,-4.50450450450451,https://oilprice.com/Latest-Energy-News/World-News/China-Is-Squeezing-India-Out-of-Russias-Oil-Trade.html
1319215092,20260820,IRN,IRN,CHN,CHN,36,36,3,1,4.0,1,1,1,-4.50450450450451,https://oilprice.com/Latest-Energy-News/World-News/China-Is-Squeezing-India-Out-of-Russias-Oil-Trade.html
1319215093,20260820,IRN,IRN,CHN,CHN,36,36,3,1,4.0,2,1,2,-4.50450450450451,https://oilprice.com/Latest-Energy-News/World-News/China-Is-Squeezing-India-Out-of-Russias-Oil-Trade.html
1319215094,20260820,IRN,IRN,CHN,CHN,163,163,16,4,-8.0,3,1,3,-5.7001239157373,https://www.abc.net.au/news/2026-08-21/us-economic-warfare-iran-allies-china/107061544
1319215095,20260820,IRN,IRN,GOV,,20,20,2,1,3.0,10,1,10,-6.42317380352645,https://www.americanthinker.com/blog/2026/08/strategy-shift-tehran-is-replacing-nuclear-blackmail-with-the-strait-of-hormuz/
1319215096,20260820,IRN,IRN,USA,USA,51,51,5,1,3.4,152,1,152,-2.11461586405621,https://1190talkradio.iheart.com/content/2026-08-20-uss-abraham-lincoln-relieved-in-the-middle-east/
1319215097,20260820,IRN,IRN,USA,USA,51,51,5,1,3.4,152,1,152,-2.11461586405621,https://1190talkradio.iheart.com/content/2026-08-20-uss-abraham-lincoln-relieved-in-the-middle-east/
1319215098,20260820,IRN,IRN,USA,USA,100,100,10,3,-5.0,1,1,1,-0.96685082872928,https://openthemagazine.com/world/us-iran-hormuz-ping-pong-continues-now-tehran-wants-india-at-the-table
1319215099,20260820,IRN,IRN,USAGOV,USA,110,110,11,3,-2.0,1,1,1,-5.7001239157373,https://www.abc.net.au/news/2026-08-21/us-economic-warfare-iran-allies-china/107061544
1319215100,20260820,IRNGOV,IRN,USA,USA,20,20,2,1,3.0,1,1,1,-5.7001239157373,https://www.abc.net.au/news/2026-08-21/us-economic-warfare-iran-allies-china/107061544
1319215101,20260820,IRNGOVMIL,IRN,,,110,110,11,3,-2.0,76,1,76,-2.11461586405621,https://1190talkradio.iheart.com/content/2026-08-20-uss-abraham-lincoln-relieved-in-the-middle-east/
1319215102,20260820,IRNGOVMIL,IRN,,,110,110,11,3,-2.0,76,1,76,-2.11461586405621,https://1190talkradio.iheart.com/content/2026-08-20-uss-abraham-lincoln-relieved-in-the-middle-east/
1319215111,20260820,ISR,ISR,IRN,IRN,13,13,1,1,0.4,8,1,8,-1.42428785607196,https://www.nakedcapitalism.com/2026/08/an-islamic-nato-without-iran-is-symbolic-thats-its-purpose-and-its-problem.html
1319215112,20260820,ISR,ISR,IRN,IRN,13,13,1,1,0.4,2,1,2,-1.42428785607196,https://www.nakedcapitalism.com/2026/08/an-islamic-nato-without-iran-is-symbolic-thats-its-purpose-and-its-problem.html
1319215113,20260820,ISR,ISR,IRN,IRN,120,120,12,3,-4.0,8,1,8,-1.42428785607196,https://www.nakedcapitalism.com/2026/08/an-islamic-nato-without-iran-is-symbolic-thats-its-purpose-and-its-problem.html
1319215271,20260820,MOSEDU,,IRN,IRN,120,120,12,3,-4.0,2,1,2,-1.42428785607196,https://www.nakedcapitalism.com/2026/08/an-islamic-nato-without-iran-is-symbolic-thats-its-purpose-and-its-problem.html
1319215274,20260820,MOSSUN,,IRN,IRN,30,30,3,1,4.0,2,1,2,-1.42428785607196,https://www.nakedcapitalism.com/2026/08/an-islamic-nato-without-iran-is-symbolic-thats-its-purpose-and-its-problem.html
1319215275,20260820,MOSSUN,,IRN,IRN,30,30,3,1,4.0,8,1,8,-1.42428785607196,https://www.nakedcapitalism.com/2026/08/an-islamic-nato-without-iran-is-symbolic-thats-its-purpose-and-its-problem.html
1319215501,20260820,USA,USA,IRNMIL,IRN,12,12,1,1,-0.4,3,1,3,-0.96685082872928,https://openthemagazine.com/world/us-iran-hormuz-ping-pong-continues-now-tehran-wants-india-at-the-table
1319215561,20260820,USAGOV,USA,IRN,IRN,190,190,19,4,-10.0,10,1,10,-0.942285041224971,https://finance.yahoo.com/markets/commodities/articles/watson-wednesday-113837313.html
1319215562,20260820,USAGOV,USA,IRNGOV,IRN,110,110,11,3,-2.0,4,1,4,-5.7001239157373,https://www.abc.net.au/news/2026-08-21/us-economic-warfare-iran-allies-china/107061544
1319216357,20260820,CHN,CHN,IRN,IRN,40,40,4,1,1.0,5,1,5,-1.53846153846154,http://thepeninsulaqatar.com/article/20/08/2026/gcc-china-discuss-iranian-attacks-their-repercussions-on-region
1319216358,20260820,CHN,CHN,IRN,IRN,43,43,4,1,2.8,2,1,2,-3.77833753148614,https://www.dailysabah.com/world/mid-east/new-us-carrier-arrives-in-mideast-to-relieve-long-deployed-uss-lincoln
1319216438,20260820,CVL,,IRN,IRN,10,10,1,1,0.0,2,1,2,-3.9076376554174,https://nypost.com/2026/08/20/opinion/the-us-iran-stalemate-letters/
1319216439,20260820,CVL,,IRN,IRN,10,10,1,1,0.0,3,1,3,-3.9076376554174,https://nypost.com/2026/08/20/opinion/the-us-iran-stalemate-letters/
1319216440,20260820,CVL,,IRN,IRN,120,120,12,3,-4.0,5,1,5,-3.9076376554174,https://nypost.com/2026/08/20/opinion/the-us-iran-stalemate-letters/
1319216452,20260820,DEU,DEU,IRN,IRN,112,112,11,3,-2.0,4,1,4,-17.016317016317,https://www.dailysabah.com/world/europe/germany-probes-far-right-network-accused-of-inciting-minors-to-kill
1319216658,20260820,IRN,IRN,,,130,130,13,3,-4.4,2,1,2,-3.49775784753363,https://tribune.com.pk/story/2624957/trump-threatens-to-isolate-iran-who-are-its-trading-partners
1319216659,20260820,IRN,IRN,CHN,CHN,40,40,4,1,1.0,1,1,1,-1.53846153846154,http://thepeninsulaqatar.com/article/20/08/2026/gcc-china-discuss-iranian-attacks-their-repercussions-on-region
1319216660,20260820,IRN,IRN,CHN,CHN,42,42,4,1,1.9,2,1,2,-3.77833753148614,https://www.dailysabah.com/world/mid-east/new-us-carrier-arrives-in-mideast-to-relieve-long-deployed-uss-lincoln
1319216661,20260820,IRN,IRN,CHN,CHN,190,190,19,4,-10.0,2,1,2,-3.77833753148614,https://www.dailysabah.com/world/mid-east/new-us-carrier-arrives-in-mideast-to-relieve-long-deployed-uss-lincoln
1319216662,20260820,IRN,IRN,SAU,SAU,46,46,4,1,7.0,2,1,2,-1.53846153846154,http://thepeninsulaqatar.com/article/20/08/2026/gcc-china-discuss-iranian-attacks-their-repercussions-on-region
1319216663,20260820,IRN,IRN,TUR,TUR,57,57,5,1,8.0,1,1,1,-3.49775784753363,https://tribune.com.pk/story/2624957/trump-threatens-to-isolate-iran-who-are-its-trading-partners
1319216664,20260820,IRN,IRN,USA,USA,43,43,4,1,2.8,2,1,2,-0.21834061135372,https://www.oann.com/newsroom/uss-george-washington-arrives-in-middle-east-to-relieve-uss-abraham-lincoln-after-lengthy-deployment/
1319216665,20260820,IRN,IRN,USA,USA,43,43,4,1,2.8,2,1,2,-0.21834061135372,https://www.oann.com/newsroom/uss-george-washington-arrives-in-middle-east-to-relieve-uss-abraham-lincoln-after-lengthy-deployment/
1319216666,20260820,IRN,IRN,USA,USA,111,111,11,3,-2.0,2,2,2,-6.480117820324,https://www.justiceinfo.net/en/163588-us-pushes-allies-china-to-back-trumps-economic-war-on-iran.html
1319216667,20260820,IRNGOV,IRN,USA,USA,110,110,11,3,-2.0,3,1,3,-3.9076376554174,https://nypost.com/2026/08/20/opinion/the-us-iran-stalemate-letters/
1319216668,20260820,IRNGOV,IRN,USA,USA,110,110,11,3,-2.0,2,1,2,-3.9076376554174,https://nypost.com/2026/08/20/opinion/the-us-iran-stalemate-letters/
1319216669,20260820,IRNMOS,IRN,,,51,51,5,1,3.4,10,1,10,-1.84049079754601,https://www.miragenews.com/us-sanctions-smuggling-network-for-qods-1730845/
1319216879,20260820,OMN,OMN,IRN,IRN,50,50,5,1,3.5,2,1,2,-3.49775784753363,https://tribune.com.pk/story/2624957/trump-threatens-to-isolate-iran-who-are-its-trading-partners
1319216944,20260820,SAU,SAU,IRN,IRN,46,46,4,1,7.0,2,1,2,-1.53846153846154,http://thepeninsulaqatar.com/article/20/08/2026/gcc-china-discuss-iranian-attacks-their-repercussions-on-region
1319216988,20260820,TUR,TUR,IRN,IRN,50,50,5,1,3.5,2,1,2,-3.49775784753363,https://tribune.com.pk/story/2624957/trump-threatens-to-isolate-iran-who-are-its-trading-partners
1319216989,20260820,TUR,TUR,IRN,IRN,57,57,5,1,8.0,1,1,1,-3.49775784753363,https://tribune.com.pk/story/2624957/trump-threatens-to-isolate-iran-who-are-its-trading-partners
1319216990,20260820,TUR,TUR,IRN,IRN,61,61,6,2,6.4,2,1,2,-3.49775784753363,https://tribune.com.pk/story/2624957/trump-threatens-to-isolate-iran-who-are-its-trading-partners
1319217152,20260820,USA,USA,IRN,IRN,42,42,4,1,1.9,2,1,2,-0.21834061135372,https://www.oann.com/newsroom/uss-george-washington-arrives-in-middle-east-to-relieve-uss-abraham-lincoln-after-lengthy-deployment/
1319217153,20260820,USA,USA,IRN,IRN,42,42,4,1,1.9,2,1,2,-0.21834061135372,https://www.oann.com/newsroom/uss-george-washington-arrives-in-middle-east-to-relieve-uss-abraham-lincoln-after-lengthy-deployment/
1319217154,20260820,USA,USA,IRNGOV,IRN,112,112,11,3,-2.0,2,2,2,-6.480117820324,https://www.justiceinfo.net/en/163588-us-pushes-allies-china-to-back-trumps-economic-war-on-iran.html
1319217223,20260820,USAGOVBUS,USA,IRN,IRN,20,20,2,1,3.0,2,1,2,2.77777777777778,https://www.middleeasteye.net/live-blog/live-blog-update/us-treasury-chief-urges-china-back-proposed-iran-sanctions
1319217224,20260820,USAGOVBUS,USA,IRN,IRN,20,20,2,1,3.0,8,1,8,2.77777777777778,https://www.middleeasteye.net/live-blog/live-blog-update/us-treasury-chief-urges-china-back-proposed-iran-sanctions
1319217225,20260820,USAGOVBUS,USA,IRN,IRN,20,20,2,1,3.0,1,1,1,2.77777777777778,https://www.middleeasteye.net/live-blog/live-blog-update/us-treasury-chief-urges-china-back-proposed-iran-sanctions
1319217226,20260820,USAGOVBUS,USA,IRN,IRN,20,20,2,1,3.0,1,1,1,2.77777777777778,https://www.middleeasteye.net/live-blog/live-blog-update/us-treasury-chief-urges-china-back-proposed-iran-sanctions
1319217886,20260820,,,IRN,IRN,130,130,13,3,-4.4,10,1,10,-2.5,http://www.bgnes.com/politics/iran-cyprus-is-safe-as-long-as-british-bases-are-not-used-against-us
1319218372,20260820,IRN,IRN,,,36,36,3,1,4.0,2,1,2,-2.9350104821803,https://www.jns.org/opinion/column/melanie-phillips/wise-up-america
1319218373,20260820,IRN,IRN,,,36,36,3,1,4.0,2,1,2,-2.9350104821803,https://www.jns.org/opinion/column/melanie-phillips/wise-up-america
1319218374,20260820,IRN,IRN,IRQ,IRQ,110,110,11,3,-2.0,8,2,8,-1.70034263024753,https://www.clevelandjewishnews.com/jns/iran-iraq-parliament-speakers-engage-in-gulf-naming-dispute/article_d3e3b483-4d8b-56c0-ae27-af73538d76b7.html
1319218375,20260820,IRN,IRN,PAK,PAK,42,42,4,1,1.9,2,1,2,0.88408644400786,https://www.arabnews.com/node/2655353/middle-east
1319218376,20260820,IRN,IRN,PAK,PAK,42,42,4,1,1.9,2,1,2,0.88408644400786,https://www.arabnews.com/node/2655353/middle-east
1319218377,20260820,IRN,IRN,SYR,SYR,10,10,1,1,0.0,8,1,8,0.88408644400786,https://www.arabnews.com/node/2655353/middle-east
1319218378,20260820,IRN,IRN,SYR,SYR,10,10,1,1,0.0,2,1,2,0.88408644400786,https://www.arabnews.com/node/2655353/middle-east
1319218379,20260820,IRN,IRN,SYR,SYR,39,39,3,1,5.0,3,1,3,0.88408644400786,https://www.arabnews.com/node/2655353/middle-east
1319218380,20260820,IRN,IRN,SYR,SYR,39,39,3,1,5.0,2,1,2,0.88408644400786,https://www.arabnews.com/node/2655353/middle-east
1319218381,20260820,IRN,IRN,SYR,SYR,42,42,4,1,1.9,5,1,4,0.88408644400786,https://www.arabnews.com/node/2655353/middle-east
1319218382,20260820,IRN,IRN,SYR,SYR,42,42,4,1,1.9,2,1,2,0.88408644400786,https://www.arabnews.com/node/2655353/middle-east
1319218383,20260820,IRN,IRN,SYR,SYR,45,45,4,1,5.0,3,1,3,0.88408644400786,https://www.arabnews.com/node/2655353/middle-east
1319218384,20260820,IRN,IRN,SYR,SYR,45,45,4,1,5.0,2,1,2,0.88408644400786,https://www.arabnews.com/node/2655353/middle-east
1319218385,20260820,IRN,IRN,USA,USA,43,43,4,1,2.8,2,1,2,-1.40845070422535,https://timesofsandiego.com/military/2026/08/20/aircraft-carrier-relieving-uss-lincoln/
1319218386,20260820,IRN,IRN,USAGOV,USA,10,10,1,1,0.0,8,2,8,-1.70034263024753,https://www.clevelandjewishnews.com/jns/iran-iraq-parliament-speakers-engage-in-gulf-naming-dispute/article_d3e3b483-4d8b-56c0-ae27-af73538d76b7.html
1319218387,20260820,IRNGOV,IRN,USA,USA,51,51,5,1,3.4,2,1,2,-4.12147505422994,https://www.theguardian.com/us-news/2026/aug/20/california-oil-pipeline-trump-judge-ruling
1319218388,20260820,IRNGOV,IRN,USA,USA,51,51,5,1,3.4,2,1,2,-4.12147505422994,https://www.theguardian.com/us-news/2026/aug/20/california-oil-pipeline-trump-judge-ruling
1319218389,20260820,IRNLEG,IRN,IRQ,IRQ,110,110,11,3,-2.0,8,2,8,-1.70034263024753,https://www.clevelandjewishnews.com/jns/iran-iraq-parliament-speakers-engage-in-gulf-naming-dispute/article_d3e3b483-4d8b-56c0-ae27-af73538d76b7.html
1319218390,20260820,IRNLEG,IRN,IRQ,IRQ,110,110,11,3,-2.0,4,2,4,-1.70034263024753,https://www.clevelandjewishnews.com/jns/iran-iraq-parliament-speakers-engage-in-gulf-naming-dispute/article_d3e3b483-4d8b-56c0-ae27-af73538d76b7.html
1319218391,20260820,IRQ,IRQ,IRN,IRN,110,110,11,3,-2.0,4,2,4,-1.70034263024753,https://www.clevelandjewishnews.com/jns/iran-iraq-parliament-speakers-engage-in-gulf-naming-dispute/article_d3e3b483-4d8b-56c0-ae27-af73538d76b7.html
1319218392,20260820,IRQ,IRQ,IRN,IRN,110,110,11,3,-2.0,4,2,4,-1.70034263024753,https://www.clevelandjewishnews.com/jns/iran-iraq-parliament-speakers-engage-in-gulf-naming-dispute/article_d3e3b483-4d8b-56c0-ae27-af73538d76b7.html
1319218393,20260820,IRQ,IRQ,IRNLEG,IRN,110,110,11,3,-2.0,12,2,12,-1.70034263024753,https://www.clevelandjewishnews.com/jns/iran-iraq-parliament-speakers-engage-in-gulf-naming-dispute/article_d3e3b483-4d8b-56c0-ae27-af73538d76b7.html
1319218701,20260820,SYR,SYR,IRN,IRN,43,43,4,1,2.8,5,1,4,0.88408644400786,https://www.arabnews.com/node/2655353/middle-east
1319218702,20260820,SYR,SYR,IRN,IRN,43,43,4,1,2.8,2,1,2,0.88408644400786,https://www.arabnews.com/node/2655353/middle-east
1319218854,20260820,USA,USA,IRN,IRN,42,42,4,1,1.9,2,1,2,-1.40845070422535,https://timesofsandiego.com/military/2026/08/20/aircraft-carrier-relieving-uss-lincoln/
1319220059,20260820,,,IRN,IRN,111,111,11,3,-2.0,2,1,2,-3.08988764044944,https://www.adn.com/nation-world/2026/08/20/trump-increasingly-lashing-out-at-allies-as-victory-in-iran-war-proves-elusive/
1319220159,20260820,ARE,ARE,IRN,IRN,42,42,4,1,1.9,2,1,2,-3.08988764044944,https://www.adn.com/nation-world/2026/08/20/trump-increasingly-lashing-out-at-allies-as-victory-in-iran-war-proves-elusive/
1319220160,20260820,ARE,ARE,IRN,IRN,42,42,4,1,1.9,6,1,6,-3.08988764044944,https://www.adn.com/nation-world/2026/08/20/trump-increasingly-lashing-out-at-allies-as-victory-in-iran-war-proves-elusive/
1319220161,20260820,ARE,ARE,IRN,IRN,42,42,4,1,1.9,2,1,2,-3.08988764044944,https://www.adn.com/nation-world/2026/08/20/trump-increasingly-lashing-out-at-allies-as-victory-in-iran-war-proves-elusive/
1319220355,20260820,CVL,,IRN,IRN,51,51,5,1,3.4,2,1,2,2.007299270073,https://www.reformer.com/local-news/bernie-sanders-says-status-quo-ain-t-working/article_d09d59fc-3747-4e5b-8e96-198e28fd9634.html
1319220356,20260820,CVL,,IRN,IRN,51,51,5,1,3.4,4,1,4,2.007299270073,https://www.reformer.com/local-news/bernie-sanders-says-status-quo-ain-t-working/article_d09d59fc-3747-4e5b-8e96-198e28fd9634.html
1319220548,20260820,GOV,,IRN,IRN,173,173,17,4,-5.0,2,1,2,-0.5736137667304,https://www.alternet.org/trump-hiding-2024-secrets/
1319220549,20260820,GOV,,IRN,IRN,173,173,17,4,-5.0,6,1,6,-0.5736137667304,https://www.alternet.org/trump-hiding-2024-secrets/
1319220550,20260820,GOV,,IRN,IRN,173,173,17,4,-5.0,2,1,2,-0.5736137667304,https://www.alternet.org/trump-hiding-2024-secrets/
1319220644,20260820,IRN,IRN,,,51,51,5,1,3.4,1,1,1,-3.08988764044944,https://www.adn.com/nation-world/2026/08/20/trump-increasingly-lashing-out-at-allies-as-victory-in-iran-war-proves-elusive/
1319220645,20260820,IRN,IRN,,,110,110,11,3,-2.0,3,1,3,-7.55555555555556,https://www.ironmountaindailynews.com/news/2026/08/iran-dismisses-us-economic-threats-mass-funeral-held-in-gaza/
1319220646,20260820,IRN,IRN,ARE,ARE,43,43,4,1,2.8,6,1,6,-3.08988764044944,https://www.adn.com/nation-world/2026/08/20/trump-increasingly-lashing-out-at-allies-as-victory-in-iran-war-proves-elusive/
1319220647,20260820,IRN,IRN,ARE,ARE,43,43,4,1,2.8,2,1,2,-3.08988764044944,https://www.adn.com/nation-world/2026/08/20/trump-increasingly-lashing-out-at-allies-as-victory-in-iran-war-proves-elusive/
1319220648,20260820,IRN,IRN,ARE,ARE,43,43,4,1,2.8,2,1,2,-3.08988764044944,https://www.adn.com/nation-world/2026/08/20/trump-increasingly-lashing-out-at-allies-as-victory-in-iran-war-proves-elusive/
1319220649,20260820,IRN,IRN,GOV,,110,110,11,3,-2.0,1,1,1,-7.55555555555556,https://www.ironmountaindailynews.com/news/2026/08/iran-dismisses-us-economic-threats-mass-funeral-held-in-gaza/
1319220650,20260820,IRN,IRN,ISR,ISR,110,110,11,3,-2.0,4,1,4,-7.55555555555556,https://www.ironmountaindailynews.com/news/2026/08/iran-dismisses-us-economic-threats-mass-funeral-held-in-gaza/
1319220651,20260820,IRN,IRN,ISR,ISR,111,111,11,3,-2.0,1,1,1,-7.55555555555556,https://www.ironmountaindailynews.com/news/2026/08/iran-dismisses-us-economic-threats-mass-funeral-held-in-gaza/
1319220652,20260820,IRN,IRN,MIL,,190,190,19,4,-10.0,6,1,6,-8.50111856823263,https://www.alternet.org/trump-iran-midterms-mess-republicans/
1319220653,20260820,IRN,IRN,PSE,PSE,110,110,11,3,-2.0,3,1,3,-7.55555555555556,https://www.ironmountaindailynews.com/news/2026/08/iran-dismisses-us-economic-threats-mass-funeral-held-in-gaza/
1319220654,20260820,IRN,IRN,USA,USA,112,112,11,3,-2.0,2,1,2,-2.65822784810126,https://freebeacon.com/media/watch-hasan-piker-use-the-n-word-on-his-n-word-slinging-uncles-far-left-youtube-show/
1319220655,20260820,IRN,IRN,USA,USA,112,112,11,3,-2.0,2,1,2,-2.65822784810126,https://freebeacon.com/media/watch-hasan-piker-use-the-n-word-on-his-n-word-slinging-uncles-far-left-youtube-show/
1319220656,20260820,IRN,IRN,USAGOV,USA,10,10,1,1,0.0,8,1,8,-3.25203252032521,https://www.i24news.tv/en/news/international/americas/artc-us-designates-hezbollah-as-an-extension-of-irgc-says-group-is-not-independent-lebanese-movement
1319220657,20260820,IRN,IRN,VNM,VNM,90,90,9,2,-2.0,2,1,2,-8.50111856823263,https://www.alternet.org/trump-iran-midterms-mess-republicans/
1319220920,20260820,PAK,PAK,IRN,IRN,120,120,12,3,-4.0,10,1,10,1.03806228373702,https://www.middle-east-online.com/en/trends-mecca-agreement-flexible-defence-pact
1319221098,20260820,USA,USA,IRN,IRN,10,10,1,1,0.0,2,1,2,-3.25203252032521,https://www.i24news.tv/en/news/international/americas/artc-us-designates-hezbollah-as-an-extension-of-irgc-says-group-is-not-independent-lebanese-movement
1319222136,20260820,GOV,,IRNMOS,IRN,42,42,4,1,1.9,6,1,6,-3.88127853881278,https://www.theguardian.com/us-news/2026/aug/20/alleged-money-smuggling-sanctions-hezbollah
1319222232,20260820,IRN,IRN,,,111,111,11,3,-2.0,2,1,2,-5.43478260869565,https://www.pakistantoday.com.pk/2026/08/20/us-says-allies-with-us-or-against-us-on-planned-economic-isolation-of-iran
1319222233,20260820,IRN,IRN,,,111,111,11,3,-2.0,8,1,8,-5.43478260869565,https://www.pakistantoday.com.pk/2026/08/20/us-says-allies-with-us-or-against-us-on-planned-economic-isolation-of-iran
1319222234,20260820,IRN,IRN,IRNMOS,IRN,42,42,4,1,1.9,4,1,4,-3.88127853881278,https://www.theguardian.com/us-news/2026/aug/20/alleged-money-smuggling-sanctions-hezbollah
1319222235,20260820,IRNLEG,IRN,,,40,40,4,1,1.0,2,1,2,-2.17391304347826,https://townhall.com/news/mattvespa/2026/08/20/oh-thats-not-a-good-hot-mic-moment-for-darline-graham-n2681612
1319222236,20260820,IRNLEG,IRN,LBN,LBN,13,13,1,1,0.4,6,1,6,-0.7905138339921,https://aa.com.tr/en/middle-east/beirut-accuses-tehran-of-interfering-in-lebanons-internal-affairs/4033191
1319222237,20260820,IRNMOS,IRN,GOV,,43,43,4,1,2.8,6,1,6,-3.88127853881278,https://www.theguardian.com/us-news/2026/aug/20/alleged-money-smuggling-sanctions-hezbollah
1319222238,20260820,IRNMOS,IRN,IRN,IRN,43,43,4,1,2.8,4,1,4,-3.88127853881278,https://www.theguardian.com/us-news/2026/aug/20/alleged-money-smuggling-sanctions-hezbollah
1319222354,20260820,LBN,LBN,IRN,IRN,100,100,10,3,-5.0,1,1,1,-0.7905138339921,https://aa.com.tr/en/middle-east/beirut-accuses-tehran-of-interfering-in-lebanons-internal-affairs/4033191
1319222355,20260820,LBN,LBN,IRN,IRN,111,111,11,3,-2.0,2,1,2,-0.7905138339921,https://aa.com.tr/en/middle-east/beirut-accuses-tehran-of-interfering-in-lebanons-internal-affairs/4033191
1319222356,20260820,LBN,LBN,IRN,IRN,111,111,11,3,-2.0,2,1,2,-0.7905138339921,https://aa.com.tr/en/middle-east/beirut-accuses-tehran-of-interfering-in-lebanons-internal-affairs/4033191
1319222357,20260820,LBN,LBN,IRN,IRN,112,112,11,3,-2.0,7,1,7,-0.7905138339921,https://aa.com.tr/en/middle-east/beirut-accuses-tehran-of-interfering-in-lebanons-internal-affairs/4033191
1319222358,20260820,LBN,LBN,IRN,IRN,112,112,11,3,-2.0,1,1,1,-0.7905138339921,https://aa.com.tr/en/middle-east/beirut-accuses-tehran-of-interfering-in-lebanons-internal-affairs/4033191
1319222359,20260820,LBN,LBN,IRNGOV,IRN,111,111,11,3,-2.0,1,1,1,-0.7905138339921,https://aa.com.tr/en/middle-east/beirut-accuses-tehran-of-interfering-in-lebanons-internal-affairs/4033191
1319222360,20260820,LBN,LBN,IRNGOV,IRN,111,111,11,3,-2.0,2,1,2,-0.7905138339921,https://aa.com.tr/en/middle-east/beirut-accuses-tehran-of-interfering-in-lebanons-internal-affairs/4033191
1319222749,20260820,USA,USA,IRN,IRN,130,130,13,3,-4.4,15,15,15,-4.6481861360912,http://www.bignewsnetwork.com/news/279254844/bessent-warns-iran-of-toughest-sanctions-in-history-urges-china-to-get-with-the-programme
1319222750,20260820,USA,USA,IRN,IRN,163,163,16,4,-8.0,2,1,2,-3.88127853881278,https://www.theguardian.com/us-news/2026/aug/20/alleged-money-smuggling-sanctions-hezbollah
1319222751,20260820,USA,USA,IRN,IRN,163,163,16,4,-8.0,8,1,8,-3.88127853881278,https://www.theguardian.com/us-news/2026/aug/20/alleged-money-smuggling-sanctions-hezbollah
1319222752,20260820,USA,USA,IRN,IRN,190,190,19,4,-10.0,2,1,2,-1.4,https://markets.financialcontent.com/stocks/article/stockstory-2026-8-20-why-norwegian-cruise-line-nclh-shares-are-sliding-today
1319222846,20260820,USAGOV,USA,IRN,IRN,10,10,1,1,0.0,14,14,14,-4.63258785942492,http://www.bignewsnetwork.com/news/279254844/bessent-warns-iran-of-toughest-sanctions-in-history-urges-china-to-get-with-the-programme
1319222859,20260820,USAGOVBUS,USA,IRN,IRN,10,10,1,1,0.0,4,1,4,-5.43478260869565,https://www.pakistantoday.com.pk/2026/08/20/us-says-allies-with-us-or-against-us-on-planned-economic-isolation-of-iran
1319222860,20260820,USAGOVBUS,USA,IRN,IRN,40,40,4,1,1.0,10,1,10,-5.43478260869565,https://www.pakistantoday.com.pk/2026/08/20/us-says-allies-with-us-or-against-us-on-planned-economic-isolation-of-iran
1319222861,20260820,USAGOVBUS,USA,IRN,IRN,190,190,19,4,-10.0,10,1,10,-5.43478260869565,https://www.pakistantoday.com.pk/2026/08/20/us-says-allies-with-us-or-against-us-on-planned-economic-isolation-of-iran
1319223104,20260820,CHN,CHN,IRN,IRN,120,120,12,3,-4.0,4,1,4,-7.03703703703704,https://en.tempo.co/read/2117981/iran-calls-trumps-economic-d-day-campaign-economic-terrorism
1319223316,20260820,GOV,,IRN,IRN,13,13,1,1,0.4,8,1,8,-2.91970802919708,https://pjmedia.com/rabbi-michael-barclay/2026/08/20/iran-update-declaring-a-different-kind-of-war-n4956335
1319223355,20260820,GOVMIL,,IRN,IRN,42,42,4,1,1.9,1,1,1,-5.69782330345711,https://www.newsweek.com/donald-trumps-apocalyptic-threats-fall-flat-with-iran-12346940
1319223356,20260820,GOVMIL,,IRN,IRN,42,42,4,1,1.9,1,1,1,-5.69782330345711,https://www.newsweek.com/donald-trumps-apocalyptic-threats-fall-flat-with-iran-12346940
1319223397,20260820,IRN,IRN,CHN,CHN,20,20,2,1,3.0,2,2,2,-4.88193819270326,https://aninews.in/news/world/us/bessent-warns-iran-of-toughest-sanctions-in-history-urges-china-to-get-with-the-programme20260821020551/
1319223398,20260820,IRN,IRN,GOVMIL,,43,43,4,1,2.8,1,1,1,-5.69782330345711,https://www.newsweek.com/donald-trumps-apocalyptic-threats-fall-flat-with-iran-12346940
1319223399,20260820,IRN,IRN,IRNGOV,IRN,13,13,1,1,0.4,2,1,2,-2.91970802919708,https://pjmedia.com/rabbi-michael-barclay/2026/08/20/iran-update-declaring-a-different-kind-of-war-n4956335
1319223400,20260820,IRN,IRN,IRNGOV,IRN,17,17,1,1,0.0,6,1,6,-5.69782330345711,https://www.newsweek.com/donald-trumps-apocalyptic-threats-fall-flat-with-iran-12346940
1319223401,20260820,IRN,IRN,IRNGOV,IRN,43,43,4,1,2.8,6,1,6,-5.69782330345711,https://www.newsweek.com/donald-trumps-apocalyptic-threats-fall-flat-with-iran-12346940
1319223402,20260820,IRN,IRN,IRNGOV,IRN,43,43,4,1,2.8,1,1,1,-5.69782330345711,https://www.newsweek.com/donald-trumps-apocalyptic-threats-fall-flat-with-iran-12346940
1319223403,20260820,IRN,IRN,IRNGOV,IRN,130,130,13,3,-4.4,2,1,2,-2.91970802919708,https://pjmedia.com/rabbi-michael-barclay/2026/08/20/iran-update-declaring-a-different-kind-of-war-n4956335
1319223404,20260820,IRN,IRN,JUD,,43,43,4,1,2.8,1,1,1,-5.69782330345711,https://www.newsweek.com/donald-trumps-apocalyptic-threats-fall-flat-with-iran-12346940
1319223405,20260820,IRN,IRN,MIL,,1723,172,17,4,-5.0,10,1,10,-6.80628272251309,https://en.tempo.co/read/2117980/china-rejects-trumps-economic-pressure-campaign-against-iran
1319223406,20260820,IRN,IRN,MIL,,190,190,19,4,-10.0,2,1,2,-6.80628272251309,https://en.tempo.co/read/2117980/china-rejects-trumps-economic-pressure-campaign-against-iran
1319223407,20260820,IRN,IRN,MIL,,190,190,19,4,-10.0,8,1,8,-6.80628272251309,https://en.tempo.co/read/2117980/china-rejects-trumps-economic-pressure-campaign-against-iran
1319223408,20260820,IRN,IRN,USAMED,USA,10,10,1,1,0.0,12,2,12,-3.68544581956973,https://finance.yahoo.com/markets/stocks/articles/talos-energy-transocean-highpeak-energy-210715028.html
1319223409,20260820,IRN,IRN,USAMED,USA,13,13,1,1,0.4,4,2,4,-3.68544581956973,https://finance.yahoo.com/markets/stocks/articles/talos-energy-transocean-highpeak-energy-210715028.html
1319223410,20260820,IRNGOV,IRN,IRN,IRN,17,17,1,1,0.0,1,1,1,-5.69782330345711,https://www.newsweek.com/donald-trumps-apocalyptic-threats-fall-flat-with-iran-12346940
1319223411,20260820,IRNGOV,IRN,IRN,IRN,42,42,4,1,1.9,6,1,6,-5.69782330345711,https://www.newsweek.com/donald-trumps-apocalyptic-threats-fall-flat-with-iran-12346940
1319223412,20260820,IRNGOV,IRN,IRN,IRN,42,42,4,1,1.9,1,1,1,-5.69782330345711,https://www.newsweek.com/donald-trumps-apocalyptic-threats-fall-flat-with-iran-12346940
1319223478,20260820,JUD,,IRN,IRN,17,17,1,1,0.0,1,1,1,-5.69782330345711,https://www.newsweek.com/donald-trumps-apocalyptic-threats-fall-flat-with-iran-12346940
1319223479,20260820,JUD,,IRN,IRN,42,42,4,1,1.9,1,1,1,-5.69782330345711,https://www.newsweek.com/donald-trumps-apocalyptic-threats-fall-flat-with-iran-12346940
1319223679,20260820,TUR,TUR,IRN,IRN,12,12,1,1,-0.4,4,1,4,-2.91970802919708,https://pjmedia.com/rabbi-michael-barclay/2026/08/20/iran-update-declaring-a-different-kind-of-war-n4956335
1319223680,20260820,TUR,TUR,IRN,IRN,12,12,1,1,-0.4,1,1,1,-2.91970802919708,https://pjmedia.com/rabbi-michael-barclay/2026/08/20/iran-update-declaring-a-different-kind-of-war-n4956335
1319223825,20260820,USA,USA,IRNGOV,IRN,10,10,1,1,0.0,4,1,4,-7.03703703703704,https://en.tempo.co/read/2117981/iran-calls-trumps-economic-d-day-campaign-economic-terrorism
1319223826,20260820,USA,USA,IRNGOV,IRN,10,10,1,1,0.0,6,1,6,-7.03703703703704,https://en.tempo.co/read/2117981/iran-calls-trumps-economic-d-day-campaign-economic-terrorism
1319223827,20260820,USA,USA,IRNGOV,IRN,120,120,12,3,-4.0,8,1,8,-7.03703703703704,https://en.tempo.co/read/2117981/iran-calls-trumps-economic-d-day-campaign-economic-terrorism
1319223828,20260820,USA,USA,IRNGOV,IRN,120,120,12,3,-4.0,2,1,2,-7.03703703703704,https://en.tempo.co/read/2117981/iran-calls-trumps-economic-d-day-campaign-economic-terrorism
1319224720,20260820,GOV,,IRN,IRN,130,130,13,3,-4.4,2,1,2,-7.01754385964912,https://www.trend.az/world/us/4216702.html
1319224721,20260820,GOV,,IRN,IRN,130,130,13,3,-4.4,8,1,8,-7.01754385964912,https://www.trend.az/world/us/4216702.html
1319224805,20260820,LBN,LBN,IRN,IRN,51,51,5,1,3.4,20,2,20,-3.8748223169865,https://www.vanguardngr.com/2026/08/us-hits-hezbollah-with-more-sanctions-says-iran-controls-it/
1319225593,20260820,,,IRN,IRN,192,192,19,4,-9.5,3,1,3,-0.98665118978526,https://www.wrvo.org/2026-08-20/president-trump-is-always-talking-about-deals-should-journalists-mimic-his-language
1319226039,20260820,IRN,IRN,,,874,87,8,2,10.0,3,1,3,1.26582278481013,https://www.nrc.nl/nieuws/2026/08/20/the-us-saudi-nuclear-deal-raises-radioactive-questions-a4934465
1319226040,20260820,IRN,IRN,MIL,,105,105,10,3,-5.0,92,23,92,-1.99370409233998,https://wach.com/news/nation-world/you-always-worry-uss-lincoln-returning-to-families-amid-stress-of-long-deployment
1319226041,20260820,IRN,IRN,MILMIL,,13,13,1,1,0.4,92,23,92,-1.99370409233998,https://wach.com/news/nation-world/you-always-worry-uss-lincoln-returning-to-families-amid-stress-of-long-deployment
1319226042,20260820,IRN,IRN,MILMIL,,51,51,5,1,3.4,69,23,69,-1.99370409233998,https://wach.com/news/nation-world/you-always-worry-uss-lincoln-returning-to-families-amid-stress-of-long-deployment
1319226043,20260820,IRN,IRN,TWN,TWN,42,42,4,1,1.9,2,1,2,-1.68634064080945,https://crooksandliars.com/2026/08/lindsey-graham-s-nepo-sis-bombs-taiwan
1319226044,20260820,IRN,IRN,TWN,TWN,42,42,4,1,1.9,2,1,2,-1.68634064080945,https://crooksandliars.com/2026/08/lindsey-graham-s-nepo-sis-bombs-taiwan
1319226050,20260820,ISR,ISR,IRN,IRN,192,192,19,4,-9.5,1,1,1,-0.98665118978526,https://www.wrvo.org/2026-08-20/president-trump-is-always-talking-about-deals-should-journalists-mimic-his-language
1319226154,20260820,MED,,IRN,IRN,10,10,1,1,0.0,1,1,1,-0.98665118978526,https://www.wrvo.org/2026-08-20/president-trump-is-always-talking-about-deals-should-journalists-mimic-his-language
1319226180,20260820,MIL,,IRN,IRN,51,51,5,1,3.4,138,23,138,-1.99370409233998,https://wach.com/news/nation-world/you-always-worry-uss-lincoln-returning-to-families-amid-stress-of-long-deployment
1319226249,20260820,SAUGOV,SAU,IRN,IRN,874,87,8,2,10.0,2,1,2,1.26582278481013,https://www.nrc.nl/nieuws/2026/08/20/the-us-saudi-nuclear-deal-raises-radioactive-questions-a4934465
1319226250,20260820,SAUGOV,SAU,IRN,IRN,874,87,8,2,10.0,3,1,3,1.26582278481013,https://www.nrc.nl/nieuws/2026/08/20/the-us-saudi-nuclear-deal-raises-radioactive-questions-a4934465
1319226262,20260820,TWN,TWN,IRN,IRN,43,43,4,1,2.8,2,1,2,-1.68634064080945,https://crooksandliars.com/2026/08/lindsey-graham-s-nepo-sis-bombs-taiwan
1319226263,20260820,TWN,TWN,IRN,IRN,43,43,4,1,2.8,2,1,2,-1.68634064080945,https://crooksandliars.com/2026/08/lindsey-graham-s-nepo-sis-bombs-taiwan
1319227268,20260820,CHN,CHN,IRN,IRN,110,110,11,3,-2.0,6,1,6,-5.74948665297741,https://www.albawaba.com/news/washington-declares-economic-war-iran-we-1635474
1319227598,20260820,IRN,IRN,,,60,60,6,2,6.0,4,1,4,-5.74948665297741,https://www.albawaba.com/news/washington-declares-economic-war-iran-we-1635474
1319227599,20260820,IRN,IRN,USA,USA,111,111,11,3,-2.0,4,1,4,-5.74948665297741,https://www.albawaba.com/news/washington-declares-economic-war-iran-we-1635474
1319227600,20260820,IRNGOV,IRN,USA,USA,111,111,11,3,-2.0,12,1,12,-5.74948665297741,https://www.albawaba.com/news/washington-declares-economic-war-iran-we-1635474
1319227715,20260820,MIL,,IRN,IRN,186,186,18,4,-10.0,4,1,4,-2.53671562082777,https://www.latimes.com/entertainment-arts/story/2026-08-20/spiderman-big-hit-in-age-of-cowardly-leaders
1319227716,20260820,MIL,,IRN,IRN,186,186,18,4,-10.0,1,1,1,-2.53671562082777,https://www.latimes.com/entertainment-arts/story/2026-08-20/spiderman-big-hit-in-age-of-cowardly-leaders
1319227936,20260820,USA,USA,IRN,IRN,163,163,16,4,-8.0,4,2,4,-4.54193351298864,https://grenadachronicle.com/us-treasury-secretary-says-new-economic-measures-will-collapse-iran/
1319227937,20260820,USA,USA,IRN,IRN,163,163,16,4,-8.0,4,2,4,-4.54193351298864,https://grenadachronicle.com/us-treasury-secretary-says-new-economic-measures-will-collapse-iran/
1319227996,20260820,USAGOVBUS,USA,IRN,IRN,130,130,13,3,-4.4,1,1,1,-4.89731437598736,https://news.webindia123.com/news/Articles/World/20260821/4489101.html
1319227997,20260820,USAGOVBUS,USA,IRN,IRN,130,130,13,3,-4.4,1,1,1,-4.89731437598736,https://news.webindia123.com/news/Articles/World/20260821/4489101.html
1319228828,20260820,IRN,IRN,,,12,12,1,1,-0.4,1,1,1,-7.03703703703704,https://nypost.com/2026/08/20/opinion/beware-irans-most-devious-weapon-a-new-october-surprise/
1319228829,20260820,IRN,IRN,,,841,84,8,2,7.0,2,1,2,-7.03703703703704,https://nypost.com/2026/08/20/opinion/beware-irans-most-devious-weapon-a-new-october-surprise/
1319228830,20260820,IRN,IRN,,,190,190,19,4,-10.0,9,3,9,-2.27272727272728,https://www.ocregister.com/2026/08/20/in-house-opinions-congress-members-on-uss-lincoln-deployment/
1319228831,20260820,IRN,IRN,,,190,190,19,4,-10.0,6,3,6,-2.27272727272728,https://www.ocregister.com/2026/08/20/in-house-opinions-congress-members-on-uss-lincoln-deployment/
1319228832,20260820,IRN,IRN,USA,USA,20,20,2,1,3.0,1,1,1,-7.03703703703704,https://nypost.com/2026/08/20/opinion/beware-irans-most-devious-weapon-a-new-october-surprise/
1319228833,20260820,IRN,IRN,USA,USA,20,20,2,1,3.0,3,1,3,-7.03703703703704,https://nypost.com/2026/08/20/opinion/beware-irans-most-devious-weapon-a-new-october-surprise/
1319229125,20260820,USA,USA,IRN,IRN,51,51,5,1,3.4,1,1,1,-7.03703703703704,https://nypost.com/2026/08/20/opinion/beware-irans-most-devious-weapon-a-new-october-surprise/
1319229126,20260820,USA,USA,IRN,IRN,111,111,11,3,-2.0,6,3,6,-2.27272727272728,https://www.ocregister.com/2026/08/20/in-house-opinions-congress-members-on-uss-lincoln-deployment/
1319230095,20260820,GOV,,IRN,IRN,84,84,8,2,7.0,2,1,2,-0.53368912608406,https://foreignpolicy.com/2026/08/20/trump-us-national-security-technology-strategy-china/
1319230096,20260820,GOV,,IRN,IRN,84,84,8,2,7.0,4,1,4,-0.53368912608406,https://foreignpolicy.com/2026/08/20/trump-us-national-security-technology-strategy-china/
1319230097,20260820,GOV,,IRN,IRN,194,194,19,4,-10.0,2,1,2,-5.68549838071249,https://www.endtime.com/prophecy-news/iran-war-escalation-road-to-the-sixth-trumpet/
1319230098,20260820,GOV,,IRN,IRN,194,194,19,4,-10.0,2,1,2,-5.68549838071249,https://www.endtime.com/prophecy-news/iran-war-escalation-road-to-the-sixth-trumpet/
1319230159,20260820,IRN,IRN,,,12,12,1,1,-0.4,2,1,2,-0.53368912608406,https://foreignpolicy.com/2026/08/20/trump-us-national-security-technology-strategy-china/
1319230160,20260820,IRN,IRN,USA,USA,10,10,1,1,0.0,2,1,2,-3.32836562344759,https://freerepublic.com/tag/*/index?more=4392531
1319230161,20260820,IRN,IRN,USA,USA,141,141,14,3,-6.5,1,1,1,-5.68549838071249,https://www.endtime.com/prophecy-news/iran-war-escalation-road-to-the-sixth-trumpet/
1319230162,20260820,IRN,IRN,USA,USA,141,141,14,3,-6.5,2,1,2,-5.68549838071249,https://www.endtime.com/prophecy-news/iran-war-escalation-road-to-the-sixth-trumpet/
1319230163,20260820,IRN,IRN,USA,USA,141,141,14,3,-6.5,5,1,5,-5.68549838071249,https://www.endtime.com/prophecy-news/iran-war-escalation-road-to-the-sixth-trumpet/
1319230164,20260820,IRNGOVBUS,IRN,,,10,10,1,1,0.0,5,1,5,0.709219858156032,https://antonyloewenstein.com/iran-is-allowed-to-examine-its-nuclear-options/
1319230296,20260820,MIL,,IRN,IRN,130,130,13,3,-4.4,12,1,10,-5.68549838071249,https://www.endtime.com/prophecy-news/iran-war-escalation-road-to-the-sixth-trumpet/
1319230538,20260820,USA,USA,IRN,IRN,130,130,13,3,-4.4,2,1,2,-5.68549838071249,https://www.endtime.com/prophecy-news/iran-war-escalation-road-to-the-sixth-trumpet/
1319230539,20260820,USA,USA,IRNGOV,IRN,130,130,13,3,-4.4,2,1,2,-5.68549838071249,https://www.endtime.com/prophecy-news/iran-war-escalation-road-to-the-sixth-trumpet/
1319230630,20260820,USAGOV,USA,IRN,IRN,84,84,8,2,7.0,2,1,2,-0.53368912608406,https://foreignpolicy.com/2026/08/20/trump-us-national-security-technology-strategy-china/
1319230631,20260820,USAGOV,USA,IRN,IRN,84,84,8,2,7.0,2,1,2,-0.53368912608406,https://foreignpolicy.com/2026/08/20/trump-us-national-security-technology-strategy-china/
1319231161,20260820,,,IRN,IRN,51,51,5,1,3.4,1,1,1,-6.35451505016723,https://www.algemeiner.com/2026/08/20/democratic-socialists-america-accuses-marco-rubio-genocide-pro-castro-screed/
1319231162,20260820,,,IRN,IRN,51,51,5,1,3.4,1,1,1,-6.35451505016723,https://www.algemeiner.com/2026/08/20/democratic-socialists-america-accuses-marco-rubio-genocide-pro-castro-screed/
1319231436,20260820,CYP,CYP,IRN,IRN,46,46,4,1,7.0,4,1,4,-1.51515151515151,https://athens-times.com/iran-to-cyprus-no-risk-as-long-as-uk-bases-arent-used-against-tehran/
1319231437,20260820,CYP,CYP,IRN,IRN,46,46,4,1,7.0,1,1,1,-1.51515151515151,https://athens-times.com/iran-to-cyprus-no-risk-as-long-as-uk-bases-arent-used-against-tehran/
1319231534,20260820,GOV,,IRN,IRN,130,130,13,3,-4.4,1,1,1,-5.79345088161209,https://athens-times.com/reuters-countries-at-risk-from-trumps-iran-economic-d-day-threats/
1319231535,20260820,GOV,,IRN,IRN,130,130,13,3,-4.4,7,1,7,-5.79345088161209,https://athens-times.com/reuters-countries-at-risk-from-trumps-iran-economic-d-day-threats/
1319231584,20260820,IGOWSTNAT,WST,IRN,IRN,130,130,13,3,-4.4,5,1,5,-4.31472081218275,https://themedialine.org/headlines/former-indian-major-general-warns-of-turkey-pakistan-saudi-pact-urges-stronger-ties-with-iran/
1319231585,20260820,IGOWSTNAT,WST,IRN,IRN,130,130,13,3,-4.4,1,1,1,-4.31472081218275,https://themedialine.org/headlines/former-indian-major-general-warns-of-turkey-pakistan-saudi-pact-urges-stronger-ties-with-iran/
1319231598,20260820,IRN,IRN,BRN,BRN,190,190,19,4,-10.0,2,1,2,-5.90717299578059,https://www.rnz.co.nz/news/world/1070030/new-us-carrier-arrives-in-mideast-to-relieve-long-deployed-ship
1319231599,20260820,IRN,IRN,CYP,CYP,46,46,4,1,7.0,4,1,4,-1.51515151515151,https://athens-times.com/iran-to-cyprus-no-risk-as-long-as-uk-bases-arent-used-against-tehran/
1319231600,20260820,IRN,IRN,CYP,CYP,46,46,4,1,7.0,1,1,1,-1.51515151515151,https://athens-times.com/iran-to-cyprus-no-risk-as-long-as-uk-bases-arent-used-against-tehran/
1319231601,20260820,IRN,IRN,IRNMIL,IRN,42,42,4,1,1.9,2,1,2,-1.51515151515151,https://athens-times.com/iran-to-cyprus-no-risk-as-long-as-uk-bases-arent-used-against-tehran/
1319231602,20260820,IRN,IRN,IRQ,IRQ,20,20,2,1,3.0,1,1,1,-2.77777777777778,https://themedialine.org/headlines/irans-ghalibaf-calls-for-new-order-in-iraq-as-tehran-pushes-militias-to-resist-disarmament/
1319231603,20260820,IRN,IRN,IRQ,IRQ,20,20,2,1,3.0,1,1,1,-2.77777777777778,https://themedialine.org/headlines/irans-ghalibaf-calls-for-new-order-in-iraq-as-tehran-pushes-militias-to-resist-disarmament/
1319231604,20260820,IRN,IRN,SAU,SAU,43,43,4,1,2.8,5,1,5,2.39852398523985,https://themedialine.org/headlines/syria-mulls-joining-turkey-pakistan-saudi-arabia-defense-pact-not-seeking-iran-ties-fm-al-shaibani-says/
1319231605,20260820,IRN,IRN,SAU,SAU,43,43,4,1,2.8,1,1,1,2.39852398523985,https://themedialine.org/headlines/syria-mulls-joining-turkey-pakistan-saudi-arabia-defense-pact-not-seeking-iran-ties-fm-al-shaibani-says/
1319231606,20260820,IRNMIL,IRN,IRN,IRN,43,43,4,1,2.8,2,1,2,-1.51515151515151,https://athens-times.com/iran-to-cyprus-no-risk-as-long-as-uk-bases-arent-used-against-tehran/
1319231607,20260820,IRQ,IRQ,IRN,IRN,10,10,1,1,0.0,5,1,5,-2.77777777777778,https://themedialine.org/headlines/irans-ghalibaf-calls-for-new-order-in-iraq-as-tehran-pushes-militias-to-resist-disarmament/
1319231618,20260820,ISR,ISR,IRN,IRN,51,51,5,1,3.4,1,1,1,-6.35451505016723,https://www.algemeiner.com/2026/08/20/democratic-socialists-america-accuses-marco-rubio-genocide-pro-castro-screed/
1319231619,20260820,ISR,ISR,IRN,IRN,51,51,5,1,3.4,4,1,4,-6.35451505016723,https://www.algemeiner.com/2026/08/20/democratic-socialists-america-accuses-marco-rubio-genocide-pro-castro-screed/
1319231710,20260820,LEG,,IRN,IRN,139,139,13,3,-7.0,4,1,4,-3.39267676767677,https://newrepublic.com/post/214567/un-trump-plan-drilling-world-heritage-site-new-mexico
1319231711,20260820,LEG,,IRN,IRN,139,139,13,3,-7.0,4,1,4,-3.39267676767677,https://newrepublic.com/post/214567/un-trump-plan-drilling-world-heritage-site-new-mexico
1319231736,20260820,MED,,IRN,IRN,110,110,11,3,-2.0,1,1,1,-5.79345088161209,https://athens-times.com/reuters-countries-at-risk-from-trumps-iran-economic-d-day-threats/
1319231763,20260820,MOSSHI,,IRN,IRN,12,12,1,1,-0.4,4,1,4,-4.31472081218275,https://themedialine.org/headlines/former-indian-major-general-warns-of-turkey-pakistan-saudi-pact-urges-stronger-ties-with-iran/
1319231764,20260820,MOSSHI,,IRN,IRN,12,12,1,1,-0.4,6,1,6,-4.31472081218275,https://themedialine.org/headlines/former-indian-major-general-warns-of-turkey-pakistan-saudi-pact-urges-stronger-ties-with-iran/
1319231855,20260820,SAU,SAU,IRN,IRN,42,42,4,1,1.9,5,1,5,2.39852398523985,https://themedialine.org/headlines/syria-mulls-joining-turkey-pakistan-saudi-arabia-defense-pact-not-seeking-iran-ties-fm-al-shaibani-says/
1319231856,20260820,SAU,SAU,IRN,IRN,42,42,4,1,1.9,1,1,1,2.39852398523985,https://themedialine.org/headlines/syria-mulls-joining-turkey-pakistan-saudi-arabia-defense-pact-not-seeking-iran-ties-fm-al-shaibani-says/
1319231881,20260820,SYR,SYR,IRN,IRN,14,14,1,1,0.0,1,1,1,2.39852398523985,https://themedialine.org/headlines/syria-mulls-joining-turkey-pakistan-saudi-arabia-defense-pact-not-seeking-iran-ties-fm-al-shaibani-says/
1319231882,20260820,SYR,SYR,IRN,IRN,14,14,1,1,0.0,4,1,4,2.39852398523985,https://themedialine.org/headlines/syria-mulls-joining-turkey-pakistan-saudi-arabia-defense-pact-not-seeking-iran-ties-fm-al-shaibani-says/
1319231894,20260820,TUR,TUR,IRN,IRN,61,61,6,2,6.4,2,1,2,-5.79345088161209,https://athens-times.com/reuters-countries-at-risk-from-trumps-iran-economic-d-day-threats/
1319231895,20260820,TUR,TUR,IRN,IRN,61,61,6,2,6.4,10,1,7,-5.79345088161209,https://athens-times.com/reuters-countries-at-risk-from-trumps-iran-economic-d-day-threats/
1319231896,20260820,TUR,TUR,IRN,IRN,61,61,6,2,6.4,1,1,1,-5.79345088161209,https://athens-times.com/reuters-countries-at-risk-from-trumps-iran-economic-d-day-threats/
1319233136,20260820,IRN,IRN,MOS,,43,43,4,1,2.8,3,1,3,-3.33333333333333,https://www.foxnews.com/politics/el-sayed-booked-major-islamic-convention-alongside-clerics-radical-pasts
1319233137,20260820,IRN,IRN,USA,USA,43,43,4,1,2.8,1,1,1,0.3370786516854,https://www.journalgazette.net/local/grassroots-effort-calls-for-showing-support-for-crew-of-uss-abraham-lincoln/article_ed2e5e89-6dc6-4590-a0e1-5c89b225b84a.html
1319233142,20260820,ISR,ISR,IRN,IRN,190,190,19,4,-10.0,4,1,4,2.34375,https://www.opednews.com/populum/page.php?f=Is-the-Mecca-agreement-the-Arab_Arab-Summit_Gulf-Oil-Spill_Gulf-Oil-Spill-Disaster-260820-592.html
1319233203,20260820,LBN,LBN,IRN,IRN,163,163,16,4,-8.0,8,1,8,-6.53930933137399,http://www.idahostatejournal.com/news/national/iran-dismisses-us-economic-threats-and-other-developments-in-the-middle-east/article_0f732ded-a1f3-5b3d-af7e-326bdf9eb637.html
1319233204,20260820,LBN,LBN,IRN,IRN,163,163,16,4,-8.0,2,1,2,-6.53930933137399,http://www.idahostatejournal.com/news/national/iran-dismisses-us-economic-threats-and-other-developments-in-the-middle-east/article_0f732ded-a1f3-5b3d-af7e-326bdf9eb637.html
1319233262,20260820,MOS,,IRN,IRN,20,20,2,1,3.0,3,1,3,-3.33333333333333,https://www.foxnews.com/politics/el-sayed-booked-major-islamic-convention-alongside-clerics-radical-pasts
1319233263,20260820,MOS,,IRN,IRN,42,42,4,1,1.9,3,1,3,-3.33333333333333,https://www.foxnews.com/politics/el-sayed-booked-major-islamic-convention-alongside-clerics-radical-pasts
1319233510,20260820,USA,USA,IRN,IRN,10,10,1,1,0.0,1,1,1,-4.43722943722944,https://aninews.in/news/world/us/economic-pressure-a-delicate-dance-against-iran-most-effective-tool-jd-vance20260821034346/
1319233511,20260820,USA,USA,IRN,IRN,42,42,4,1,1.9,1,1,1,0.3370786516854,https://www.journalgazette.net/local/grassroots-effort-calls-for-showing-support-for-crew-of-uss-abraham-lincoln/article_ed2e5e89-6dc6-4590-a0e1-5c89b225b84a.html
1319234112,20260820,,,IRN,IRN,163,163,16,4,-8.0,8,1,8,-7.43099787685775,https://www.channelnewsasia.com/world/iran-us-china-bessent-sanctions-6331921
1319234453,20260820,IRN,IRN,IRNGOV,IRN,190,190,19,4,-10.0,2,1,2,-3.96732788798133,https://www.dailymail.com/news/article-16067767/Transgender-Green-activist-elected-female-rep.html
1319234454,20260820,IRN,IRN,PSE,PSE,841,84,8,2,7.0,4,1,2,-3.96732788798133,https://www.dailymail.com/news/article-16067767/Transgender-Green-activist-elected-female-rep.html
1319234455,20260820,IRN,IRN,PSE,PSE,841,84,8,2,7.0,10,1,8,-3.96732788798133,https://www.dailymail.com/news/article-16067767/Transgender-Green-activist-elected-female-rep.html
1319234456,20260820,IRN,IRN,UAF,,10,10,1,1,0.0,10,1,10,-6.59536541889483,https://www.jpost.com/middle-east/article-906172
1319234457,20260820,IRNGOV,IRN,,,80,80,8,2,5.0,5,1,5,-2.77777777777778,https://www.galvnews.com/opinion/guest_columns/guest-commentary-heres-a-solution-to-ending-war-with-iran/article_e2bc427d-5e31-4fe6-82ce-663a32c7a3b3.html
1319234458,20260820,IRNGOV,IRN,CVL,,80,80,8,2,5.0,5,1,5,-2.77777777777778,https://www.galvnews.com/opinion/guest_columns/guest-commentary-heres-a-solution-to-ending-war-with-iran/article_e2bc427d-5e31-4fe6-82ce-663a32c7a3b3.html
1319234799,20260820,USA,USA,IRN,IRN,163,163,16,4,-8.0,2,1,2,-7.43099787685775,https://www.channelnewsasia.com/world/iran-us-china-bessent-sanctions-6331921
1319234800,20260820,USA,USA,IRN,IRN,163,163,16,4,-8.0,2,1,2,-7.43099787685775,https://www.channelnewsasia.com/world/iran-us-china-bessent-sanctions-6331921
